Nombre,Paquete de Ventas,Caracteristicas
"ASUS ROG Strix SCAR 17 Core i9 12th Gen - (32 GB/1 TB SSD/Windows 11 Home/8 GB Graphics/NVIDIA GeForce RTX 3070 Ti) G733ZW-LL139WS Gaming Laptop  (17.3 inch, Off Black, 2.90 kg, With MS Office)","Laptop, Power Adaptor, User Guide, Warranty Documents","Off Black,Gaming Laptop,Gaming,Intel,Core i9,32 GB,DDR5,Windows 11 Home"
"ASUS ROG Strix SCAR 15 Core i9 12th Gen - (32 GB/1 TB SSD/Windows 11 Home/8 GB Graphics/NVIDIA GeForce RTX 3070 Ti) G533ZW-LN136WS Gaming Laptop  (15.6 inch, Off Black, 2.30 kg, With MS Office)","Laptop, Power Adaptor, User Guide, Warranty Documents","Off Black,Gaming Laptop,Gaming,Intel,Core i9,32 GB,DDR5,Windows 11 Home"
"HP Victus Ryzen 7 Octa Core 5800H - (16 GB/512 GB SSD/Windows 11 Home/4 GB Graphics/NVIDIA GeForce RTX 3050) 16-e0351AX Gaming Laptop  (16.1 inch, Mica Silver, 2.48 kg, With MS Office)","Laptop, battery, adapter, cables and user manuals","Mica Silver,Gaming Laptop,Gaming,AMD,Ryzen 7 Octa Core,16 GB,DDR4,Windows 11 Home"
"Lenovo IdeaPad Gaming 3i Ryzen 7 Octa Core R7-5800H 5th Gen - (16 GB/512 GB SSD/Windows 11 Home/4 GB Graphics/NVIDIA GeForce RTX 3050) 15ACH6 Gaming Laptop  (15.6 inch, Shadow Black, 2.25 kg, With MS Office)","Laptop, Power Adaptor, User Guide, Warranty Documents","Shadow Black,Gaming Laptop,Gaming,AMD,Ryzen 7 Octa Core,16 GB,DDR4,Windows 11 Home"
"Lenovo Yoga Slim 7 Core i5 11th Gen - (16 GB/512 GB SSD/Windows 11 Home) 82A300MBIN Thin and Light Laptop  (14 inch, Slate Grey, With MS Office)","Laptop, Adaptor","Slate Grey,Thin and Light Laptop,Processing & Multitasking, Entertainment, Everyday Use, Performance, Travel & Business,Intel,Core i5,16 GB,DDR4,Windows 11 Home"
"Lenovo Yoga Slim 7 Core i7 11th Gen - (16 GB/512 GB SSD/Windows 11 Home) 14ITL05 Thin and Light Laptop  (14 inch, Slate Grey, 1.36 kg, With MS Office)","Thin & Light Laptop, Power Adaptor, User Guide, Warranty Documents","Slate Grey,Thin and Light Laptop,Processing & Multitasking,Intel,Core i7,16 GB,DDR4,Windows 11 Home"
"Lenovo Lenovo V15 Celeron Dual Core - (4 GB/256 GB SSD/Windows 10) 82C30053IH Thin and Light Laptop  (15.6 inch, Iron Grey)",Laptop & Adaptor,"Iron Grey,Thin and Light Laptop,Everyday Use, Entertainment, Travel & Business, Processing & Multitasking,Intel,Celeron Dual Core,4 GB,DDR4,Windows 10"
"Lenovo Yoga 6 Ryzen 7 Octa Core R7-5700U 5th Gen - (16 GB/1 TB SSD/Windows 11 Home) 13ALC6 2 in 1 Laptop  (13.3 inch, Abyss Blue, 1.31 kg, With MS Office)","2 in 1 Laptop, Power Adaptor, User Guide, Warranty Documents","Abyss Blue,2 in 1 Laptop,Processing & Multitasking,AMD,Ryzen 7 Octa Core,16 GB,DDR4,Windows 11 Home"
"ASUS TUF Gaming F15 Core i5 10th Gen - (8 GB/1 TB SSD/Windows 11 Home/4 GB Graphics/NVIDIA GeForce GTX 1650/144 Hz) FX506LH-HN310W Gaming Laptop  (15.6 inch, Black, 2.30 kg)","Laptop , Adaptor, & Manual","Black,Gaming Laptop,Gaming, Entertainment, Processing & Multitasking, Everyday Use, Performance,Intel,Core i5,8 GB,DDR4,Windows 11 Home"
"DELL Inspiron Pentium Silver - (8 GB/256 GB SSD/Windows 11 Home) Inspiron 3521 Notebook  (15.6 Inch, Carbon Black, 1.61 Kg, With MS Office)","Laptop, battery, adapter, cables and user manuals","Carbon Black,Notebook,Everyday Use,Intel,Pentium Silver,8 GB,DDR4,Windows 11 Home"
"DELL Inspiron Athlon Dual Core 3050U - (8 GB/256 GB SSD/Windows 11 Home) Inspiron 3525 Notebook  (15.6 Inch, Carbon Black, 1.68 Kg, With MS Office)","Laptop, battery, adapter, cables and user manuals","Carbon Black,Notebook,Everyday Use,AMD,Athlon Dual Core,8 GB,DDR4,Windows 11 Home"
"DELL Core i5 11th Gen - (16 GB/512 GB SSD/Windows 11 Home) XPS 9305 Thin and Light Laptop  (13.4 inch, Platinum Silver, 1.16 kg, With MS Office)","Laptop, battery, adapter, cables and user manuals","Platinum Silver,Thin and Light Laptop,Processing & Multitasking,Intel,Core i5,16 GB,LPDDR4X,Windows 11 Home"
"Lenovo Yoga 7i Ryzen 7 Octa Core R7-5800U 5th Gen - (16 GB/512 GB SSD/Windows 10 Home) 14ITL5 2 in 1 Laptop  (14 inch, Slate Grey, 1.43 kg, With MS Office)","2 in 1 Laptop, Power Adaptor, User Guide, Warranty Documents","Slate Grey,2 in 1 Laptop,Processing & Multitasking,AMD,Ryzen 7 Octa Core,16 GB,DDR4,Windows 10 Home"
"ASUS Ryzen 7 Dual Core 7th Gen - (16 GB/512 GB HDD/512 GB SSD/Windows 11 Home/4 GB Graphics/NVIDIA GeForce RTX3050- 4GB) FA506IC-HN075W Gaming Laptop  (15.6 inch, Black)","Laptop, Manual, Adaptor","Black,Gaming Laptop,Gaming,AMD,Ryzen 7 Dual Core,16 GB,DDR4,Windows 11 Home"
"ASUS Ryzen 3 Quad Core 3rd Gen - (8 GB/256 GB SSD/Windows 11 Home) M515DA-BR322WS Laptop  (15.6 inch, Silver, With MS Office)","Laptop, Manual, Adaptor","Silver,Laptop,Entertainment, Everyday Use, Processing & Multitasking, Travel & Business,AMD,Ryzen 3 Quad Core,8 GB,DDR4,Windows 11 Home"
"ASUS ROG Flow X13 (2021) Ryzen 9 Octa Core Ryzen 9 5900HS 5th Gen - (32 GB/1 TB SSD/Windows 10 Home/4 GB Graphics/NVIDIA GeForce GTX 1650/120 Hz) GV301QH-K6461TS 2 in 1 Gaming Laptop  (13.4 Inch, Black, 1.3 KG, With MS Office)","Laptop, Power Adaptor, User Guide, GV 301 Sleeve Bag, Pen, Warranty Documents","Black,2 in 1 Gaming Laptop,Gaming, Processing & Multitasking,AMD,Ryzen 9 Octa Core,32 GB,LPDDR4X,Windows 10 Home"
"MSI GP66 Leopard Core i7 11th Gen - (16 GB/1 TB SSD/Windows 10 Home/8 GB Graphics/NVIDIA GeForce RTX 3070/240 Hz) GP66 Leopard 11UG Gaming Laptop  (15.6 inches, Black, 2.9 kg)","Laptop, Battery, Power Adapter, User Guide, Stealth Trooper Backpack","Black,Gaming Laptop,Processing & Multitasking, Gaming,Intel,Core i7,16 GB,DDR4,Windows 10 Home"
"ASUS Vivobook 15 OLED Core i3 11th Gen - (8 GB/256 GB SSD/Windows 11 Home) K513EA-L301WS Laptop  (15.6 inch, Hearty Gold, 1.80 kg kg, With MS Office)","Laptop, Manual, Adaptor","Hearty Gold,Laptop,Entertainment, Everyday Use, Performance, Processing & Multitasking,Intel,Core i3,8 GB,DDR4,Windows 11 Home"
"realme Book Prime Core i5 11th Gen - (16 GB/512 GB SSD/Windows 11 Home) CloudPro002 Thin and Light Laptop  (14 inch, Grey, 1.37 kg, With MS Office)","Laptop, Power Adaptor, Battery, Warranty Documents, User Guide","Grey,Thin and Light Laptop,Entertainment, Performance, Processing & Multitasking,Intel,Core i5,16 GB,LPDDR4X,Windows 11 Home"
"realme Book Prime Core i5 11th Gen - (16 GB/512 GB SSD/Windows 11 Home) CloudPro002 Thin and Light Laptop  (14 inch, Green, 1.37 kg, With MS Office)","Laptop, Power Adaptor, Battery, Warranty Documents, User Guide","Green,Thin and Light Laptop,Entertainment, Performance, Processing & Multitasking,Intel,Core i5,16 GB,LPDDR4X,Windows 11 Home"
"realme Book Prime Core i5 11th Gen - (16 GB/512 GB SSD/Windows 11 Home) CloudPro002 Thin and Light Laptop  (14 inch, Blue, 1.37 kg, With MS Office)","Laptop, Power Adaptor, Battery, Warranty Documents, User Guide","Blue,Thin and Light Laptop,Entertainment, Performance, Processing & Multitasking,Intel,Core i5,16 GB,LPDDR4X,Windows 11 Home"
"DELL G15 Core i7 11th Gen - (16 GB/512 GB SSD/Windows 11 Home/4 GB Graphics/NVIDIA GeForce RTX 3050 Ti/165 Hz) G15-5511 SE Gaming Laptop  (15.6 inch, Obsidian Black, 2.65 kg, With MS Office)","Laptop, Power Adaptor, Battery, Warranty Documents, User Guide","Obsidian Black,Gaming Laptop,Gaming,Intel,Core i7,16 GB,DDR4,Windows 11 Home"
"DELL Ryzen 5 Hexa Core 5600H - (8 GB/512 GB SSD/Windows 11 Home/4 GB Graphics/NVIDIA GeForce RTX 3050/120 Hz) G15-5515 Gaming Laptop  (15.6 inch, Grey, 2.57 kg, With MS Office)","Laptop, battery, adapter, cables and user manuals","Grey,Gaming Laptop,Gaming,AMD,Ryzen 5 Hexa Core,8 GB,DDR4,Windows 11 Home"
"Avita SATUS Celeron Dual Core - (4 GB/128 GB SSD/Windows 11 Home) NU14A1INC43PN-MB Laptop  (14.1 Inch, Matt Black)","Laptop, Power Adaptor, User Guide, Warranty Documents","Matt Black,Laptop,Processing & Multitasking,Intel,Celeron Dual Core,4 GB,DDR4,Windows 11 Home"
"ASUS Vivobook S14 OLED (2022) Intel EVO Core i5 12th Gen - (16 GB/512 GB SSD/Windows 11 Home) S3402ZA-KM501WS Thin and Light Laptop  (14 Inch, Neutral Grey, 1.50 Kg, With MS Office)","Laptop, Battery, Power Adaptor, User Guide, Warranty Documents","Neutral Grey,Thin and Light Laptop,Processing & Multitasking,Intel,Core i5,16 GB,DDR4,Windows 11 Home"
"ASUS Vivobook S14 OLED (2022) Intel EVO Core i7 12th Gen - (16 GB/512 GB SSD/Windows 11 Home) S3402ZA-KM702WS Thin and Light Laptop  (14 inch, Indie Black, 1.50 kg, With MS Office)","Laptop, Power Adaptor, Battery, Warranty Documents, User Guide","Indie Black,Thin and Light Laptop,Processing & Multitasking,Intel,Core i7,16 GB,DDR4,Windows 11 Home"
"ASUS Zenbook 14 OLED (2022) Intel EVO Core i5 12th Gen - (16 GB/512 GB SSD/Windows 11 Home) UX3402ZA-KM531WS Thin and Light Laptop  (14 inch, Ponder Blue, 1.39 kg, With MS Office)","Laptop, Power Adaptor, Battery, Warranty Documents, User Guide","Ponder Blue,Thin and Light Laptop,Processing & Multitasking,Intel,Core i5,16 GB,LPDDR5,Windows 11 Home"
"ASUS Zenbook 14X (2022) Space edition Intel EVO Core i7 12th Gen - (16 GB/1 TB SSD/Windows 11 Home) UX5401ZAS-KN711WS Thin and Light Laptop  (14 inch, Titanium, 1.40 kg, With MS Office)","Laptop, Power Adaptor, Battery, Warranty Documents, User Guide","Titanium,Thin and Light Laptop,Processing & Multitasking,Intel,Core i7,16 GB,LPDDR5,Windows 11 Home"
"ASUS Vivobook S14 OLED (2022) Intel EVO Core i5 12th Gen - (16 GB/512 GB SSD/Windows 11 Home) S3402ZA-KM502WS Thin and Light Laptop  (14 Inch, Indie Black, 1.50 Kg, With MS Office)","Laptop, Battery, Power Adaptor, User Guide, Warranty Documents","Indie Black,Thin and Light Laptop,Processing & Multitasking,Intel,Core i5,16 GB,DDR4,Windows 11 Home"
"ASUS Zenbook 14 OLED (2022) Intel EVO Core i7 12th Gen - (16 GB/512 GB SSD/Windows 11 Home) UX3402ZA-KM731WS Thin and Light Laptop  (14 inch, Ponder Blue, 1.39 kg, With MS Office)","Laptop, Power Adaptor, Battery, Warranty Documents, User Guide","Ponder Blue,Thin and Light Laptop,Processing & Multitasking,Intel,Core i7,16 GB,LPDDR5,Windows 11 Home"
"ASUS Vivobook S14 OLED (2022) Intel EVO Core i7 12th Gen - (16 GB/512 GB SSD/Windows 11 Home) S3402ZA-KM701WS Thin and Light Laptop  (14 Inch, Neutral Grey, 1.50 Kg, With MS Office)","Laptop, Battery, Power Adaptor, User Guide, Warranty Documents","Neutral Grey,Thin and Light Laptop,Processing & Multitasking,Intel,Core i7,16 GB,DDR4,Windows 11 Home"
"ASUS Zenbook 14X (2022) Space edition Intel EVO Core i5 12th Gen - (16 GB/512 GB SSD/Windows 11 Home) UX5401ZAS-KN521WS Thin and Light Laptop  (14 inch, Titanium, 1.40 kg, With MS Office)","Laptop, Power Adaptor, Battery, Warranty Documents, User Guide","Titanium,Thin and Light Laptop,Processing & Multitasking,Intel,Core i5,16 GB,LPDDR5,Windows 11 Home"
"DELL Vostro 3405 Ryzen 5 Quad Core 3450U - (8 GB/256 GB SSD/Windows 11 Home) Vostro 3405 Thin and Light Laptop  (14 inch, Dune, 1.59 kg, With MS Office)","Laptop, Power Adaptor, User Guide, Warranty Documents","Dune,Thin and Light Laptop,Processing & Multitasking,AMD,Ryzen 5 Quad Core,8 GB,DDR4,Windows 11 Home"
"ASUS Ryzen 7 Hexa Core 10th Gen - (8 GB/512 GB SSD/Windows 10 Home/4 GB Graphics/NVIDIA GeForce RTX 3050 rts) FA506IC-HN005T Gaming Laptop  (15.6 inch, Graphite Black)","Laptop, Manual","Graphite Black,Gaming Laptop,Gaming,AMD,Ryzen 7 Hexa Core,8 GB,DDR4,Windows 10 Home"
"ASUS Ryzen 9 Octa Core 10th Gen - (16 GB/512 GB SSD/Windows 11 Home/6 GB Graphics/NVIDIA GeForce RTX RTX3060-6GB) FA506QM-HN124W Gaming Laptop  (16.6 inch, Graphite Black)","Laptop, Manual, Adaptor","Graphite Black,Gaming Laptop,Gaming,AMD,Ryzen 9 Octa Core,16 GB,DDR4,Windows 11 Home"
"ASUS Core i5 10th Gen - (8 GB/256 GB SSD/Windows 11 Home) X515JA-BQ511WS Thin and Light Laptop  (15.6 inch, Transparent Silver, With MS Office)","Laptop, Manual, Adaptor","Transparent Silver,Thin and Light Laptop,Everyday Use, Performance, Processing & Multitasking,Intel,Core i5,8 GB,DDR4,Windows 11 Home"
"ASUS Core i5 11th Gen - (8 GB/1 TB HDD/256 GB SSD/Windows 10 Home) K513EA-L501TS Laptop  (15.6 inch, Hearty Gold, With MS Office)","Laptop, Power Adaptor, User Guide, Warranty Documents","Hearty Gold,Laptop,Everyday Use,Intel,Core i5,8 GB,DDR4,Windows 10 Home"
"ASUS Ryzen 7 Quad Core 10th Gen - (8 GB/512 GB SSD/Windows 10 Home/4 GB Graphics/NVIDIA GeForce GTX GTX 1650 4GB Graphics) G713IH-HX020T Gaming Laptop  (17.3 inch, Gray)","Laptop-, Manual, Adaptor","Gray,Gaming Laptop,Gaming,AMD,Ryzen 7 Quad Core,8 GB,DDR4,Windows 10 Home"
"ASUS Core i5 11th Gen - (16 GB/512 GB SSD/Windows 11 Home) K413EA-EB522WS Thin and Light Laptop  (14 inch, Indie Black, 1.40 kg, With MS Office)","Laptop, Power Adaptor, User Guide, Warranty Documents","Indie Black,Thin and Light Laptop,Processing & Multitasking,Intel,Core i5,16 GB,DDR4,Windows 11 Home"
"ASUS VivoBook 15 (2021) Core i5 10th Gen - (8 GB/512 GB SSD/Windows 11 Home) X515JA-BQ521WS Thin and Light Laptop  (15.6 inch, Transparent Silver, 1.80 kg, With MS Office)","Laptop, Power Adaptor, User Guide, Warranty Documents","Transparent Silver,Thin and Light Laptop,Processing & Multitasking,Intel,Core i5,8 GB,DDR4,Windows 11 Home"
"DELL G15 Core i7 12th Gen - (16 GB/1 TB SSD/Windows 11 Home/6 GB Graphics/NVIDIA GeForce RTX 3060) G15-5521 SE Gaming Laptop  (15.6 Inch, Obsidian Black, 2.57 kg, With MS Office)","Laptop, battery, adapter, cables and user manuals","Obsidian Black,Gaming Laptop,Gaming,Intel,Core i7,16 GB,DDR5,Windows 11 Home"
"DELL G15 Core i5 12th Gen - (16 GB/512 GB SSD/Windows 11 Home/4 GB Graphics/NVIDIA GeForce RTX 3050) G15-5520 Gaming Laptop  (15.6 Inch, Dark Shadow Grey, 2.57 kg, With MS Office)","Laptop, battery, adapter, cables and user manuals","Dark Shadow Grey,Gaming Laptop,Gaming,Intel,Core i5,16 GB,DDR5,Windows 11 Home"
"DELL G15 Core i7 12th Gen - (16 GB/512 GB SSD/Windows 11 Home/6 GB Graphics/NVIDIA GeForce RTX 3060) G15-5520 Gaming Laptop  (15.6 Inch, Dark Shadow Grey, 2.57 kg, With MS Office)","Laptop, battery, adapter, cables and user manuals","Dark Shadow Grey,Gaming Laptop,Gaming,Intel,Core i7,16 GB,DDR5,Windows 11 Home"
"ASUS Core i3 11th Gen - (8 GB/256 GB SSD/Windows 10 Home) X515EA-BR312TS Thin and Light Laptop  (15.6 inch, Transparent Silver, 1.80 kg, With MS Office)","Laptop, Power Adaptor, User Guide, Warranty Documents","Transparent Silver,Thin and Light Laptop,Processing & Multitasking,Intel,Core i3,8 GB,DDR4,Windows 10 Home"
"DELL Core i5 11th Gen - (16 GB/512 GB SSD/Windows 11 Home/4 GB Graphics/NVIDIA GeForce RTX 3050) G15-5511 Gaming Laptop  (15.6 inch, Dark Shadow Grey, 2.65 kg, With MS Office)","Laptop, battery, adapter, cables and user manuals","Dark Shadow Grey,Gaming Laptop,Gaming,Intel,Core i5,16 GB,DDR4,Windows 11 Home"
"DELL G15 Core i7 12th Gen - (16 GB/1 TB SSD/Windows 11 Home/4 GB Graphics/NVIDIA GeForce RTX 3050 Ti) G15-5521 SE Gaming Laptop  (15.6 Inch, Obsidian Black, 2.57 kg, With MS Office)","Laptop, battery, adapter, cables and user manuals","Obsidian Black,Gaming Laptop,Gaming,Intel,Core i7,16 GB,DDR5,Windows 11 Home"
"DELL G15 Core i7 12th Gen - (16 GB/512 GB SSD/Windows 11 Home/4 GB Graphics/NVIDIA GeForce RTX 3050 Ti) G15-5520 Gaming Laptop  (15.6 Inch, Dark Shadow Grey, 2.57 kg, With MS Office)","Laptop, battery, adapter, cables and user manuals","Dark Shadow Grey,Gaming Laptop,Gaming,Intel,Core i7,16 GB,DDR5,Windows 11 Home"
"DELL Core i5 11th Gen - (8 GB/512 GB SSD/Windows 11 Home/4 GB Graphics/NVIDIA GeForce RTX 3050) G15-5511 Gaming Laptop  (15.6 inch, Dark Shadow Grey, 2.65 kg, With MS Office)","Laptop, battery, adapter, cables and user manuals","Dark Shadow Grey,Gaming Laptop,Gaming,Intel,Core i5,8 GB,DDR4,Windows 11 Home"
"acer Aspire 5 Core i5 11th Gen - (8 GB/512 GB SSD/Windows 11 Home) A515-56 Thin and Light Laptop  (15.6 Inch, Pure Silver, 1.65 kg, With MS Office)","Laptop, Power Adaptor, User Guide, Warranty Documents","Pure Silver,Thin and Light Laptop,Entertainment, Everyday Use, Performance, Processing & Multitasking, Travel & Business,Intel,Core i5,8 GB,DDR4,Windows 11 Home"
"ASUS VivoBook Ultra K15 OLED Core i3 11th Gen - (8 GB/1 TB HDD/256 GB SSD/Windows 11 Home) K513EA-L322WS Thin and Light Laptop  (15.6 inch, Indie Black, 1.80 kg, With MS Office)","Laptop, Power Adaptor, User Guide, Warranty Documents","Indie Black,Thin and Light Laptop,Processing & Multitasking,Intel,Core i3,8 GB,DDR4,Windows 11 Home"
"ASUS VivoBook 15 Core i3 10th Gen - (8 GB/1 TB HDD/Windows 11 Home) X515JA-BQ302W Thin and Light Laptop  (15.6 inch, Transparent Silver, 1.80 kg)","Laptop, Power Adaptor, User Guide, Warranty Documents","Transparent Silver,Thin and Light Laptop,Processing & Multitasking,Intel,Core i3,8 GB,DDR4,Windows 11 Home"
"ASUS Core i5 11th Gen - (16 GB/512 GB SSD/Windows 11 Home) K513EA-L513WS Laptop  (15.6 inch, Silver, With MS Office)","Laptop, Manual, Adaptor","Silver,Laptop,Performance, Processing & Multitasking, Everyday Use, Entertainment,Intel,Core i5,16 GB,DDR4,Windows 11 Home"
"HP Core i5 11th Gen - (8 GB/512 GB SSD/Windows 11 Home/2 GB Graphics) 15s-du3519TX Thin and Light Laptop  (15.6 Inch, Natural Silver, 1.75 Kg, With MS Office)","Laptop, Battery, Power Adaptor, User Guide, Warranty Documents","Natural Silver,Thin and Light Laptop,Processing & Multitasking,Intel,Core i5,8 GB,DDR4,Windows 11 Home"
"HP Pavilion Ryzen 7 Octa Core 5825U - (16 GB/512 GB SSD/Windows 11 Home) 14-EC1008AU Thin and Light Laptop  (14 inch, Natural Silver, 1.41 kg, With MS Office)","Laptop, Power Adaptor, User Guide, Warranty Documents","Natural Silver,Thin and Light Laptop,Processing & Multitasking,AMD,Ryzen 7 Octa Core,16 GB,DDR4,Windows 11 Home"
"HP Pavilion Ryzen 5 Hexa Core 5625U - (16 GB/512 GB SSD/Windows 11 Home) 14-EC1019AU Thin and Light Laptop  (14 inch, Natural Silver, 1.41 kg, With MS Office)","Laptop, Power Adaptor, User Guide, Warranty Documents","Natural Silver,Thin and Light Laptop,Processing & Multitasking,AMD,Ryzen 5 Hexa Core,16 GB,DDR4,Windows 11 Home"
"ASUS Core i5 11th Gen - (8 GB/1 TB SSD/Windows 10 Home/4 GB Graphics/NVIDIA GeForce RTX RTX3050-4G) FX516PCZ-HN090T Gaming Laptop  (15.6 inch, White)","Laptop, Adaptor","White,Gaming Laptop,Gaming,Intel,Core i5,8 GB,DDR4,Windows 10 Home"
"acer Celeron Dual Core - (4 GB/256 GB SSD/Windows 11 Home) TMB311-31 Notebook  (11.6 Inch, Black, 1.4 Kg)","Laptop, Power cord, Adapter, User Manual","Black,Notebook,Everyday Use, Performance, Processing & Multitasking, Travel & Business,Intel,Celeron Dual Core,4 GB,DDR4,Windows 11 Home"
"acer Celeron Dual Core - (4 GB/128 GB SSD/Windows 11 Home) TMB311-31 Notebook  (11.6 Inch, Black, 1.4 Kg)","Laptop, Power cord, Adapter, User Manual","Black,Notebook,Everyday Use, Performance, Processing & Multitasking, Travel & Business,Intel,Celeron Dual Core,4 GB,DDR4,Windows 11 Home"
"acer Nitro 5 Core i5 11th Gen - (8 GB/512 GB SSD/Windows 11 Home/4 GB Graphics/NVIDIA GeForce GTX 1650) AN515-57 Gaming Laptop  (15.6 inch, Shale Black, 2.2 kg)","Laptop, Power Adaptor, User Guide, Warranty Documents","Shale Black,Gaming Laptop,Entertainment, Everyday Use, Gaming, Performance, Processing & Multitasking, Travel & Business,Intel,Core i5,8 GB,DDR4,Windows 11 Home"
"ASUS VivoBook 14 (2021) Celeron Dual Core - (4 GB/256 GB SSD/Windows 11 Home) X415MA-BV011W Thin and Light Laptop  (14 inch, Transparent Silver, 1.60 kg)","Laptop, Power Adaptor, User Guide, Warranty Documents","Transparent Silver,Thin and Light Laptop,Processing & Multitasking,Intel,Celeron Dual Core,4 GB,DDR4,Windows 11 Home"
"acer Aspire 3 Core i5 11th Gen - (8 GB/512 GB SSD/Windows 11 Home) A315-58 Thin and Light Laptop  (15.6 Inch, Pure Silver, 1.7 kg, With MS Office)","Laptop, Power Adaptor, User Guide, Warranty Documents","Pure Silver,Thin and Light Laptop,Entertainment, Everyday Use, Performance, Processing & Multitasking, Travel & Business,Intel,Core i5,8 GB,DDR4,Windows 11 Home"
"acer Nitro 5 Core i7 12th Gen - (16 GB/1 TB HDD/512 GB SSD/Windows 11 Home/4 GB Graphics/NVIDIA GeForce RTX 3050 Ti) AN515-58 Gaming Laptop  (15.6 inch, Shale Black, 2.6 kg)","Laptop, Power Adaptor, User Guide, Warranty Documents","Shale Black,Gaming Laptop,Entertainment, Everyday Use, Gaming, Performance, Processing & Multitasking, Travel & Business,Intel,Core i7,16 GB,DDR4,Windows 11 Home"
"HP Pavilion Gaming Ryzen 5 Hexa Core 5600H - (8 GB/512 GB SSD/Windows 10 Home/4 GB Graphics/NVIDIA GeForce RTX 3050 Ti) 15-EC2048AX Gaming Laptop  (15.6 Inch, Shadow Black, 1.98 Kg, With MS Office)","Laptop, Power Adaptor, User Guide, Warranty Documents","Shadow Black,Gaming Laptop,Gaming,AMD,Ryzen 5 Hexa Core,8 GB,DDR4,Windows 10 Home"
"HP OMEN Core i7 12th Gen - (16 GB/1 TB SSD/Windows 11 Home/4 GB Graphics) 16-B1351TX Laptop  (16.1 inch, Shadow Black, 2.32 kg, With MS Office)","Laptop, Power Adaptor, Battery, Warranty Documents, User Guide","Shadow Black,Laptop,Processing & Multitasking,Intel,Core i7,16 GB,DDR5,Windows 11 Home"
"Lenovo THINKBOOK 15 Core i3 11th Gen - (8 GB/512 GB SSD/Windows 10 Home) THINKBOOK 15 Notebook  (15.6 inch, Minral Grey, 1.9 kg)",LAPTOP / ADAPTER / POWER CABLE,"Minral Grey,Notebook,Everyday Use,Intel,Core i3,8 GB,DDR4,Windows 10 Home"
"ASUS Ryzen 5 Quad Core 3rd Gen - (8 GB/512 GB SSD/Windows 11 Home) M515DA-BQ512WS Thin and Light Laptop  (15.6 inch, Transparent Silver, With MS Office)","Laptop, Power Adaptor, User Guide, Warranty Documents","Transparent Silver,Thin and Light Laptop,Everyday Use,AMD,Ryzen 5 Quad Core,8 GB,DDR4,Windows 11 Home"
"DELL Inspiron Pentium Quad Core - (8 GB/256 GB SSD/Windows 11 Home) Inspiron 3521 Thin and Light Laptop  (15.6 inch, Platinum Silver, 1.8 kg, With MS Office)","Laptop, battery, adapter, cables and user manuals","Platinum Silver,Thin and Light Laptop,Everyday Use,Intel,Pentium Quad Core,8 GB,DDR4,Windows 11 Home"
"ASUS Core i5 11th Gen - (8 GB/1 TB HDD/256 GB SSD/Windows 11 Home) K513EA-L501WS Laptop  (15.6 inch, Hearty GOLD, With MS Office)","Laptop, Manual","Hearty GOLD,Laptop,Entertainment,Intel,Core i5,8 GB,DDR4,Windows 11 Home"
"ASUS Ryzen 7 Quad Core 10th Gen - (16 GB/512 GB SSD/Windows 11 Home/4 GB Graphics/AMD Radeon RTX3050- 4GB) G513IC-HN023WS Gaming Laptop  (15.6 inch, Gray, With MS Office)","laptop, adaptor, manual","Gray,Gaming Laptop,Gaming,AMD,Ryzen 7 Quad Core,16 GB,DDR4,Windows 11 Home"
"DELL Vostro 5000 Series Ryzen 5 Quad Core Ryzen 5-5625U - (16 GB/512 GB SSD/Windows 10 Home) Vostro 5625 Thin and Light Laptop  (16 inch, Titan Grey, 1.9 kg, With MS Office)",Laptop / Adapater / Power Cable,"Titan Grey,Thin and Light Laptop,Everyday Use,AMD,Ryzen 5 Quad Core,16 GB,DDR4,Windows 10 Home"
"DELL G15 Core i5 11th Gen - (16 GB/512 GB SSD/Windows 10/4 GB Graphics/NVIDIA GeForce RTX 3050Ti) G15-5511 Gaming Laptop  (15.6 Inch, Dark Shadow Grey, 2.4 kg, With MS Office)","Laptop, battery, adapter, cables and user manuals","Dark Shadow Grey,Gaming Laptop,Gaming,Intel,Core i5,16 GB,DDR4,Windows 10"
"ASUS TUF Gaming F15 Core i7 12th Gen - (16 GB/512 GB SSD/Windows 11 Home/4 GB Graphics/NVIDIA GeForce RTX 3050 Ti) FX577ZE-HN056W Gaming Laptop  (15.6 inch, Jaeger Gray, 2.20 kg)","Laptop, Power Adaptor, User Guide, Warranty Documents","Jaeger Gray,Gaming Laptop,Gaming,Intel,Core i7,16 GB,DDR5,Windows 11 Home"
"ASUS ROG Strix SCAR 17 Core i9 12th Gen - (32 GB/1 TB SSD/Windows 11 Home/8 GB Graphics/NVIDIA GeForce RTX 3070 Ti) G733ZW-LL139WS Gaming Laptop  (17.3 inch, Off Black, 2.90 kg, With MS Office)","Laptop, Power Adaptor, User Guide, Warranty Documents","Off Black,Gaming Laptop,Gaming,Intel,Core i9,32 GB,DDR5,Windows 11 Home"
"ASUS ROG Strix SCAR 15 Core i9 12th Gen - (32 GB/1 TB SSD/Windows 11 Home/8 GB Graphics/NVIDIA GeForce RTX 3070 Ti) G533ZW-LN136WS Gaming Laptop  (15.6 inch, Off Black, 2.30 kg, With MS Office)","Laptop, Power Adaptor, User Guide, Warranty Documents","Off Black,Gaming Laptop,Gaming,Intel,Core i9,32 GB,DDR5,Windows 11 Home"
"HP Victus Ryzen 7 Octa Core 5800H - (16 GB/512 GB SSD/Windows 11 Home/4 GB Graphics/NVIDIA GeForce RTX 3050) 16-e0351AX Gaming Laptop  (16.1 inch, Mica Silver, 2.48 kg, With MS Office)","Laptop, battery, adapter, cables and user manuals","Mica Silver,Gaming Laptop,Gaming,AMD,Ryzen 7 Octa Core,16 GB,DDR4,Windows 11 Home"
"Lenovo IdeaPad Gaming 3i Ryzen 7 Octa Core R7-5800H 5th Gen - (16 GB/512 GB SSD/Windows 11 Home/4 GB Graphics/NVIDIA GeForce RTX 3050) 15ACH6 Gaming Laptop  (15.6 inch, Shadow Black, 2.25 kg, With MS Office)","Laptop, Power Adaptor, User Guide, Warranty Documents","Shadow Black,Gaming Laptop,Gaming,AMD,Ryzen 7 Octa Core,16 GB,DDR4,Windows 11 Home"
"Lenovo Yoga Slim 7 Core i5 11th Gen - (16 GB/512 GB SSD/Windows 11 Home) 82A300MBIN Thin and Light Laptop  (14 inch, Slate Grey, With MS Office)","Laptop, Adaptor","Slate Grey,Thin and Light Laptop,Processing & Multitasking, Entertainment, Everyday Use, Performance, Travel & Business,Intel,Core i5,16 GB,DDR4,Windows 11 Home"
"Lenovo Yoga Slim 7 Core i7 11th Gen - (16 GB/512 GB SSD/Windows 11 Home) 14ITL05 Thin and Light Laptop  (14 inch, Slate Grey, 1.36 kg, With MS Office)","Thin & Light Laptop, Power Adaptor, User Guide, Warranty Documents","Slate Grey,Thin and Light Laptop,Processing & Multitasking,Intel,Core i7,16 GB,DDR4,Windows 11 Home"
"Lenovo Lenovo V15 Celeron Dual Core - (4 GB/256 GB SSD/Windows 10) 82C30053IH Thin and Light Laptop  (15.6 inch, Iron Grey)",Laptop & Adaptor,"Iron Grey,Thin and Light Laptop,Everyday Use, Entertainment, Travel & Business, Processing & Multitasking,Intel,Celeron Dual Core,4 GB,DDR4,Windows 10"
"Lenovo Yoga 6 Ryzen 7 Octa Core R7-5700U 5th Gen - (16 GB/1 TB SSD/Windows 11 Home) 13ALC6 2 in 1 Laptop  (13.3 inch, Abyss Blue, 1.31 kg, With MS Office)","2 in 1 Laptop, Power Adaptor, User Guide, Warranty Documents","Abyss Blue,2 in 1 Laptop,Processing & Multitasking,AMD,Ryzen 7 Octa Core,16 GB,DDR4,Windows 11 Home"
"ASUS TUF Gaming F15 Core i5 10th Gen - (8 GB/1 TB SSD/Windows 11 Home/4 GB Graphics/NVIDIA GeForce GTX 1650/144 Hz) FX506LH-HN310W Gaming Laptop  (15.6 inch, Black, 2.30 kg)","Laptop , Adaptor, & Manual","Black,Gaming Laptop,Gaming, Entertainment, Processing & Multitasking, Everyday Use, Performance,Intel,Core i5,8 GB,DDR4,Windows 11 Home"
"DELL Inspiron Pentium Silver - (8 GB/256 GB SSD/Windows 11 Home) Inspiron 3521 Notebook  (15.6 Inch, Carbon Black, 1.61 Kg, With MS Office)","Laptop, battery, adapter, cables and user manuals","Carbon Black,Notebook,Everyday Use,Intel,Pentium Silver,8 GB,DDR4,Windows 11 Home"
"DELL Inspiron Athlon Dual Core 3050U - (8 GB/256 GB SSD/Windows 11 Home) Inspiron 3525 Notebook  (15.6 Inch, Carbon Black, 1.68 Kg, With MS Office)","Laptop, battery, adapter, cables and user manuals","Carbon Black,Notebook,Everyday Use,AMD,Athlon Dual Core,8 GB,DDR4,Windows 11 Home"
"DELL Core i5 11th Gen - (16 GB/512 GB SSD/Windows 11 Home) XPS 9305 Thin and Light Laptop  (13.4 inch, Platinum Silver, 1.16 kg, With MS Office)","Laptop, battery, adapter, cables and user manuals","Platinum Silver,Thin and Light Laptop,Processing & Multitasking,Intel,Core i5,16 GB,LPDDR4X,Windows 11 Home"
"Lenovo Yoga 7i Ryzen 7 Octa Core R7-5800U 5th Gen - (16 GB/512 GB SSD/Windows 10 Home) 14ITL5 2 in 1 Laptop  (14 inch, Slate Grey, 1.43 kg, With MS Office)","2 in 1 Laptop, Power Adaptor, User Guide, Warranty Documents","Slate Grey,2 in 1 Laptop,Processing & Multitasking,AMD,Ryzen 7 Octa Core,16 GB,DDR4,Windows 10 Home"
"ASUS Ryzen 7 Dual Core 7th Gen - (16 GB/512 GB HDD/512 GB SSD/Windows 11 Home/4 GB Graphics/NVIDIA GeForce RTX3050- 4GB) FA506IC-HN075W Gaming Laptop  (15.6 inch, Black)","Laptop, Manual, Adaptor","Black,Gaming Laptop,Gaming,AMD,Ryzen 7 Dual Core,16 GB,DDR4,Windows 11 Home"
"ASUS Ryzen 3 Quad Core 3rd Gen - (8 GB/256 GB SSD/Windows 11 Home) M515DA-BR322WS Laptop  (15.6 inch, Silver, With MS Office)","Laptop, Manual, Adaptor","Silver,Laptop,Entertainment, Everyday Use, Processing & Multitasking, Travel & Business,AMD,Ryzen 3 Quad Core,8 GB,DDR4,Windows 11 Home"
"ASUS ROG Flow X13 (2021) Ryzen 9 Octa Core Ryzen 9 5900HS 5th Gen - (32 GB/1 TB SSD/Windows 10 Home/4 GB Graphics/NVIDIA GeForce GTX 1650/120 Hz) GV301QH-K6461TS 2 in 1 Gaming Laptop  (13.4 Inch, Black, 1.3 KG, With MS Office)","Laptop, Power Adaptor, User Guide, GV 301 Sleeve Bag, Pen, Warranty Documents","Black,2 in 1 Gaming Laptop,Gaming, Processing & Multitasking,AMD,Ryzen 9 Octa Core,32 GB,LPDDR4X,Windows 10 Home"
"MSI GP66 Leopard Core i7 11th Gen - (16 GB/1 TB SSD/Windows 10 Home/8 GB Graphics/NVIDIA GeForce RTX 3070/240 Hz) GP66 Leopard 11UG Gaming Laptop  (15.6 inches, Black, 2.9 kg)","Laptop, Battery, Power Adapter, User Guide, Stealth Trooper Backpack","Black,Gaming Laptop,Processing & Multitasking, Gaming,Intel,Core i7,16 GB,DDR4,Windows 10 Home"
"ASUS Vivobook 15 OLED Core i3 11th Gen - (8 GB/256 GB SSD/Windows 11 Home) K513EA-L301WS Laptop  (15.6 inch, Hearty Gold, 1.80 kg kg, With MS Office)","Laptop, Manual, Adaptor","Hearty Gold,Laptop,Entertainment, Everyday Use, Performance, Processing & Multitasking,Intel,Core i3,8 GB,DDR4,Windows 11 Home"
"realme Book Prime Core i5 11th Gen - (16 GB/512 GB SSD/Windows 11 Home) CloudPro002 Thin and Light Laptop  (14 inch, Grey, 1.37 kg, With MS Office)","Laptop, Power Adaptor, Battery, Warranty Documents, User Guide","Grey,Thin and Light Laptop,Entertainment, Performance, Processing & Multitasking,Intel,Core i5,16 GB,LPDDR4X,Windows 11 Home"
"realme Book Prime Core i5 11th Gen - (16 GB/512 GB SSD/Windows 11 Home) CloudPro002 Thin and Light Laptop  (14 inch, Green, 1.37 kg, With MS Office)","Laptop, Power Adaptor, Battery, Warranty Documents, User Guide","Green,Thin and Light Laptop,Entertainment, Performance, Processing & Multitasking,Intel,Core i5,16 GB,LPDDR4X,Windows 11 Home"
"realme Book Prime Core i5 11th Gen - (16 GB/512 GB SSD/Windows 11 Home) CloudPro002 Thin and Light Laptop  (14 inch, Blue, 1.37 kg, With MS Office)","Laptop, Power Adaptor, Battery, Warranty Documents, User Guide","Blue,Thin and Light Laptop,Entertainment, Performance, Processing & Multitasking,Intel,Core i5,16 GB,LPDDR4X,Windows 11 Home"
"DELL G15 Core i7 11th Gen - (16 GB/512 GB SSD/Windows 11 Home/4 GB Graphics/NVIDIA GeForce RTX 3050 Ti/165 Hz) G15-5511 SE Gaming Laptop  (15.6 inch, Obsidian Black, 2.65 kg, With MS Office)","Laptop, Power Adaptor, Battery, Warranty Documents, User Guide","Obsidian Black,Gaming Laptop,Gaming,Intel,Core i7,16 GB,DDR4,Windows 11 Home"
"DELL Ryzen 5 Hexa Core 5600H - (8 GB/512 GB SSD/Windows 11 Home/4 GB Graphics/NVIDIA GeForce RTX 3050/120 Hz) G15-5515 Gaming Laptop  (15.6 inch, Grey, 2.57 kg, With MS Office)","Laptop, battery, adapter, cables and user manuals","Grey,Gaming Laptop,Gaming,AMD,Ryzen 5 Hexa Core,8 GB,DDR4,Windows 11 Home"
"Avita SATUS Celeron Dual Core - (4 GB/128 GB SSD/Windows 11 Home) NU14A1INC43PN-MB Laptop  (14.1 Inch, Matt Black)","Laptop, Power Adaptor, User Guide, Warranty Documents","Matt Black,Laptop,Processing & Multitasking,Intel,Celeron Dual Core,4 GB,DDR4,Windows 11 Home"
"DELL Ryzen 7 Octa Core 5800H - (16 GB/512 GB SSD/Windows 11 Home/4 GB Graphics/NVIDIA GeForce RTX 3050/120 Hz) G15-5515 Gaming Laptop  (15.6 inch, Grey, 2.57 kg, With MS Office)","Laptop, battery, adapter, cables and user manuals","Grey,Gaming Laptop,Gaming,AMD,Ryzen 7 Octa Core,16 GB,DDR4,Windows 11 Home"
"HP Core i3 11th Gen - (8 GB/512 GB SSD/Windows 11 Home) 15s-fq2627TU Thin and Light Laptop  (15.6 Inch, Jet Black, 1.69 Kg, With MS Office)","Laptop, Power Adaptor, User Guide, Warranty Documents","Jet Black,Thin and Light Laptop,Processing & Multitasking,Intel,Core i3,8 GB,DDR4,Windows 11 Home"
"DELL Ryzen 5 Hexa Core 5600H - (16 GB/512 GB SSD/Windows 11 Home/4 GB Graphics/NVIDIA GeForce RTX 3050/120 Hz) G15-5515 Gaming Laptop  (15.6 inch, Grey, 2.57 kg, With MS Office)","Laptop, battery, adapter, cables and user manuals","Grey,Gaming Laptop,Gaming,AMD,Ryzen 5 Hexa Core,16 GB,DDR4,Windows 11 Home"
"ASUS VivoBook 14 (2021) Ryzen 5 Quad Core 3500U - (8 GB/512 GB SSD/Windows 11 Home) M415DA-EB712WS Thin and Light Laptop  (14 inch, Transparent Silver, 1.60 kg, With MS Office)","Laptop, battery, adapter, cables and user manuals","Transparent Silver,Thin and Light Laptop,Processing & Multitasking,AMD,Ryzen 5 Quad Core,8 GB,DDR4,Windows 11 Home"
"ASUS VivoBook Flip 14 Core i3 11th Gen - (8 GB/256 GB SSD/Windows 11 Home) TP470EA-EC302WS 2 in 1 Laptop  (14 Inch, Indie Black, 1.50 kg, With MS Office)","Laptop, Power Adaptor, User Guide, Warranty Documents","Indie Black,2 in 1 Laptop,Processing & Multitasking,Intel,Core i3,8 GB,LPDDR4X,Windows 11 Home"
"ASUS VivoBook 15 (2021) Core i5 10th Gen - (8 GB/1 TB HDD/Windows 11 Home) X515JA-BQ501W Thin and Light Laptop  (15.6 inch, Transparent Silver, 1.80 kg)","Laptop, Power Adaptor, User Guide, Warranty Documents","Transparent Silver,Thin and Light Laptop,Processing & Multitasking,Intel,Core i5,8 GB,DDR4,Windows 11 Home"
"ASUS Celeron Dual Core - (4 GB/128 GB SSD/Windows 11 Home) BR1100CKA-GJ0722W Laptop  (11.6 Inch, Star Grey, 1.26 Kg)","Laptop, Battery, Power Adaptor, User Guide, Warranty Documents","Star Grey,Laptop,Processing & Multitasking,Intel,Celeron Dual Core,4 GB,DDR4,Windows 11 Home"
"ASUS Celeron Dual Core - (4 GB/128 GB SSD/Windows 11 Home) BR1100FKA-BP1104W Laptop  (11.6 Inch, Star Grey, 1.40 Kg)","Laptop, Power Adaptor, User Guide, Warranty Documents","Star Grey,Laptop,Processing & Multitasking,Intel,Celeron Dual Core,4 GB,DDR4,Windows 11 Home"
"ASUS VivoBook K15 OLED Ryzen 7 Octa Core 5700U - (16 GB/512 GB SSD/Windows 11 Home) KM513UA-L711WS Thin and Light Laptop  (15.6 Inch, Hearty Gold, 1.80 Kg, With MS Office)","Laptop, Power Adaptor, User Guide, Warranty Documents","Hearty Gold,Thin and Light Laptop,Processing & Multitasking,AMD,Ryzen 7 Octa Core,16 GB,DDR4,Windows 11 Home"
"ASUS VivoBook Flip 14 Core i5 11th Gen - (8 GB/512 GB SSD/Windows 11 Home) TP470EA-EC512WS 2 in 1 Laptop  (14 Inch, Indie Black, 1.50 Kg, With MS Office)","Laptop, Power Adaptor, User Guide, Warranty Documents","Indie Black,2 in 1 Laptop,Processing & Multitasking,Intel,Core i5,8 GB,LPDDR4X,Windows 11 Home"
"ASUS VivoBook K15 OLED Ryzen 7 Octa Core 5700U - (16 GB/512 GB SSD/Windows 11 Home) KM513UA-L713WS Thin and Light Laptop  (15.6 Inch, Transparent Silver, 1.80 Kg, With MS Office)","Laptop, Power Adaptor, User Guide, Warranty Documents","Transparent Silver,Thin and Light Laptop,Processing & Multitasking,AMD,Ryzen 7 Octa Core,16 GB,DDR4,Windows 11 Home"
"ASUS VivoBook 15 (2022) Celeron Quad Core - (4 GB/256 GB SSD/Windows 11 Home) X515MA-BR011W Thin and Light Laptop  (15.6 inch, Transparent Silver, 1.80 kg)","Laptop, Power Adaptor, User Guide, Warranty Documents","Transparent Silver,Thin and Light Laptop,Processing & Multitasking,Intel,Celeron Quad Core,4 GB,DDR4,Windows 11 Home"
"ASUS VivoBook Flip 14 Core i3 11th Gen - (8 GB/512 GB SSD/Windows 11 Home) TP470EA-EC312WS 2 in 1 Laptop  (14 Inch, Indie Black, 1.50 kg, With MS Office)","Laptop, Power Adaptor, User Guide, Warranty Documents","Indie Black,2 in 1 Laptop,Processing & Multitasking,Intel,Core i3,8 GB,LPDDR4X,Windows 11 Home"
"ASUS VivoBook 15 (2021) Core i3 10th Gen - (8 GB/512 GB SSD/Windows 11 Home) X515JA-BQ322WS Thin and Light Laptop  (15.6 inch, Transparent Silver, 1.80 kg, With MS Office)","Laptop, Power Adaptor, User Guide, Warranty Documents","Transparent Silver,Thin and Light Laptop,Processing & Multitasking,Intel,Core i3,8 GB,DDR4,Windows 11 Home"
"ASUS VivoBook 14 (2021) Ryzen 7 Quad Core 3700U - (16 GB/512 GB SSD/Windows 11 Home) M415DA-EB512WS Thin and Light Laptop  (14 inch, Transparent Silver, 1.60 kg, With MS Office)","Laptop, battery, adapter, cables and user manuals","Transparent Silver,Thin and Light Laptop,Processing & Multitasking,AMD,Ryzen 7 Quad Core,16 GB,DDR4,Windows 11 Home"
"ASUS VivoBook 15 (2021) Core i3 11th Gen - (8 GB/1 TB HDD/Windows 11 Home) X515EA-BR391W Thin and Light Laptop  (15.6 inch, Slate Grey, 1.80 kg)","Laptop, Power Adaptor, User Guide, Warranty Documents","Slate Grey,Thin and Light Laptop,Processing & Multitasking,Intel,Core i3,8 GB,DDR4,Windows 11 Home"
"ASUS VivoBook 15 (2021) Core i3 11th Gen - (8 GB/1 TB HDD/256 GB SSD/Windows 11 Home) X515EA-EJ332WS Thin and Light Laptop  (15.6 inch, Transparent Silver, 1.80 kg, With MS Office)","Laptop, Power Adaptor, User Guide, Warranty Documents","Transparent Silver,Thin and Light Laptop,Processing & Multitasking,Intel,Core i3,8 GB,DDR4,Windows 11 Home"
"HP Pavilion Ryzen 5 Hexa Core 5625U - (8 GB/512 GB SSD/Windows 11 Home) 15-eh2024AU Thin and Light Laptop  (15.6 Inch, Natural Silver, 1.75 Kg, With MS Office)","Laptop, Power Adaptor, User Guide, Warranty Documents","Natural Silver,Thin and Light Laptop,Processing & Multitasking,AMD,Ryzen 5 Hexa Core,8 GB,DDR4,Windows 11 Home"
"HP Envy Core i9 11th Gen - (32 GB/1 TB SSD/Windows 11 Pro/6 GB Graphics) 15-ep1087TX Laptop  (15.6 inch, Natural Silver, 2.14 kg, With MS Office)","Laptop, Power Adaptor, Battery, Warranty Documents, User Guide","Natural Silver,Laptop,Processing & Multitasking,Intel,Core i9,32 GB,DDR4,Windows 11 Pro"
"HP Chromebook Celeron Quad Core - (4 GB/64 GB EMMC Storage/Chrome OS) 14a-ca0504TU Thin and Light Laptop  (14 Inch, Forest Teal, 1.49 Kg)","Laptop, Power Adapter, User Guide, Warranty Documents","Forest Teal,Thin and Light Laptop,Processing & Multitasking,Intel,Celeron Quad Core,4 GB,LPDDR4,Chrome"
"HP Chromebook Celeron Dual Core - (4 GB/64 GB EMMC Storage/Chrome OS) 14a-ca0506TU Thin and Light Laptop  (14 Inch, Mineral Silver, 1.49 Kg)","Laptop, Power Adapter, User Guide, Warranty Documents","Mineral Silver,Thin and Light Laptop,Processing & Multitasking,Intel,Celeron Dual Core,4 GB,LPDDR4,Chrome"
"HP Envy Core i7 11th Gen - (16 GB/1 TB SSD/Windows 11 Pro/4 GB Graphics) 15-ep1085TX Thin and Light Laptop  (15.6 Inch, Natural Silver, 2.14 Kg, With MS Office)","Laptop, Power Adaptor, User Guide, Warranty Documents","Natural Silver,Thin and Light Laptop,Processing & Multitasking,Intel,Core i7,16 GB,DDR4,Windows 11 Pro"
"HP Pavilion Ryzen 5 Hexa Core 5625U - (8 GB/512 GB SSD/Windows 11 Home) 14-EC1003AU Thin and Light Laptop  (14 Inch, Natural Silver, 1.41 Kg, With MS Office)","Laptop, Battery, Power Adaptor, User Guide, Warranty Documents","Natural Silver,Thin and Light Laptop,Processing & Multitasking,AMD,Ryzen 5 Hexa Core,8 GB,DDR4,Windows 11 Home"
"HP Pavilion Ryzen 5 Hexa Core 5625U - (8 GB/512 GB SSD/Windows 11 Home) 15-eh2018AU Thin and Light Laptop  (15.6 Inch, Natural Silver, 1.75 Kg, With MS Office)","Laptop, Power Adaptor, User Guide, Warranty Documents","Natural Silver,Thin and Light Laptop,Processing & Multitasking,AMD,Ryzen 5 Hexa Core,8 GB,DDR4,Windows 11 Home"
"HP Pavilion Ryzen 5 Hexa Core 5625U - (8 GB/512 GB SSD/Windows 11 Home) 15-eh2018AU Thin and Light Laptop  (15.6 Inch, Natural Silver, 1.75 Kg, With MS Office)","Laptop, Power Adaptor, User Guide, Warranty Documents","Natural Silver,Thin and Light Laptop,Processing & Multitasking,AMD,Ryzen 5 Hexa Core,8 GB,DDR4,Windows 11 Home"
"HP Pavilion Ryzen 5 Hexa Core 5625U - (8 GB/512 GB SSD/Windows 11 Home) 14-EC1003AU Thin and Light Laptop  (14 Inch, Natural Silver, 1.41 Kg, With MS Office)","Laptop, Battery, Power Adaptor, User Guide, Warranty Documents","Natural Silver,Thin and Light Laptop,Processing & Multitasking,AMD,Ryzen 5 Hexa Core,8 GB,DDR4,Windows 11 Home"
"HP Envy Core i7 11th Gen - (16 GB/1 TB SSD/Windows 11 Pro/4 GB Graphics) 15-ep1085TX Thin and Light Laptop  (15.6 Inch, Natural Silver, 2.14 Kg, With MS Office)","Laptop, Power Adaptor, User Guide, Warranty Documents","Natural Silver,Thin and Light Laptop,Processing & Multitasking,Intel,Core i7,16 GB,DDR4,Windows 11 Pro"
"DELL Inspiron 3000 Core i3 11th Gen - (8 GB/512 GB SSD/Windows 11 Home) 3511 Thin and Light Laptop  (15.6 Inch, Black, 1.8 Kgs, With MS Office)","Laptop, battery, adapter, cables and user manuals","Black,Thin and Light Laptop,Everyday Use, Processing & Multitasking,Intel,Core i3,8 GB,DDR4,Windows 11 Home"
"ASUS Vivobook 15 Ryzen 7 Quad Core AMD R7-3700U - (16 GB/512 GB SSD/Windows 11 Home) M515DA-BQ722WS Laptop  (15.6 inch, Transparent Silver, 1.8 kg, With MS Office)","Laptop , Adaptor, & Manual","Transparent Silver,Laptop,Processing & Multitasking, Entertainment, Everyday Use, Performance, Travel & Business,AMD,Ryzen 7 Quad Core,16 GB,DDR4,Windows 11 Home"
"ASUS ExpertBook Core i3 11th Gen - (4 GB/256 GB SSD/DOS) P1511CEA-BQ1758 Business Laptop  (15.6 inch, Slate Grey, 1.80 kg)","Laptop, Power Adaptor, User Guide, Warranty Documents","Slate Grey,Business Laptop,Processing & Multitasking,Intel,Core i3,4 GB,DDR4,DOS"
"Lenovo IdeaPad Gaming 3 Core i5 11th Gen - (8 GB/512 GB SSD/Windows 11 Home/4 GB Graphics/NVIDIA GeForce RTX 3050) 15IHU6 Gaming Laptop  (15.6 inch, Shadow Black, 2.25 kg, With MS Office)","Laptop, Battery, Adapter, Cables and User Manuals","Shadow Black,Gaming Laptop,Gaming,Intel,Core i5,8 GB,DDR4,Windows 11 Home"
"HP Pavilion x360 Convertible Core i3 11th Gen - (8 GB/512 GB SSD/Windows 11 Home) 14-dy0207TU Thin and Light Laptop  (14 inch, Natural Silver, 1.52 kg, With MS Office)","Laptop, battery, adapter, cables and user manuals","Natural Silver,Thin and Light Laptop,Processing & Multitasking,Intel,Core i3,8 GB,DDR4,Windows 11 Home"
"HP Snapdragon 7c Gen 2 - (8 GB/128 GB EMMC Storage/Windows 11 Home) 14-ed0007qu Laptop  (14 Inch, Natural Silver, 1.25 Kg, With MS Office)","Laptop, Power Adaptor, User Guide, Warranty Documents","Natural Silver,Laptop,Processing & Multitasking,Qualcomm,Snapdragon 7c Gen 2,8 GB,LPDDR4X,Windows 11 Home"
"Lenovo Ideapad Gaming 3 Ryzen 7 Octa Core 5800H - (16 GB/512 GB SSD/Windows 11 Home/4 GB Graphics/NVIDIA GeForce GTX 1650) 15ACH6 Gaming Laptop  (15.6 inch, Shadow Black, 2.25 kg)","Laptop, Power Adaptor, Battery, Warranty Documents, User Guide","Shadow Black,Gaming Laptop,Gaming,AMD,Ryzen 7 Octa Core,16 GB,DDR4,Windows 11 Home"
"Lenovo IdeaPad Gaming 3 Ryzen 5 Hexa Core 5600H - (8 GB/512 GB SSD/Windows 11 Home/4 GB Graphics/NVIDIA GeForce RTX 3050) 15ACH6 Gaming Laptop  (15.6 inch, Shadow Black, 2.25 kg, With MS Office)","Laptop, Battery, Adapter, Cables and User Manuals","Shadow Black,Gaming Laptop,Gaming,AMD,Ryzen 5 Hexa Core,8 GB,DDR4,Windows 11 Home"
"Lenovo IdeaPad Flex 5 Core i3 11th Gen - (8 GB/512 GB SSD/Windows 11 Home) 14ITL05 2 in 1 Laptop  (14 Inch, Graphite Grey, With MS Office)","Laptop, battery, adapter, cables and user manuals","Graphite Grey,2 in 1 Laptop,Processing & Multitasking,Intel,Core i3,8 GB,DDR4,Windows 11 Home"
"Lenovo IdeaPad 1 Celeron Dual Core - (4 GB/256 GB SSD/Windows 11 Home) 11IGL05 Thin and Light Laptop  (11.6 Inch, Platinum Grey, With MS Office)","Laptop, battery, adapter, cables and user manuals","Platinum Grey,Thin and Light Laptop,Processing & Multitasking,Intel,Celeron Dual Core,4 GB,DDR4,Windows 11 Home"
"HP Pavilion x360 Convertible Core i7 11th Gen - (16 GB/512 GB SSD/Windows 11 Home) 14-dy1047TU Thin and Light Laptop  (14 inch, Natural Silver, 1.52 kg, With MS Office)","Laptop, battery, adapter, cables and user manuals","Natural Silver,Thin and Light Laptop,Processing & Multitasking,Intel,Core i7,16 GB,DDR4,Windows 11 Home"
"Lenovo IdeaPad Flex 5 Ryzen 5 Hexa Core 5500U - (8 GB/512 GB SSD/Windows 11 Home) 14ALC05 2 in 1 Laptop  (14 Inch, Graphite Grey, With MS Office)","Laptop, battery, adapter, cables and user manuals","Graphite Grey,2 in 1 Laptop,Processing & Multitasking,AMD,Ryzen 5 Hexa Core,8 GB,DDR4,Windows 11 Home"
"Lenovo IdeaPad 3 Core i3 11th Gen - (8 GB/512 GB SSD/Windows 11 Home) 14ITL6 Thin and Light Laptop  (14 Inch, Arctic Grey, With MS Office)","Laptop, battery, adapter, cables and user manuals","Arctic Grey,Thin and Light Laptop,Processing & Multitasking,Intel,Core i3,8 GB,DDR4,Windows 11 Home"
"HP Pavilion x360 Convertible Core i5 11th Gen - (16 GB/512 GB SSD/Windows 11 Home) 14-dy1048TU Thin and Light Laptop  (14 inch, Natural Silver, 1.52 kg, With MS Office)","Laptop, battery, adapter, cables and user manuals","Natural Silver,Thin and Light Laptop,Processing & Multitasking,Intel,Core i5,16 GB,DDR4,Windows 11 Home"
"Lenovo Yoga 7 Core i7 11th Gen - (16 GB/512 GB SSD/Windows 11 Home) 14ITL5 2 in 1 Laptop  (14 Inch, Slate Grey, With MS Office)","Laptop, battery, adapter, cables and user manuals","Slate Grey,2 in 1 Laptop,Processing & Multitasking,Intel,Core i7,16 GB,DDR4,Windows 11 Home"
"DELL Inspiron Ryzen 5 Dual Core 3450U - (8 GB/512 GB SSD/Windows 11 Home) INSPIRON 3515 Thin and Light Laptop  (15.6 Inch, Carbon Black, 1.8 kg, With MS Office)","Laptop, Battery, Adapter, Cables and User Manuals","Carbon Black,Thin and Light Laptop,Everyday Use,AMD,Ryzen 5 Dual Core,8 GB,DDR4,Windows 11 Home"
"DELL Vostro Core i3 10th Gen - (8 GB/512 GB SSD/Windows 11 Home) vostro 3510 icl Thin and Light Laptop  (15.6 inch, Titan Gray, 1.8 Kg, With MS Office)","Laptop, Battery, Adapter, Cables and User Manuals","Titan Gray,Thin and Light Laptop,Everyday Use,Intel,Core i3,8 GB,DDR4,Windows 11 Home"
"HP Core i3 11th Gen - (8 GB/512 GB SSD/Windows 10 Home) 14s-dq2606tu Thin and Light Laptop  (14 Inch, Natural Silver, 1.46 Kg, With MS Office)","Laptop, Power Adaptor, User Guide, Warranty Documents","Natural Silver,Thin and Light Laptop,Processing & Multitasking,Intel,Core i3,8 GB,DDR4,Windows 10 Home"
"DELL Ryzen 3 Dual Core 3250U - (8 GB/512 GB SSD/Windows 11 Home) INSPIRON 3515 Thin and Light Laptop  (15.6 inch, Carbon Black, 1.8 kg, With MS Office)","Laptop, battery, adapter, cables and user manuals","Carbon Black,Thin and Light Laptop,Everyday Use,AMD,Ryzen 3 Dual Core,8 GB,DDR4,Windows 11 Home"
"DELL Core i3 10th Gen - (8 GB/1 TB HDD/256 GB SSD/Windows 11 Home) Vostro 3510 Thin and Light Laptop  (15.6 inch, Titan Gray, 1.8 kg, With MS Office)","Laptop, Power Adaptor, User Guide, Warranty Documents","Titan Gray,Thin and Light Laptop,Everyday Use,Intel,Core i3,8 GB,DDR4,Windows 11 Home"
"HP OMEN Core i7 12th Gen - (16 GB/1 TB SSD/Windows 11 Home/6 GB Graphics) 16-B1361TX Laptop  (16.1 inch, Shadow Black, 2.32 kg, With MS Office)","Laptop, Power Adaptor, Battery, Warranty Documents, User Guide","Shadow Black,Laptop,Processing & Multitasking,Intel,Core i7,16 GB,DDR5,Windows 11 Home"
"ASUS Commercial Series Core i3 10th Gen - (4 GB/256 GB SSD/Windows 10 Home) P2451FA Business Laptop  (14 inch, Black)","Adapter, Laptop, User manual","Black,Business Laptop,Travel & Business,Intel,Core i3,4 GB,DDR4,Windows 10 Home"
"HP OMEN Ryzen 7 Octa Core 5800H - (16 GB/512 GB SSD/Windows 11 Home/4 GB Graphics/NVIDIA GeForce RTX 3050Ti) 16-C0138AX Gaming Laptop  (16.1 Inch, Mica Silver, 2.32 Kg, With MS Office)","Laptop, Power Adaptor, User Guide, Warranty Documents","Mica Silver,Gaming Laptop,Processing & Multitasking,AMD,Ryzen 7 Octa Core,16 GB,DDR4,Windows 11 Home"
"HP OMEN Ryzen 7 Octa Core 5800H - (16 GB/1 TB SSD/Windows 11 Home/AMD Radeon RX 6600M) 16-C0140AX Gaming Laptop  (16.1 inch, Mica Silver, 2.32 Kg, With MS Office)","Laptop, Power Adaptor, User Guide, Warranty Documents","Mica Silver,Gaming Laptop,Gaming,AMD,Ryzen 7 Octa Core,16 GB,DDR4,Windows 11 Home"
"HP Core i3 11th Gen - (8 GB/1 TB HDD/Windows 11 Home) 250 G8 Laptop  (15.6 inch, Dark Ash)","Laptop, AC Adapter, User Guide, Manuals","Dark Ash,Laptop,Processing & Multitasking,Intel,Core i3,8 GB,DDR4,Windows 11 Home"
"HP Ryzen 3 Dual Core - (8 GB/1 TB HDD/Windows 11 Home) 255 G8 Laptop  (15.6 inch, Dark Ash)","Laptop, AC Adapter, User Guide, Manuals","Dark Ash,Laptop,Processing & Multitasking,AMD,Ryzen 3 Dual Core,8 GB,DDR4,Windows 11 Home"
"ASUS ROG Strix G15 Ryzen 7 Octa Core 4800H - (8 GB/512 GB SSD/Windows 11 Home/4 GB Graphics/NVIDIA GeForce RTX RTX 3050/144 Hz) G513IC-HN025W Gaming Laptop  (15.6 Inch, Eclipse Gray, 2.10 Kg)","Laptop, Battery, AC Adapter","Eclipse Gray,Gaming Laptop,Gaming, Processing & Multitasking,AMD,Ryzen 7 Octa Core,8 GB,DDR4,Windows 11 Home"
"ASUS TUF Gaming F15 Core i5 10th Gen - (8 GB/512 GB SSD/Windows 11 Home/4 GB Graphics/NVIDIA GeForce GTX GTX 1650/144 Hz) FX506LH-HN258WS Gaming Laptop  (15.6 Inch, Black Plastic, 2.30 Kg, With MS Office)","Laptop, Power Adaptor, User Guide, Warranty Documents","Black Plastic,Gaming Laptop,Gaming,Intel,Core i5,8 GB,DDR4,Windows 11 Home"
"HP Core i3 11th Gen - (8 GB/512 GB SSD/Windows 11 Home) 250 G8 Laptop  (15.6 inch, Dark Ash)","Laptop, AC Adapter, User Guide, Manuals","Dark Ash,Laptop,Processing & Multitasking,Intel,Core i3,8 GB,DDR4,Windows 11 Home"
"ASUS Ryzen 7 Octa Core 5800HS - (16 GB/1 TB SSD/Windows 11 Home/4 GB Graphics/NVIDIA GeForce RTX GeForce RTX 3050) GA401QC-K2188WS Gaming Laptop  (14 Inch, Eclipse Gray, 1.60 Kg, With MS Office)","Laptop, Power Adaptor, User Guide, Warranty Documents","Eclipse Gray,Gaming Laptop,Gaming,AMD,Ryzen 7 Octa Core,16 GB,DDR4,Windows 11 Home"
"ASUS Ryzen 7 Octa Core 6800H - (16 GB/1 TB SSD/Windows 11 Home/6 GB Graphics/NVIDIA GeForce RTX RTX 3060/144 Hz) FA777RM-HX019W Gaming Laptop  (17.3 Inch, Jaeger Gray, 2.60 Kg)","Laptop, Battery, Power Adaptor, User Guide, Warranty Documents","Jaeger Gray,Gaming Laptop,Processing & Multitasking,AMD,Ryzen 7 Octa Core,16 GB,DDR5,Windows 11 Home"
"HP Celeron Dual Core - (8 GB/256 GB SSD/Windows 11 Home) 14s-dq3032tu Thin and Light Laptop  (14 inch, Jet Black, 1.46 kg, With MS Office)","Laptop, Power Adaptor, User Guide, Warranty Documents","Jet Black,Thin and Light Laptop,Everyday Use, Processing & Multitasking,Intel,Celeron Dual Core,8 GB,DDR4,Windows 11 Home"
"Lenovo Yoga 6 Ryzen 7 Octa Core 5700U - (16 GB/512 GB SSD/Windows 11 Home) 13ALC6 2 in 1 Laptop  (13.3 inch, Abyss Blue, 1.32 Kg, With MS Office)","2 in 1 Laptop, Power Adaptor, User Guide, Warranty Documents","Abyss Blue,2 in 1 Laptop,Processing & Multitasking,AMD,Ryzen 7 Octa Core,16 GB,DDR4,Windows 11 Home"
"ASUS Pentium Quad Core 10th Gen - (4 GB/128 GB SSD/128 GB EMMC Storage/Windows 11 Home) T3300KA-LQ121WS 2 in 1 Laptop  (13.3 inch, Black, With MS Office)","Laptop, Charger, User Manual, Sleeve, Stand, Stylus, Stylus holder","Black,2 in 1 Laptop,Entertainment,Intel,Pentium Quad Core,4 GB,DDR4,Windows 11 Home"
"ASUS Core i7 11th Gen - (16 GB/512 GB SSD/4 GB EMMC Storage/Windows 10 Home/4 GB Graphics/NVIDIA GeForce RTX NVIDIA GeForce RTX 3050) FX706HCB-HX193T Gaming Laptop  (17.3 inch, Black)","Laptop, Adaptor, Manual","Black,Gaming Laptop,Gaming, Performance, Processing & Multitasking, Entertainment,Intel,Core i7,16 GB,DDR4,Windows 10 Home"
"HP ProBook Core i5 11th Gen - (8 GB/512 GB SSD/Windows 10 Pro) 450 G8 Laptop  (15.6 inch, Pike Silver Aluminum)","Laptop, AC Adapter, User Guide, Manuals","Pike Silver Aluminum,Laptop,Processing & Multitasking,Intel,Core i5,8 GB,DDR4,Windows 10 Pro"
"MSI Raider GE66 Core i7 12th Gen - (16 GB/1 TB SSD/Windows 11 Home/8 GB Graphics/NVIDIA GeForce RTX 3070 Ti) Raider GE66 12UGS-096IN Gaming Laptop  (15.6 inch, Titanium Blue, 2.38 kg)","Laptop, Battery, Power Adapter, User Guide, Laptop Bag","Titanium Blue,Gaming Laptop,Processing & Multitasking,Intel,Core i7,16 GB,DDR5,Windows 11 Home"
"MSI Core i7 12th Gen - (16 GB/1 TB SSD/Windows 11 Home/8 GB Graphics/NVIDIA GeForce RTX 3070) Crosshair 15 Rainbow Six Extraction Edition B12UGZ-032IN Gaming Laptop  (15.6 inch, Black, 2.47 kg)","Laptop, battery, power adapter, user guide, Crosshair 15 Rainbow Six Extraction Edition Bundle Accessories","Black,Gaming Laptop,Gaming, Processing & Multitasking,Intel,Core i7,16 GB,DDR4,Windows 11 Home"
"SAMSUNG Galaxy Book Go Snapdragon 7c Gen 2 - (4 GB/128 GB EMMC Storage/Windows 11 Home) NP340XLA-KA1IN Thin and Light Laptop  (14 Inch, Silver, 1.38 Kg, With MS Office)","Laptop, battery, adapter, cables and user manuals","Silver,Thin and Light Laptop,Processing & Multitasking,Qualcomm,Snapdragon 7c Gen 2,4 GB,LPDDR4X,Windows 11 Home"
"acer Predator Helios 300 Core i9 11th Gen - (16 GB/1 TB SSD/Windows 11 Home/6 GB Graphics/NVIDIA GeForce RTX 3060/360 Hz) PH315-54 Gaming Laptop  (15.6 Inch, Abyssal Black, 2.3 Kg)","Laptop, Power Adaptor, User Guide, Warranty Documents","Abyssal Black,Gaming Laptop,Entertainment, Everyday Use, Gaming, Performance, Processing & Multitasking, Travel & Business,Intel,Core i9,16 GB,DDR4,Windows 11 Home"
"Lenovo Core i5 10th Gen - (4 GB/1 TB HDD/DOS) V14 IIL Laptop  (14 inch, Grey)","Laptop, Power Adaptor, User Guide, Warranty Documents","Grey,Laptop,Performance,Intel,Core i5,4 GB,DDR4,DOS"
"HP OMEN Core i7 11th Gen - (16 GB/1 TB SSD/Windows 11 Home/4 GB Graphics/NVIDIA GeForce RTX RTX 3050Ti) 16-B0352TX Gaming Laptop  (16.1 Inch, Shadow Black, 2.32 Kg, With MS Office)","Laptop, Power Adapter, User Guide, Warranty Documents","Shadow Black,Gaming Laptop,Processing & Multitasking,Intel,Core i7,16 GB,DDR4,Windows 11 Home"
"HP OMEN Core i7 11th Gen - (16 GB/1 TB SSD/Windows 11 Home/4 GB Graphics/NVIDIA GeForce RTX RTX 3050) 16-B0351TX Gaming Laptop  (16.1 Inch, Shadow Black, 2.32 Kg, With MS Office)","Laptop, Power Adapter, User Guide, Warranty Documents","Shadow Black,Gaming Laptop,Processing & Multitasking,Intel,Core i7,16 GB,DDR4,Windows 11 Home"
"ASUS Asus Vivobook 15 Pentium Quad Core - (4 GB/1 TB HDD/Windows 11 Home) X515MA-BR101W Laptop  (15.6 inch, Transparent Silver, 1.8 kg)","Laptop, Adaptor & Manual","Transparent Silver,Laptop,Everyday Use,Intel,Pentium Quad Core,4 GB,DDR4,Windows 11 Home"
"MSI Sword 15 Core i7 11th Gen - (8 GB/512 GB SSD/Windows 10 Home/4 GB Graphics/NVIDIA GeForce RTX 3050/144 Hz) 15 A11UC-891IN Gaming Laptop  (15.6 inch, White, 2.25 kg)","Laptop, Power Adapter, Manual","White,Gaming Laptop,Processing & Multitasking, Gaming,Intel,Core i7,8 GB,DDR4,Windows 10 Home"
"HP Ryzen 5 Quad Core - (8 GB/512 GB SSD/Windows 10 Home) 15s-gr0500AU Laptop  (15.6 inch, Natural Silver, With MS Office)","Laptop, Adapter","Natural Silver,Laptop,Everyday Use,AMD,Ryzen 5 Quad Core,8 GB,DDR4,Windows 10 Home"
"HP Core i3 10th Gen - (8 GB/512 GB SSD/Windows 10 Pro) 240 G8 Laptop  (14 inch, Black)","Laptop, AC Adapter, User Guide, Manuals","Black,Laptop,Processing & Multitasking,Intel,Core i3,8 GB,DDR4,Windows 10 Pro"
"ASUS Vivobook Ultra K15 Core i3 11th Gen - (8 GB/256 GB SSD/Windows 11 Home) K513EA-L303WS K513E Thin and Light Laptop  (15.6 inch, Transparent Silver, 1.8 kg, With MS Office)","Laptop, Adaptor & Manual","Transparent Silver,Thin and Light Laptop,Travel & Business, Entertainment, Everyday Use, Processing & Multitasking, Performance,Intel,Core i3,8 GB,DDR4,Windows 11 Home"
"ASUS Vivobook 11 Celeron Dual Core - (4 GB/128 GB EMMC Storage/Windows 11 Home) E210MA-GJ001W Thin and Light Laptop  (11.6 inch, Peacock Blue, 1.05 kg)","Laptop , Adaptor, & Manual","Peacock Blue,Thin and Light Laptop,Travel & Business, Everyday Use, Entertainment,Intel,Celeron Dual Core,4 GB,DDR4,Windows 11 Home"
"ASUS Core i3 11th Gen - (8 GB/256 GB SSD/Windows 11 Home) K513EA-L303WS Laptop  (15.6 inch, Silver, With MS Office)","Laptop, Manual, Adaptor","Silver,Laptop,Entertainment, Everyday Use, Performance, Processing & Multitasking,Intel,Core i3,8 GB,DDR4,Windows 11 Home"
"ASUS VivoBook K15 OLED Ryzen 5 Hexa Core 5500U - (16 GB/512 GB SSD/Windows 11 Home) KM513UA-L513WS Thin and Light Laptop  (15.6 Inch, Transparent Silver, 1.80 Kg, With MS Office)","Laptop, Power Adaptor, User Guide, Warranty Documents","Transparent Silver,Thin and Light Laptop,Processing & Multitasking,AMD,Ryzen 5 Hexa Core,16 GB,DDR4,Windows 11 Home"
"ASUS VivoBook K15 OLED (2021) Ryzen 5 Hexa Core 5500U - (16 GB/512 GB SSD/Windows 11 Home) KM513UA-L511WS Thin and Light Laptop  (15.6 inch, Hearty Gold, 1.80 kg, With MS Office)","Laptop, Power Adaptor, User Guide, Warranty Documents","Hearty Gold,Thin and Light Laptop,Processing & Multitasking,AMD,Ryzen 5 Hexa Core,16 GB,DDR4,Windows 11 Home"
"ASUS EeeBook 12 Celeron Dual Core - (4 GB/64 GB EMMC Storage/Windows 11 Home) E210MA-GJ012W Thin and Light Laptop  (11.6 Inch, Star Black, 1.05 Kg)","Laptop, Power Adaptor, User Guide, Warranty Documents","Star Black,Thin and Light Laptop,Processing & Multitasking,Intel,Celeron Dual Core,4 GB,DDR4,Windows 11 Home"
"ASUS VivoBook 15 (2021) Core i3 10th Gen - (8 GB/1 TB HDD/Windows 11 Home) X515JA-BQ302W Thin and Light Laptop  (15.6 inch, Transparent Silver, 1.80 kg)","Laptop, Power Adaptor, User Guide, Warranty Documents","Transparent Silver,Thin and Light Laptop,Processing & Multitasking,Intel,Core i3,8 GB,DDR4,Windows 11 Home"
"ASUS EeeBook 12 Celeron Dual Core - (4 GB/64 GB EMMC Storage/Windows 11 Home) E210MA-GJ011W Thin and Light Laptop  (11.6 Inch, Peacock Blue, 1.05 kg)","Laptop, Power Adaptor, User Guide, Warranty Documents","Peacock Blue,Thin and Light Laptop,Processing & Multitasking,Intel,Celeron Dual Core,4 GB,DDR4,Windows 11 Home"
"ASUS EeeBook 14 Pentium Silver - (8 GB/256 GB SSD/Windows 11 Home) E410KA-BV103WS Thin and Light Laptop  (14 Inch, Star Black, 1.30 kg, With MS Office)","Laptop, Power Adaptor, User Guide, Warranty Documents","Star Black,Thin and Light Laptop,Processing & Multitasking,Intel,Pentium Silver,8 GB,DDR4,Windows 11 Home"
"ASUS ZenBook Duo 14 (2021) Touch Panel Core i5 11th Gen - (16 GB/512 GB SSD/Windows 11 Home/2 GB Graphics) UX482EG-KA521WS Thin and Light Laptop  (14 inch, Celestial Blue, 1.62 kg, With MS Office)","Laptop, Power Adaptor, User Guide, Warranty Documents","Celestial Blue,Thin and Light Laptop,Processing & Multitasking,Intel,Core i5,16 GB,LPDDR4X,Windows 11 Home"
"ASUS ROG Strix G15 (2022) Ryzen 7 Octa Core 6800H - (16 GB/1 TB SSD/Windows 11 Home/4 GB Graphics/NVIDIA GeForce RTX 3050) G513RC-HN084WS Gaming Laptop  (15.6 Inch, Volt Green, 2.10 kg, With MS Office)","Laptop, Power Adaptor, Battery, Warranty Documents, User Guide","Volt Green,Gaming Laptop,Gaming,AMD,Ryzen 7 Octa Core,16 GB,DDR5,Windows 11 Home"
"ASUS ROG Strix SCAR 15 (2022) Core i9 12th Gen - (32 GB/1 TB SSD/Windows 11 Home/16 GB Graphics/NVIDIA GeForce RTX 3080 Ti) G533ZX-LN024WS Gaming Laptop  (15.6 inch, Off Black, 2.30 Kg, With MS Office)","Laptop, battery, adapter, cables and user manuals","Off Black,Gaming Laptop,Gaming,Intel,Core i9,32 GB,DDR5,Windows 11 Home"
"ASUS ROG Strix G15 (2022) Ryzen 7 Octa Core - (16 GB/512 GB SSD/Windows 11 Home/4 GB Graphics/NVIDIA GeForce RTX 3050) G513RC-HN063W Gaming Laptop  (15.6 Inch, Electro Punk, 2.10 kg)","Laptop, Power Adaptor, Battery, Warranty Documents, User Guide","Electro Punk,Gaming Laptop,Gaming,AMD,Ryzen 7 Octa Core,16 GB,DDR5,Windows 11 Home"
"Infinix X1 Series Core i7 10th Gen - (16 GB/512 GB SSD/Windows 11 Home/128 MB Graphics) XL12 Thin and Light Laptop  (14 Inch, Aurora Green, 1.48 kg)","Laptop, Power Adaptor, User Guide, Warranty Documents","Aurora Green,Thin and Light Laptop,Everyday Use, Processing & Multitasking,Intel,Core i7,16 GB,LPDDR4X,Windows 11 Home"
"ASUS ROG Strix G15 Ryzen 7 Octa Core 6800H - (16 GB/512 GB SSD/Windows 11 Home/4 GB Graphics/NVIDIA GeForce RTX RTX 3050) G513RC-HN062W Gaming Laptop  (15.6 Inch, Volt Green, 2.10 Kg)","Laptop, Power Adaptor, User Guide, Warranty Documents","Volt Green,Gaming Laptop,Gaming,AMD,Ryzen 7 Octa Core,16 GB,DDR5,Windows 11 Home"
"ASUS ROG Strix G15 Ryzen 7 Octa Core 6800H - (16 GB/1 TB SSD/Windows 11 Home/4 GB Graphics/NVIDIA GeForce RTX RTX 3050) G513RC-HN083W Gaming Laptop  (15.6 Inch, Eclipse Gray, 2.10 Kg)","Laptop, Power Adaptor, User Guide, Warranty Documents","Eclipse Gray,Gaming Laptop,Gaming,AMD,Ryzen 7 Octa Core,16 GB,DDR5,Windows 11 Home"
"Infinix X1 Series Core i7 10th Gen - (16 GB/512 GB SSD/Windows 11 Home/128 MB Graphics) XL12 Thin and Light Laptop  (14 Inch, Noble Red, 1.48 kg)","Laptop, Power Adaptor, User Guide, Warranty Documents","Noble Red,Thin and Light Laptop,Everyday Use, Processing & Multitasking,Intel,Core i7,16 GB,LPDDR4X,Windows 11 Home"
"ASUS ROG Strix SCAR 15 (2022) Core i9 12th Gen - (32 GB/2 TB SSD/Windows 11 Home/16 GB Graphics/NVIDIA GeForce RTX 3070 Ti) G533ZW-LN106WS Gaming Laptop  (15.6 inch, Off Black, 2.30 kg, With MS Office)","Laptop, battery, adapter, cables and user manuals","Off Black,Gaming Laptop,Gaming,Intel,Core i9,32 GB,DDR5,Windows 11 Home"
"ASUS Ryzen 9 Octa Core 5900HX - (16 GB/1 TB SSD/Windows 11 Home/4 GB Graphics) M7400QC-KM053WS Thin and Light Laptop  (14 inch, Black, 1.45 kg, With MS Office)","Laptop, Power Adaptor, User Guide, Warranty Documents","Black,Thin and Light Laptop,Processing & Multitasking,AMD,Ryzen 9 Octa Core,16 GB,DDR4,Windows 11 Home"
"ASUS Ryzen 9 Octa Core 5900HX - (8 GB/1 TB SSD/Windows 11 Home/4 GB Graphics/NVIDIA GeForce RTX 3050 Ti) M7400QE-KM046WS Gaming Laptop  (14 inch, Black, 1.45 kg, With MS Office)","Laptop, Power Adaptor, User Guide, Warranty Documents","Black,Gaming Laptop,Gaming,AMD,Ryzen 9 Octa Core,8 GB,DDR4,Windows 11 Home"
"ASUS Vivobook Pro Ryzen 9 Octa Core 5900HX - (8 GB/1 TB SSD/Windows 10 Home/4 GB Graphics/NVIDIA GeForce RTX 3050/90 Hz) M7400QE-KM046TS Gaming Laptop  (14 Inch, Black, 1.45 kg, With MS Office)","Laptop, Battery, AC Adapter","Black,Gaming Laptop,Processing & Multitasking,AMD,Ryzen 9 Octa Core,8 GB,DDR4,Windows 10 Home"
"ASUS Vivobook Ryzen 9 Octa Core 5900HX - (16 GB/1 TB SSD/Windows 11 Home/4 GB Graphics) M7600QC-L2044WS Laptop  (16 inch, Black, 1.95 kg, With MS Office)","Laptop, Power Adaptor, User Guide, Warranty Documents","Black,Laptop,Processing & Multitasking,AMD,Ryzen 9 Octa Core,16 GB,DDR4,Windows 11 Home"
"ASUS ZenBook Core i5 11th Gen - (16 GB/512 GB SSD/Windows 11 Home) UX325EA-KG511WS Thin and Light Laptop  (13.3 Inch, Lilac Mist, 1.14 Kg, With MS Office)","Laptop, Power Adaptor, User Guide, Warranty Documents","Lilac Mist,Thin and Light Laptop,Processing & Multitasking,Intel,Core i5,16 GB,LPDDR4X,Windows 11 Home"
"ASUS Zenbook 14 Flip Ryzen 9 Octa Core 5900HX - (16 GB/1 TB SSD/Windows 11 Home) UN5401QA-KN901WS Thin and Light Laptop  (14 Inch, Jade Black, 1.40 Kg, With MS Office)","Laptop, Battery, Power Adaptor, User Guide, Warranty Documents","Jade Black,Thin and Light Laptop,Processing & Multitasking,AMD,Ryzen 9 Octa Core,16 GB,LPDDR4X,Windows 11 Home"
"ASUS VivoBook 14 (2022) Core i5 11th Gen - (8 GB/1 TB HDD/256 GB SSD/Windows 11 Home) X415EA-EB572WS Thin and Light Laptop  (14 inch, Transparent Silver, 1.60 kg, With MS Office)","Laptop, Power Adaptor, User Guide, Warranty Documents","Transparent Silver,Thin and Light Laptop,Processing & Multitasking,Intel,Core i5,8 GB,DDR4,Windows 11 Home"
"ASUS ZenBook Core i7 11th Gen - (16 GB/1 TB SSD/Windows 11 Home) UX325EA-KG701WS Thin and Light Laptop  (13.3 Inch, Lilac Mist, 1.14 Kg, With MS Office)","Laptop, Power Adaptor, User Guide, Warranty Documents","Lilac Mist,Thin and Light Laptop,Processing & Multitasking,Intel,Core i7,16 GB,LPDDR4X,Windows 11 Home"
"DELL Vostro Core i3 10th Gen - (8 GB/512 GB SSD/Windows 11 Home) Vostro 3510 Thin and Light Laptop  (15.6 Inch, Black, 1.8 Kgs, With MS Office)","Laptop, battery, adapter, cables and user manuals","Black,Thin and Light Laptop,Everyday Use,Intel,Core i3,8 GB,DDR4,Windows 11 Home"
"ASUS ZenBook Core i5 11th Gen - (8 GB/512 GB SSD/Windows 11 Home) UX325EA-KG502WS Thin and Light Laptop  (13.3 Inch, Pine Grey, 1.14 Kg, With MS Office)","Laptop, Power Adaptor, User Guide, Warranty Documents","Pine Grey,Thin and Light Laptop,Processing & Multitasking,Intel,Core i5,8 GB,LPDDR4X,Windows 11 Home"
"ASUS VivoBook Core i3 11th Gen - (8 GB/256 GB SSD/Windows 11 Home) X415EA-EK342WS Thin and Light Laptop  (14 Inch, Transparent Silver, 1.60 Kg, With MS Office)","Laptop, Power Adaptor, User Guide, Warranty Documents","Transparent Silver,Thin and Light Laptop,Processing & Multitasking,Intel,Core i3,8 GB,DDR4,Windows 11 Home"
"DELL Inspiron Ryzen 3 Dual Core 3250U - (8 GB/1 TB HDD/Windows 10 Home) Inspiron 3515 Thin and Light Laptop  (15.6 inch, Platinum Silver, 1.8 kg kg, With MS Office)","Laptop, Battery, Adapter, Cables and User Manuals","Platinum Silver,Thin and Light Laptop,Everyday Use,AMD,Ryzen 3 Dual Core,8 GB,DDR4,Windows 10 Home"
"HP Pentium Quad Core - (8 GB/256 GB SSD/Windows 11 Home) 14s-dq3033tu Thin and Light Laptop  (14 inch, Jet Black, 1.46 kg, With MS Office)","Laptop, Power Adaptor, User Guide, Warranty Documents","Jet Black,Thin and Light Laptop,Everyday Use, Processing & Multitasking,Intel,Pentium Quad Core,8 GB,DDR4,Windows 11 Home"
"ASUS ZenBook Core i5 11th Gen - (16 GB/512 GB SSD/Windows 11 Home) UX325EA-KG512WS Thin and Light Laptop  (13.3 Inch, Pine Grey, 1.14 Kg, With MS Office)","Laptop, Power Adaptor, User Guide, Warranty Documents","Pine Grey,Thin and Light Laptop,Processing & Multitasking,Intel,Core i5,16 GB,LPDDR4,Windows 11 Home"
"ASUS ZenBook Core i7 11th Gen - (16 GB/512 GB SSD/Windows 11 Home) UX325EA-KG722WS Thin and Light Laptop  (13.3 Inch, Pine Grey, 1.14 Kg, With MS Office)","Laptop, Power Adaptor, User Guide, Warranty Documents","Pine Grey,Thin and Light Laptop,Processing & Multitasking,Intel,Core i7,16 GB,LPDDR4X,Windows 11 Home"
"ASUS Zenbook 14 Flip Ryzen 7 Octa Core 5800H - (16 GB/1 TB SSD/Windows 11 Home) UN5401QA-KN701WS Thin and Light Laptop  (14 Inch, Jade Black, 1.40 Kg, With MS Office)","Laptop, Battery, Power Adaptor, User Guide, Warranty Documents","Jade Black,Thin and Light Laptop,Processing & Multitasking,AMD,Ryzen 7 Octa Core,16 GB,LPDDR4X,Windows 11 Home"
"DELL Vostro Core i3 11th Gen - (8 GB/256 GB SSD/Windows 10 Home) Vostro 3400 Thin and Light Laptop  (14 Inch, Dune, 1.59 Kgs, With MS Office)","Laptop, battery, adapter, cables and user manuals","Dune,Thin and Light Laptop,Everyday Use,Intel,Core i3,8 GB,DDR4,Windows 10 Home"
"HP Ryzen 5 Hexa Core - (8 GB/512 GB SSD/Windows 10 Home/4 GB Graphics/NVIDIA GeForce GTX Nvidia) Victus 16-e0075AX Gaming Laptop  (16.1 inch, Black, With MS Office)","Laptop, Adapter","Black,Gaming Laptop,Gaming,AMD,Ryzen 5 Hexa Core,8 GB,DDR4,Windows 10 Home"
"acer Extensa 15 Pentium Quad Core - (4 GB/1 TB HDD/Windows 11 Home) EX215-31 Laptop  (15.6 inch, Black, 1.9 kg)","Laptop, Power Adaptor, User Guide, Warranty Documents","Black,Laptop,Entertainment, Everyday Use, Performance, Processing & Multitasking, Travel & Business,Intel,Pentium Quad Core,4 GB,DDR4,Windows 11 Home"
"acer Extensa 15 Core i3 11th Gen - (4 GB/256 GB SSD/Windows 11 Home) EX215-54 Thin and Light Laptop  (15.6 inch, Charcoal Black, 1.7 kg)","Laptop, Power Adaptor, User Guide, Warranty Documents","Charcoal Black,Thin and Light Laptop,Entertainment, Everyday Use, Performance, Processing & Multitasking, Travel & Business,Intel,Core i3,4 GB,DDR4,Windows 11 Home"
"acer Aspire 3 Core i3 11th Gen - (8 GB/512 GB SSD/Windows 11 Home) A315-58 Notebook  (15.6 Inch, Pure Silver, 1.7 Kg, With MS Office)","Laptop, Power Adaptor, User Guide, Warranty Documents","Pure Silver,Notebook,Entertainment, Everyday Use, Gaming, Performance, Processing & Multitasking, Travel & Business,Intel,Core i3,8 GB,DDR4,Windows 11 Home"
"HP Core i5 11th Gen - (8 GB/512 GB SSD/Windows 10 Home/4 GB Graphics) Victus 16-d0003TX Laptop  (16.1 inch, Black, Blue)","Laptop, Adapter","Black, Blue,Laptop,Gaming,Intel,Core i5,8 GB,DDR4,Windows 10 Home"
"acer Aspire 3 Core i5 11th Gen - (8 GB/1 TB HDD/Windows 11 Home) A315-58 Notebook  (15.6 Inch, Pure Silver, 1.7 Kg)","Laptop, Power Adaptor, User Guide, Warranty Documents","Pure Silver,Notebook,Entertainment, Everyday Use, Gaming, Performance, Processing & Multitasking, Travel & Business,Intel,Core i5,8 GB,DDR4,Windows 11 Home"
"acer Aspire 3 Dual Core 3020e - (4 GB/256 GB SSD/Windows 11 Home) A314-22 Laptop  (14 Inch, Charcoal Black, 1.9 kg)","Laptop, Power Adaptor, User Guide, Warranty Documents","Charcoal Black,Laptop,Entertainment, Everyday Use, Performance, Processing & Multitasking, Travel & Business,AMD,Dual Core,4 GB,DDR4,Windows 11 Home"
"Lenovo IdeaPad Core i5 11th Gen - (16 GB/512 GB SSD/Windows 11 Home) IdeaPad 5 15ITL05 Thin and Light Laptop  (15.6 Inch, Graphite Grey, 1.66 Kg, With MS Office)","Laptop, Power Adaptor, User Guide, Warranty Documents","Graphite Grey,Thin and Light Laptop,Processing & Multitasking,Intel,Core i5,16 GB,DDR4,Windows 11 Home"
"Lenovo IdeaPad Core i3 11th Gen - (8 GB/512 GB SSD/Windows 11 Home) 15ITL05 Thin and Light Laptop  (15.6 Inch, Platinum Grey, 1.7 Kg, With MS Office)","Laptop, Power Adaptor, User Guide, Warranty Documents","Platinum Grey,Thin and Light Laptop,Processing & Multitasking,Intel,Core i3,8 GB,DDR4,Windows 11 Home"
"Lenovo IdeaPad Core i5 10th Gen - (8 GB/512 GB SSD/Windows 11 Home) 15IML05 Thin and Light Laptop  (15.6 Inch, Platinum Grey, 1.7 kg kg, With MS Office)","Laptop, Power Adaptor, User Guide, Warranty Documents","Platinum Grey,Thin and Light Laptop,Processing & Multitasking,Intel,Core i5,8 GB,DDR4,Windows 11 Home"
"Lenovo IdeaPad Core i5 11th Gen - (8 GB/512 GB SSD/Windows 11 Home) 14ITL6 Thin and Light Laptop  (14 Inch, Arctic Grey, Dual Array Microphone kg, With MS Office)","Laptop, Power Adaptor, User Guide, Warranty Documents","Arctic Grey,Thin and Light Laptop,Processing & Multitasking,Intel,Core i5,8 GB,DDR4,Windows 11 Home"
"ASUS Vivobook Ultra K14 Core i3 11th Gen - (8 GB/512 GB SSD/Windows 11 Home) K14 Thin and Light Laptop  (14.1 inch, Transparent Silver, 1.4 kg, With MS Office)","Laptop, Adaptor & Manual","Transparent Silver,Thin and Light Laptop,Travel & Business, Processing & Multitasking, Performance, Everyday Use, Entertainment,Intel,Core i3,8 GB,DDR4,Windows 11 Home"
"ASUS Vivobook 15 Celeron Dual Core - (4 GB/1 TB HDD/Windows 11 Home) X515MA-BR001WX515MA Laptop  (15.6 inch, Transparent Silver, 1.8 kg)","Laptop, Adaptor & Manual","Transparent Silver,Laptop,Everyday Use,Intel,Celeron Dual Core,4 GB,DDR4,Windows 11 Home"
"Lenovo Ideapad 5 Ryzen 7 Octa Core 5800U - (16 GB/1 TB SSD/Windows 11 Home) IdeaPad 5 Pro 14ACN6 Thin and Light Laptop  (14 inch, Storm Grey, 1.38 kg, With MS Office)","Laptop, Battery, Adapter, Cables and User Manuals","Storm Grey,Thin and Light Laptop,Processing & Multitasking,AMD,Ryzen 7 Octa Core,16 GB,DDR4,Windows 11 Home"
"Lenovo IdeaPad 5 14ITL05 Core i5 11th Gen - (8 GB/512 GB SSD/Windows 10 Home) 14ITL05 Laptop  (14 inch, Graphite Grey, With MS Office)","LAPTOP, ADAPTER, USER MANUAL","Graphite Grey,Laptop,Performance, Entertainment, Everyday Use, Processing & Multitasking, Travel & Business,Intel,Core i5,8 GB,DDR4,Windows 10 Home"
"MSI Katana GF66 Core i5 11th Gen - (8 GB/512 GB SSD/Windows 10 Home/4 GB Graphics/NVIDIA GeForce RTX 3050/144 Hz) Katana GF66 11UC-478IN Gaming Laptop  (15.6 inches, Black, 2.25 kg)","Laptop, Battery, Power Adapter, User Guide","Black,Gaming Laptop,Processing & Multitasking, Gaming,Intel,Core i5,8 GB,DDR4,Windows 10 Home"
"MSI Modern 14 Ryzen 5 Hexa Core Ryzen 5 5500U 5th Gen - (8 GB/256 GB SSD/Windows 10 Home) Modern 14 B5M Thin and Light Laptop  (14 inch, Carbon Gray, 1.3 kg)","Laptop, Manual, Adapter","Carbon Gray,Thin and Light Laptop,Processing & Multitasking, Travel & Business,AMD,Ryzen 5 Hexa Core,8 GB,DDR4,Windows 10 Home"
"HP Core i3 11th Gen - (8 GB/256 GB SSD/Windows 11 Home) 15s-fq2626TU Thin and Light Laptop  (15.6 inch, Jet Black, 1.69 kg, With MS Office)","Laptop, Power Adaptor, User Guide, Warranty Documents","Jet Black,Thin and Light Laptop,Everyday Use, Processing & Multitasking,Intel,Core i3,8 GB,DDR4,Windows 11 Home"
"DELL Ryzen 7 Octa Core 5800H - (16 GB/512 GB SSD/Windows 11 Home/6 GB Graphics/NVIDIA GeForce RTX 3060/165 Hz) G15-5515 Gaming Laptop  (15.6 inch, Phantom Grey with speckles, 2.57 Kg, With MS Office)","Laptop, Battery, Adapter, Cables and User Manuals","Phantom Grey with speckles,Gaming Laptop,Gaming,AMD,Ryzen 7 Octa Core,16 GB,DDR4,Windows 11 Home"
"DELL Core i5 11th Gen - (16 GB/512 GB SSD/Windows 11 Home/4 GB Graphics/NVIDIA GeForce RTX 3050 Ti/120 Hz) G15-5511 Gaming Laptop  (15.6 inch, Dark Shadow Grey, 2.65 Kg, With MS Office)","Laptop, Battery, Adapter, Cables and User Manuals","Dark Shadow Grey,Gaming Laptop,Gaming,Intel,Core i5,16 GB,DDR4,Windows 11 Home"
"DELL Core i7 11th Gen - (16 GB/512 GB SSD/Windows 11 Home/4 GB Graphics/NVIDIA GeForce RTX 3050 Ti) G15-5511 Gaming Laptop  (15.6 inch, Dark Shadow Grey, 2.65 Kg, With MS Office)","Laptop, Battery, Adapter, Cables and User Manuals","Dark Shadow Grey,Gaming Laptop,Gaming,Intel,Core i7,16 GB,DDR4,Windows 11 Home"
"MSI Katana GF66 Core i7 11th Gen - (16 GB/512 GB SSD/Windows 10 Home/4 GB Graphics/NVIDIA GeForce RTX 3050Ti/144 Hz) GF66 11UD- 476IN Gaming Laptop  (15.6 inches, Black, 2.25 kg)","Laptop, Battery, Power Adapter, User Guide","Black,Gaming Laptop,Processing & Multitasking, Gaming,Intel,Core i7,16 GB,DDR4,Windows 10 Home"
"DELL Core i7 11th Gen - (16 GB/512 GB SSD/Windows 11 Home/4 GB Graphics/NVIDIA GeForce RTX 3050Ti) G15-5511 Gaming Laptop  (15.6 inch, Dark Shadow Grey, 2.4 kg, With MS Office)","Laptop, battery, adapter, cables and user manuals","Dark Shadow Grey,Gaming Laptop,Gaming,Intel,Core i7,16 GB,DDR4,Windows 11 Home"
"MSI Modern 15 Ryzen 7 Octa Core Ryzen 7 5700U 5th Gen - (8 GB/512 GB SSD/Windows 11 Home) Modern 15 A5M Thin and Light Laptop  (15.6 inch, Carbon Gray, 1.6 kg)","Laptop, battery, power adapter, user guide, backlit keyboard","Carbon Gray,Thin and Light Laptop,Processing & Multitasking,AMD,Ryzen 7 Octa Core,8 GB,DDR4,Windows 11 Home"
"HP 15s Core i3 11th Gen - (8 GB/512 GB SSD/Windows 11 Home) FR2508TU Thin and Light Laptop  (15.6 inch, Silver, With MS Office)","Laptop, Power Adaptor, User Guide, Warranty Documents","Silver,Thin and Light Laptop,Everyday Use,Intel,Core i3,8 GB,DDR4,Windows 11 Home"
"HP Core i5 11th Gen - (8 GB/512 GB SSD/Windows 11 Home) 15s-fq4022TU Thin and Light Laptop  (15.6 Inch, Jet Black, 1.69 Kg, With MS Office)","Laptop, Power Adapter, User Guide, Warranty Documents","Jet Black,Thin and Light Laptop,Processing & Multitasking,Intel,Core i5,8 GB,DDR4,Windows 11 Home"
"HP Core i5 11th Gen - (8 GB/512 GB SSD/Windows 11 Home) FQ4022TU Thin and Light Laptop  (15.6 inch, Black, With MS Office)","Laptop, Power Adaptor, User Guide, Warranty Documents","Black,Thin and Light Laptop,Performance,Intel,Core i5,8 GB,DDR4,Windows 11 Home"
"acer Aspire 5 Core i5 11th Gen - (8 GB/1 TB HDD/Windows 11 Home) A515-56 Notebook  (15.6 Inch, Pure Silver, 1.65 Kg, With MS Office)","Laptop, Power Adaptor, User Guide, Warranty Documents","Pure Silver,Notebook,Processing & Multitasking,Intel,Core i5,8 GB,DDR4,Windows 11 Home"
"acer Aspire 3 Ryzen 3 Dual Core 3250U - (8 GB/512 GB SSD/Windows 11 Home) A315-23 Laptop  (15.6 inch, Pure Silver, 1.9 kg)","Laptop, Power Adaptor, User Guide, Warranty Documents","Pure Silver,Laptop,Entertainment, Everyday Use, Performance, Processing & Multitasking, Travel & Business,AMD,Ryzen 3 Dual Core,8 GB,DDR4,Windows 11 Home"
"HP Core i3 11th Gen - (8 GB/512 GB SSD/Windows 11 Home) 15s-FR2508TU Laptop  (15.6 Inch, Natural Silver, 1.69 Kg, With MS Office)","Laptop, Power Adaptor, User Guide, Warranty Documents","Natural Silver,Laptop,Processing & Multitasking,Intel,Core i3,8 GB,DDR4,Windows 11 Home"
"acer Aspire 3 Ryzen 3 Dual Core R33250U - (4 GB/512 GB SSD/Windows 11 Home) A315-23 Notebook  (15.6 Inch, Pure Silver, 1.9 kg)","Laptop, Power Adaptor, User Guide, Warranty Documents","Pure Silver,Notebook,Processing & Multitasking,AMD,Ryzen 3 Dual Core,4 GB,DDR4,Windows 11 Home"
"ASUS VivoBook Ultra 14 (2022) Core i3 11th Gen - (8 GB/512 GB SSD/Windows 11 Home) X413EA-EB321WS Thin and Light Laptop  (14 inch, Cobalt Blue, 1.40 kg, With MS Office)","Laptop, battery, adapter, cables and user manuals","Cobalt Blue,Thin and Light Laptop,Processing & Multitasking,Intel,Core i3,8 GB,DDR4,Windows 11 Home"
"ASUS Core i5 11th Gen - (16 GB/512 GB SSD/Windows 11 Home) UX363EA-HP562WS Thin and Light Laptop  (13.3 Inch, Pine Grey, 1.30 Kg, With MS Office)","Laptop, Power Adaptor, User Guide, Warranty Documents","Pine Grey,Thin and Light Laptop,Processing & Multitasking,Intel,Core i5,16 GB,LPDDR4X,Windows 11 Home"
"Lenovo Core i3 10th Gen - (8 GB/1 TB HDD/Windows 11 Home) Ideapad 3 15IML05 Laptop  (15.6 inch, Platinum Grey, With MS Office)","Laptop, Power Adaptor, User Guide, Warranty Documents","Platinum Grey,Laptop,Everyday Use,Intel,Core i3,8 GB,DDR4,Windows 11 Home"
"ASUS Zenbook 14 Flip Ryzen 5 Hexa Core 5600H - (16 GB/512 GB SSD/Windows 11 Home) UN5401QA-KN511WS Thin and Light Laptop  (14 Inch, Jade Black, 1.40 Kg, With MS Office)","Laptop, Battery, Power Adaptor, User Guide, Warranty Documents","Jade Black,Thin and Light Laptop,Processing & Multitasking,AMD,Ryzen 5 Hexa Core,16 GB,LPDDR4X,Windows 11 Home"
"ASUS VivoBook Ultra 14 (2021) Core i3 11th Gen - (8 GB/512 GB SSD/Windows 11 Home) X413EA-EB323WS Thin and Light Laptop  (14 inch, Dreamy White, 1.40 kg, With MS Office)","Laptop, battery, adapter, cables and user manuals","Dreamy White,Thin and Light Laptop,Processing & Multitasking,Intel,Core i3,8 GB,DDR4,Windows 11 Home"
"ASUS ASUS Vivobook 13 Slate OLED Pentium Quad Core - (4 GB/128 GB EMMC Storage/Windows 11 Home) T3300KA-LQ122WS 2 in 1 Laptop  (13.3 inch, Black, 0.78 kg, With MS Office)","Laptop, Power Adaptor, User Guide, Warranty Documents","Black,2 in 1 Laptop,Processing & Multitasking,Intel,Pentium Quad Core,4 GB,LPDDR4X,Windows 11 Home"
"ASUS ASUS Vivobook 13 Slate OLED Pentium Quad Core - (8 GB/256 GB SSD/Windows 11 Home) T3300KA-LQ111WS 2 in 1 Laptop  (13.3 Inch, Black, 0.78 kg, With MS Office)","Laptop, Power Adaptor, Sleeve, Stand, Stylus, Stylus holder, User Guide, Warranty Documents","Black,2 in 1 Laptop,Processing & Multitasking,Intel,Pentium Quad Core,8 GB,LPDDR4X,Windows 11 Home"
"ASUS Core i7 11th Gen - (16 GB/512 GB SSD/Windows 11 Home) UX363EA-HP702WS Thin and Light Laptop  (13.3 Inch, Pine Grey, 1.30 Kg, With MS Office)","Laptop, Power Adaptor, User Guide, Warranty Documents","Pine Grey,Thin and Light Laptop,Processing & Multitasking,Intel,Core i7,16 GB,LPDDR4X,Windows 11 Home"
"ASUS ZenBook Duo 14 (2021) Touch Panel Core i7 11th Gen - (16 GB/1 TB SSD/Windows 11 Home/2 GB Graphics) UX482EGR-KA711WS Thin and Light Laptop  (14 inch, Celestial Blue, 1.62 kg, With MS Office)","Laptop, Power Adaptor, User Guide, Warranty Documents","Celestial Blue,Thin and Light Laptop,Processing & Multitasking,Intel,Core i7,16 GB,LPDDR4X,Windows 11 Home"
"ASUS ZenBook Duo 14 (2021) Touch Panel Core i5 11th Gen - (8 GB/512 GB SSD/Windows 11 Home) UX482EA-KA501WS Thin and Light Laptop  (14 inch, Celestial Blue, 1.62 kg, With MS Office)","Laptop, Power Adaptor, User Guide, Warranty Documents","Celestial Blue,Thin and Light Laptop,Processing & Multitasking,Intel,Core i5,8 GB,LPDDR4X,Windows 11 Home"
"ASUS VivoBook Ultra 14 (2022) Core i3 11th Gen - (8 GB/512 GB SSD/Windows 11 Home) X413EA-EB321WS Thin and Light Laptop  (14 inch, Cobalt Blue, 1.40 kg, With MS Office)","Laptop, battery, adapter, cables and user manuals","Cobalt Blue,Thin and Light Laptop,Processing & Multitasking,Intel,Core i3,8 GB,DDR4,Windows 11 Home"
"ASUS Core i5 11th Gen - (16 GB/512 GB SSD/Windows 11 Home) UX363EA-HP562WS Thin and Light Laptop  (13.3 Inch, Pine Grey, 1.30 Kg, With MS Office)","Laptop, Power Adaptor, User Guide, Warranty Documents","Pine Grey,Thin and Light Laptop,Processing & Multitasking,Intel,Core i5,16 GB,LPDDR4X,Windows 11 Home"
"ASUS VivoBook Ultra 14 (2022) Core i3 11th Gen - (8 GB/512 GB SSD/Windows 11 Home) X413EA-EB322WS Thin and Light Laptop  (14 inch, Bespoke Black, 1.40 kg, With MS Office)","Laptop, battery, adapter, cables and user manuals","Bespoke Black,Thin and Light Laptop,Processing & Multitasking,Intel,Core i3,8 GB,DDR4,Windows 11 Home"
"ASUS VivoBook 14 Pentium Silver - (4 GB/256 GB SSD/Windows 11 Home) X415KA-EK111WS Thin and Light Laptop  (14 Inch, Transparent Silver, 1.50 Kg, With MS Office)","Laptop, Power Adaptor, User Guide, Warranty Documents","Transparent Silver,Thin and Light Laptop,Processing & Multitasking,Intel,Pentium Silver,4 GB,DDR4,Windows 11 Home"
"ASUS ZenBook Duo 14 (2021) Touch Panel Core i5 11th Gen - (16 GB/512 GB SSD/Windows 11 Home/2 GB Graphics) UX482EGR-KA521WS Thin and Light Laptop  (14 inch, Celestial Blue, 1.62 kg, With MS Office)","Laptop, Power Adaptor, User Guide, Warranty Documents","Celestial Blue,Thin and Light Laptop,Processing & Multitasking,Intel,Core i5,16 GB,LPDDR4X,Windows 11 Home"
"ASUS ZenBook Duo 14 (2021) Touch Panel Core i5 11th Gen - (8 GB/512 GB SSD/Windows 11 Home) UX482EAR-KA501WS Thin and Light Laptop  (14 inch, Celestial Blue, 1.62 kg, With MS Office)","Laptop, Power Adaptor, User Guide, Warranty Documents","Celestial Blue,Thin and Light Laptop,Processing & Multitasking,Intel,Core i5,8 GB,LPDDR4X,Windows 11 Home"
"DELL Inspiron Core i5 11th Gen - (16 GB/512 GB SSD/Windows 11 Home/2 GB Graphics) Inspiron 3511 Thin and Light Laptop  (15.6 inch, Platinum Silver, 1.8 kg, With MS Office)","Laptop, Battery, Adapter, Cables and User Manuals","Platinum Silver,Thin and Light Laptop,Everyday Use,Intel,Core i5,16 GB,DDR4,Windows 11 Home"
"DELL Core i5 10th Gen - (16 GB/512 GB SSD/Windows 11 Home/4 GB Graphics) 5510 D560638WIN9B Laptop  (15.6 inch, Dark Shadow Grey, With MS Office)","User Manual, Laptop, Charger, Adapter, Warranty Card","Dark Shadow Grey,Laptop,Processing & Multitasking,Intel,Core i5,16 GB,DDR4,Windows 11 Home"
"Lenovo Core i5 11th Gen - (16 GB/512 GB SSD/Windows 11 Home) 14ITL6 Laptop  (14 inch, Storm Grey, With MS Office)","Laptop, Power Adaptor, User Guide, Warranty Documents","Storm Grey,Laptop,Processing & Multitasking,Intel,Core i5,16 GB,DDR4,Windows 11 Home"
"HP Ryzen 5 Hexa Core - (8 GB/512 GB SSD/Windows 11 Home) EQ2144AU Laptop  (15.6 inch, Natural Silver, With MS Office)","LAPTOP, ADAPTER, POWER CORD, USER MAUAL","Natural Silver,Laptop,Everyday Use,AMD,Ryzen 5 Hexa Core,8 GB,DDR4,Windows 11 Home"
"HP Ryzen 5 Hexa Core 5500U - (8 GB/512 GB SSD/Windows 11 Home) 15s- eq2144au Thin and Light Laptop  (15.6 inch, Natural Silver, 1.69 kg, With MS Office)","Laptop, Power Adaptor, User Guide, Warranty Documents","Natural Silver,Thin and Light Laptop,Everyday Use, Processing & Multitasking,AMD,Ryzen 5 Hexa Core,8 GB,DDR4,Windows 11 Home"
"HP Core i3 11th Gen - (8 GB/512 GB SSD/Windows 11 Home) 15s-fq2629TU Thin and Light Laptop  (15.6 inch, Natural Silver, 1.69 KG, With MS Office)","Laptop, Power Adaptor, User Guide, Warranty Documents","Natural Silver,Thin and Light Laptop,Everyday Use, Processing & Multitasking,Intel,Core i3,8 GB,DDR4,Windows 11 Home"
"Lenovo Core i5 11th Gen - (8 GB/512 GB SSD/Windows 11 Home) 15ITL6 Laptop  (15.6 inch, Arctic Grey, With MS Office)","Laptop, Power Adaptor, User Guide, Warranty Documents","Arctic Grey,Laptop,Processing & Multitasking,Intel,Core i5,8 GB,DDR4,Windows 11 Home"
"ASUS Ryzen 7 Octa Core 5800HS - (16 GB/512 GB SSD/Windows 10 Home/4 GB Graphics) GA401QH-HZ080TS Thin and Light Laptop  (14 inch, Moonlight White, 1.60 Kg, With MS Office)","Laptop, Power Adaptor, User Guide, Warranty Documents","Moonlight White,Thin and Light Laptop,Processing & Multitasking,AMD,Ryzen 7 Octa Core,16 GB,DDR4,Windows 10 Home"
"ASUS Ryzen 7 Octa Core 5800HS - (16 GB/512 GB SSD/Windows 10 Home/NVIDIA GeForce GTX 1650/144 HZ) GA401QH-HZ079TS Gaming Laptop  (14 inch, Eclipse Gray, 1.60 Kg, With MS Office)","Laptop, Power Adaptor, User Guide, Warranty Documents","Eclipse Gray,Gaming Laptop,Processing & Multitasking,AMD,Ryzen 7 Octa Core,16 GB,DDR4,Windows 10 Home"
"ASUS VivoBook Pro 14 OLED (2022) Core i5 11th Gen - (16 GB/512 GB SSD/Windows 11 Home/Intel Integrated Iris Xe) K3400PA-KM502WS Gaming Laptop  (14 inch, Cool Silver, 1.40 kg, With MS Office)","Laptop, Power Adaptor, User Guide, Warranty Documents","Cool Silver,Gaming Laptop,Processing & Multitasking,Intel,Core i5,16 GB,DDR4,Windows 11 Home"
"ASUS ExpertBook Core i3 10th Gen - (8 GB/1 TB HDD/256 GB SSD/Windows 10 Pro) P1545FA Business Laptop  (15.6 inch, Slate Grey, 1.80 kg)","Laptop, Power Adaptor, User Guide, Warranty Documents","Slate Grey,Business Laptop,Processing & Multitasking,Intel,Core i3,8 GB,DDR4,Windows 10 Pro"
"acer Swift X Ryzen 7 Octa Core 5800U - (16 GB/1 TB SSD/Windows 11 Home/4 GB Graphics) SFX14-41G Thin and Light Laptop  (14 inch, Safari Gold, 1.39 kg, With MS Office)","Laptop, Power Adaptor, User Guide, Warranty Documents","Safari Gold,Thin and Light Laptop,Everyday Use, Processing & Multitasking,AMD,Ryzen 7 Octa Core,16 GB,DDR4,Windows 11 Home"
"acer Intel EVO Swift 5 Core i5 11th Gen - (8 GB/512 GB SSD/Windows 11 Home) SF514-55TA Thin and Light Laptop  (14 Inch, Mist Green, 1.05 Kg, With MS Office)","Laptop, Power Adaptor, User Guide, Warranty Documents","Mist Green,Thin and Light Laptop,Processing & Multitasking,Intel,Core i5,8 GB,DDR4,Windows 11 Home"
"Lenovo IdeaPad 3 15IML05 Core i3 10th Gen - (8 GB/Windows 11 Home) IdeaPad 3 15IML05 Thin and Light Laptop  (15.6 Inch, Platinum Grey, 1.7 kg, With MS Office)","Laptop, Power Adaptor, User Guide, Warranty Documents","Platinum Grey,Thin and Light Laptop,Processing & Multitasking,Intel,Core i3,8 GB,DDR4,Windows 11 Home"
"DELL Inspiron Core i5 11th Gen - (8 GB/512 GB SSD/Windows 11 Home/2 GB Graphics) 5502 Thin and Light Laptop  (15.6 inch, Silver)","Laptop, Power Adaptor, User Guide, Warranty Documents","Silver,Thin and Light Laptop,Processing & Multitasking,Intel,Core i5,8 GB,DDR4,Windows 11 Home"
"acer Predator Helios 300 Core i9 11th Gen - (16 GB/1 TB SSD/Windows 11 Home/6 GB Graphics/NVIDIA GeForce RTX RTX 3060/300 Hz) PH315-54 Gaming Laptop  (15.6 inch, Abyssal Black, 2.3 Kg)","Laptop, Power Adaptor, User Guide, Warranty Documents","Abyssal Black,Gaming Laptop,Gaming,Intel,Core i9,16 GB,DDR4,Windows 11 Home"
"acer Predator Helios 300 Core i9 11th Gen - (32 GB/1 TB SSD/Windows 11 Home/8 GB Graphics/NVIDIA GeForce RTX 3070/300 Hz) PH315-54 Gaming Laptop  (15.6 inch, Abyssal Black, 2.3 Kg)","Laptop, Power Adaptor, User Guide, Warranty Documents","Abyssal Black,Gaming Laptop,Gaming,Intel,Core i9,32 GB,DDR4,Windows 11 Home"
"DELL Inspiron 3510 Pentium Quad Core 11th Gen - (4 GB/256 GB SSD/Windows 11 Home) 3510 Laptop  (15.6 inch, Black, 1.83 kg, With MS Office)","LAPTOP, ADAPTER AND MANUAL","Black,Laptop,Everyday Use,Intel,Pentium Quad Core,4 GB,DDR4,Windows 11 Home"
"Lenovo IdeaPad Core i3 10th Gen - (4 GB/256 GB SSD/Windows 11 Home) 14IIL05 Laptop  (14 inch, Abyss Blue, With MS Office)","Laptop, Power Adaptor, User Guide, Warranty Documents","Abyss Blue,Laptop,Processing & Multitasking,Intel,Core i3,4 GB,DDR4,Windows 11 Home"
"DELL Inspiron 3511 Core i3 11th Gen - (16 GB/1 TB HDD/256 GB SSD/Windows 11 Home) 3511 Laptop  (15.6 inch, Black, 1.83 kg, With MS Office)","LAPTOP, ADAPTER AND MANUAL","Black,Laptop,Everyday Use,Intel,Core i3,16 GB,DDR4,Windows 11 Home"
"ASUS Core i3 11th Gen - (8 GB/256 GB SSD/Windows 11 Home) X515EA-BQ312WS Laptop  (15.6 inch, Silver, With MS Office)","laptop, manual, adaptor","Silver,Laptop,Entertainment,Intel,Core i3,8 GB,DDR4,Windows 11 Home"
"ASUS ASUS TUF Gaming A17 Ryzen 7 Octa Core 4800H - (16 GB/512 GB SSD/Windows 10 Home/4 GB Graphics/NVIDIA GeForce RTX 3050) FA706IC-HX003T Gaming Laptop  (17.3 inch, Graphite Black, 2.60 kg)","Laptop, Power Adaptor, Battery, Warranty Documents, User Guide","Graphite Black,Gaming Laptop,Gaming,AMD,Ryzen 7 Octa Core,16 GB,DDR4,Windows 10 Home"
"HP Core i5 11th Gen - (8 GB/512 GB SSD/Windows 11 Home) 15s- fq4021TU Thin and Light Laptop  (15.6 Inch, Natural Silver, 1.69 Kg, With MS Office)","Laptop, Power Adaptor, User Guide, Warranty Documents","Natural Silver,Thin and Light Laptop,Processing & Multitasking,Intel,Core i5,8 GB,DDR4,Windows 11 Home"
"HP Celeron Dual Core - (8 GB/256 GB SSD/Windows 11 Home) 14s- dq3032tu Thin and Light Laptop  (14 Inch, Jet Black, 1.46 kg, With MS Office)","Laptop, Power Adaptor, User Guide, Warranty Documents","Jet Black,Thin and Light Laptop,Processing & Multitasking,Intel,Celeron Dual Core,8 GB,DDR4,Windows 11 Home"
"HP Ryzen 3 Quad Core 5300U - (8 GB/512 GB SSD/Windows 11 Home) 14s-fq1089au Thin and Light Laptop  (14 Inch, Natural Silver, 1.46 Kg kg, With MS Office)","Laptop, Power Adapter, User Guide, Warranty Documents","Natural Silver,Thin and Light Laptop,Processing & Multitasking,AMD,Ryzen 3 Quad Core,8 GB,DDR4,Windows 11 Home"
"DELL Vostro Core i5 11th Gen - (8 GB/512 GB SSD/Windows 11 Home/2 GB Graphics) Vostro 3400 Thin and Light Laptop  (14 inch, Dune, 1.59 Kg, With MS Office)","Laptop, Battery, Adapter, Cables and User Manuals","Dune,Thin and Light Laptop,Everyday Use, Processing & Multitasking,Intel,Core i5,8 GB,DDR4,Windows 11 Home"
"DELL Inspiron Ryzen 5 Quad Core 3450U - (8 GB/256 GB SSD/Windows 11 Home) Inspiron 3515 Thin and Light Laptop  (15.6 inch, Carbon Black, 1.8 kg, With MS Office)","Laptop, battery, adapter, cables and user manuals","Carbon Black,Thin and Light Laptop,Everyday Use,AMD,Ryzen 5 Quad Core,8 GB,DDR4,Windows 11 Home"
"DELL Inspiron Core i5 11th Gen - (16 GB/512 GB SSD/Windows 11 Home) Inspiron 5418 Thin and Light Laptop  (14 inch, Platinum Silver, 1.46 Kg, With MS Office)","Laptop, Battery, Adapter, Cables and User Manual","Platinum Silver,Thin and Light Laptop,Processing & Multitasking,Intel,Core i5,16 GB,DDR4,Windows 11 Home"
"MSI Core i7 12th Gen - (16 GB/1 TB SSD/Windows 11 Home/6 GB Graphics/NVIDIA GeForce RTX 3060) Pulse GL66 12UEK-046IN Gaming Laptop  (15.6 inch, Gray, 2.25 kg)","Laptop, battery, power adapter, user guide, Laptop Bag","Gray,Gaming Laptop,Gaming, Processing & Multitasking,Intel,Core i7,16 GB,DDR4,Windows 11 Home"
"ASUS Zenbook Core i5 11th Gen - (8 GB/512 GB SSD/Windows 11 Home) UX363EA-HP502WS Thin and Light Laptop  (13.3 Inch, Pine Grey, 1.30 kg, With MS Office)","Laptop, Battery, Power Adaptor, User Guide, Warranty Documents","Pine Grey,Thin and Light Laptop,Processing & Multitasking,Intel,Core i5,8 GB,LPDDR4X,Windows 11 Home"
"DELL Vostro Core i3 11th Gen - (4 GB/1 TB HDD/256 GB SSD/Windows 11 Home) Vostro 3400 Thin and Light Laptop  (14 inch, Dune, 1.59 Kg, With MS Office)","Laptop, Battery, Adapter, Cables and User Manuals","Dune,Thin and Light Laptop,Everyday Use, Processing & Multitasking,Intel,Core i3,4 GB,DDR4,Windows 11 Home"
"MSI Stealth GS66 Core i7 12th Gen - (32 GB/1 TB SSD/Windows 11 Home/8 GB Graphics/NVIDIA GeForce RTX 3070 Ti) stealth gs66 12ugs-038in Gaming Laptop  (15.6 Inch, Black, 2.1 Kg)","Laptop, battery, power adapter, user guide, Laptop Bag","Black,Gaming Laptop,Processing & Multitasking,Intel,Core i7,32 GB,DDR5,Windows 11 Home"
"DELL Vostro Core i5 11th Gen - (16 GB/512 GB SSD/Windows 11 Home/2 GB Graphics) Vostro 3400 Thin and Light Laptop  (14 inch, Dune, 1.59 Kg, With MS Office)","Laptop, Battery, Adapter, Cables and User Manuals","Dune,Thin and Light Laptop,Everyday Use, Processing & Multitasking,Intel,Core i5,16 GB,DDR4,Windows 11 Home"
"DELL Inspiron Core i5 11th Gen - (8 GB/1 TB HDD/256 GB SSD/Windows 11 Home) INSPIRON 3511 Thin and Light Laptop  (15.6 inch, Carbon Black, 1.8 kg, With MS Office)","Laptop, Battery, Adapter, Cables and User Manuals","Carbon Black,Thin and Light Laptop,Everyday Use,Intel,Core i5,8 GB,DDR4,Windows 11 Home"
"DELL Inspiron Core i3 10th Gen - (8 GB/256 GB SSD/Windows 11 Home) Inspiron 3511 Thin and Light Laptop  (14.96 cm, Carbon Black, 1.8 kg, With MS Office)","Laptop, battery, adapter, cables and user manuals","Carbon Black,Thin and Light Laptop,Everyday Use,Intel,Core i3,8 GB,DDR4,Windows 11 Home"
"DELL Vostro Core i3 11th Gen - (8 GB/256 GB SSD/Windows 11 Home) Vostro 3400 Thin and Light Laptop  (14.96 Inch, Dune, 1.59 Kg, With MS Office)","Laptop, Battery, Adapter, Cables and User Manuals","Dune,Thin and Light Laptop,Everyday Use, Processing & Multitasking,Intel,Core i3,8 GB,DDR4,Windows 11 Home"
"MSI Delta 15 AMD Advantage Edition Ryzen 9 Octa Core 5900HX 5th Gen - (16 GB/1 TB SSD/Windows 11 Home/10 GB Graphics/AMD Radeon RX 6700M) A5EFK-083IN Gaming Laptop  (15.6 inch, Carbon Gray, 1.9 kg)","Laptop, Power Adaptor, User Guide, Warranty Documents","Carbon Gray,Gaming Laptop,Gaming,AMD,Ryzen 9 Octa Core,16 GB,DDR4,Windows 11 Home"
"acer Aspire 5 Ryzen 5 Hexa Core 5500U - (8 GB/512 GB SSD/Windows 11 Home) A515-45 Thin and Light Laptop  (15.6 inch, Pure Silver, 1.76 kg, With MS Office)","Laptop, Power Adaptor, User Guide, Warranty Documents","Pure Silver,Thin and Light Laptop,Entertainment, Everyday Use, Performance, Processing & Multitasking, Travel & Business,AMD,Ryzen 5 Hexa Core,8 GB,DDR4,Windows 11 Home"
"DELL Inspiron Ryzen 3 Dual Core 3250U - (8 GB/256 GB SSD/Windows 11 Home) INSPIRON 3515 Thin and Light Laptop  (15.6 Inch, Mist Blue Speckle, 1.8 Kgs, With MS Office)","Laptop, battery, adapter, cables and user manuals","Mist Blue Speckle,Thin and Light Laptop,Everyday Use, Processing & Multitasking,AMD,Ryzen 3 Dual Core,8 GB,DDR4,Windows 11 Home"
"Lenovo Core i3 10th Gen - (8 GB/1 TB HDD/Windows 11 Home) 15IML05 Laptop  (15.6 inch, Platinum Grey, With MS Office)","Laptop, Power Adaptor, User Guide, Warranty Documents","Platinum Grey,Laptop,Processing & Multitasking,Intel,Core i3,8 GB,DDR4,Windows 11 Home"
"HP Ryzen 3 Quad Core 5300U - (8 GB/512 GB SSD/Windows 11 Home) 15s-eq2143au Thin and Light Laptop  (15.6 inch, Natural Silver, 1.69 Kg, With MS Office)","Laptop, Power Adaptor, User Guide, Warranty Documents","Natural Silver,Thin and Light Laptop,Processing & Multitasking,AMD,Ryzen 3 Quad Core,8 GB,DDR4,Windows 11 Home"
"Lenovo Core i3 10th Gen - (8 GB/512 GB SSD/Windows 11 Home) 15IML05 Thin and Light Laptop  (15.6 inch, Platinum Grey, 1.7 Kg, With MS Office)","Laptop, Power Adaptor, User Guide, Warranty Documents","Platinum Grey,Thin and Light Laptop,Processing & Multitasking,Intel,Core i3,8 GB,DDR4,Windows 11 Home"
"Lenovo IdeaPad Core i3 10th Gen - (4 GB/256 GB SSD/Windows 11 Home) IdeaPad 3 14IIL05 Thin and Light Laptop  (14 Inch, Abyss Blue, 1.6 kg, With MS Office)","Laptop, Power Adaptor, User Guide, Warranty Documents","Abyss Blue,Thin and Light Laptop,Processing & Multitasking,Intel,Core i3,4 GB,DDR4,Windows 11 Home"
"Lenovo Thinpad E15 G2 Core i5 11th Gen - (8 GB/512 GB SSD/Windows 10 Pro/512 MB Graphics) E15 G2 Laptop  (15.6 inch, Black)","Laptop, Charger, User Manual","Black,Laptop,Processing & Multitasking,Intel,Core i5,8 GB,DDR4,Windows 10 Pro"
"HP Ryzen 5 Hexa Core 5500U - (8 GB/512 GB SSD/Windows 11 Home) 14s-fq1092au Thin and Light Laptop  (14 inch, Natural Silver, 1.46 Kg, With MS Office)","Laptop, Power Adaptor, User Guide, Warranty Documents","Natural Silver,Thin and Light Laptop,Processing & Multitasking,AMD,Ryzen 5 Hexa Core,8 GB,DDR4,Windows 11 Home"
"ASUS Vivobook Pro 16X OLED (2021) Ryzen 9 Octa Core 5900H 9th Gen - (16 GB/1 TB SSD/Windows 11 Home/4 GB Graphics/NVIDIA GeForce RTX RTX 3050) M7600QC-L2044WS Gaming Laptop  (16 Inch, Black, 1.95 kg, With MS Office)","Laptop, Power Adaptor, User Guide, Warranty Documents","Black,Gaming Laptop,Gaming, Processing & Multitasking,AMD,Ryzen 9 Octa Core,16 GB,DDR4,Windows 11 Home"
"DELL Inspiron 3511 Core i3 11th Gen - (8 GB/1 TB HDD/256 GB SSD/Windows 10 Home) 3511 Laptop  (15.6 inch, Black, 1.83 kg, With MS Office)","LAPTOP, ADAPTER AND MANUAL","Black,Laptop,Everyday Use,Intel,Core i3,8 GB,DDR4,Windows 10 Home"
"MSI Core i5 11th Gen - (8 GB/512 GB SSD/Windows 10 Home) Modern 14 B11MOU-861IN Thin and Light Laptop  (14 inch, Carbon Gray, 1.3 kg)","Laptop, battery, adapter, cables and user manuals","Carbon Gray,Thin and Light Laptop,Processing & Multitasking,Intel,Core i5,8 GB,DDR4,Windows 10 Home"
"MSI Core i7 11th Gen - (8 GB/512 GB SSD/Windows 10 Home/2 GB Graphics) Modern 14 B11SBU-688IN Thin and Light Laptop  (14 inch, Carbon Gray, 1.3 kg)","Laptop, power adapter, user guide","Carbon Gray,Thin and Light Laptop,Processing & Multitasking,Intel,Core i7,8 GB,DDR4,Windows 10 Home"
"HP Pavilion x360 Core i3 11th Gen - (8 GB/256 GB SSD/Windows 11 Home) 14-dy0190TU 2 in 1 Laptop  (14 inch, Natural Silver, 1.52 kg, With MS Office)","Laptop, Power Adaptor, User Guide, Warranty Documents","Natural Silver,2 in 1 Laptop,Processing & Multitasking,Intel,Core i3,8 GB,DDR4,Windows 11 Home"
"ASUS VivoBook Flip 14 Core i3 11th Gen - (8 GB/512 GB SSD/Windows 11 Home) TP470EA-EC311WS 2 in 1 Laptop  (14 inch, Transparent Silver, 1.50 kg, With MS Office)","Laptop, Battery, Adapter, Cables and User Manuals","Transparent Silver,2 in 1 Laptop,Processing & Multitasking,Intel,Core i3,8 GB,LPDDR4X,Windows 11 Home"
"ASUS VivoBook Flip 14 Core i5 11th Gen - (8 GB/512 GB SSD/Windows 11 Home) TP470EA-EC511WS 2 in 1 Laptop  (14 inch, Transparent Silver, 1.50 kg, With MS Office)","Laptop, Battery, Adapter, Cables and User Manuals","Transparent Silver,2 in 1 Laptop,Processing & Multitasking,Intel,Core i5,8 GB,LPDDR4X,Windows 11 Home"
"ASUS VivoBook Flip 14 Core i3 11th Gen - (8 GB/256 GB SSD/Windows 11 Home) TP470EA-EC301WS 2 in 1 Laptop  (14 Inch, Transparent Silver, 1.50 kg, With MS Office)","Laptop, Power Adaptor, User Guide, Warranty Documents","Transparent Silver,2 in 1 Laptop,Processing & Multitasking,Intel,Core i3,8 GB,LPDDR4X,Windows 11 Home"
"HP Ryzen 3 Dual Core - (8 GB/512 GB SSD/Windows 11 Home) 245 G8 Laptop  (14 inch, Black, With MS Office)","Laptop, AC Adapter, User Guide, Manuals","Black,Laptop,Processing & Multitasking,AMD,Ryzen 3 Dual Core,8 GB,DDR4,Windows 11 Home"
"ASUS Vivobook 14 Pentium Quad Core - (8 GB/256 GB SSD/Windows 11 Home) E410KA-EK101WS Thin and Light Laptop  (14.1 inch, Peacock Blue, With MS Office)","Laptop, Adaptor & Manual","Peacock Blue,Thin and Light Laptop,Travel & Business, Everyday Use,Intel,Pentium Quad Core,8 GB,DDR4,Windows 11 Home"
"ASUS Vivobook 14 Pentium Quad Core - (8 GB/256 GB SSD/Windows 11 Home) E410KA-EK103WS Thin and Light Laptop  (14 inch, Star Black, 1.3 kg, With MS Office)","Laptop, Adaptor & Manual","Star Black,Thin and Light Laptop,Travel & Business, Everyday Use,Intel,Pentium Quad Core,8 GB,DDR4,Windows 11 Home"
"ASUS Vivo Book Core i3 10th Gen - (4 GB/1 TB HDD/Windows 10 Home) X515FA-BR301T Laptop  (15.6 inch, Slate Grey, 1.80 kg)","Laptop, battery, adapter, cables and user manuals","Slate Grey,Laptop,Everyday Use,Intel,Core i3,4 GB,DDR4,Windows 10 Home"
"Lenovo Ryzen 7 Octa Core 5800H - (16 GB/512 GB SSD/Windows 11 Home/4 GB Graphics) 15ACH6 Laptop  (15.6 inch, Shadow_black, 2.4 Kg)","Laptop, Power Adaptor, User Guide, Warranty Documents","Shadow_black,Laptop,Processing & Multitasking,AMD,Ryzen 7 Octa Core,16 GB,DDR4,Windows 11 Home"
"acer Core i3 11th Gen - (4 GB/1 TB HDD/Windows 10 Home) EX215-54 Notebook  (15.6 inch, Black)","laptop, adaptor, warranty manual","Black,Notebook,Processing & Multitasking,Intel,Core i3,4 GB,DDR4,Windows 10 Home"
"Lenovo IdeaPad 5 Pro Ryzen 7 Hexa Core - (16 GB/512 GB SSD/Windows 11 Home/4 GB Graphics/NVIDIA GeForce NVIDIA GeForce GTX 1650 4GB GDDR6) 16ACH6 Gaming Laptop  (16 Inch, Storm Grey, 1.41 kg, With MS Office)","Laptop, battery, adapter, cables and user manuals","Storm Grey,Gaming Laptop,Processing & Multitasking,Intel,Ryzen 7 Hexa Core,16 GB,DDR4,Windows 11 Home"
"HP Core i7 11th Gen - (8 GB/512 GB SSD/Windows 10 Pro) PROBOOK 440 G8 Business Laptop  (14 inch, Grey)","LAPTOP, ADAPTER, USER MANUAL","Grey,Business Laptop,Everyday Use,Intel,Core i7,8 GB,DDR4,Windows 10 Pro"
"Lenovo Yoga 6 Ryzen 5 Hexa Core 5500U - (16 GB/1 TB SSD/Windows 11 Home) Yoga 6 Thin and Light Laptop  (13.3 inch, Abyss Blue, 1.31 kg, With MS Office)","Laptop, Power Adaptor, User Guide, Warranty Documents","Abyss Blue,Thin and Light Laptop,Processing & Multitasking,AMD,Ryzen 5 Hexa Core,16 GB,LPDDR4X,Windows 11 Home"
"Lenovo Ideapad Slim 5i Core i5 11th Gen - (16 GB/512 GB SSD/Windows 11 Home) 15 ITL 05 Thin and Light Laptop  (15.6 Inch, Graphite Grey, 1.66 KG, With MS Office)","Laptop, Power Adaptor, User Guide, Warranty Documents","Graphite Grey,Thin and Light Laptop,Processing & Multitasking,Intel,Core i5,16 GB,DDR4,Windows 11 Home"
"Lenovo Ideapad Slim 3i (2021) Core i3 10th Gen - (8 GB/512 GB SSD/Windows 11 Home) Ideapad Slim 3i Thin and Light Laptop  (15.6 Inch, Platinum Grey, 1.65 KG, With MS Office)","Laptop, Power Adaptor, User Guide, Warranty Documents","Platinum Grey,Thin and Light Laptop,Processing & Multitasking,Intel,Core i3,8 GB,DDR4,Windows 11 Home"
"Lenovo Core i7 11th Gen - (16 GB/512 GB SSD/Windows 11 Home) 14ITL6 Laptop  (14.22 inch, Storm Grey, With MS Office)","Laptop, Power Adaptor, User Guide, Warranty Documents","Storm Grey,Laptop,Everyday Use,Intel,Core i7,16 GB,DDR4,Windows 11 Home"
"Lenovo Core i3 11th Gen - (8 GB/512 GB SSD/Windows 11 Home) 14ITL05 Laptop  (14 inch, Platinum Grey, With MS Office)","Laptop, Power Adaptor, User Guide, Warranty Documents","Platinum Grey,Laptop,Everyday Use,Intel,Core i3,8 GB,DDR4,Windows 11 Home"
"HP Omen Core i7 11th Gen - (16 GB/1 TB SSD/Windows 11 Home/6 GB Graphics/NVIDIA GeForce RTX RTX 3060) 16-b0360TX Gaming Laptop  (16.1 Inch, Shadow Black, 2.32 Kg, With MS Office)","Laptop, battery, Power adapter, warranty document, user guide, USB Ethernet adapter","Shadow Black,Gaming Laptop,Gaming,Intel,Core i7,16 GB,DDR4,Windows 11 Home"
"ASUS Vivobook 15 Core i3 11th Gen - (8 GB/512 GB SSD/Windows 11 Home) X515EA-EJ322WS Laptop  (15.6 inch, Transparent Silver, 1.80 kg, With MS Office)","Laptop, Power Adaptor, User Guide","Transparent Silver,Laptop,Processing & Multitasking,Intel,Core i3,8 GB,DDR4,Windows 11 Home"
"Lenovo IdeaPad 3 Core i3 11th Gen - (8 GB/256 GB SSD/Windows 11 Home) 15ITL6 Laptop  (15 inch, Arctic Grey, With MS Office)","Laptop, Power Adaptor, User Guide, Warranty Documents","Arctic Grey,Laptop,Processing & Multitasking,Intel,Core i3,8 GB,DDR4,Windows 11 Home"
"DELL Core i5 11th Gen - (8 GB/1 TB HDD/256 GB SSD/Windows 11 Home) 3000 Laptop  (15.6 inch, Carbon Black, With MS Office)","User Manual, Laptop, Charger, Adapter, Warranty Card","Carbon Black,Laptop,Everyday Use,Intel,Core i5,8 GB,DDR4,Windows 11 Home"
"LG Gram Core i5 11th Gen - (8 GB/256 GB SSD/Windows 11 Home) Gram 14Z90P-G.AJ61A2 Thin and Light Laptop  (14 inch, Snow White, 0.99 kg)","Installation guide,?1U Laptop, 1U USB-C LAN Adapter, 1U USB C Type DC Power Adapter","Snow White,Thin and Light Laptop,Processing & Multitasking,Intel,Core i5,8 GB,DDR4,Windows 11 Home"
"LG Gram Core i5 11th Gen - (8 GB/256 GB SSD/Windows 11 Home) Gram 14Z90P-G.AJ63A2 Thin and Light Laptop  (14 inch, Quarts Silver, 0.99 kg)","Installation guide,?1U Laptop, 1U USB-C LAN Adapter, 1U USB C Type DC Power Adapter","Quarts Silver,Thin and Light Laptop,Processing & Multitasking,Intel,Core i5,8 GB,DDR4,Windows 11 Home"
"Lenovo Ideapad Slim 3i (2021) Core i3 11th Gen - (8 GB/256 GB SSD/Windows 11 Home) Ideapad Slim 3i Thin and Light Laptop  (15.6 Inch, Arctic Grey, 1.65 KG, With MS Office)","Laptop, Power Adaptor, User Guide, Warranty Documents","Arctic Grey,Thin and Light Laptop,Processing & Multitasking,Intel,Core i3,8 GB,DDR4,Windows 11 Home"
"LG Gram Core i5 11th Gen - (8 GB/512 GB SSD/Windows 11 Home) Gram 16Z90P-G.AJ64A2 Thin and Light Laptop  (16 inch, Snow White, 1.19 kg)","Installation guide,?1U Laptop, 1U USB-C LAN Adapter, 1U USB C Type DC Power Adapter","Snow White,Thin and Light Laptop,Processing & Multitasking,Intel,Core i5,8 GB,DDR4,Windows 11 Home"
"acer Aspire 3 Ryzen 5 Quad Core 3500U - (8 GB/512 GB SSD/Windows 11 Home) A315-23 Laptop  (15.6 inch, Pure Silver, 1.9 kg)","Laptop, Power Adaptor, User Guide, Warranty Documents","Pure Silver,Laptop,Entertainment, Everyday Use, Performance, Processing & Multitasking, Travel & Business,AMD,Ryzen 5 Quad Core,8 GB,DDR4,Windows 11 Home"
"ASUS ROG Strix G15 Ryzen 9 Octa Core 5900HX - (16 GB/512 GB SSD/Windows 10 Home/4 GB Graphics/NVIDIA GeForce RTX 3050 Ti) G513QE-HN166TS Gaming Laptop  (15.6 inch, Eclipse Gray, 2.10 kg)","Laptop, Power Adaptor, Battery, Warranty Documents, User Guide","Eclipse Gray,Gaming Laptop,Gaming,AMD,Ryzen 9 Octa Core,16 GB,DDR4,Windows 10 Home"
"acer Aspire 3 Core i3 11th Gen - (4 GB/256 GB SSD/Windows 11 Home) A315-58 Thin and Light Laptop  (15.6 inch, Pure Silver, 1.7 kg)","Laptop, Power Adaptor, User Guide, Warranty Documents","Pure Silver,Thin and Light Laptop,Entertainment, Everyday Use, Performance, Processing & Multitasking, Travel & Business,Intel,Core i3,4 GB,DDR4,Windows 11 Home"
"ASUS ROG Strix G15 Ryzen 9 Octa Core 5900HX - (16 GB/1 TB SSD/Windows 10 Home/6 GB Graphics/NVIDIA GeForce RTX 3060) G513QM-HQ403TS Gaming Laptop  (15.6 inch, Eclipse Gray, 2.30 kg, With MS Office)","Laptop, Power Adaptor, User Guide, Warranty Documents","Eclipse Gray,Gaming Laptop,Gaming,AMD,Ryzen 9 Octa Core,16 GB,DDR4,Windows 10 Home"
"ASUS Pentium Quad Core - (4 GB/1 TB HDD/Windows 10 Home) X543MA-DM101T Laptop  (15.6 inch, Transparent Silver, 1.90 kg)","Laptop, battery, adapter, cables and user manuals","Transparent Silver,Laptop,Processing & Multitasking,Intel,Pentium Quad Core,4 GB,LPDDR4,Windows 10 Home"
"acer Aspire Vero(Green PC ) Core i5 11th Gen - (8 GB/512 GB SSD/Windows 11 Home) AV15-51 Thin and Light Laptop  (15.6 inch, Volcano Gray, 1.8 kg, With MS Office)","Laptop, Power Adaptor, User Guide, Warranty Documents","Volcano Gray,Thin and Light Laptop,Entertainment, Everyday Use, Performance, Processing & Multitasking, Travel & Business,Intel,Core i5,8 GB,DDR4,Windows 11 Home"
"ASUS Vivobook 14 Core i3 11th Gen - (8 GB/512 GB SSD/Windows 11 Home) X415EA-EB322WS Thin and Light Laptop  (14.1 inch, Transparent Silver, 1.6 kg, With MS Office)","Laptop , Adaptor & Manuals","Transparent Silver,Thin and Light Laptop,Travel & Business, Processing & Multitasking, Processing & Multitasking, Everyday Use, Entertainment,Intel,Core i3,8 GB,DDR4,Windows 11 Home"
"ASUS Vivobook 17 Core i5 11th Gen - (16 GB/512 GB SSD/Windows 11 Home) X712EA-AU521WS Laptop  (17.3 inch, Transparent Silver, 2.3 kg, With MS Office)","Laptop , Adaptor & Manual","Transparent Silver,Laptop,Everyday Use, Entertainment, Performance, Processing & Multitasking,Intel,Core i5,16 GB,DDR4,Windows 11 Home"
"ASUS Ryzen 9 Octa Core 11th Gen - (16 GB/1 TB SSD/Windows 10 Home/6 GB Graphics/NVIDIA GeForce RTX RTX 3060 6GB Graphics) GA401QM-K2330TS Gaming Laptop  (14 inch, White, With MS Office)","Laptop, Adapter, User Manual, ROG sleeve","White,Gaming Laptop,Gaming,AMD,Ryzen 9 Octa Core,16 GB,DDR4,Windows 10 Home"
"HP Core i3 11th Gen - (8 GB/1 TB HDD/Windows 10) 240 G8 Laptop  (15.6 inch, Black, With MS Office)","Laptop, AC Adapter, User Guide, Manuals","Black,Laptop,Everyday Use,Intel,Core i3,8 GB,DDR4,Windows 10"
"ASUS Vivobook Core i5 11th Gen - (8 GB/256 GB SSD/Windows 10 Home) X415EA-EB502TS Thin and Light Laptop  (14 inch, Transparent Silver, 1.55 kg, With MS Office)","Laptop, Power Adaptor, User Guide","Transparent Silver,Thin and Light Laptop,Processing & Multitasking,Intel,Core i5,8 GB,DDR4,Windows 10 Home"
"DELL Inspiron Ryzen 3 Dual Core 3250U - (8 GB/512 GB SSD/Windows 11 Home) Inspiron 3515 Thin and Light Laptop  (15.6 Inch, Platinum Silver, 1.8 Kgs, With MS Office)","Laptop, battery, adapter, cables and user manuals","Platinum Silver,Thin and Light Laptop,Everyday Use, Processing & Multitasking,AMD,Ryzen 3 Dual Core,8 GB,DDR4,Windows 11 Home"
"DELL Inspiron Core i3 11th Gen - (8 GB/512 GB SSD/Windows 11 Home) INSPIRON 3511 Thin and Light Laptop  (14.96 Inch, Platinum Silver, 1.8 Kgs, With MS Office)","Laptop, battery, adapter, cables and user manuals","Platinum Silver,Thin and Light Laptop,Everyday Use, Processing & Multitasking,Intel,Core i3,8 GB,DDR4,Windows 11 Home"
"DELL Inspiron Core i3 11th Gen - (8 GB/1 TB HDD/256 GB SSD/Windows 11 Home) Inspiron 3511 Thin and Light Laptop  (15.6 Inch, Carbon Black, 1.8 Kgs, With MS Office)","Laptop, battery, adapter, cables and user manuals","Carbon Black,Thin and Light Laptop,Everyday Use, Processing & Multitasking,Intel,Core i3,8 GB,DDR4,Windows 11 Home"
"DELL Vostro Core i5 11th Gen - (8 GB/1 TB HDD/256 GB SSD/Windows 11 Home) Vostro 3400 Thin and Light Laptop  (14 inch, Dune, 1.59 kg, With MS Office)","Laptop, Battery, Adapter, Cables and User Manuals","Dune,Thin and Light Laptop,Everyday Use,Intel,Core i5,8 GB,DDR4,Windows 11 Home"
"DELL Inspiron Ryzen 5 Hexa Core R5-5500U - (8 GB/512 GB SSD/Windows 11 Home) Inspiron 7415 2 in 1 Laptop  (14 inch, Pebble Green, 1.56 Kg, With MS Office)","Laptop, Battery, Adapter, Cables and User Manual","Pebble Green,2 in 1 Laptop,Processing & Multitasking,AMD,Ryzen 5 Hexa Core,8 GB,DDR4,Windows 11 Home"
"DELL Vostro Core i3 10th Gen - (8 GB/512 GB SSD/Windows 11 Home) Vostro 3401 Thin and Light Laptop  (14 inch, Dune, 1.58 Kg, With MS Office)","Laptop, Battery, Adapter, Cables and User Manuals","Dune,Thin and Light Laptop,Everyday Use, Processing & Multitasking,Intel,Core i3,8 GB,DDR4,Windows 11 Home"
"DELL Core i3 10th Gen - (8 GB/1 TB HDD/Windows 11 Home) Inspiron 3511 Thin and Light Laptop  (15.6 inch, Carbon Black, 1.8 kg, With MS Office)","Laptop, battery, adapter, cables and user manuals","Carbon Black,Thin and Light Laptop,Everyday Use,Intel,Core i3,8 GB,DDR4,Windows 11 Home"
"DELL Vostro Ryzen 5 Hexa Core 5500U - (8 GB/512 GB SSD/Windows 11 Home) Vostro 5415 Thin and Light Laptop  (14 inch, Titan Grey, 1.5 kg, With MS Office)","Laptop, Battery, Adapter, Cables and User Manuals","Titan Grey,Thin and Light Laptop,Processing & Multitasking,AMD,Ryzen 5 Hexa Core,8 GB,DDR4,Windows 11 Home"
"DELL Inspiron Core i3 11th Gen - (8 GB/1 TB HDD/Windows 11 Home) Inspiron 3511 Thin and Light Laptop  (14.96 inch, Carbon Black, 1.8 kg, With MS Office)","Laptop, Battery, Adapter, Cables and User Manuals","Carbon Black,Thin and Light Laptop,Everyday Use,Intel,Core i3,8 GB,DDR4,Windows 11 Home"
"DELL Vostro Ryzen 3 Dual Core 3250U - (8 GB/512 GB SSD/Windows 11 Home) Vostro 3405 Thin and Light Laptop  (14 Inch, Accent Black, 1.59 Kgs, With MS Office)","Laptop, battery, adapter, cables and user manuals","Accent Black,Thin and Light Laptop,Everyday Use, Processing & Multitasking,AMD,Ryzen 3 Dual Core,8 GB,DDR4,Windows 11 Home"
"DELL Inspiron Core i5 11th Gen - (8 GB/1 TB HDD/256 GB SSD/Windows 11 Home/2 GB Graphics) Inspiron 3511 Thin and Light Laptop  (15.6 Inch, Platinum Silver, 1.8 Kgs, With MS Office)","Laptop, battery, adapter, cables and user manuals","Platinum Silver,Thin and Light Laptop,Everyday Use, Processing & Multitasking,Intel,Core i5,8 GB,DDR4,Windows 11 Home"
"DELL Inspiron Ryzen 3 Dual Core 3250U - (8 GB/1 TB HDD/Windows 11 Home) INSPIRON 3515 Thin and Light Laptop  (15.6 Inch, Carbon Black, 1.8 Kgs, With MS Office)","Laptop, battery, adapter, cables and user manuals","Carbon Black,Thin and Light Laptop,Everyday Use, Processing & Multitasking,AMD,Ryzen 3 Dual Core,8 GB,DDR4,Windows 11 Home"
"DELL Inspiron Core i5 11th Gen - (8 GB/512 GB SSD/Windows 11 Home/2 GB Graphics) Inspiron 3511 Thin and Light Laptop  (15.6 inch, Platinum Silver, 1.8 kg, With MS Office)","Laptop, battery, adapter, cables and user manuals","Platinum Silver,Thin and Light Laptop,Everyday Use,Intel,Core i5,8 GB,DDR4,Windows 11 Home"
"DELL Inspiron Ryzen 3 Dual Core 3250U - (8 GB/256 GB SSD/Windows 11 Home) INSPIRON 3515 Thin and Light Laptop  (14.96 Inch, Carbon Black, 1.8 Kgs, With MS Office)","Laptop, battery, adapter, cables and user manuals","Carbon Black,Thin and Light Laptop,Everyday Use, Processing & Multitasking,AMD,Ryzen 3 Dual Core,8 GB,DDR4,Windows 11 Home"
"DELL Inspiron Core i3 11th Gen - (8 GB/1 TB HDD/256 GB SSD/Windows 11 Home) Inspiron 3511,Inspiron 3000 Thin and Light Laptop  (15.6 Inch, Carbon Black, 1.8 Kgs, With MS Office)","Laptop, battery, adapter, cables and user manuals","Carbon Black,Thin and Light Laptop,Everyday Use, Processing & Multitasking,Intel,Core i3,8 GB,DDR4,Windows 11 Home"
"DELL Inspiron Core i5 11th Gen - (8 GB/512 GB SSD/Windows 11 Home) Inspiron 5410 2 in 1 Laptop  (14 Inch, Platinum Silver, 1.5 Kgs, With MS Office)","Laptop, Active Pen, battery, adapter, cables and user manuals","Platinum Silver,2 in 1 Laptop,Processing & Multitasking,Intel,Core i5,8 GB,DDR4,Windows 11 Home"
"DELL Inspiron Core i5 11th Gen - (16 GB/512 GB SSD/Windows 11 Home/2 GB Graphics) INSPIRON 5518 Thin and Light Laptop  (15.6 inch, Platinum Silver, 1.64 kg, With MS Office)","Laptop, Battery, Adapter, Cables and User Manuals","Platinum Silver,Thin and Light Laptop,Processing & Multitasking,Intel,Core i5,16 GB,DDR4,Windows 11 Home"
"HP Ryzen 5 Octa Core 3500u - (8 GB/1 TB HDD/Windows 10 Home) 245 G8 Laptop  (15.6 inch, Dark Ash Silver, With MS Office)","LAPTOP, MANUAL, ADAPTERS AND POWER CABLE","Dark Ash Silver,Laptop,Everyday Use,AMD,Ryzen 5 Octa Core,8 GB,DDR4,Windows 10 Home"
"Lenovo Ideapad AMD Ryzen 5 Hexa Core 5500U - (8 GB/512 GB SSD/Windows 11 Home) 15ALC6 Laptop  (15.6 inch, Platinum Grey, With MS Office)","Laptop, Power Adaptor, User Guide","Platinum Grey,Laptop,Everyday Use,AMD,Ryzen 5 Hexa Core,8 GB,DDR4,Windows 11 Home"
"ASUS Vivobook 14 Core i3 10th Gen - (8 GB/1 TB HDD/Windows 10 Home) X415FA-BV311T Laptop  (14.1 inch, Slate Grey, 1.6 kg)","Lapyop, Adaptor & Manuals","Slate Grey,Laptop,Everyday Use,Intel,Core i3,8 GB,DDR4,Windows 10 Home"
"Lenovo Ideapad Slim 3i (2021) Core i3 10th Gen - (4 GB/256 GB SSD/Windows 11 Home) Ideapad 3 Thin and Light Laptop  (15.6 Inch, Platinum Grey, 1.65 KG, With MS Office)","Laptop, Power Adaptor, User Guide, Warranty Documents","Platinum Grey,Thin and Light Laptop,Processing & Multitasking,Intel,Core i3,4 GB,DDR4,Windows 11 Home"
"MSI Modern 14 Core i5 11th Gen - (8 GB/512 GB SSD/Windows 10 Home) Modern 14 B11MOU Thin and Light Laptop  (14 inch, Carbon Gray, 1.3 kg)","Laptop, Manual, Adapter","Carbon Gray,Thin and Light Laptop,Processing & Multitasking, Travel & Business,Intel,Core i5,8 GB,DDR4,Windows 10 Home"
"HP Core i3 11th Gen - (8 GB/512 GB SSD/Windows 11 Home) 15s-dy3501TU Thin and Light Laptop  (15.6 inch, Natural Silver, 1.75 kg, With MS Office)","Laptop, Battery, Adapter, Cables and User Manuals","Natural Silver,Thin and Light Laptop,Everyday Use,Intel,Core i3,8 GB,DDR4,Windows 11 Home"
"HP Pavilion x360 Core i3 11th Gen - (8 GB/512 GB SSD/Windows 11 Home) 14-dy0186TU 2 in 1 Laptop  (14 inch, Natural Silver, 1.52 kg, With MS Office)","Laptop, Battery, Adapter, Cables and User Manuals","Natural Silver,2 in 1 Laptop,Everyday Use,Intel,Core i3,8 GB,DDR4,Windows 11 Home"
"HP Core i5 11th Gen - (8 GB/512 GB SSD/Windows 11 Home) 15s-du3517TU Thin and Light Laptop  (15.6 inch, Natural Silver, 1.75 Kg, With MS Office)","Laptop, Power Adaptor, User Guide, Warranty Documents","Natural Silver,Thin and Light Laptop,Processing & Multitasking,Intel,Core i5,8 GB,DDR4,Windows 11 Home"
"Lenovo IdeaPad 3 Core i3 11th Gen - (8 GB/512 GB SSD/Windows 11 Home) 15ITL6 Thin and Light Laptop  (15.6 inch, Arctic Grey, 1.65 kg, With MS Office)","Laptop, Power Adaptor, User Guide, Warranty Documents","Arctic Grey,Thin and Light Laptop,Processing & Multitasking,Intel,Core i3,8 GB,DDR4,Windows 11 Home"
"HP Core i3 11th Gen - (8 GB/512 GB SSD/Windows 11 Home) 15s-dy3501TU Thin and Light Laptop  (15.6 inch, Natural Silver, 1.75 kg, With MS Office)","Laptop, Battery, Adapter, Cables and User Manuals","Natural Silver,Thin and Light Laptop,Everyday Use,Intel,Core i3,8 GB,DDR4,Windows 11 Home"
"HP Spectre x360 14 Series Intel EVO Core i5 11th Gen - (16 GB/512 GB SSD/Windows 10 Home) 14-ea0538TU Thin and Light Laptop  (13.5 inch, Poseidon Blue, 1.34 kg, With MS Office)","Laptop, Power Adapter, User Guide, Warranty Documents","Poseidon Blue,Thin and Light Laptop,Processing & Multitasking,Intel,Core i5,16 GB,LPDDR4X,Windows 10 Home"
"Lenovo IdeaPad 3 Ryzen 5 Hexa Core 5500U - (8 GB/512 GB SSD/Windows 11 Home) 15ALC6 Thin and Light Laptop  (15.6 inch, Arctic Grey, 1.65 kg, With MS Office)","Laptop, Power Adaptor, User Guide, Warranty Documents","Arctic Grey,Thin and Light Laptop,Processing & Multitasking,AMD,Ryzen 5 Hexa Core,8 GB,DDR4,Windows 11 Home"
"Lenovo IdeaPad 3 Core i3 11th Gen - (8 GB/256 GB SSD/Windows 11 Home) 14ITL05 Thin and Light Laptop  (14 inch, Platinum Grey, 1.5 kg, With MS Office)","Laptop, Power Adaptor, User Guide, Warranty Documents","Platinum Grey,Thin and Light Laptop,Processing & Multitasking,Intel,Core i3,8 GB,DDR4,Windows 11 Home"
"MSI Prestige 14 Evo Intel EVO Core i7 11th Gen - (16 GB/512 GB SSD/Windows 10 Home) Prestige 14Evo A11M-625IN Thin and Light Laptop  (14 inch, Carbon Gray, 1.29 kg)","Laptop, battery, power adapter, user guide","Carbon Gray,Thin and Light Laptop,Processing & Multitasking,Intel,Core i7,16 GB,LPDDR4X,Windows 10 Home"
"MSI Core i3 11th Gen - (8 GB/512 GB SSD/Windows 10 Home) Modern 14 B11MOU-862IN Thin and Light Laptop  (14 inch, Carbon Gray, 1.3 kg)","Laptop, battery, adapter, cables and user manuals","Carbon Gray,Thin and Light Laptop,Processing & Multitasking,Intel,Core i3,8 GB,DDR4,Windows 10 Home"
"DELL Core i5 11th Gen - (8 GB/512 GB SSD/Windows 10) Vostro 5402 Thin and Light Laptop  (14 Inch, Vintage Gray, 1.4 kg, With MS Office)","Laptop, battery, adapter, cables and user manuals","Vintage Gray,Thin and Light Laptop,Processing & Multitasking,Intel,Core i5,8 GB,DDR4,Windows 10"
"DELL Core i5 11th Gen - (8 GB/512 GB SSD/Windows 11 Home/2 GB Graphics) Inspiron 5410 2 in 1 Laptop  (14 inch, Platinum Silver, 1.5 kg, With MS Office)","Laptop, Active Pen, battery, adapter, cables and user manuals","Platinum Silver,2 in 1 Laptop,Processing & Multitasking,Intel,Core i5,8 GB,DDR4,Windows 11 Home"
"DELL Inspiron Core i5 11th Gen - (8 GB/512 GB SSD/Windows 11 Home) Inspiron 3511 Thin and Light Laptop  (15.6 inch, Platinum Silver, 1.8 kg, With MS Office)","Laptop, Battery, Adapter, Cables and User Manuals","Platinum Silver,Thin and Light Laptop,Everyday Use,Intel,Core i5,8 GB,DDR4,Windows 11 Home"
"DELL Inspiron Ryzen 7 Octa Core 5700U - (16 GB/512 GB SSD/Windows 11 Home) Inspiron 7415 2 in 1 Laptop  (14 inch, Pebble Green, 1.56 Kg, With MS Office)","Laptop, Battery, Adapter, Cables and User Manual","Pebble Green,2 in 1 Laptop,Processing & Multitasking,AMD,Ryzen 7 Octa Core,16 GB,DDR4,Windows 11 Home"
"DELL Inspiron Ryzen 3 Dual Core 3250U - (8 GB/1 TB HDD/Windows 11 Home) Inspiron 3515 Thin and Light Laptop  (14.96 Inch, Platinum Silver, 1.8 Kgs, With MS Office)","Laptop, battery, adapter, cables and user manuals","Platinum Silver,Thin and Light Laptop,Everyday Use, Processing & Multitasking,AMD,Ryzen 3 Dual Core,8 GB,DDR4,Windows 11 Home"
"DELL Inspiron Core i3 10th Gen - (8 GB/512 GB SSD/Windows 11 Home) Inspiron 3511 Thin and Light Laptop  (15.6 inch, Platinum Silver, 1.8 kg, With MS Office)","Laptop, battery, adapter, cables and user manuals","Platinum Silver,Thin and Light Laptop,Everyday Use,Intel,Core i3,8 GB,DDR4,Windows 11 Home"
"DELL Inspiron Ryzen 5 Quad Core 3450U - (8 GB/1 TB HDD/256 GB SSD/Windows 11 Home) Inspiron 3515 Thin and Light Laptop  (15.6 Inch, Platinum Silver, 1.8 Kgs, With MS Office)","Laptop, battery, adapter, cables and user manuals","Platinum Silver,Thin and Light Laptop,Everyday Use, Processing & Multitasking,AMD,Ryzen 5 Quad Core,8 GB,DDR4,Windows 11 Home"
"DELL Core i3 11th Gen - (8 GB/512 GB SSD/Windows 11 Home) Inspiron 5410 2 in 1 Laptop  (14 inch, Platinum Silver, 1.5 kg, With MS Office)","Laptop, Active Pen, battery, adapter, cables and user manuals","Platinum Silver,2 in 1 Laptop,Processing & Multitasking,Intel,Core i3,8 GB,DDR4,Windows 11 Home"
"DELL Inspiron Core i5 11th Gen - (8 GB/1 TB HDD/256 GB SSD/Windows 11 Home) INSPIRON 3511 Thin and Light Laptop  (15.6 inch, Platinum Silver, 1.8 kg, With MS Office)","Laptop, battery, adapter, cables and user manuals","Platinum Silver,Thin and Light Laptop,Everyday Use,Intel,Core i5,8 GB,DDR4,Windows 11 Home"
"DELL Ryzen 3 Dual Core 3250U - (8 GB/256 GB SSD/Windows 10) Inspiron 3515 Thin and Light Laptop  (15.6 inch, Platinum Silver, 1.8 kg, With MS Office)","Laptop, battery, adapter, cables and user manuals","Platinum Silver,Thin and Light Laptop,Everyday Use,AMD,Ryzen 3 Dual Core,8 GB,DDR4,Windows 10"
"DELL Inspiron Core i5 11th Gen - (8 GB/512 GB SSD/Windows 11 Home) Inspiron 5410 2 in 1 Laptop  (14 Inch, Platinum Silver, 1.50 Kgs, With MS Office)","Laptop, Active Pen, battery, adapter, cables and user manuals","Platinum Silver,2 in 1 Laptop,Processing & Multitasking,Intel,Core i5,8 GB,DDR4,Windows 11 Home"
"DELL Inspiron Pentium Quad Core - (4 GB/256 GB SSD/Windows 11 Home) Inspiron 3000 Thin and Light Laptop  (15.6 inch, Carbon Black, 1.8 kg, With MS Office)","Laptop, battery, adapter, cables and user manuals","Carbon Black,Thin and Light Laptop,Everyday Use,Intel,Pentium Quad Core,4 GB,DDR4,Windows 11 Home"
"DELL Vostro Core i3 11th Gen - (4 GB/1 TB HDD/256 GB SSD/Windows 11 Home) Vostro 3400 Thin and Light Laptop  (14 inch, Accent Black, 1.59 Kg, With MS Office)","Laptop, Battery, Adapter, Cables and User Manuals","Accent Black,Thin and Light Laptop,Everyday Use, Processing & Multitasking,Intel,Core i3,4 GB,DDR4,Windows 11 Home"
"DELL Inspiron Core i5 11th Gen - (8 GB/256 GB SSD/Windows 11 Home) INSPIRON 3511 Thin and Light Laptop  (15.6 Inch, Carbon Black, 1.8 Kgs, With MS Office)","Laptop, battery, adapter, cables and user manuals","Carbon Black,Thin and Light Laptop,Everyday Use, Processing & Multitasking,Intel,Core i5,8 GB,DDR4,Windows 11 Home"
"DELL Inspiron Core i3 11th Gen - (8 GB/256 GB SSD/Windows 11 Home) INSPIRON 5410 2 in 1 Laptop  (14 inch, Platinum Silver, 1.5 kg, With MS Office)","Laptop, battery, adapter, cables and user manuals","Platinum Silver,2 in 1 Laptop,Processing & Multitasking,Intel,Core i3,8 GB,DDR4,Windows 11 Home"
"DELL Inspiron Core i5 11th Gen - (16 GB/512 GB SSD/Windows 11 Home) INSPIRON 5410 2 in 1 Laptop  (14 inch, Platinum Silver, 1.5 Kg, With MS Office)","Laptop, Battery, Adapter, Cables and User Manual","Platinum Silver,2 in 1 Laptop,Processing & Multitasking,Intel,Core i5,16 GB,DDR4,Windows 11 Home"
"DELL Vostro Core i3 10th Gen - (4 GB/1 TB HDD/256 GB SSD/Windows 11 Home) Vostro 3401 Thin and Light Laptop  (14 inch, Accent Black, 1.58 Kg, With MS Office)","Laptop, Battery, Adapter, Cables and User Manuals","Accent Black,Thin and Light Laptop,Everyday Use, Processing & Multitasking,Intel,Core i3,4 GB,DDR4,Windows 11 Home"
"DELL Vostro Ryzen 5 Quad Core R5-3450U - (8 GB/256 GB SSD/Windows 11 Home) Vostro 3405 Thin and Light Laptop  (14 inch, Accent Black, 1.59 Kg, With MS Office)","Laptop, Battery, Adapter, Cables and User Manual","Accent Black,Thin and Light Laptop,Everyday Use, Processing & Multitasking,AMD,Ryzen 5 Quad Core,8 GB,DDR4,Windows 11 Home"
"DELL Inspiron Ryzen 5 Hexa Core R5-5500U - (8 GB/512 GB SSD/Windows 11 Home) Inspiron 5515 Thin and Light Laptop  (15.6 inch, Platinum Silver, 1.64 Kg, With MS Office)","Laptop, Battery, Adapter, Cables and User Manual","Platinum Silver,Thin and Light Laptop,Processing & Multitasking,AMD,Ryzen 5 Hexa Core,8 GB,DDR4,Windows 11 Home"
"DELL Inspiron Core i3 11th Gen - (8 GB/256 GB SSD/Windows 11 Home) Inspiron 3511 Thin and Light Laptop  (14.96 Inch, Platinum Silver, 1.8 kg, With MS Office)","Laptop, Battery, Adapter, Cables and User Manuals","Platinum Silver,Thin and Light Laptop,Everyday Use,Intel,Core i3,8 GB,DDR4,Windows 11 Home"
"DELL Inspiron Ryzen 3 Dual Core 3250U - (8 GB/256 GB SSD/Windows 11 Home) Inspiron 3515 Thin and Light Laptop  (15.6 Inch, Platinum Silver, 1.8 Kg, With MS Office)","Laptop, battery, adapter, cables and user manuals","Platinum Silver,Thin and Light Laptop,Everyday Use, Processing & Multitasking,AMD,Ryzen 3 Dual Core,8 GB,DDR4,Windows 11 Home"
"DELL Inspiron Ryzen 3 Dual Core 3250U - (8 GB/1 TB HDD/256 GB SSD/Windows 11 Home) Inspiron 3515 Thin and Light Laptop  (14.96 Inch, Platinum Silver, 1.8 Kgs, With MS Office)","Laptop, battery, adapter, cables and user manuals","Platinum Silver,Thin and Light Laptop,Everyday Use, Processing & Multitasking,AMD,Ryzen 3 Dual Core,8 GB,DDR4,Windows 11 Home"
"DELL Inspiron Core i5 11th Gen - (16 GB/512 GB SSD/Windows 11 Home) Inspiron 5518 Thin and Light Laptop  (15.6 Inch, Platinum Silver, 1.64 Kgs, With MS Office)","Laptop, battery, adapter, cables and user manuals","Platinum Silver,Thin and Light Laptop,Processing & Multitasking,Intel,Core i5,16 GB,DDR4,Windows 11 Home"
"DELL Inspiron Core i3 11th Gen - (8 GB/1 TB HDD/256 GB SSD/Windows 11 Home) Inspiron 3511 Thin and Light Laptop  (15.6 inch, Platinum Silver, 1.8 kg, With MS Office)","Laptop, Battery, Adapter, Cables and User Manuals","Platinum Silver,Thin and Light Laptop,Everyday Use,Intel,Core i3,8 GB,DDR4,Windows 11 Home"
"DELL Inspiron Ryzen 5 Quad Core 3450U - (8 GB/512 GB SSD/Windows 11 Home) Inspiron 3515 Thin and Light Laptop  (15.6 inch, Platinum Silver, 1.8 Kg, With MS Office)","Laptop, Battery, Adapter, Cables and User Manual","Platinum Silver,Thin and Light Laptop,Everyday Use, Processing & Multitasking,AMD,Ryzen 5 Quad Core,8 GB,DDR4,Windows 11 Home"
"ASUS Core i5 11th Gen - (16 GB/512 GB SSD/Windows 10 Home) X712EA-AU521TS Thin and Light Laptop  (17.3 Inch, Transparent Silver, 2.30 KG, With MS Office)","Laptop, Battery, Power Adaptor, User Guide, Warranty Documents","Transparent Silver,Thin and Light Laptop,Processing & Multitasking,Intel,Core i5,16 GB,DDR4,Windows 10 Home"
"DELL Core i5 11th Gen - (16 GB/512 GB SSD/Windows 10 Home/2 GB Graphics) 3511 Laptop  (15.6 inch, Platinum Silver, With MS Office)","Laptop, battery, adapter, cables and user manuals","Platinum Silver,Laptop,Everyday Use, Entertainment, Gaming, Performance, Processing & Multitasking, Travel & Business,Intel,Core i5,16 GB,DDR4,Windows 10 Home"
"ASUS Vivobook Ultra K15 Core i3 11th Gen - (8 GB/512 GB SSD/Windows 11 Home) K513EA-L313WS Laptop  (15.6 inch, Transparent Silver, 1.8 kg, With MS Office)","Laptop,Adaptor & Manual","Transparent Silver,Laptop,Travel & Business, Processing & Multitasking, Everyday Use, Entertainment,Intel,Core i3,8 GB,DDR4,Windows 11 Home"
"DELL Inpiron 7501 Core i5 10th Gen - (8 GB/512 GB SSD/Windows 10/4 GB Graphics) 7501 Laptop  (15.6 inch, Silver Premium, 1.8 kg, With MS Office)","Laptop, Power Adaptor","Silver Premium,Laptop,Entertainment, Everyday Use, Gaming, Performance, Processing & Multitasking, Travel & Business,Intel,Core i5,8 GB,DDR4,Windows 10"
"DELL Ryzen 5 Quad Core - (8 GB/1 TB HDD/256 GB SSD/Windows 10) 3515 Laptop  (15.6 inch, Blue Mist Sparkle, With MS Office)","Laptop, Adaptor","Blue Mist Sparkle,Laptop,Entertainment, Everyday Use, Performance, Processing & Multitasking, Travel & Business,AMD,Ryzen 5 Quad Core,8 GB,DDR4,Windows 10"
"DELL Inspiron Core i5 11th Gen - (8 GB/1 TB HDD/256 GB SSD/Windows 10) 3511 Laptop  (15.6 inches, Platinum Silver, 1.85 kg, With MS Office)","Laptop, battery, adapter, cables and user manuals","Platinum Silver,Laptop,Everyday Use, Processing & Multitasking, Entertainment, Performance,Intel,Core i5,8 GB,DDR4,Windows 10"
"HP Notebook PC Core i3 11th Gen - (8 GB/1 TB HDD/Windows 10) G8 240 Thin and Light Laptop  (14 inch, Ash Gray, 1.47 kg)","Laptop, Power Adaptor, User Guide, Warranty Documents","Ash Gray,Thin and Light Laptop,Processing & Multitasking,Intel,Core i3,8 GB,DDR4,Windows 10"
"ASUS VivoBook 15 (2021) Core i5 11th Gen - (8 GB/1 TB HDD/256 GB SSD/Windows 11 Home) X515EA-EJ502WS Thin and Light Laptop  (15.6 inch, Transparent Silver, 1.80 kg, With MS Office)","Laptop, battery, adapter, cables and user manuals","Transparent Silver,Thin and Light Laptop,Processing & Multitasking,Intel,Core i5,8 GB,DDR4,Windows 11 Home"
"ASUS VivoBook Ultra 14 (2021) Core i5 11th Gen - (16 GB/512 GB SSD/Windows 11 Home) X413EA-EB533WS Thin and Light Laptop  (14 inch, Dreamy White, 1.40 kg, With MS Office)","Laptop, battery, adapter, cables and user manuals","Dreamy White,Thin and Light Laptop,Processing & Multitasking,Intel,Core i5,16 GB,DDR4,Windows 11 Home"
"ASUS VivoBook Ultra 14 (2021) Core i5 11th Gen - (16 GB/512 GB SSD/Windows 11 Home) X413EA-EB531WS Thin and Light Laptop  (14 inch, Cobalt Blue, 1.40 kg, With MS Office)","Laptop, battery, adapter, cables and user manuals","Cobalt Blue,Thin and Light Laptop,Processing & Multitasking,Intel,Core i5,16 GB,DDR4,Windows 11 Home"
"ASUS VivoBook K15 OLED (2022) Core i3 11th Gen - (8 GB/256 GB SSD/Windows 11 Home) K513EA-L302WS Thin and Light Laptop  (15.6 inch, Indie Black, 1.80 kg, With MS Office)","Laptop, Power Adaptor, User Guide, Warranty Documents","Indie Black,Thin and Light Laptop,Processing & Multitasking,Intel,Core i3,8 GB,DDR4,Windows 11 Home"
"ASUS VivoBook Ultra 14 (2022) Core i5 11th Gen - (16 GB/512 GB SSD/Windows 11 Home) X413EA-EB532WS Thin and Light Laptop  (14 inch, Bespoke Black, 1.40 kg, With MS Office)","Laptop, battery, adapter, cables and user manuals","Bespoke Black,Thin and Light Laptop,Processing & Multitasking,Intel,Core i5,16 GB,DDR4,Windows 11 Home"
"ASUS VivoBook K15 OLED (2022) Ryzen 5 Hexa Core 5500U - (8 GB/1 TB HDD/256 GB SSD/Windows 11 Home) KM513UA-L503WS Thin and Light Laptop  (15.6 inch, Transparent Silver, 1.80 kg, With MS Office)","Laptop, battery, adapter, cables and user manuals","Transparent Silver,Thin and Light Laptop,Processing & Multitasking,AMD,Ryzen 5 Hexa Core,8 GB,DDR4,Windows 11 Home"
"ASUS VivoBook K15 OLED (2022) Ryzen 5 Hexa Core 5500U - (8 GB/1 TB HDD/256 GB SSD/Windows 11 Home) KM513UA-L502WS Thin and Light Laptop  (15.6 inch, Indie Black, 1.80 kg, With MS Office)","Laptop, battery, adapter, cables and user manuals","Indie Black,Thin and Light Laptop,Processing & Multitasking,AMD,Ryzen 5 Hexa Core,8 GB,DDR4,Windows 11 Home"
"DELL Core i3 11th Gen - (8 GB/1 TB HDD/Windows 11 Home) 3511 Laptop  (15.6 inch, Carbon Black, With MS Office)","Laptop, Power Adaptor, User Guide, Warranty Documents","Carbon Black,Laptop,Everyday Use,Intel,Core i3,8 GB,DDR4,Windows 11 Home"
"ASUS VivoBook K15 OLED (2022) Core i3 11th Gen - (8 GB/512 GB SSD/Windows 11 Home) K513EA-L312WS Thin and Light Laptop  (15.6 inch, Indie Black, 1.80 kg, With MS Office)","Laptop, battery, adapter, cables and user manuals","Indie Black,Thin and Light Laptop,Processing & Multitasking,Intel,Core i3,8 GB,DDR4,Windows 11 Home"
"ASUS VivoBook K15 OLED (2022) Core i5 11th Gen - (16 GB/1 TB HDD/256 GB SSD/Windows 11 Home) K513EA-L523WS Thin and Light Laptop  (15.6 inch, Transparent Silver, 1.80 kg, With MS Office)","Laptop, Power Adaptor, User Guide, Warranty Documents","Transparent Silver,Thin and Light Laptop,Processing & Multitasking,Intel,Core i5,16 GB,DDR4,Windows 11 Home"
"ASUS Core i3 11th Gen - (8 GB/256 GB SSD/Windows 11 Home) X515EA-EJ312WS Thin and Light Laptop  (15.6 inch, Transparent Silver, 1.80 kg, With MS Office)","Laptop, Power Adaptor, User Guide, Warranty Documents","Transparent Silver,Thin and Light Laptop,Processing & Multitasking,Intel,Core i3,8 GB,DDR4,Windows 11 Home"
"Lenovo Core i7 11th Gen - (16 GB/512 GB SSD/Windows 11 Home) 14ITL05 Laptop  (14 inch, Graphite Grey, With MS Office)","1 Laptop, Power Adaptor, User Guide, Warranty Documents","Graphite Grey,Laptop,Processing & Multitasking,Intel,Core i7,16 GB,DDR4,Windows 11 Home"
"HP Ryzen 7 Quad Core 3rd Gen - (16 GB/512 GB SSD/Windows 10 Home) 13-ay0046AU 2 in 1 Laptop  (13.3 inch, Black)","Laptop, Power Adaptor, User Guide, Warranty Documents","Black,2 in 1 Laptop,Processing & Multitasking,AMD,Ryzen 7 Quad Core,16 GB,DDR4,Windows 10 Home"
"ASUS Vivobook 14 Core i3 10th Gen - (8 GB/256 GB SSD/Windows 10 Home) X415FA-BV341T Laptop  (14 inch, Slate Grey, 1.6 kg)","Laptop, Adaptor, & Manual","Slate Grey,Laptop,Everyday Use, Entertainment, Performance, Processing & Multitasking, Travel & Business,Intel,Core i3,8 GB,DDR4,Windows 10 Home"
"ASUS ExpertBook Core i3 10th Gen - (4 GB/1 TB HDD/DOS) P1545FA-BR281 Business Laptop  (15.6 inch, Slate Grey, 1.80 kg)","Laptop, Power Adaptor, User Guide, Warranty Documents","Slate Grey,Business Laptop,Processing & Multitasking,Intel,Core i3,4 GB,DDR4,DOS"
"ASUS VivoBook 14 Core i3 10th Gen - (8 GB/256 GB SSD/Windows 10 Home) X415FA-BV341T Thin and Light Laptop  (14 inch, Slate Grey, 1.80 kg)","Laptop, Power Adaptor, User Guide, Warranty Documents","Slate Grey,Thin and Light Laptop,Processing & Multitasking, Everyday Use,Intel,Core i3,8 GB,DDR4,Windows 10 Home"
"ASUS Vivobook 14 Core i3 11th Gen - (8 GB/256 GB SSD/Windows 10 Home) X415EA-EB342WS Notebook  (14 inch, Transparent Silver, 1.6 kg, With MS Office)","Laptop, Power Adaptor, User Guide","Transparent Silver,Notebook,Travel & Business, Everyday Use, Performance, Processing & Multitasking,Intel,Core i3,8 GB,DDR4,Windows 10 Home"
"ASUS Vivobook Pro 15 OLED Ryzen 7 Octa Core AMD Ryzen™ 7 5800H 5th Gen - (16 GB/1 TB SSD/Windows 10 Home/4 GB Graphics) M3500QC-L1262TS Laptop  (15.6 inch, Quiet Blue, 1.65 kg, With MS Office)","Laptop, Charger, Manual","Quiet Blue,Laptop,Processing & Multitasking, Performance, Entertainment,AMD,Ryzen 7 Octa Core,16 GB,DDR4,Windows 10 Home"
"ASUS ASUS TUF Gaming F15 Core i9 11th Gen - (16 GB/1 TB SSD/Windows 10/6 GB Graphics/NVIDIA GeForce RTX 3060) FX566HM-AZ096TS Gaming Laptop  (15.6 inch, Eclipse Gray, 2.30 kg, With MS Office)","Laptop, battery, adapter, cables and user manuals","Eclipse Gray,Gaming Laptop,Gaming,Intel,Core i9,16 GB,DDR4,Windows 10"
"HP Pavilion Gaming Ryzen 5 Hexa Core 5600H - (8 GB/512 GB SSD/Windows 11 Home/4 GB Graphics/NVIDIA GeForce GTX 1650) 15-EC2150AX Gaming Laptop  (15.6 inch, Shadow Black & Ultra Violet, 1.98 kg)","Laptop, Power Adaptor, User Guide, Warranty Documents","Shadow Black & Ultra Violet,Gaming Laptop,Gaming,AMD,Ryzen 5 Hexa Core,8 GB,DDR4,Windows 11 Home"
"HP x360 Core i3 11th Gen - (8 GB/256 GB SSD/Chrome OS) 14c-cc0009TU 2 in 1 Laptop  (14 inch, Mineral Silver, 1.49 Kg)","Laptop, Power Adaptor, HP Rechargeable MPP 2.0 Tilt Pen, User Guide, Warranty Documents","Mineral Silver,2 in 1 Laptop,Processing & Multitasking,Intel,Core i3,8 GB,DDR4,Chrome"
"DELL DELL INSPIRON 3515 2021 SERIES Ryzen 3 Dual Core AMD RYZEN 3 3250U - (8 GB/1 TB HDD/Windows 10) Inspiron 3515 Laptop  (15.6 inch, Carbon Silver, With MS Office)","Laptop, Adaptor","Carbon Silver,Laptop,Entertainment, Everyday Use, Performance, Processing & Multitasking, Travel & Business,AMD,Ryzen 3 Dual Core,8 GB,DDR4,Windows 10"
"HP Spectre x360 14 Intel EVO Core i7 11th Gen - (16 GB/1 TB SSD/Windows 10 Pro) 14-ea0077TU 2 in 1 Laptop  (13.5 inch, Poseidon Blue, 1.34 Kg)","Laptop, Power Adaptor, User Guide, Warranty Documents","Poseidon Blue,2 in 1 Laptop,Processing & Multitasking,Intel,Core i7,16 GB,LPDDR4X,Windows 10 Pro"
"HP Pavilion Ryzen 7 Octa Core 5800U - (16 GB/1 TB SSD/Windows 11 Home) 13-BE0208AU Thin and Light Laptop  (13.3 Inch, Pale Rose Gold, 0.97 Kg, With MS Office)","Laptop, battery, Power adapter, warranty document, user guide, USB Ethernet adapter","Pale Rose Gold,Thin and Light Laptop,Processing & Multitasking,AMD,Ryzen 7 Octa Core,16 GB,DDR4,Windows 11 Home"
"HP Pavilion Aero Laptop Ryzen 5 Hexa Core 5600U - (16 GB/512 GB SSD/Windows 11 Home) 13-BE0206AU Thin and Light Laptop  (13.3 inch, Natural Silver, 0.97 kg, With MS Office)","Laptop, battery, adapter, cables and user manuals","Natural Silver,Thin and Light Laptop,Processing & Multitasking,AMD,Ryzen 5 Hexa Core,16 GB,DDR4,Windows 11 Home"
"HP Pavilion Gaming Ryzen 7 Octa Core 5800H - (16 GB/512 GB SSD/Windows 11 Home/4 GB Graphics/NVIDIA GeForce RTX 3050) 15-EC2146AX Gaming Laptop  (15.6 inch, Shadow Black & Ultra Violet, 1.98 kg)","Laptop, Power Adaptor, User Guide, Warranty Documents","Shadow Black & Ultra Violet,Gaming Laptop,Gaming,AMD,Ryzen 7 Octa Core,16 GB,DDR4,Windows 11 Home"
"HP Core i5 11th Gen - (8 GB/512 GB SSD/Windows 11 Home) 14s-ef1001tu Thin and Light Laptop  (14 Inch, Natural Silver, 1.49 Kg, With MS Office)","Laptop, battery, Power adapter, warranty document, user guide, USB Ethernet adapter","Natural Silver,Thin and Light Laptop,Processing & Multitasking,Intel,Core i5,8 GB,DDR4,Windows 11 Home"
"HP Pavilion Core i7 11th Gen - (16 GB/512 GB SSD/Windows 11 Home/4 GB Graphics/NVIDIA GeForce RTX RTX 3050) 15-DK2096TX Gaming Laptop  (15.6 Inch, Shadow Black & Ultra Violet, 2.23 Kg, With MS Office)","Laptop, battery, Power adapter, warranty document, user guide, USB Ethernet adapter","Shadow Black & Ultra Violet,Gaming Laptop,Gaming, Processing & Multitasking,Intel,Core i7,16 GB,DDR4,Windows 11 Home"
"HP x360 Core i5 11th Gen - (8 GB/256 GB SSD/Chrome OS) 14c-cc0010TU Chromebook  (14 inch, Mineral Silver, 1.49 kg)","Laptop, Power Adaptor, Battery, Warranty Documents, User Guide","Mineral Silver,Chromebook,Processing & Multitasking,Intel,Core i5,8 GB,DDR4,Chrome"
"HP OMEN Core i7 11th Gen - (16 GB/1 TB SSD/Windows 10 Home/8 GB Graphics/NVIDIA GeForce RTX 3070) 16-b0370TX Gaming Laptop  (16.1 inch, Shadow Black, 2.32 kg, With MS Office)","Laptop, Power Adapter, User Guide, Warranty Documents","Shadow Black,Gaming Laptop,Gaming,Intel,Core i7,16 GB,DDR4,Windows 10 Home"
"HP Pavilion Ryzen 5 Hexa Core 5600H - (8 GB/512 GB SSD/Windows 11 Home/4 GB Graphics/NVIDIA GeForce GTX 3050) 15-EC2145AX Gaming Laptop  (15.6 inch, Shadow Black & Ultra Violet, 1.98 kg)","Laptop, Power Adaptor, Battery, Warranty Documents, User Guide","Shadow Black & Ultra Violet,Gaming Laptop,Gaming,AMD,Ryzen 5 Hexa Core,8 GB,DDR4,Windows 11 Home"
"HP Pavilion Core i5 11th Gen - (8 GB/512 GB SSD/Windows 11 Home) 14-dv1000TU Thin and Light Laptop  (14 inch, Natural Silver, 1.41 Kg, With MS Office)","Laptop, battery, Power adapter, warranty document, user guide, USB Ethernet adapter","Natural Silver,Thin and Light Laptop,Processing & Multitasking,Intel,Core i5,8 GB,DDR4,Windows 11 Home"
"HP Pavilion Core i5 11th Gen - (16 GB/512 GB SSD/Windows 11 Home) 14-dv1001TU Thin and Light Laptop  (14 inch, Natural Silver, 1.41 kg, With MS Office)","Laptop, Power Adaptor, Battery, Warranty Documents, User Guide","Natural Silver,Thin and Light Laptop,Processing & Multitasking,Intel,Core i5,16 GB,DDR4,Windows 11 Home"
"DELL Ryzen 5 Hexa Core 5600H - (8 GB/512 GB SSD/Windows 10/4 GB Graphics/NVIDIA GeForce RTX 3050) G15-5515 Gaming Laptop  (14.96 Inch, Specter Green, 2.5 kg, With MS Office)","Laptop, battery, adapter, cables and user manuals","Specter Green,Gaming Laptop,Everyday Use,AMD,Ryzen 5 Hexa Core,8 GB,DDR4,Windows 10"
"HP Pavilion Core i5 11th Gen - (8 GB/512 GB SSD/Windows 11 Home) 15-eg1000TU Thin and Light Laptop  (15.6 Inch, Natural Silver, 1.75 Kg, With MS Office)","Laptop, battery, Power adapter, warranty document, user guide, USB Ethernet adapter","Natural Silver,Thin and Light Laptop,Processing & Multitasking,Intel,Core i5,8 GB,DDR4,Windows 11 Home"
"ASUS Vivobook Pro 14X OLED (2021) Ryzen 9 Octa Core 5900HX - (16 GB/1 TB SSD/Windows 10 Home/4 GB Graphics/NVIDIA GeForce RTX RTX 3050/90 Hz) M7400QC-KM053TS Creator Laptop  (14 Inch, Black, 1.45 kg, With MS Office)","Laptop, Power Adaptor, User Guide, Warranty Documents","Black,Creator Laptop,Gaming, Processing & Multitasking,AMD,Ryzen 9 Octa Core,16 GB,DDR4,Windows 10 Home"
"ASUS Core i7 11th Gen - (8 GB/1 TB HDD/256 GB SSD/Windows 10 Home) K513EA-L703TS Thin and Light Laptop  (15.6 inch, Silver, With MS Office)","Laptop, Adaptor","Silver,Thin and Light Laptop,Entertainment, Processing & Multitasking, Performance,Intel,Core i7,8 GB,DDR4,Windows 10 Home"
"ASUS Vivobook 15 Core i3 10th Gen - (4 GB/1 TB HDD/Windows 10 Home) X509FA-EJ311TS Laptop  (15.6 inch, Transparent Silver, 1.90 kg, With MS Office)","Laptop, Power Adaptor, User Guide, Warranty Documents","Transparent Silver,Laptop,Processing & Multitasking,Intel,Core i3,4 GB,DDR4,Windows 10 Home"
"ASUS Vivobook 15 K513 Core i5 11th Gen - (8 GB/1 TB HDD/256 GB SSD/Windows 10 Home) K513EA-L503TS Laptop  (15.6 inch, Silver, 1.8 kg, With MS Office)","Laptop, battery, adapter, cables and user manuals","Silver,Laptop,Processing & Multitasking, Entertainment,Intel,Core i5,8 GB,DDR4,Windows 10 Home"
"MSI Creator Z16 Core i9 11th Gen - (16 GB/1 TB SSD/Windows 10 Home/6 GB Graphics/NVIDIA GeForce RTX 3060) Creator Z16 A11UET-272IN Gaming Laptop  (16 inch, Lunar Gray, 2.2 kg)","Laptop, power adapter, user guide","Lunar Gray,Gaming Laptop,Gaming, Processing & Multitasking,Intel,Core i9,16 GB,DDR4,Windows 10 Home"
"ASUS Vivobook X515EA Core i3 11th Gen - (8 GB/256 GB SSD/Windows 10 Home) X515EA Laptop  (15.6 inch, Transparent Silver, 1.8 kg, With MS Office)","Laptop, Power Adaptor, User Guide","Transparent Silver,Laptop,Everyday Use,Intel,Core i3,8 GB,DDR4,Windows 10 Home"
"Lenovo Ideapad 3 Core i5 10th Gen - (8 GB/512 GB SSD/Windows 11 Home/2 GB Graphics) 15IML05 Laptop  (15.6 inch, Platinum Grey, 1.85 kg, With MS Office)","Laptop, Power Adaptor, User Guide, Warranty Documents","Platinum Grey,Laptop,Processing & Multitasking,Intel,Core i5,8 GB,DDR4,Windows 11 Home"
"HP Core i3 10th Gen - (8 GB/512 GB SSD/Windows 10) 240 G8 Laptop  (14.1 inch, Black)","Laptop, Adaptor","Black,Laptop,Entertainment, Everyday Use, Performance, Processing & Multitasking, Travel & Business,Intel,Core i3,8 GB,DDR4,Windows 10"
"DELL Ryzen 5 Quad Core - (8 GB/1 TB SSD/Windows 10) Inspiron3515 Laptop  (15.6 inch, Carbon Silver, With MS Office)","Laptop, Adaptor","Carbon Silver,Laptop,Entertainment, Everyday Use, Performance, Processing & Multitasking, Travel & Business,AMD,Ryzen 5 Quad Core,8 GB,DDR4,Windows 10"
"Infinix INBook X1 Pro Core i7 10th Gen - (16 GB/512 GB SSD/Windows 11 Home) XL12 Thin and Light Laptop  (14 Inch, Starfall Grey, 1.48 kg)","Laptop, Power Adaptor, User Guide, Warranty Documents","Starfall Grey,Thin and Light Laptop,Processing & Multitasking,Intel,Core i7,16 GB,LPDDR4X,Windows 11 Home"
"HP Core i3 11th Gen - (8 GB/256 GB SSD/Windows 11 Home) 14s- dy2506TU Thin and Light Laptop  (14 inch, Natural Silver, 1.46 kg, With MS Office)","Laptop, Power Adaptor, Battery, Warranty Documents, User Guide","Natural Silver,Thin and Light Laptop,Processing & Multitasking,Intel,Core i3,8 GB,DDR4,Windows 11 Home"
"Infinix INBook X1 Core i3 10th Gen - (8 GB/256 GB SSD/Windows 11 Home) XL11 Thin and Light Laptop  (14 inch, Starfall Grey, 1.48 kg)","Laptop, Power Adaptor, User Guide, Warranty Documents","Starfall Grey,Thin and Light Laptop,Everyday Use, Performance, Processing & Multitasking,Intel,Core i3,8 GB,LPDDR4X,Windows 11 Home"
"Infinix INBook X1 Core i5 10th Gen - (8 GB/512 GB SSD/Windows 11 Home) XL11 Thin and Light Laptop  (14 inch, Starfall Grey, 1.48 kg)","Laptop, Power Adaptor, User Guide, Warranty Documents","Starfall Grey,Thin and Light Laptop,Everyday Use, Performance, Processing & Multitasking,Intel,Core i5,8 GB,LPDDR4X,Windows 11 Home"
"Infinix INBook X1 Core i3 10th Gen - (8 GB/256 GB SSD/Windows 11 Home) XL11 Thin and Light Laptop  (14 inch, Aurora Green, 1.48 kg)","Laptop, Power Adaptor, User Guide, Warranty Documents","Aurora Green,Thin and Light Laptop,Everyday Use, Performance, Processing & Multitasking,Intel,Core i3,8 GB,LPDDR4X,Windows 11 Home"
"Infinix INBook X1 Core i5 10th Gen - (8 GB/512 GB SSD/Windows 11 Home) XL11 Thin and Light Laptop  (14 inch, Noble Red, 1.48 kg)","Laptop, Power Adaptor, User Guide, Warranty Documents","Noble Red,Thin and Light Laptop,Processing & Multitasking,Intel,Core i5,8 GB,LPDDR4X,Windows 11 Home"
"Infinix INBook X1 Core i3 10th Gen - (8 GB/256 GB SSD/Windows 11 Home) XL11 Thin and Light Laptop  (14 inch, Noble Red, 1.48 kg)","Laptop, Power Adaptor, User Guide, Warranty Documents","Noble Red,Thin and Light Laptop,Everyday Use, Performance, Processing & Multitasking,Intel,Core i3,8 GB,LPDDR4X,Windows 11 Home"
"ASUS AMD Rhyzen 5 5600U Ryzen 5 Octa Core 1115G4 11th Gen - (16 GB/512 GB SSD/Windows 10 Home) UM325SA-KG512S Laptop  (13.3 inch, Pine Grey, 1.80 kg, With MS Office)","Laptop, Power Adaptor, User Guide","Pine Grey,Laptop,Processing & Multitasking,AMD,Ryzen 5 Octa Core,16 GB,DDR4,Windows 10 Home"
"Lenovo Core i3 11th Gen - (8 GB/512 GB SSD/Windows 11 Home) IdeaPad 3 15ITL6 Laptop  (15.6 inch, Arctic Grey, With MS Office)","Laptop, Power Adaptor, User Guide, Warranty Documents","Arctic Grey,Laptop,Processing & Multitasking,Intel,Core i3,8 GB,DDR4,Windows 11 Home"
"HP Core i3 11th Gen - (8 GB/1 TB HDD/Windows 10 Home) 15s-du3055TU Thin and Light Laptop  (15.6 Inch, Jet Black, 1.77 Kg, With MS Office)","Laptop, battery, Power adapter, warranty document, user guide, USB Ethernet adapter","Jet Black,Thin and Light Laptop,Processing & Multitasking,Intel,Core i3,8 GB,DDR4,Windows 10 Home"
"Lenovo IdeaPad Ryzen 5 Hexa Core 5500U - (8 GB/512 GB SSD/Windows 11 Home) ideapad 3 14ALC6UB Thin and Light Laptop  (14 inch, Abyss Blue, 1.66 kg, With MS Office)","Laptop, Power Adaptor, User Guide, Warranty Documents","Abyss Blue,Thin and Light Laptop,Processing & Multitasking,AMD,Ryzen 5 Hexa Core,8 GB,DDR4,Windows 11 Home"
"ASUS Core i5 11th Gen - (16 GB/1 TB HDD/256 GB SSD/Windows 10 Home) X712EA-AU511TS Thin and Light Laptop  (17.3 Inch, Transparent Silver, 2.30 KG, With MS Office)","Laptop, Battery, Power Adaptor, User Guide, Warranty Documents","Transparent Silver,Thin and Light Laptop,Processing & Multitasking,Intel,Core i5,16 GB,DDR4,Windows 10 Home"
"ASUS Vivobook Pro 14 OLED (2021) Ryzen 7 Octa Core 5800H - (16 GB/512 GB SSD/Windows 10 Home/4 GB Graphics/NVIDIA GeForce RTX RTX 3050/90 Hz) M3401QC-KM045TS Creator Laptop  (14 Inch, Quiet Blue, 1.40 kg, With MS Office)","Laptop, Power Adaptor, User Guide, Warranty Documents","Quiet Blue,Creator Laptop,Gaming, Processing & Multitasking,AMD,Ryzen 7 Octa Core,16 GB,DDR4,Windows 10 Home"
"ASUS Vivobook 14 Core i3 11th Gen - (8 GB/1 TB HDD/256 GB SSD/Windows 11 Home) X415EA-EB372WS Thin and Light Laptop  (14.1 inch, Transparent Silver, 1.6 kg, With MS Office)","Laptop, Power Adaptor, User Guide","Transparent Silver,Thin and Light Laptop,Travel & Business, Processing & Multitasking, Everyday Use, Entertainment, Performance,Intel,Core i3,8 GB,DDR4,Windows 11 Home"
"Lenovo Ideapad 5 Pro Ryzen 7 Octa Core 5800U - (16 GB/512 GB SSD/Windows 11 Home) 14ACN6 Thin and Light Laptop  (14 inch, Storm Grey, 1.38 kg, With MS Office)","Laptop, Power Adaptor, Battery, Warranty Documents, User Guide","Storm Grey,Thin and Light Laptop,Processing & Multitasking,AMD,Ryzen 7 Octa Core,16 GB,DDR4,Windows 11 Home"
"ASUS VivoBook 15 Celeron Dual Core - (4 GB/256 GB SSD/Windows 10 Home) X543MA-GQ1358T Laptop  (15.6 inch, Transparent Silver, 1.9 kg)","Laptop, Power Adaptor, User Guide","Transparent Silver,Laptop,Entertainment, Everyday Use, Performance, Processing & Multitasking,Intel,Celeron Dual Core,4 GB,DDR4,Windows 10 Home"
"HP Pavilion Core i5 11th Gen - (16 GB/512 GB SSD/Windows 11 Home) 14-dv1002TU Thin and Light Laptop  (14 inch, Tranquil Pink, 1.41 kg)","Laptop, battery, Power adapter, warranty document, user guide, USB Ethernet adapter","Tranquil Pink,Thin and Light Laptop,Processing & Multitasking,Intel,Core i5,16 GB,DDR4,Windows 11 Home"
"ASUS Chromebook Celeron Dual Core - (4 GB/64 GB EMMC Storage/Chrome OS) CX1101CMA-GJ0007 Chromebook  (11.6 Inch, Transparent Silver, 1.24 Kg)","Laptop, battery, Power adapter, warranty document, user guide, USB Ethernet adapter","Transparent Silver,Chromebook,Processing & Multitasking,Intel,Celeron Dual Core,4 GB,LPDDR4,Chrome"
"Lenovo Ideapad Gaming 3 Ryzen 5 Hexa Core 5600H - (8 GB/512 GB SSD/Windows 11 Home/4 GB Graphics/NVIDIA GeForce GTX 1650/120 Hz) 15ACH6| 15ACH6D1| IdeaPad Gaming3 15ACH6D1 Gaming Laptop  (15.6 inch, Shadow Black, 2.25$$kg kg)","Laptop, Power Adaptor, Battery, Warranty Documents, User Guide","Shadow Black,Gaming Laptop,Gaming,AMD,Ryzen 5 Hexa Core,8 GB,DDR4,Windows 11 Home"
"Lenovo IdeaPad 3 Core i3 11th Gen - (8 GB/256 GB SSD/Windows 11 Home) IdeaPad 3 15ITL6 Ub Thin and Light Laptop  (15.6 inch, Arctic Grey, 1.65 kg, With MS Office)","Laptop, Power Adaptor, User Guide, Warranty Documents","Arctic Grey,Thin and Light Laptop,Everyday Use, Processing & Multitasking,Intel,Core i3,8 GB,DDR4,Windows 11 Home"
"ASUS Core i3 11th Gen - (4 GB/256 GB SSD/Windows 11 Home) X415EA-EK302WS Thin and Light Laptop  (14 Inch, Transparent Silver, 1.60 kg, With MS Office)","Laptop, Battery, Power Adaptor, User Guide, Warranty Documents","Transparent Silver,Thin and Light Laptop,Processing & Multitasking,Intel,Core i3,4 GB,DDR4,Windows 11 Home"
"Avita Liber V14 Core i5 10th Gen - (8 GB/512 GB SSD/Windows 10 Home) NS14A8INF561-MB Thin and Light Laptop  (14 inch, Matt Black, 1.25 kg)","Laptop, Power Adaptor, User Guide, Warranty Documents","Matt Black,Thin and Light Laptop,Processing & Multitasking, Everyday Use, Travel & Business,Intel,Core i5,8 GB,DDR4,Windows 10 Home"
"DELL Inspiron Core i3 11th Gen - (8 GB/256 GB SSD/Windows 10) Inspiron 3511 Thin and Light Laptop  (15.6 inch, Carbon, 1.85 kg, With MS Office)","Laptop, battery, adapter, cables and user manuals","Carbon,Thin and Light Laptop,Everyday Use,Intel,Core i3,8 GB,DDR4,Windows 10"
"DELL Vostro Core i3 11th Gen - (4 GB/1 TB HDD/256 GB SSD/Windows 10) Vostro 3400 Thin and Light Laptop  (14 inch, Dune, 1.58 Kg, With MS Office)","Laptop, Battery, Adapter, Cables and User Manuals","Dune,Thin and Light Laptop,Everyday Use,Intel,Core i3,4 GB,DDR4,Windows 10"
"DELL Core i5 11th Gen - (16 GB/512 GB SSD/Windows 10) Inspiron 5418 Thin and Light Laptop  (14 Inch, Silver, 1.5 kg, With MS Office)","Laptop, battery, adapter, cables and user manuals","Silver,Thin and Light Laptop,Processing & Multitasking,Intel,Core i5,16 GB,DDR4,Windows 10"
"DELL Vostro Ryzen 5 Quad Core 3500U - (8 GB/512 GB SSD/Windows 10) Vostro 3405 Thin and Light Laptop  (14 inches, Dune, 1.58 kg, With MS Office)","Laptop, Battery, Adapter, Cables and User Manuals","Dune,Thin and Light Laptop,Processing & Multitasking, Everyday Use,AMD,Ryzen 5 Quad Core,8 GB,DDR4,Windows 10"
"MSI Core i3 10th Gen - (8 GB/256 GB SSD/Windows 10 Home) Modern 14 B10MW-658IN Thin and Light Laptop  (14 inch, Carbon Gray, 1.3 kg)","Laptop, Power Adaptor, User Guide","Carbon Gray,Thin and Light Laptop,Processing & Multitasking,Intel,Core i3,8 GB,DDR4,Windows 10 Home"
"ASUS Vivobook 15 Core i3 11th Gen - (8 GB/1 TB HDD/Windows 10 Home) X515EA-BR391TS Laptop  (15.6 inch, Slate Grey, 1.8 kg, With MS Office)","Laptop, Power Adaptor, User Guide","Slate Grey,Laptop,Everyday Use, Processing & Multitasking,Intel,Core i3,8 GB,DDR4,Windows 10 Home"
"MSI Core i3 10th Gen - (8 GB/512 GB SSD/Windows 10 Home) Modern 14 B10MW-657IN Thin and Light Laptop  (14 inch, Carbon Gray, 1.3 kg)","Laptop, Power Adaptor, User Guide","Carbon Gray,Thin and Light Laptop,Processing & Multitasking,Intel,Core i3,8 GB,DDR4,Windows 10 Home"
"MSI Core i7 10th Gen - (8 GB/512 GB SSD/Windows 10 Home) Modern 14 B10MW-659IN Thin and Light Laptop  (14 inch, Carbon Gray, 1.3 kg)","Laptop, Power Adaptor, User Guide","Carbon Gray,Thin and Light Laptop,Processing & Multitasking,Intel,Core i7,8 GB,DDR4,Windows 10 Home"
"MSI Prestige 14 Intel EVO Core i5 11th Gen - (16 GB/512 GB SSD/Windows 10 Home) Prestige 14Evo A11M-624IN Thin and Light Laptop  (14 inch, Carbon Gray, 1.29 kg)","Laptop, battery, power adapter, user guide","Carbon Gray,Thin and Light Laptop,Processing & Multitasking,Intel,Core i5,16 GB,LPDDR4X,Windows 10 Home"
"ASUS ASUS TUF Dash F15 Core i5 11th Gen - (16 GB/512 GB SSD/Windows 11 Home/6 GB Graphics/NVIDIA GeForce RTX 3060) FX516PMZ-HN186WS Gaming Laptop  (15.6 inch, Moonlight White, 2 kg, With MS Office)","Laptop, Power Adaptor, User Guide, Warranty Documents","Moonlight White,Gaming Laptop,Gaming,Intel,Core i5,16 GB,DDR4,Windows 11 Home"
"ASUS VivoBook 15 (2022) Core i3 10th Gen - (4 GB/512 GB SSD/Windows 11 Home) X515JA-EJ372WS Thin and Light Laptop  (15.6 inch, Transparent Silver, 1.80 kg, With MS Office)","Laptop, Power Adaptor, User Guide, Warranty Documents","Transparent Silver,Thin and Light Laptop,Processing & Multitasking,Intel,Core i3,4 GB,DDR4,Windows 11 Home"
"ASUS VivoBook 15 (2022) Core i7 10th Gen - (16 GB/512 GB SSD/Windows 11 Home/Intel Integrated Iris Plus) X515JA-EJ701WS Gaming Laptop  (15.6 inch, Transparent Silver, 1.80 kg, With MS Office)","Laptop, battery, adapter, cables and user manuals","Transparent Silver,Gaming Laptop,Processing & Multitasking,Intel,Core i7,16 GB,DDR4,Windows 11 Home"
"ASUS VivoBook 15 (2022) Core i3 10th Gen - (8 GB/512 GB SSD/Windows 11 Home) X515JA-EJ362WS Thin and Light Laptop  (15.6 inch, Transparent Silver, 1.80 kg, With MS Office)","Laptop, Power Adaptor, User Guide, Warranty Documents","Transparent Silver,Thin and Light Laptop,Processing & Multitasking,Intel,Core i3,8 GB,DDR4,Windows 11 Home"
"ASUS VivoBook 15 (2022) Core i7 10th Gen - (16 GB/512 GB SSD/Windows 11 Home/Intel Integrated Iris Plus) X515JA-EJ701WS Gaming Laptop  (15.6 inch, Transparent Silver, 1.80 kg, With MS Office)","Laptop, battery, adapter, cables and user manuals","Transparent Silver,Gaming Laptop,Processing & Multitasking,Intel,Core i7,16 GB,DDR4,Windows 11 Home"
"ASUS VivoBook 15 (2022) Core i3 10th Gen - (8 GB/512 GB SSD/Windows 11 Home) X515JA-EJ362WS Thin and Light Laptop  (15.6 inch, Transparent Silver, 1.80 kg, With MS Office)","Laptop, Power Adaptor, User Guide, Warranty Documents","Transparent Silver,Thin and Light Laptop,Processing & Multitasking,Intel,Core i3,8 GB,DDR4,Windows 11 Home"
"DELL Core i5 11th Gen - (8 GB/1 TB HDD/Windows 10) 3400 Laptop  (15 inch, Dune, With MS Office)","Laptop, Power Adaptor, User Guide, Warranty Documents","Dune,Laptop,Everyday Use,Intel,Core i5,8 GB,DDR4,Windows 10"
"Lenovo Legion 5 Ryzen 5 Hexa Core 5600H - (8 GB/512 GB SSD/Windows 11 Home/4 GB Graphics/NVIDIA GeForce GTX NVIDIA® GEFORCE® GTX 1650 (4GB GDDR6)/60 Hz) 15ACH6 Gaming Laptop  (15.6 inch, Phantom BLUE, 2.4 kg)","Laptop, Power Adaptor, User Guide, Warranty Documents","Phantom BLUE,Gaming Laptop,Processing & Multitasking, Gaming,AMD,Ryzen 5 Hexa Core,8 GB,DDR4,Windows 11 Home"
"HP Core i3 11th Gen - (8 GB/512 GB SSD/Windows 11 Home) 15s-du3564TU Thin and Light Laptop  (15.6 inch, Natural Silver, 1.75 kg, With MS Office)","Laptop, battery, adapter, cables and user manuals","Natural Silver,Thin and Light Laptop,Processing & Multitasking,Intel,Core i3,8 GB,DDR4,Windows 11 Home"
"ASUS Vivobook 15 Core i3 11th Gen - (8 GB/1 TB HDD/Windows 10 Home) X515EA-BR391TS Laptop  (15.6 inch, Slate Grey, 1.8 kg, With MS Office)","Laptop, Power Adaptor, User Guide","Slate Grey,Laptop,Everyday Use, Processing & Multitasking,Intel,Core i3,8 GB,DDR4,Windows 10 Home"
"DELL Core i3 11th Gen - (8 GB/256 GB SSD/Windows 10) 3511 Laptop  (15.6 inch, Mist Blue Speckle, With MS Office)","Laptop, Power Adaptor, User Guide, Warranty Documents","Mist Blue Speckle,Laptop,Everyday Use,Intel,Core i3,8 GB,DDR4,Windows 10"
"ASUS Vivobook 14 Ryzen 3 Dual Core AMD Ryzen 3 3250U - (8 GB/256 GB SSD/Windows 10 Home) M415DA-EK322TS Thin and Light Laptop  (14.1 inch, Transparent Silver, 1.5 kg, With MS Office)","Laptop, Power Adaptor, User Guide","Transparent Silver,Thin and Light Laptop,Travel & Business, Everyday Use, Performance, Processing & Multitasking,AMD,Ryzen 3 Dual Core,8 GB,DDR4,Windows 10 Home"
"ASUS ROG Zephyrus G14 Ryzen 9 Octa Core AMD Ryzen™ 9 5900HS Processor 5th Gen - (16 GB/1 TB SSD/Windows 10 Home/4 GB Graphics/NVIDIA GeForce RTX3050Ti/120 Hz) GA401QEC-K2128TS Gaming Laptop  (14 inch, Gray, 1.7 kg, With MS Office)","Laptop, Adapter, Manual, Sleeve","Gray,Gaming Laptop,Gaming, Processing & Multitasking,AMD,Ryzen 9 Octa Core,16 GB,DDR4,Windows 10 Home"
"DELL 3000 Core i3 11th Gen - (8 GB/1 TB HDD/Windows 11 Home) 3511 Laptop  (15.6 inch, Platinum Silver, With MS Office)","Laptop, Adapter, Power Cable, User Manual.","Platinum Silver,Laptop,Everyday Use,Intel,Core i3,8 GB,DDR4,Windows 11 Home"
"acer Intel EVO Swift 3 Core i5 11th Gen - (8 GB/512 GB SSD/Windows 11 Home) SF314-511 Thin and Light Laptop  (14 inch, Pure Silver, 1.2 kg, With MS Office)","Laptop, Power Adaptor, User Guide, Warranty Documents","Pure Silver,Thin and Light Laptop,Entertainment, Everyday Use, Processing & Multitasking, Travel & Business,Intel,Core i5,8 GB,LPDDR4X,Windows 11 Home"
"HP Pavilion Ryzen 5 Hexa Core 5500U - (16 GB/512 GB SSD/Windows 11 Home) 14-ec0037AU Thin and Light Laptop  (14 inch, Natural Silver, 1.41 kg, With MS Office)","Laptop, battery, Power adapter, warranty document, user guide, USB Ethernet adapter","Natural Silver,Thin and Light Laptop,Processing & Multitasking,AMD,Ryzen 5 Hexa Core,16 GB,DDR4,Windows 11 Home"
"Lenovo Core i7 10th Gen - (16 GB/512 GB SSD/Windows 10/2 GB Graphics) 20S0S1MC00 Business Laptop  (12 inch, Black)","LAPTOP, ADAPTER, USER MANUAL","Black,Business Laptop,Processing & Multitasking,Intel,Core i7,16 GB,DDR4,Windows 10"
"HP Pavilion Core i5 11th Gen - (8 GB/512 GB SSD/Windows 10 Home) 15-eg0547TU Thin and Light Laptop  (15.6 inch, Natural Silver, 1.75 kg, With MS Office)","Laptop, Power Adaptor, User Guide","Natural Silver,Thin and Light Laptop,Processing & Multitasking,Intel,Core i5,8 GB,DDR4,Windows 10 Home"
"HP Ryzen 7 Octa Core 5700U - (8 GB/512 GB SSD/Windows 10 Home) 14s-fq1083AU Thin and Light Laptop  (14 inch, Natural Silver, 1.46 kg, With MS Office)","Laptop, battery, adapter, cables and user manuals","Natural Silver,Thin and Light Laptop,Processing & Multitasking,AMD,Ryzen 7 Octa Core,8 GB,DDR4,Windows 10 Home"
"ASUS ROG Zephyrus G14 Ryzen 7 Octa Core Ryzen 7-4800HS 4th Gen - (8 GB/1 TB SSD/Windows 10 Home/4 GB Graphics/NVIDIA GeForce GTX 1650/120 Hz) GA401IHR-K2067TS Gaming Laptop  (14 inch, White, 1.6 Kg, With MS Office)","Laptop, Power Adaptor, User Guide, Sleeve","White,Gaming Laptop,Gaming, Processing & Multitasking,AMD,Ryzen 7 Octa Core,8 GB,DDR4,Windows 10 Home"
"Lenovo Legion 5 Ryzen 7 Octa Core 5800H - (16 GB/1 TB SSD/Windows 10 Home/6 GB Graphics/NVIDIA GeForce RTX 3060) 15ACH6H Gaming Laptop  (15.6 inch, Phantom Blue, Shadow Black, 2.4 kg, With MS Office)","Laptop, Power Adaptor, User Guide, Warranty Documents","Phantom Blue, Shadow Black,Gaming Laptop,Gaming, Processing & Multitasking,AMD,Ryzen 7 Octa Core,16 GB,DDR4,Windows 10 Home"
"Lenovo Yoga 6 Ryzen 7 Octa Core 5700U - (16 GB/512 GB SSD/Windows 11 Home) 13ALC6 2 in 1 Laptop  (13.3 inch, Abyss Blue, 1.32 kg, With MS Office)","Laptop, battery, adapter, cables and user manuals","Abyss Blue,2 in 1 Laptop,Processing & Multitasking,AMD,Ryzen 7 Octa Core,16 GB,DDR4,Windows 11 Home"
"ASUS ROG Zephyrus G14 Ryzen 7 Octa Core Ryzen 7-4800HS 4th Gen - (8 GB/1 TB SSD/Windows 10 Home/4 GB Graphics/NVIDIA GeForce GTX 1650/144 Hz) GA401IHR-HZ070TS Gaming Laptop  (14 inch, Grey, 1.6 Kg, With MS Office)","Laptop, Power Adaptor, User Guide, Sleeve","Grey,Gaming Laptop,Gaming, Processing & Multitasking,AMD,Ryzen 7 Octa Core,8 GB,DDR4,Windows 10 Home"
"ASUS ROG Zephyrus 14 Ryzen 7 Octa Core AMD Ryzen™ 7 5800H 5th Gen - (8 GB/1 TB SSD/Windows 10 Home/4 GB Graphics/NVIDIA GeForce GTX 1650/144 Hz) GA401QH-HZ077TS Gaming Laptop  (14 inch, White, 1.6 kg, With MS Office)","Laptop, Charger, Manual, Sleeve","White,Gaming Laptop,Gaming, Performance, Processing & Multitasking, Travel & Business,AMD,Ryzen 7 Octa Core,8 GB,DDR4,Windows 10 Home"
"Lenovo IdeaPad 3 Celeron Dual Core - (4 GB/256 GB SSD/Windows 10 Home) 14IGL05 Thin and Light Laptop  (14 inch, Platinum Grey, 1.5 Kg)","Laptop, Power Adaptor, Battery, Warranty Documents, User Guide","Platinum Grey,Thin and Light Laptop,Processing & Multitasking,Intel,Celeron Dual Core,4 GB,DDR4,Windows 10 Home"
"Lenovo Celeron Dual Core - (4 GB/1 TB HDD/DOS) V15-IGL Laptop  (15.6 inch, Grey, 1.85 kg)","Laptop, Power Adapter, User Guide, Warranty Documents","Grey,Laptop,Everyday Use,Intel,Celeron Dual Core,4 GB,DDR4,DOS"
"MSI Pulse GL66 Core i7 11th Gen - (16 GB/1 TB SSD/Windows 10 Home/8 GB Graphics/NVIDIA GeForce RTX 3070) Pulse GL66 11UGK-431IN Gaming Laptop  (15.6 Inch, Gray, 2.25 kg)","Laptop, battery, power adapter, user guide","Gray,Gaming Laptop,Processing & Multitasking,Intel,Core i7,16 GB,DDR4,Windows 10 Home"
"DELL Inspiron Core i3 10th Gen - (8 GB/1 TB HDD/Windows 10) Inspiron 3511 Thin and Light Laptop  (15.6 inch, Carbon, 1.85 kg, With MS Office)","Laptop, battery, adapter, cables and user manuals","Carbon,Thin and Light Laptop,Everyday Use,Intel,Core i3,8 GB,DDR4,Windows 10"
"MSI Katana GF66 Core i5 11th Gen - (16 GB/512 GB SSD/Windows 10 Home/4 GB Graphics/NVIDIA GeForce RTX 3050Ti) Katana GF66 11UD-876IN Gaming Laptop  (15.6 Inch, Black, 2.25 kg)","Laptop, battery, power adapter, user guide","Black,Gaming Laptop,Processing & Multitasking,Intel,Core i5,16 GB,DDR4,Windows 10 Home"
"Lenovo Yoga 6 Ryzen 5 Hexa Core 5500U - (16 GB/512 GB SSD/Windows 11 Home) Yoga 6 Thin and Light Laptop  (13.3 inch, Abyss_blue, 1.31 kg, With MS Office)","Laptop, Power Adaptor, User Guide, Warranty Documents","Abyss_blue,Thin and Light Laptop,Processing & Multitasking,AMD,Ryzen 5 Hexa Core,16 GB,LPDDR4X,Windows 11 Home"
"Lenovo V15 Core i3 11th Gen - (4 GB/256 GB SSD/Windows 10 Home) V15 G2 ITL Thin and Light Laptop  (15.6 inch, Iron Grey)","Laptop , Adapter & User Manuals","Iron Grey,Thin and Light Laptop,Processing & Multitasking,Intel,Core i3,4 GB,DDR4,Windows 10 Home"
"APPLE 2021 Macbook Pro M1 Pro - (16 GB/1 TB SSD/Mac OS Monterey) MKGQ3HN/A  (14.2 inch, Space Grey?, 1.6 kg)","14 inch MacBook Pro, USB-C Power Adapter, USB-C to MagSafe 3 Cable (2 m)","Space Grey?,Thin and Light Laptop,Processing & Multitasking,Apple,M1 Pro,16 GB,Unified Memory,Mac OS Monterey"
"Lenovo Core i5 10th Gen - (8 GB/1 TB HDD/Windows 10 Home/4 GB Graphics/NVIDIA GeForce GTX NVIDIA GeForce GTX 1650 4GB GDDR6) 81Y40183IN Gaming Laptop  (15.6 inch, Onyx Black)","LAPTOP, ADAPTER, USER MANUAL","Onyx Black,Gaming Laptop,Gaming,Intel,Core i5,8 GB,DDR4,Windows 10 Home"
"ASUS ROG Strix G15 Ryzen 7 Octa Core 4800H - (8 GB/512 GB SSD/Windows 10 Home/4 GB Graphics/NVIDIA GeForce GTX 1650) G513IH-HN081T Gaming Laptop  (15.6 inch, Electro Punk, 2.10 kg)","Laptop, battery, adapter, cables and user manuals","Electro Punk,Gaming Laptop,Gaming,AMD,Ryzen 7 Octa Core,8 GB,DDR4,Windows 10 Home"
"acer Nitro 5 Ryzen 7 Octa Core 5800H - (16 GB/1 TB HDD/256 GB SSD/Windows 10 Home/4 GB Graphics/NVIDIA GeForce RTX 3050 Ti) AN515-45/ AN515-45-R3FB Gaming Laptop  (15.6 inch, Shale Black, 2.4 kg)","Laptop, Power Adaptor, User Guide, Warranty Documents","Shale Black,Gaming Laptop,Gaming,AMD,Ryzen 7 Octa Core,16 GB,DDR4,Windows 10 Home"
"HP Spectre x360 14 Intel EVO Core i7 11th Gen - (16 GB/1 TB SSD/Windows 10 Home) 14-ea0541TU 2 in 1 Laptop  (13.5 inch, Nightfall Black, 1.34 Kg)","Laptop, Power Adaptor, User Guide, Warranty Documents","Nightfall Black,2 in 1 Laptop,Processing & Multitasking,Intel,Core i7,16 GB,LPDDR4X,Windows 10 Home"
"HP Pavilion x360 Core i3 11th Gen - (8 GB/512 GB SSD/Windows 10 Home) 14-dy0002TU Thin and Light Laptop  (14 inch, Natural Silver, 1.52 kg, With MS Office)","Laptop, Power Adapter, User Guide, Warranty Documents","Natural Silver,Thin and Light Laptop,Processing & Multitasking,Intel,Core i3,8 GB,DDR4,Windows 10 Home"
"HP Pavilion Ryzen 5 Hexa Core 5500U - (16 GB/512 GB SSD/Windows 10 Home) 14-ec0033AU Thin and Light Laptop  (14 inch, Natural Silver, 1.41 kg, With MS Office)","Laptop, battery, adapter, cables and user manuals","Natural Silver,Thin and Light Laptop,Processing & Multitasking,AMD,Ryzen 5 Hexa Core,16 GB,DDR4,Windows 10 Home"
"Lenovo IdeaPad 3 Core i3 10th Gen - (8 GB/256 GB SSD/Windows 10 Home) 15IIL05 Laptop  (15.6 inch, Platinum Grey, 1.85 kg, With MS Office)","Laptop, battery, adapter, cables and user manuals","Platinum Grey,Laptop,Processing & Multitasking,Intel,Core i3,8 GB,DDR4,Windows 10 Home"
"ASUS Ryzen 7 Octa Core 4th Gen - (8 GB/512 GB SSD/Windows 10/4 GB Graphics/NVIDIA GeForce GTX GTX1650- 4GB) G513IH-HN081T Gaming Laptop  (15.6 inch, Electro Punk)","Laptop, Power Adaptor, User Guide","Electro Punk,Gaming Laptop,Everyday Use,AMD,Ryzen 7 Octa Core,8 GB,DDR4,Windows 10"
"acer Extensa 15 Core i3 11th Gen - (4 GB/256 GB SSD/Windows 10 Home) EX215-54 Thin and Light Laptop  (15.6 inch, Charcoal Black)","Laptop, Power Adapter, User Guide, Warranty Documents","Charcoal Black,Thin and Light Laptop,Processing & Multitasking,Intel,Core i3,4 GB,DDR4,Windows 10 Home"
"Lenovo Core i3 10th Gen - (4 GB/256 GB SSD/Windows 10 Home) 81WD010TIN Laptop  (12 inch, Blue, With MS Office)","Laptop, Power Adaptor, User Guide","Blue,Laptop,Everyday Use,Intel,Core i3,4 GB,DDR4,Windows 10 Home"
"acer Aspire Athlon Dual Core 3050U - (4 GB/256 GB SSD/Windows 10 Home) A315-23 Laptop  (15.6 inch, Pure Silver, 1.9 kg)","Laptop, Power Adaptor, User Guide, Warranty Documents","Pure Silver,Laptop,Everyday Use, Processing & Multitasking,AMD,Athlon Dual Core,4 GB,DDR4,Windows 10 Home"
"Lenovo Core i3 10th Gen - (4 GB/256 GB SSD/Windows 10 Home) 81WB010XIN Laptop  (15.6 inch, Platinum Grey, With MS Office)","Laptop, Power Adaptor, User Guide","Platinum Grey,Laptop,Everyday Use,Intel,Core i3,4 GB,DDR4,Windows 10 Home"
"DELL Inspiron Core i3 10th Gen - (8 GB/256 GB SSD/Windows 10) Inspiron 3511 Thin and Light Laptop  (15.6 inch, Accent Black, 1.85 kg, With MS Office)","Laptop, battery, adapter, cables and user manuals","Accent Black,Thin and Light Laptop,Everyday Use,Intel,Core i3,8 GB,DDR4,Windows 10"
"DELL Insprion 3511 Core i3 11th Gen - (8 GB/1 TB HDD/Windows 10 Home) D560567WIN9B Laptop  (15.6 inch, Carbon Black, With MS Office)","Laptop, Power Adaptor, User Guide, Warranty Documents","Carbon Black,Laptop,Everyday Use,Intel,Core i3,8 GB,DDR4,Windows 10 Home"
"Lenovo IdeaPad 3 Chromebook Celeron Dual Core 4th Gen - (4 GB/64 GB EMMC Storage/Chrome OS) 14IGL05 Chromebook  (14 inch, Platinum Grey, 1.4 kg)","Laptop, Power Adapter, User Guide, Warranty Documents","Platinum Grey,Chromebook,Processing & Multitasking,Intel,Celeron Dual Core,4 GB,LPDDR4,Chrome"
"DELL G15 Ryzen 5 Hexa Core 5600H - (8 GB/512 GB SSD/Windows 10/4 GB Graphics/NVIDIA GeForce RTX 3050) G15-5515 Gaming Laptop  (15.6 Inch, Phantom Grey, 2.4 kg, With MS Office)","Laptop, battery, adapter, cables and user manuals","Phantom Grey,Gaming Laptop,Gaming,AMD,Ryzen 5 Hexa Core,8 GB,DDR4,Windows 10"
"HP OMEN Ryzen 9 Octa Core 5900H - (16 GB/1 TB SSD/Windows 10 Home/8 GB Graphics/AMD Radeon RX 6600M) 16-C0141AX Gaming Laptop  (16.1 inch, Mica Silver, 2.23 kg, With MS Office)","Laptop, Power Adapter, User Guide, Warranty Documents","Mica Silver,Gaming Laptop,Gaming,AMD,Ryzen 9 Octa Core,16 GB,DDR4,Windows 10 Home"
"ASUS Vivobook 15 Core i5 11th Gen - (8 GB/1 TB HDD/256 GB SSD/Windows 10 Home/2 GB Graphics) X515EP-BQ512TS Thin and Light Laptop  (15.6 inch, Transparent Silver, With MS Office)","Laptop, Power Adaptor, User Guide","Transparent Silver,Thin and Light Laptop,Processing & Multitasking, Everyday Use, Performance, Gaming, Entertainment,Intel,Core i5,8 GB,DDR4,Windows 10 Home"
"DELL Core i5 11th Gen - (16 GB/512 GB SSD/Windows 10 Home) D560587WIN9S Laptop  (15.6 inch, Platinum Silver, With MS Office)","Laptop, battery, adapter, cables and user manuals","Platinum Silver,Laptop,Everyday Use,Intel,Core i5,16 GB,DDR4,Windows 10 Home"
"DELL G15 Core i7 11th Gen - (16 GB/1 TB SSD/Windows 10/6 GB Graphics/NVIDIA GeForce RTX 3060/120 Hz) G15-5511 Gaming Laptop  (15.6 inch, Dark Shadow Grey, 2.4 Kg, With MS Office)","Laptop, Battery, Adapter, Cables and User Manuals","Dark Shadow Grey,Gaming Laptop,Gaming, Processing & Multitasking,Intel,Core i7,16 GB,DDR4,Windows 10"
"DELL Inspiron Core i5 11th Gen - (8 GB/1 TB HDD/256 GB SSD/Windows 10/2 GB Graphics) Inspiron 3511 Thin and Light Laptop  (15.6 inch, Carbon, 1.85 kg, With MS Office)","Laptop, battery, adapter, cables and user manuals","Carbon,Thin and Light Laptop,Everyday Use,Intel,Core i5,8 GB,DDR4,Windows 10"
"Nokia PureBook S14 Core i5 11th Gen - (8 GB/512 GB SSD/Windows 11 Home) NKi511TL85S Thin and Light Laptop  (14 inch, Black, 1.4 KG)","Laptop, Power Adaptor, User Guide with Warranty Terms and Conditions","Black,Thin and Light Laptop,Processing & Multitasking,Intel,Core i5,8 GB,DDR4,Windows 11 Home"
"Nokia PureBook S14 Core i5 11th Gen - (16 GB/512 GB SSD/Windows 11 Home) NKi511TL165S Thin and Light Laptop  (14 inch, Black, 1.4 KG)","Laptop, Power Adaptor, User Guide with Warranty Terms and Conditions","Black,Thin and Light Laptop,Processing & Multitasking,Intel,Core i5,16 GB,DDR4,Windows 11 Home"
"DELL Vostro Core i3 11th Gen - (8 GB/256 GB SSD/Windows 10) Vostro 3400 Thin and Light Laptop  (14 inch, Dune, 1.58 Kg, With MS Office)","Laptop, Battery, Adapter, Cables and User Manuals","Dune,Thin and Light Laptop,Everyday Use,Intel,Core i3,8 GB,DDR4,Windows 10"
"DELL Inspiron Core i5 11th Gen - (8 GB/512 GB SSD/Windows 10/2 GB Graphics) Inspiron 5410 2 in 1 Laptop  (14 inch, Platinum Silver, 1.5 Kg, With MS Office)","Laptop, Active Pen, Battery, Adapter, Cables and User Manuals","Platinum Silver,2 in 1 Laptop,Processing & Multitasking,Intel,Core i5,8 GB,DDR4,Windows 10"
"DELL Inspiron Core i5 11th Gen - (16 GB/512 GB SSD/Windows 10) Inspiron 5418 Thin and Light Laptop  (14 inch, Platinum Silver, 1.46 Kg, With MS Office)","Laptop, Battery, Adapter, Cables and User Manuals","Platinum Silver,Thin and Light Laptop,Processing & Multitasking,Intel,Core i5,16 GB,DDR4,Windows 10"
"DELL Inspiron Core i5 11th Gen - (8 GB/512 GB SSD/Windows 10) Inspiron 5410 2 in 1 Laptop  (14 inch, Platinum Silver, 1.5 Kg, With MS Office)","Laptop, Active Pen, Battery, Adapter, Cables and User Manuals","Platinum Silver,2 in 1 Laptop,Processing & Multitasking,Intel,Core i5,8 GB,DDR4,Windows 10"
"DELL Core i3 10th Gen - (8 GB/1 TB HDD/Windows 10) Inspiron 3511 Thin and Light Laptop  (14.96 inch, Platinum Silver, 1.85 kg, With MS Office)","Laptop, battery, adapter, cables and user manuals","Platinum Silver,Thin and Light Laptop,Everyday Use,Intel,Core i3,8 GB,DDR4,Windows 10"
"DELL G15 Ryzen 5 Hexa Core 5600H - (16 GB/512 GB SSD/Windows 10/4 GB Graphics/NVIDIA GeForce RTX 3050) G15-5515 Gaming Laptop  (15.6 Inch, Phantom Grey, 2.4 kg, With MS Office)","Laptop, battery, adapter, cables and user manuals","Phantom Grey,Gaming Laptop,Gaming,AMD,Ryzen 5 Hexa Core,16 GB,DDR4,Windows 10"
"DELL Core i3 10th Gen - (8 GB/1 TB HDD/256 GB SSD/Windows 10) Inspiron 3511 Thin and Light Laptop  (15.6 Inch, Platinum Silver, 1.85 kg, With MS Office)","Laptop, battery, adapter, cables and user manuals","Platinum Silver,Thin and Light Laptop,Everyday Use,Intel,Core i3,8 GB,DDR4,Windows 10"
"DELL Athlon Dual Core 3050U - (4 GB/256 GB SSD/Windows 10) Inspiron 3505 Thin and Light Laptop  (15.6 Inch, Soft Mint, 1.83 kg, With MS Office)","Laptop, battery, adapter, cables and user manuals","Soft Mint,Thin and Light Laptop,Everyday Use,AMD,Athlon Dual Core,4 GB,DDR4,Windows 10"
"HP Spectre x360 13 Series Intel EVO Core i5 11th Gen - (8 GB/512 GB SSD/Windows 10 Home) 13-aw2003TU Thin and Light Laptop  (13.3 inch, Poseidon Blue, 1.27 kg, With MS Office)","Laptop, Power Adapter, User Guide, Warranty Documents","Poseidon Blue,Thin and Light Laptop,Processing & Multitasking,Intel,Core i5,8 GB,LPDDR4X,Windows 10 Home"
"DELL Inspiron Core i3 10th Gen - (8 GB/1 TB HDD/256 GB SSD/Windows 10) Inspiron 3511 Thin and Light Laptop  (15.6 inch, Carbon, 1.85 kg, With MS Office)","Laptop, battery, adapter, cables and user manuals","Carbon,Thin and Light Laptop,Everyday Use,Intel,Core i3,8 GB,DDR4,Windows 10"
"DELL Inspiron Ryzen 5 Quad Core 3450U - (8 GB/256 GB SSD/Windows 10) Inspiron 3505 Notebook  (15.6 Inch, Soft Mint, 1.83 KG, With MS Office)","Laptop, Battery, Adapter, Cables, User Manuals","Soft Mint,Notebook,Processing & Multitasking, Everyday Use,AMD,Ryzen 5 Quad Core,8 GB,DDR4,Windows 10"
"Nokia PureBook S14 Core i5 10th Gen - (8 GB/512 GB SSD/Windows 10 Home) NKi510TL85S Thin and Light Laptop  (14 inch, Black, 1.4 KG)",USB C to USB A converter,"Black,Thin and Light Laptop,Processing & Multitasking,Intel,Core i5,8 GB,DDR4,Windows 10 Home"
"HP HP Envy Intel EVO Core i5 11th Gen - (16 GB/512 GB SSD/Windows 10 Home/4 GB Graphics) 14-eb0019TX Thin and Light Laptop  (14 inch, Natural Silver, 1.59 Kg, With MS Office)","Laptop, Power Adaptor, User Guide, Warranty Documents","Natural Silver,Thin and Light Laptop,Processing & Multitasking,Intel,Core i5,16 GB,DDR4,Windows 10 Home"
"DELL Vostro Core i5 11th Gen - (8 GB/512 GB SSD/Windows 10) Vostro 3000 Thin and Light Laptop  (14 inch, Accent Black, 1.58 Kg, With MS Office)","Laptop, Battery, Adapter, Cables and User Manuals","Accent Black,Thin and Light Laptop,Everyday Use,Intel,Core i5,8 GB,DDR4,Windows 10"
"DELL G15 Core i7 11th Gen - (16 GB/512 GB SSD/Windows 10/4 GB Graphics/NVIDIA GeForce RTX 3050Ti/120 Hz) G15-5511 Gaming Laptop  (15.6 inch, Dark Shadow Grey, 2.4 Kg, With MS Office)","Laptop, Battery, Adapter, Cables and User Manuals","Dark Shadow Grey,Gaming Laptop,Gaming, Processing & Multitasking,Intel,Core i7,16 GB,DDR4,Windows 10"
"DELL Vostro Core i5 11th Gen - (8 GB/1 TB HDD/256 GB SSD/Windows 10) Vostro 3400 Thin and Light Laptop  (14 inch, Accent Black, 1.58 Kg, With MS Office)","Laptop, Battery, Adapter, Cables and User Manuals","Accent Black,Thin and Light Laptop,Everyday Use,Intel,Core i5,8 GB,DDR4,Windows 10"
"DELL Core i5 11th Gen - (16 GB/512 GB SSD/Windows 10/2 GB Graphics) Inspiron 5410 2 in 1 Laptop  (14 inch, Platinum Silver, 1.5 kg, With MS Office)","Laptop, Active Pen, battery, adapter, cables and user manuals","Platinum Silver,2 in 1 Laptop,Processing & Multitasking,Intel,Core i5,16 GB,DDR4,Windows 10"
"DELL Inspiron Core i3 11th Gen - (8 GB/1 TB HDD/256 GB SSD/Windows 10) Inspiron 3511 Thin and Light Laptop  (15.6 inch, Carbon, 1.85 kg, With MS Office)","Laptop, battery, adapter, cables and user manuals","Carbon,Thin and Light Laptop,Everyday Use,Intel,Core i3,8 GB,DDR4,Windows 10"
"HP Spectre x360 14 Intel EVO Core i5 11th Gen - (16 GB/512 GB SSD/Windows 10 Pro) 14-ea0542TU 2 in 1 Laptop  (13.5 inch, Nightfall Black, 1.34 Kg)","Laptop, Power Adaptor, User Guide, Warranty Documents","Nightfall Black,2 in 1 Laptop,Processing & Multitasking,Intel,Core i5,16 GB,LPDDR4X,Windows 10 Pro"
"ASUS Core i5 10th Gen - (8 GB/1 TB HDD/Windows 10 Home) X515JA-EJ502T Thin and Light Laptop  (15.6 inch, Transparent Silver, 1.80 Kg)","Laptop, Battery, Adapter, Cables and User Manuals","Transparent Silver,Thin and Light Laptop,Processing & Multitasking,Intel,Core i5,8 GB,DDR4,Windows 10 Home"
"ASUS ROG Flow X13 Ryzen 9 Octa Core 5900HS - (16 GB/1 TB SSD/Windows 10 Home/4 GB Graphics/NVIDIA GeForce RTX 3050/120 Hz) GV301QC-K6100TS 2 in 1 Gaming Laptop  (13.4 inch, Off&Black, 1.30 Kg, With MS Office)","Laptop, Battery, Adapter, Cables and User Manuals","Off&Black,2 in 1 Gaming Laptop,Gaming, Processing & Multitasking,AMD,Ryzen 9 Octa Core,16 GB,LPDDR4X,Windows 10 Home"
"ASUS VivoBook K15 OLED (2022) Ryzen 5 Hexa Core 5500U - (8 GB/1 TB HDD/256 GB SSD/Windows 10 Home) KM513UA-L503TS Thin and Light Laptop  (15.6 inch, Transparent Silver, 1.80 kg, With MS Office)","Laptop, battery, adapter, cables and user manuals","Transparent Silver,Thin and Light Laptop,Processing & Multitasking,AMD,Ryzen 5 Hexa Core,8 GB,DDR4,Windows 10 Home"
"ASUS VivoBook K15 OLED (2022) Core i3 11th Gen - (8 GB/256 GB SSD/Windows 10 Home) K513EA-L302TS Thin and Light Laptop  (15.6 inch, Indie Black, 1.80 kg, With MS Office)","Laptop, Power Adaptor, User Guide, Warranty Documents","Indie Black,Thin and Light Laptop,Processing & Multitasking,Intel,Core i3,8 GB,DDR4,Windows 10 Home"
"ASUS ROG Flow X13 Ryzen 9 Octa Core 5900HS - (32 GB/1 TB SSD/Windows 10 Home/4 GB Graphics/NVIDIA GeForce RTX 3050 Ti/120 Hz) GV301QE-K6153TS 2 in 1 Gaming Laptop  (13.4 inch, Off&Black, 1.30 Kg, With MS Office)","Laptop, Battery, Adapter, Cables and User Manuals","Off&Black,2 in 1 Gaming Laptop,Gaming, Processing & Multitasking,AMD,Ryzen 9 Octa Core,32 GB,LPDDR4X,Windows 10 Home"
"ASUS ROG Strix Ryzen 9 Octa Core 5900HX - (16 GB/1 TB SSD/Windows 10 Home/4 GB Graphics/NVIDIA GeForce RTX 3050 Ti/300 Hz) G513QE-HF145T Gaming Laptop  (15.6 inch, Eclipse Gray, 2.10 kg)","Laptop, Power Adaptor, User Guide, Warranty Documents","Eclipse Gray,Gaming Laptop,Gaming,AMD,Ryzen 9 Octa Core,16 GB,DDR4,Windows 10 Home"
"ASUS Zephyrus M16 (2021) Core i7 11th Gen - (16 GB/1 TB SSD/Windows 10 Home/6 GB Graphics/NVIDIA GeForce RTX RTX 3060) GU603HM-K8073TS Gaming Laptop  (16 inch, Off Black, 1.90 kg, With MS Office)","Laptop, Power Adaptor, User Guide, Warranty Documents","Off Black,Gaming Laptop,Gaming,Intel,Core i7,16 GB,DDR4,Windows 10 Home"
"ASUS VivoBook K15 OLED (2021) Core i5 11th Gen - (16 GB/1 TB HDD/256 GB SSD/Windows 10 Home) K513EA-L523TS Thin and Light Laptop  (15.6 inch, Transparent Silver, 1.80 Kg, With MS Office)","Laptop, Power Adaptor, User Guide, Warranty Documents","Transparent Silver,Thin and Light Laptop,Processing & Multitasking,Intel,Core i5,16 GB,DDR4,Windows 10 Home"
"ASUS ROG Flow X13 Ryzen 9 Octa Core 5900HS - (32 GB/1 TB SSD/Windows 10 Home/4 GB Graphics/NVIDIA GeForce RTX 3050 Ti/60 Hz) GV301QE-K5152TS 2 in 1 Gaming Laptop  (13.4 inch, Off&Black, 1.30 Kg, With MS Office)","Laptop, Battery, Adapter, Cables and User Manuals","Off&Black,2 in 1 Gaming Laptop,Gaming, Processing & Multitasking,AMD,Ryzen 9 Octa Core,32 GB,LPDDR4X,Windows 10 Home"
"ASUS Zephyrus M16 (2021) Core i7 11th Gen - (16 GB/1 TB SSD/Windows 10 Home/4 GB Graphics/NVIDIA GeForce RTX RTX 3050) GU603HE-KR051TS Gaming Laptop  (16 inch, Off Black, 1.90 Kg kg, With MS Office)","Laptop, Power Adaptor, User Guide, Warranty Documents","Off Black,Gaming Laptop,Gaming,Intel,Core i7,16 GB,DDR4,Windows 10 Home"
"Lenovo Legion 5 Ryzen 5 Hexa Core 5600H - (8 GB/512 GB SSD/Windows 10 Home/4 GB Graphics/NVIDIA GeForce GTX 1650) 15ACH6 Gaming Laptop  (15.6 inch, Phantom Blue, Shadow Black, 2.4 kg)","Laptop, Power Adaptor, User Guide, Warranty Documents","Phantom Blue, Shadow Black,Gaming Laptop,Gaming, Processing & Multitasking,AMD,Ryzen 5 Hexa Core,8 GB,DDR4,Windows 10 Home"
"Lenovo IdeaPad Gaming 3 Core i5 11th Gen - (8 GB/512 GB SSD/Windows 10 Home/4 GB Graphics/NVIDIA GeForce GTX 1650/120 Hz) 15IHU6 Gaming Laptop  (15.6 inch, Shadow Black, 2.25 kg)","Laptop, Power Adapter, User Guide, Warranty Documents","Shadow Black,Gaming Laptop,Gaming,Intel,Core i5,8 GB,DDR4,Windows 10 Home"
"Lenovo IdeaPad 3 Core i5 11th Gen - (8 GB/512 GB SSD/Windows 10 Home) 15ITL6 Thin and Light Laptop  (15.6 inch, Arctic Grey, 1.65 kg, With MS Office)","Laptop, Power Adaptor, User Guide, Warranty Documents","Arctic Grey,Thin and Light Laptop,Processing & Multitasking,Intel,Core i5,8 GB,DDR4,Windows 10 Home"
"Lenovo Legion 5 Pro Core i7 11th Gen - (16 GB/1 TB SSD/Windows 11 Home/6 GB Graphics/NVIDIA GeForce RTX 3060) 16ITH6H Gaming Laptop  (16 inch, Stingray, With MS Office)","Laptop, Power Adapter, User Guide, Warranty Documents","Stingray,Gaming Laptop,Gaming,Intel,Core i7,16 GB,DDR4,Windows 11 Home"
"Lenovo IdeaPad 3 Celeron Dual Core 4th Gen - (4 GB/256 GB SSD/Windows 11 Home) 14IGL05 Thin and Light Laptop  (14 inch, Platinum Grey, 1.5 kg, With MS Office)","Laptop, Power Adapter, User Guide, Warranty Documents","Platinum Grey,Thin and Light Laptop,Processing & Multitasking,Intel,Celeron Dual Core,4 GB,DDR4,Windows 11 Home"
"Lenovo IdeaPad 5 Core i5 11th Gen - (16 GB/512 GB SSD/Windows 11 Home) 14ITL05 Thin and Light Laptop  (14 inch, Graphite Grey, With MS Office)","Laptop, Power Adapter, User Guide, Warranty Documents","Graphite Grey,Thin and Light Laptop,Processing & Multitasking,Intel,Core i5,16 GB,DDR4,Windows 11 Home"
"Lenovo Yoga 6 Ryzen 5 Hexa Core 5500U - (16 GB/512 GB SSD/Windows 10 Home) 13ALC6 Thin and Light Laptop  (13.3 inch, Abyss Blue, 1.31 kg, With MS Office)","Laptop, Power Adapter, User Guide, Warranty Documents","Abyss Blue,Thin and Light Laptop,Processing & Multitasking,AMD,Ryzen 5 Hexa Core,16 GB,DDR4,Windows 10 Home"
"Lenovo IdeaPad 3 Core i3 10th Gen - (8 GB/256 GB SSD/Windows 11 Home) 14IML05 Thin and Light Laptop  (14 inch, Platinum Grey, With MS Office)","Laptop, Power Adapter, User Guide, Warranty Documents","Platinum Grey,Thin and Light Laptop,Processing & Multitasking,Intel,Core i3,8 GB,DDR4,Windows 11 Home"
"Lenovo Legion 5 Ryzen 5 Hexa Core 4600H - (8 GB/1 TB HDD/256 GB SSD/Windows 10 Home/4 GB Graphics/NVIDIA GeForce GTX 1650/120 Hz) 15ARH05 Gaming Laptop  (15.6 inch, Phantom Black, 2.3 kg)","Laptop, Power Adaptor, User Guide, Warranty Documents","Phantom Black,Gaming Laptop,Gaming, Processing & Multitasking,AMD,Ryzen 5 Hexa Core,8 GB,DDR4,Windows 10 Home"
"Lenovo IdeaPad 3 Core i3 10th Gen - (8 GB/256 GB SSD/Windows 10 Home) 15IIL05 Laptop  (15.6 inch, Platinum Grey, 1.85 kg, With MS Office)","Laptop, Power Adapter, User Guide, Warranty Documents","Platinum Grey,Laptop,Processing & Multitasking,Intel,Core i3,8 GB,DDR4,Windows 10 Home"
"Lenovo IdeaPad 5 Core i5 11th Gen - (16 GB/512 GB SSD/Windows 11 Home/2 GB Graphics) 15ITL05 Thin and Light Laptop  (15.6 inch, Graphite Grey, With MS Office)","Laptop, Power Adapter, User Guide, Warranty Documents","Graphite Grey,Thin and Light Laptop,Processing & Multitasking,Intel,Core i5,16 GB,DDR4,Windows 11 Home"
"HP Ryzen 3 Hexa Core 4th Gen - (8 GB/512 GB SSD/Windows 10/4 GB Graphics/NVIDIA GeForce GTX 1650) 15-EC2008AX Gaming Laptop  (15.6 inch, Shadow Black, With MS Office)","Laptop, Power Adaptor, User Guide, Warranty Documents","Shadow Black,Gaming Laptop,Gaming,AMD,Ryzen 3 Hexa Core,8 GB,DDR4,Windows 10"
"ASUS Vivobook 15 Core i5 11th Gen - (8 GB/512 GB SSD/Windows 10 Home) X515EA-BQ522TS Laptop  (15.6 inch, Transparent Silver, 1.75 kg, With MS Office)","Laptop, Power Adaptor, User Guide","Transparent Silver,Laptop,Performance, Processing & Multitasking, Travel & Business,Intel,Core i5,8 GB,DDR4,Windows 10 Home"
"HP Pavilion Ryzen 5 Hexa Core 5500U - (8 GB/512 GB SSD/Windows 10 Home) 14-ec0035AU Thin and Light Laptop  (14 inch, Natural Silver, 1.41 Kg, With MS Office)","Laptop, Power Adaptor, User Guide, Warranty Documents","Natural Silver,Thin and Light Laptop,Processing & Multitasking,AMD,Ryzen 5 Hexa Core,8 GB,DDR4,Windows 10 Home"
"HP Pavilion Gaming Core i5 11th Gen - (8 GB/512 GB SSD/Windows 10 Home/4 GB Graphics/NVIDIA GeForce RTX 3050) 15-DK2012TX Gaming Laptop  (15.6 inch, Shadow Black & Ultra Violet, 2.23 kg, With MS Office)","Laptop, Power Adapter, User Guide, Warranty Documents","Shadow Black & Ultra Violet,Gaming Laptop,Gaming,Intel,Core i5,8 GB,DDR4,Windows 10 Home"
"Lenovo Thinkbook Convertible Core i7 11th Gen - (16 GB/512 GB SSD/Windows 10 Home) TB14s ITL Yoga 2 in 1 Laptop  (14 inch, Mineral Grey, 1.5 kg, With MS Office)","Laptop, Power Adaptor, User Guide, Warranty Documents","Mineral Grey,2 in 1 Laptop,Processing & Multitasking,Intel,Core i7,16 GB,DDR4,Windows 10 Home"
"Lenovo ThinkBook 13s Core i5 11th Gen - (8 GB/512 GB SSD/Windows 10 Home) TB13s ITL Gen 2 Thin and Light Laptop  (13 inch, Mineral Grey, 1.26 kg, With MS Office)","Laptop, Power Adaptor, User Guide, Warranty Documents","Mineral Grey,Thin and Light Laptop,Processing & Multitasking,Intel,Core i5,8 GB,DDR4,Windows 10 Home"
"Lenovo ThinkBook 13s Core i5 11th Gen - (16 GB/512 GB SSD/Windows 10 Home) TB13s ITL Gen 2 Thin and Light Laptop  (13 inch, Mineral Grey, 1.26 kg, With MS Office)","Laptop, Power Adaptor, User Guide, Warranty Documents","Mineral Grey,Thin and Light Laptop,Processing & Multitasking,Intel,Core i5,16 GB,DDR4,Windows 10 Home"
"Lenovo Core i3 11th Gen - (4 GB/256 GB SSD/Windows 10 Home) V15 ITL G2 Thin and Light Laptop  (15 inch, Black, 1.7 kg, With MS Office)","Laptop, Power Adaptor, User Guide, Warranty Documents","Black,Thin and Light Laptop,Processing & Multitasking,Intel,Core i3,4 GB,DDR4,Windows 10 Home"
"Lenovo Thinkpad Ryzen 5 Hexa Core 5600U - (8 GB/512 GB SSD/DOS) E14 AMD Gen3 Thin and Light Laptop  (14 inch, Black, 1.69 kg)","Laptop, Power Adaptor, User Guide, Warranty Documents","Black,Thin and Light Laptop,Processing & Multitasking,AMD,Ryzen 5 Hexa Core,8 GB,DDR4,DOS"
"Lenovo ThinkBook 13s Core i5 11th Gen - (8 GB/1 TB SSD/Windows 10 Home) TB13s ITL Gen 2 Thin and Light Laptop  (13.3 inch, Mineral Grey, 2.023 kg, With MS Office)","Laptop, Power Adaptor, User Guide, Warranty Documents","Mineral Grey,Thin and Light Laptop,Processing & Multitasking,Intel,Core i5,8 GB,DDR4,Windows 10 Home"
"Lenovo ThinkBook 13s Core i7 11th Gen - (16 GB/1 TB SSD/Windows 10 Home) TB13s ITL Gen 2 Thin and Light Laptop  (13 inch, Mineral Grey, 1.26 kg, With MS Office)","Laptop, Power Adaptor, User Guide, Warranty Documents","Mineral Grey,Thin and Light Laptop,Processing & Multitasking,Intel,Core i7,16 GB,LPDDR4,Windows 10 Home"
"HP Pavilion Gaming Core i7 11th Gen - (16 GB/512 GB SSD/Windows 10 Home/4 GB Graphics/NVIDIA GeForce RTX 3050) 15-DK2076TX Gaming Laptop  (15.6 Inch, Shadow Black & Ultra Violet, 2.23 kg, With MS Office)","Laptop, Power Adapter, User Guide, Warranty Documents","Shadow Black & Ultra Violet,Gaming Laptop,Gaming,Intel,Core i7,16 GB,DDR4,Windows 10 Home"
"Lenovo Core i5 11th Gen - (8 GB/512 GB SSD/Windows 10 Home) V14 ITL G2 Thin and Light Laptop  (14 inch, Iron Grey, 1.6 kg, With MS Office)","Laptop, Power Adaptor, User Guide, Warranty Documents","Iron Grey,Thin and Light Laptop,Processing & Multitasking,Intel,Core i5,8 GB,DDR4,Windows 10 Home"
"RedmiBook 15 Core i3 11th Gen - (8 GB/512 GB SSD/Windows 10 Home) Thin and Light Laptop  (15.6 Inch, Charcoal Gray, 1.8 kg, With MS Office)","1 Laptop, 1 Power Adaptor, 1 Power cord, User Manual","Charcoal Gray,Thin and Light Laptop,Processing & Multitasking,Intel,Core i3,8 GB,DDR4,Windows 10"
"Lenovo Core i3 10th Gen - (8 GB/256 GB SSD/Windows 10) 81WB011NIN Laptop  (15.6 inch, Platinum Grey, With MS Office)","Laptop, Power Adaptor, User Guide","Platinum Grey,Laptop,Everyday Use,Intel,Core i3,8 GB,DDR4,Windows 10"
"Lenovo Ryzen 3 Dual Core 3250U - (4 GB/1 TB HDD/Windows 10 Home) V15 -ADA Laptop  (15.6 inch, Iron Grey, 1.85 kg)","Laptop, Power Adaptor, User Guide, Warranty Documents","Iron Grey,Laptop,Processing & Multitasking,AMD,Ryzen 3 Dual Core,4 GB,DDR4,Windows 10 Home"
"acer Dual Core A3020e - (4 GB/256 GB SSD/Windows 10 Home) EX215-22 Laptop  (15.6 inch, Black, 1.9 kg)","Laptop, Power Adaptor, User Guide, Warranty Documents","Black,Laptop,Everyday Use, Processing & Multitasking,AMD,Dual Core,4 GB,DDR4,Windows 10 Home"
"HP Ryzen 3 Dual Core 3250U - (8 GB/256 GB SSD/Windows 10 Home) 15s-GY0501AU Thin and Light Laptop  (15.6 inch, Natural Silver, 1.69 kg, With MS Office)","Laptop, Power Adaptor, User Guide, Warranty Documents","Natural Silver,Thin and Light Laptop,Processing & Multitasking,AMD,Ryzen 3 Dual Core,8 GB,DDR4,Windows 10 Home"
"HP Pavilion Ryzen 7 Octa Core 5700U - (16 GB/512 GB SSD/Windows 10 Home/2 GB Graphics) 14-EC0007AX Thin and Light Laptop  (14 inch, Natural Silver, 1.41 kg, With MS Office)","Laptop, Power Adaptor, User Guide, Warranty Documents","Natural Silver,Thin and Light Laptop,Processing & Multitasking,AMD,Ryzen 7 Octa Core,16 GB,DDR4,Windows 10 Home"
"HP Pavilion Ryzen 5 Hexa Core 5500U - (16 GB/512 GB SSD/Windows 10 Home/2 GB Graphics) 14-ec0000AX Thin and Light Laptop  (14 inch, Natural Silver, 1.41 kg, With MS Office)","Laptop, Power Adaptor, User Guide, Warranty Documents","Natural Silver,Thin and Light Laptop,Processing & Multitasking,AMD,Ryzen 5 Hexa Core,16 GB,DDR4,Windows 10 Home"
"HP HP Envy Intel EVO Core i7 11th Gen - (16 GB/1 TB SSD/Windows 10 Home/2 GB Graphics) 13-ba1505TX Thin and Light Laptop  (13.3 inch, Natural Silver, 1.30 kg, With MS Office)","Laptop, Power Adaptor, User Guide, Warranty Documents","Natural Silver,Thin and Light Laptop,Processing & Multitasking,Intel,Core i7,16 GB,DDR4,Windows 10 Home"
"Lenovo Legion 5 Core i7 11th Gen - (16 GB/512 GB SSD/Windows 10 Home/4 GB Graphics/NVIDIA GeForce RTX 3050/120 Hz) 15ITH6 Gaming Laptop  (15.6 inch, Phantom Blue, Shadow Black, 2.4 Kg, With MS Office)","Laptop, Power Adaptor, User Guide, Warranty Documents","Phantom Blue, Shadow Black,Gaming Laptop,Gaming, Processing & Multitasking,Intel,Core i7,16 GB,DDR4,Windows 10 Home"
"Lenovo IdeaPad Gaming 3 Core i5 11th Gen - (8 GB/512 GB SSD/Windows 10 Home/4 GB Graphics/NVIDIA GeForce GTX 1650) 15IHU6 Gaming Laptop  (15.6 inch, Shadow Black, 2.25 kg, With MS Office)","Laptop, battery, adapter, cables and user manuals","Shadow Black,Gaming Laptop,Gaming,Intel,Core i5,8 GB,DDR4,Windows 10 Home"
"Lenovo IdeaPad 5 Pro Core i5 11th Gen - (16 GB/512 GB SSD/Windows 10 Home/2 GB Graphics) 14ITL6 Thin and Light Laptop  (14 Inch, Storm Grey, 1.41 kg, With MS Office)","Laptop, battery, adapter, cables and user manuals","Storm Grey,Thin and Light Laptop,Processing & Multitasking,Intel,Core i5,16 GB,DDR4,Windows 10 Home"
"Lenovo IdeaPad 3 Core i5 10th Gen - (8 GB/512 GB SSD/Windows 10 Home/2 GB Graphics) 15IML05 Thin and Light Laptop  (15.6 Inch, Platinum Grey, 1.7 kg, With MS Office)","Laptop, battery, adapter, cables and user manuals","Platinum Grey,Thin and Light Laptop,Processing & Multitasking,Intel,Core i5,8 GB,DDR4,Windows 10 Home"
"Lenovo IdeaPad Flex 3 Chromebook Celeron Dual Core - (4 GB/128 GB EMMC Storage/Chrome OS) CB 11IJL6 Chromebook  (11.6 inch, Arctic Grey, 1.25 kg)","Laptop, Power Adaptor, User Guide, Warranty Documents","Arctic Grey,Chromebook,Processing & Multitasking,Intel,Celeron Dual Core,4 GB,LPDDR4X,Chrome"
"Lenovo IdeaPad 3 Core i5 10th Gen - (8 GB/512 GB SSD/Windows 10 Home) 15IML05 Thin and Light Laptop  (15.6 Inch, Platinum Grey, 1.7 kg, With MS Office)","Laptop, battery, adapter, cables and user manuals","Platinum Grey,Thin and Light Laptop,Processing & Multitasking,Intel,Core i5,8 GB,DDR4,Windows 10 Home"
"acer Predator Helios 300 Core i7 11th Gen - (16 GB/1 TB HDD/512 GB SSD/Windows 10 Home/4 GB Graphics/NVIDIA GeForce RTX 3050ti/165 Hz) PH315-54 Gaming Laptop  (15.6 inch, Abyssal Black, 2.3 kg)","Laptop, Power Adaptor, User Guide, Warranty Documents","Abyssal Black,Gaming Laptop,Gaming,Intel,Core i7,16 GB,DDR4,Windows 10 Home"
"ASUS VivoBook 15 (2022) Core i3 11th Gen - (4 GB/256 GB SSD/Windows 10 Home) X515EA-EJ302TS Thin and Light Laptop  (15.6 inch, Transparent Silver, 1.80 kg, With MS Office)","Laptop, battery, adapter, cables and user manuals","Transparent Silver,Thin and Light Laptop,Processing & Multitasking,Intel,Core i3,4 GB,DDR4,Windows 10 Home"
"acer Predator Helios 300 Core i7 11th Gen - (16 GB/1 TB HDD/512 GB SSD/Windows 10 Home/4 GB Graphics/NVIDIA GeForce RTX 3050ti/165 Hz) PH315-54 Gaming Laptop  (15.6 inch, Abyssal Black, 2.3 kg)","Laptop, Power Adaptor, User Guide, Warranty Documents","Abyssal Black,Gaming Laptop,Gaming,Intel,Core i7,16 GB,DDR4,Windows 10 Home"
"ASUS VivoBook 15 (2022) Core i3 11th Gen - (4 GB/256 GB SSD/Windows 10 Home) X515EA-EJ302TS Thin and Light Laptop  (15.6 inch, Transparent Silver, 1.80 kg, With MS Office)","Laptop, battery, adapter, cables and user manuals","Transparent Silver,Thin and Light Laptop,Processing & Multitasking,Intel,Core i3,4 GB,DDR4,Windows 10 Home"
"ASUS Zenbook 14 (2021) Core i5 11th Gen - (8 GB/512 GB SSD/Windows 10 Home) UX425EA-KI501TS Thin and Light Laptop  (14 inch, Pine Grey, 1.17 kg, With MS Office)","Laptop, battery, adapter, cables and user manuals","Pine Grey,Thin and Light Laptop,Processing & Multitasking,Intel,Core i5,8 GB,LPDDR4X,Windows 10 Home"
"ASUS VivoBook 15 (2022) Core i5 11th Gen - (8 GB/1 TB HDD/256 GB SSD/Windows 10 Home) X515EA-EJ502TS Thin and Light Laptop  (15.6 inch, Transparent Silver, 1.80 kg, With MS Office)","Laptop, battery, adapter, cables and user manuals","Transparent Silver,Thin and Light Laptop,Processing & Multitasking,Intel,Core i5,8 GB,DDR4,Windows 10 Home"
"ASUS Ryzen 3 Dual Core 3250U 3rd Gen - (8 GB/256 GB SSD/Windows 10 Home) M515DA-BQ322TS Thin and Light Laptop  (15.6 inch, Transparent Silver, 1.80 kg, With MS Office)","Laptop, battery, adapter, cables and user manuals","Transparent Silver,Thin and Light Laptop,Processing & Multitasking,AMD,Ryzen 3 Dual Core,8 GB,DDR4,Windows 10 Home"
"acer Aspire 5 Core i5 11th Gen - (8 GB/1 TB HDD/Windows 10 Home) A514-54 Thin and Light Laptop  (14 inch, Pure Silver, 1.55 kg)","Laptop, Power Adapter, User Guide, Warranty Documents","Pure Silver,Thin and Light Laptop,Processing & Multitasking,Intel,Core i5,8 GB,DDR4,Windows 10 Home"
"acer Aspire 3 Ryzen 5 Quad Core 3500U - (8 GB/512 GB SSD/Windows 10 Home) A315-23 Notebook  (15.6 inch, Pure Silver, 1.9 Kg)","Laptop, Power Adaptor, User Guide, Warranty Documents","Pure Silver,Notebook,Everyday Use, Processing & Multitasking,AMD,Ryzen 5 Quad Core,8 GB,DDR4,Windows 10 Home"
"acer Aspire 5 Core i5 11th Gen - (8 GB/512 GB SSD/Windows 11 Home) A515-56-51EV Thin and Light Laptop  (15.6 inch, Pure Silver, 1.65 kg, With MS Office)","Laptop, Power Adapter, User Guide, Warranty Documents","Pure Silver,Thin and Light Laptop,Processing & Multitasking,Intel,Core i5,8 GB,DDR4,Windows 11 Home"
"acer Aspire 5 Core i5 11th Gen - (8 GB/1 TB HDD/256 GB SSD/Windows 10 Home) A515-56 Thin and Light Laptop  (15.6 inch, Pure Silver, 1.65 kg, With MS Office)","Laptop, Power Adapter, User Guide, Warranty Documents","Pure Silver,Thin and Light Laptop,Processing & Multitasking,Intel,Core i5,8 GB,DDR4,Windows 10 Home"
"acer Aspire 5 Core i5 11th Gen - (8 GB/1 TB HDD/256 GB SSD/Windows 11 Home) A515-56-56LN Thin and Light Laptop  (15.6 inch, Pure Silver, 1.65 kg, With MS Office)","Laptop, Power Adapter, User Guide, Warranty Documents","Pure Silver,Thin and Light Laptop,Processing & Multitasking,Intel,Core i5,8 GB,DDR4,Windows 11 Home"
"ASUS TUF Gaming A15 Ryzen 7 Octa Core 4800H - (8 GB/1 TB SSD/Windows 10 Home/4 GB Graphics/NVIDIA GeForce RTX 3050) FA566IC-HN008T Gaming Laptop  (15.6 inch, Eclipse Gray, 2.30 kg)","Laptop, Power Adaptor, User Guide, Warranty Documents","Eclipse Gray,Gaming Laptop,Gaming,AMD,Ryzen 7 Octa Core,8 GB,DDR4,Windows 10 Home"
"ASUS Strix G15 Ryzen 7 Octa Core AMD Ryzen™ 7 4800H 4th Gen - (8 GB/512 GB SSD/Windows 10 Home/4 GB Graphics/NVIDIA GeForce GTX 1650/144 Hz) G513IH-HN084TS Gaming Laptop  (15.6 inch, Black, 2.30 Kg, With MS Office)","Laptop, Power Adaptor","Black,Gaming Laptop,Gaming, Processing & Multitasking, Performance,AMD,Ryzen 7 Octa Core,8 GB,DDR4,Windows 10 Home"
"acer Travelmate Core i5 11th Gen - (16 GB/1 TB HDD/256 GB SSD/Windows 10 Home) TravelMate P214-53 Thin and Light Laptop  (14 inch, Black, 1.68 kg)","Laptop, Power Adaptor, User Guide, Warranty Documents","Black,Thin and Light Laptop,Everyday Use, Processing & Multitasking, Travel & Business,Intel,Core i5,16 GB,DDR4,Windows 10 Home"
"DELL Core i3 11th Gen - (8 GB/256 GB SSD/Windows 10) Inspiron 5410 2 In1 2 in 1 Laptop  (14 Inch, Platinum Silver, 1.56 kg, With MS Office)","Laptop, Active Pen, battery, adapter, cables and user manuals","Platinum Silver,2 in 1 Laptop,Processing & Multitasking,Intel,Core i3,8 GB,DDR4,Windows 10"
"ASUS Core i3 10th Gen - (4 GB/1 TB HDD/Windows 10 Home) X409FA-BV301T Thin and Light Laptop  (14 inch, Slate Grey, 1.60 kg)","Laptop, Power Adaptor, User Guide","Slate Grey,Thin and Light Laptop,Processing & Multitasking,Intel,Core i3,4 GB,DDR4,Windows 10 Home"
"Lenovo IdeaPad 3 Core i3 10th Gen - (8 GB/256 GB SSD/Windows 11 Home) 15IML05 Thin and Light Laptop  (15.6 Inch, Platinum Grey, 1.7 kg, With MS Office)","Laptop, battery, adapter, cables and user manuals","Platinum Grey,Thin and Light Laptop,Processing & Multitasking,Intel,Core i3,8 GB,DDR4,Windows 11 Home"
"Lenovo IdeaPad 3 Chromebook Celeron Dual Core - (4 GB/64 GB EMMC Storage/Chrome OS) CB 11IGL05 Chromebook  (11.6 Inch, Onyx Black, 1.12 kg)","Laptop, battery, adapter, cables and user manuals","Onyx Black,Chromebook,Processing & Multitasking,Intel,Celeron Dual Core,4 GB,LPDDR4,Chrome"
"ASUS Rog Strix G15 Ryzen 9 Octa Core AMD Ryzen™ 9 5900H Processor 3.0 GHz (16M Cache, up to 4.6 GHz) 5th Gen - (16 GB/1 TB SSD/Windows 10 Home/4 GB Graphics/NVIDIA GeForce RTX 3050Ti/300 Hz) G513QE-HF146T Gaming Laptop  (15.6 inch, Electro Punk, 2.30 Kg)","Laptop, Power Adaptor, User Guide, Mouse(ROG P512), Mouse Pad(ROG)","Electro Punk,Gaming Laptop,Gaming, Processing & Multitasking, Performance,AMD,Ryzen 9 Octa Core,16 GB,DDR4,Windows 10 Home"
"MSI Modern 14 Core i5 10th Gen - (8 GB/512 GB SSD/Windows 10 Home) Modern 14 B10MW-639IN Notebook  (14 inch, Carbon Grey, 1.3 Kg)","Laptop, Battery, Power Adapter, User Guide","Carbon Grey,Notebook,Processing & Multitasking,Intel,Core i5,8 GB,DDR4,Windows 10 Home"
"MSI Modern 14 Core i3 11th Gen - (8 GB/512 GB SSD/Windows 10 Home) B11MOU-477IN Notebook  (14 inch, Carbon Grey, 1.3 Kg)","Laptop, Battery, Power Adapter, User Guide","Carbon Grey,Notebook,Processing & Multitasking,Intel,Core i3,8 GB,DDR4,Windows 10 Home"
"MSI Modern 14 Core i7 11th Gen - (8 GB/512 GB SSD/Windows 10 Home) Modern 14 B11MOU-473IN Notebook  (14 inch, Carbon Grey, 1.3 Kg)","Laptop, Battery, Power Adapter, User Guide","Carbon Grey,Notebook,Processing & Multitasking,Intel,Core i7,8 GB,DDR4,Windows 10 Home"
"MSI Modern 14 Core i7 11th Gen - (8 GB/512 GB SSD/Windows 10 Home/2 GB Graphics) Modern 14 B11SBU-496IN Notebook  (14 inch, Carbon Grey, 1.3 Kg)","Laptop, Battery, Power Adapter, User Guide","Carbon Grey,Notebook,Processing & Multitasking,Intel,Core i7,8 GB,DDR4,Windows 10 Home"
"MSI Modern 14 Core i5 11th Gen - (8 GB/512 GB SSD/Windows 10 Home) Modern 14 B11MOU-637IN Thin and Light Laptop  (14 inch, Carbon Gray, 1.3 kg)","Laptop, battery, power adapter, user guide","Carbon Gray,Thin and Light Laptop,Processing & Multitasking,Intel,Core i5,8 GB,DDR4,Windows 10 Home"
"ASUS ASUS TUF Gaming Core i5 11th Gen - (8 GB/1 TB SSD/Windows 10 Home/4 GB Graphics/NVIDIA GeForce RTX 3050) FX506HCB-HN228T Gaming Laptop  (15.6 inch, Graphite Black, 2.30 kg)","Laptop, Power Adaptor, User Guide, Warranty Documents","Graphite Black,Gaming Laptop,Gaming,Intel,Core i5,8 GB,DDR4,Windows 10 Home"
"ASUS ASUS TUF Gaming Core i5 11th Gen - (8 GB/512 GB SSD/Windows 10 Home/4 GB Graphics/NVIDIA GeForce RTX 3050) FX706HCB-HX162T Gaming Laptop  (17.3 inch, Graphite Black, 2.60 kg)","Laptop, Power Adaptor, User Guide, Warranty Documents","Graphite Black,Gaming Laptop,Gaming,Intel,Core i5,8 GB,DDR4,Windows 10 Home"
"ASUS ASUS TUF Gaming Core i7 11th Gen - (16 GB/1 TB SSD/Windows 10 Home/4 GB Graphics/NVIDIA GeForce RTX 3050) FX506HCB-HN225T Gaming Laptop  (15.6 inch, Graphite Black, 2.30 kg)","Laptop, Power Adaptor, User Guide, Warranty Documents","Graphite Black,Gaming Laptop,Gaming,Intel,Core i7,16 GB,DDR4,Windows 10 Home"
"ASUS Vivobook Gaming Core i5 10th Gen - (8 GB/1 TB HDD/256 GB SSD/Windows 10 Home/4 GB Graphics/NVIDIA GeForce GTX 1650) F571LH-BQ429T Gaming Laptop  (15.6 inch, Star Black, 2.14 kg)","Laptop, Power Adaptor, User Guide, Warranty Documents","Star Black,Gaming Laptop,Gaming,Intel,Core i5,8 GB,DDR4,Windows 10 Home"
"ASUS Vivobook Gaming Core i5 9th Gen - (8 GB/1 TB HDD/256 GB SSD/Windows 10 Home/4 GB Graphics/NVIDIA GeForce GTX 1650) F571GT-HN1062T Gaming Laptop  (15.6 inch, Star Black, 2.14 kg)","Laptop, Power Adaptor, User Guide, Warranty Documents","Star Black,Gaming Laptop,Gaming,Intel,Core i5,8 GB,DDR4,Windows 10 Home"
"ASUS Vivobook Gaming Core i7 10th Gen - (8 GB/512 GB SSD/Windows 10 Home/4 GB Graphics/NVIDIA GeForce GTX 1650) F571LH-BQ436T Gaming Laptop  (15.6 inch, Star Black, 2.14 kg)","Laptop, Power Adaptor, User Guide, Warranty Documents","Star Black,Gaming Laptop,Gaming,Intel,Core i7,8 GB,DDR4,Windows 10 Home"
"ASUS ROG Zephyrus G14 Ryzen 7 Octa Core 4800HS - (8 GB/1 TB SSD/Windows 10 Home/4 GB Graphics/NVIDIA GeForce GTX 1650/120 Hz) GA401IHR-K2066TS Gaming Laptop  (14 inch, Eclipse Gray, 1.60 Kg)","Laptop, Power Adaptor, User Guide, Warranty Documents","Eclipse Gray,Gaming Laptop,Processing & Multitasking,AMD,Ryzen 7 Octa Core,8 GB,LPDDR4X,Windows 10 Home"
"ASUS Vivobook Gaming Core i7 10th Gen - (16 GB/1 TB HDD/256 GB SSD/Windows 10 Home/4 GB Graphics/NVIDIA GeForce GTX 1650/120 Hz) F571LH-AL434T Gaming Laptop  (15.6 inch, Star Black, 2.14 kg)","Laptop, Power Adaptor, User Guide, Warranty Documents","Star Black,Gaming Laptop,Gaming,Intel,Core i7,16 GB,DDR4,Windows 10 Home"
"ASUS ASUS TUF Gaming Core i7 11th Gen - (16 GB/512 GB SSD/Windows 10 Home/4 GB Graphics/NVIDIA GeForce RTX 3050) FX706HCB-HX191T Gaming Laptop  (17.3 inch, Graphite Black, 2.60 kg)","Laptop, Power Adaptor, User Guide, Warranty Documents","Graphite Black,Gaming Laptop,Gaming,Intel,Core i7,16 GB,DDR4,Windows 10 Home"
"ASUS ASUS TUF Gaming Ryzen 7 Octa Core 4800H - (16 GB/512 GB SSD/Windows 10 Home/4 GB Graphics/NVIDIA GeForce RTX 3050/144 Hz) FA766IC-HX005T Gaming Laptop  (17.3 inch, Eclipse Gray, 2.60 kg)","Laptop, Power Adaptor, User Guide, Warranty Documents","Eclipse Gray,Gaming Laptop,Gaming,AMD,Ryzen 7 Octa Core,16 GB,DDR4,Windows 10 Home"
"ASUS ROG Zephyrus G15 Ryzen 9 Octa Core 5900HS - (16 GB/1 TB SSD/Windows 10 Home/6 GB Graphics/NVIDIA GeForce RTX 3060/165 Hz) GA503QM-HQ173TS Gaming Laptop  (15.6 inch, Eclipse Gray, 1.90 Kg, With MS Office)","Laptop, Battery, Adapter, Cables and User Manuals","Eclipse Gray,Gaming Laptop,Gaming, Processing & Multitasking,AMD,Ryzen 9 Octa Core,16 GB,DDR4,Windows 10 Home"
"ASUS Vivobook Gaming Core i7 10th Gen - (16 GB/512 GB SSD/Windows 10 Home/4 GB Graphics/NVIDIA GeForce GTX 1650) F571LH-BQ435T Gaming Laptop  (15.6 inch, Star Black, 2.14 kg)","Laptop, Power Adaptor, User Guide, Warranty Documents","Star Black,Gaming Laptop,Gaming,Intel,Core i7,16 GB,DDR4,Windows 10 Home"
"ASUS Ryzen 5 Hexa Core - (8 GB/512 GB HDD/512 GB SSD/Windows 10 Home) M515UA-BQ512TS Laptop  (15.6 inch, Transparent Silver, 1.6 kg, With MS Office)","Laptop, Power Adaptor, User Guide","Transparent Silver,Laptop,Everyday Use, Processing & Multitasking, Performance, Entertainment,AMD,Ryzen 5 Hexa Core,8 GB,DDR4,Windows 10 Home"
"Lenovo IdeaPad 3 Core i3 11th Gen - (8 GB/512 GB SSD/Windows 10 Home) 15ITL6 Thin and Light Laptop  (15.6 inch, Arctic Grey, 1.65 Kg, With MS Office)","Laptop, Power Adaptor, User Guide, Warranty Documents","Arctic Grey,Thin and Light Laptop,Processing & Multitasking,Intel,Core i3,8 GB,DDR4,Windows 10 Home"
"Lenovo Yoga Slim 7 Core i5 11th Gen - (16 GB/512 GB SSD/Windows 10 Home) 14ITL05 Thin and Light Laptop  (14 inch, Slate Grey, 1.36 kg, With MS Office)","Laptop, Power Adaptor, User Guide, Warranty Documents","Slate Grey,Thin and Light Laptop,Processing & Multitasking,Intel,Core i5,16 GB,DDR4,Windows 10 Home"
"Lenovo IdeaPad 5 Pro Core i5 11th Gen - (16 GB/512 GB SSD/Windows 10 Home) Ideapad 5 Pro14ITL6 U Thin and Light Laptop  (14 inch, Storm Grey, 1.38 kg, With MS Office)","Laptop, Power Adaptor, User Guide, Warranty Documents","Storm Grey,Thin and Light Laptop,Processing & Multitasking,Intel,Core i5,16 GB,DDR4,Windows 10 Home"
"ASUS Core i3 11th Gen - (8 GB/1 TB HDD/Windows 10 Home) X515EA-BQ391TS Laptop  (15.6 inch, Transparent Silver, 1.6 kg, With MS Office)","Laptop, Power Adaptor, User Guide","Transparent Silver,Laptop,Everyday Use, Processing & Multitasking, Performance, Entertainment,Intel,Core i3,8 GB,DDR4,Windows 10 Home"
"ASUS Ryzen 5 Hexa Core 5500U - (8 GB/512 GB SSD/Windows 10 Home) M515UA-BQ512TS Thin and Light Laptop  (15.6 inch, Transparent Silver, 1.8 kg, With MS Office)","Laptop, Power Adaptor, User Guide, Warranty Documents","Transparent Silver,Thin and Light Laptop,Processing & Multitasking,AMD,Ryzen 5 Hexa Core,8 GB,DDR4,Windows 10 Home"
"ASUS ROG Strix G15 Ryzen 9 Octa Core AMD Ryzen™ 9 5900H Processor 3.0 GHz (16M Cache, up to 4.6 GHz) 5th Gen - (16 GB/1 TB SSD/Windows 10 Home/4 GB Graphics/NVIDIA GeForce RTX 3050Ti/300 Hz) G513QE-HF144T Gaming Laptop  (15.6 inch, Black, 2.30 Kg)","Laptop, Power Adaptor, User Guide","Black,Gaming Laptop,Gaming, Processing & Multitasking, Performance,AMD,Ryzen 9 Octa Core,16 GB,DDR4,Windows 10 Home"
"MSI GF63 Thin Core i5 10th Gen - (8 GB/512 GB SSD/Windows 10 Home/4 GB Graphics/NVIDIA GeForce RTX 3050/144 Hz) GF63 Thin 10UC-607IN Gaming Laptop  (15.6 inch, Black, 1.86 kg)","Laptop, Power Adaptor, User Guide","Black,Gaming Laptop,Gaming, Processing & Multitasking,Intel,Core i5,8 GB,DDR4,Windows 10 Home"
"MSI GF65 Thin Core i7 10th Gen - (16 GB/1 TB SSD/Windows 10 Home/6 GB Graphics/NVIDIA GeForce RTX 3060/144 Hz) GF65 Thin 10UE-410IN Gaming Laptop  (15.6 inch, Black, 1.86 kg)","Laptop, Power Adaptor, User Guide","Black,Gaming Laptop,Gaming, Processing & Multitasking,Intel,Core i7,16 GB,DDR4,Windows 10 Home"
"HP Pavilion Ryzen 5 Hexa Core 5500U - (8 GB/512 GB SSD/Windows 10 Home) 15-eh1101AU Thin and Light Laptop  (15.6 Inch, Natural Silver, 1.75 Kg, With MS Office)","Laptop, Power Adapter, User Guide, Warranty Documents","Natural Silver,Thin and Light Laptop,Entertainment, Processing & Multitasking,AMD,Ryzen 5 Hexa Core,8 GB,DDR4,Windows 10 Home"
"HP Pavilion Ryzen 5 Hexa Core 5500U - (16 GB/512 GB SSD/Windows 10 Home) 15-eh1103AU Thin and Light Laptop  (15.6 Inch, Natural Silver, 1.75 Kg, With MS Office)","Laptop, Power Adapter, User Guide, Warranty Documents","Natural Silver,Thin and Light Laptop,Entertainment, Processing & Multitasking,AMD,Ryzen 5 Hexa Core,16 GB,DDR4,Windows 10 Home"
"MSI Katana GF66 Core i7 11th Gen - (16 GB/1 TB SSD/Windows 10 Home/4 GB Graphics/NVIDIA GeForce RTX 3050/144 Hz) Katana GF66 11UC-628IN Gaming Laptop  (15.6 inches, Black, 2.25 kg)","Laptop, Battery, Power Adapter, User Guide","Black,Gaming Laptop,Processing & Multitasking, Gaming,Intel,Core i7,16 GB,DDR4,Windows 10 Home"
"MSI GF63 Thin Core i7 10th Gen - (16 GB/512 GB SSD/Windows 10 Home/4 GB Graphics/NVIDIA GeForce RTX 3050/144 Hz) GF63 Thin 10UC-606IN Gaming Laptop  (15.6 inch, Black, 1.86 kg)","Laptop, Power Adaptor, User Guide","Black,Gaming Laptop,Gaming, Processing & Multitasking,Intel,Core i7,16 GB,DDR4,Windows 10 Home"
"HP HP Envy Intel EVO Core i5 11th Gen - (16 GB/1 TB SSD/Windows 10 Home/4 GB Graphics) 14-eb0020TX Thin and Light Laptop  (14 inch, Natural Silver, 1.59 Kg, With MS Office)","Laptop, Power Adaptor, User Guide, Warranty Documents","Natural Silver,Thin and Light Laptop,Processing & Multitasking,Intel,Core i5,16 GB,DDR4,Windows 10 Home"
"MSI Alpha 15 Ryzen 7 Octa Core 5800H - (16 GB/1 TB SSD/Windows 10 Home/8 GB Graphics/AMD Radeon RX6600M/144 Hz) Alpha 15 B5EEK-029IN Gaming Laptop  (15.6 inch, Black, 2.35 kg)","Laptop, Power Adaptor, User Guide","Black,Gaming Laptop,Gaming, Processing & Multitasking,AMD,Ryzen 7 Octa Core,16 GB,DDR4,Windows 10 Home"
"ASUS Core i3 10th Gen - (4 GB/1 TB HDD/Windows 10 Home) X509FA-BR301T Thin and Light Laptop  (15.6 inch, Transperant Silver, 1.80 kg)",1 Laptop,"Transperant Silver,Thin and Light Laptop,Processing & Multitasking,Intel,Core i3,4 GB,DDR4,Windows 10 Home"
"ASUS Core i3 10th Gen - (8 GB/1 TB HDD/Windows 10 Home) X409FA-EB616T Thin and Light Laptop  (14 inch, Slate Grey)","Laptop, Power Adaptor, User Guide","Slate Grey,Thin and Light Laptop,Everyday Use, Processing & Multitasking, Performance, Entertainment,Intel,Core i3,8 GB,DDR4,Windows 10 Home"
"acer Predator Helios 300 Core i7 11th Gen - (16 GB/1 TB HDD/512 GB SSD/Windows 10 Home/6 GB Graphics/NVIDIA GeForce RTX 3060/165 Hz) PH315-54 Gaming Laptop  (15.6 inch, Abyssal Black, 2.3 kg)","Laptop, Power Adaptor, User Guide, Warranty Documents","Abyssal Black,Gaming Laptop,Gaming,Intel,Core i7,16 GB,DDR4,Windows 10 Home"
"ASUS F17 Core i5 11th Gen - (8 GB/1 TB SSD/Windows 10 Home/4 GB Graphics/NVIDIA GeForce RTX 3050/144 Hz) FX766HC-HX060T Gaming Laptop  (17.3 inch, Eclipse Gray, 2.6 KG)","Laptop, Power Adaptor, User Guide","Eclipse Gray,Gaming Laptop,Gaming, Processing & Multitasking,Intel,Core i5,8 GB,DDR4,Windows 10 Home"
"HP HP Envy Ryzen 7 Octa Core 4700U - (16 GB/1 TB SSD/Windows 10 Home) 13-ay0508au Thin and Light Laptop  (13.3 inch, Nightfall Black, 1.32 Kg, With MS Office)","Laptop, Power Adaptor, User Guide, Warranty Documents","Nightfall Black,Thin and Light Laptop,Processing & Multitasking,AMD,Ryzen 7 Octa Core,16 GB,DDR4,Windows 10 Home"
"ASUS Vivobook 15 Core i3 11th Gen - (8 GB/256 GB SSD/Windows 10 Home) X515EA-BQ312TS Laptop  (15.6 inch, Transparent Silver, 1.80 kg, With MS Office)","Laptop, Power Adaptor, User Guide","Transparent Silver,Laptop,Processing & Multitasking,Intel,Core i3,8 GB,DDR4,Windows 10 Home"
"ASUS Vivobook 15 Core i5 11th Gen - (8 GB + 32 GB Optane/512 GB SSD/Windows 10 Home) X515EA-BQ562TS Laptop  (15.6 inch, Transparent Silver, 1.80 kg, With MS Office)","Laptop, Power Adaptor, User Guide","Transparent Silver,Laptop,Processing & Multitasking,Intel,Core i5,8 GB,DDR4,Windows 10 Home"
"ASUS ZenBook Duo 14 (2021) Touch Panel Intel EVO Core i7 11th Gen - (16 GB/1 TB SSD/Windows 10 Home) UX482EA-HY777TS Thin and Light Laptop  (14 inch, Celestial Blue, 1.57 kg, With MS Office)","Laptop, TYPE-C Power Adaptor, User Guide, Warranty Documents, Sleeve, Stand, Stylus","Celestial Blue,Thin and Light Laptop,Processing & Multitasking,Intel,Core i7,16 GB,LPDDR4X,Windows 10 Home"
"Lenovo IdeaPad Ryzen 5 Hexa Core 5500U - (8 GB/512 GB SSD/Windows 10 Home) IdeaPad 5 15ALC05 Thin and Light Laptop  (15.6 inch, Graphite Grey, 1.66 kg, With MS Office)","Laptop, Power Adaptor, User Guide, Warranty Documents","Graphite Grey,Thin and Light Laptop,Processing & Multitasking,AMD,Ryzen 5 Hexa Core,8 GB,DDR4,Windows 10 Home"
"Lenovo IdeaPad Gaming Core i5 10th Gen - (8 GB/1 TB HDD/Windows 10 Home/4 GB Graphics/NVIDIA GeForce GTX 1650/60 Hz) IdeaPad Gaming 3 15IMH05 Gaming Laptop  (15.6 Inch, Onyx Black, 2.2 KG)","Laptop, Power Adaptor, User Guide, Warranty Documents","Onyx Black,Gaming Laptop,Gaming, Processing & Multitasking,Intel,Core i5,8 GB,DDR4,Windows 10 Home"
"Lenovo IdeaPad Gaming 3i Core i7 11th Gen - (8 GB/512 GB SSD/Windows 10 Home/4 GB Graphics/NVIDIA GeForce RTX 3050/120 Hz) IPG3-15IHU6 Gaming Laptop  (15.6 inch, Shadow Black, 2.25 kg)","Laptop, Power Adaptor, User Guide, Warranty Documents","Shadow Black,Gaming Laptop,Gaming,Intel,Core i7,8 GB,DDR4,Windows 10 Home"
"MSI GS66 Core i7 11th Gen - (16 GB/1 TB SSD/Windows 10 Home/8 GB Graphics/NVIDIA GeForce RTX 3070/165 Hz) GS66 Stealth 11UG-418IN Gaming Laptop  (15.6 inch, Black, 2.1 Kg)","Laptop, Battery, Power Adapter, User Guide, Urban Raider Backpack","Black,Gaming Laptop,Gaming, Processing & Multitasking,Intel,Core i7,16 GB,DDR4,Windows 10 Home"
"ASUS ROG Strix Ryzen 9 Octa Core 5900HX - (16 GB/1 TB SSD/Windows 10 Home/6 GB Graphics/NVIDIA GeForce RTX 3060) G513QM-HF406TS Gaming Laptop  (15.6 inch, Eclipse Gray, 2.30 kg)","Laptop, Power Adaptor, User Guide, Warranty Documents","Eclipse Gray,Gaming Laptop,Gaming,AMD,Ryzen 9 Octa Core,16 GB,DDR4,Windows 10 Home"
"ASUS ROG Strix Ryzen 7 Octa Core 4800H - (8 GB/512 GB SSD/Windows 10 Home/4 GB Graphics/NVIDIA GeForce RTX 3050/144 Hz) G513IC-HN025T Gaming Laptop  (15.6 inch, Eclipse Gray, 2.10 kg)","Laptop, Power Adaptor, User Guide, Warranty Documents","Eclipse Gray,Gaming Laptop,Gaming,AMD,Ryzen 7 Octa Core,8 GB,DDR4,Windows 10 Home"
"realme Book(Slim) Intel Evo Core i5 11th Gen - (8 GB/512 GB SSD/Windows 10 Home) RMNB1002 Thin and Light Laptop  (14 inch, Real Gray, 1.38 kg, With MS Office)","Laptop, Power Adaptor, User Guide, Warranty Documents","Real Gray,Thin and Light Laptop,Everyday Use, Processing & Multitasking,Intel,Core i5,8 GB,DDR4,Windows 10 Home"
"realme Book (Slim) Core i3 11th Gen - (8 GB/256 GB SSD/Windows 10 Home) RMNB1001 Thin and Light Laptop  (14 inch, Real Gray, 1.38 kg, With MS Office)","Laptop, Power Adaptor, User Guide, Warranty Documents","Real Gray,Thin and Light Laptop,Everyday Use, Processing & Multitasking,Intel,Core i3,8 GB,DDR4,Windows 10 Home"
"ASUS ROG Strix G15 (2021) Ryzen 7 Octa Core 4800H - (8 GB/512 GB SSD/Windows 10 Home/4 GB Graphics/NVIDIA GeForce GTX 1650/144 Hz) G513IH-HN086T Gaming Laptop  (15.6 inch, Eclipse Gray, 2.10 Kg)","Laptop, Power Adaptor, User Guide, Warranty Documents","Eclipse Gray,Gaming Laptop,Gaming, Processing & Multitasking,AMD,Ryzen 7 Octa Core,8 GB,DDR4,Windows 10 Home"
"realme Book(Slim) Intel Evo Core i5 11th Gen - (8 GB/512 GB SSD/Windows 10 Home) RMNB1002 Thin and Light Laptop  (14 inch, Real Blue, 1.38 kg, With MS Office)","Laptop, Power Adaptor, User Guide, Warranty Documents","Real Blue,Thin and Light Laptop,Everyday Use, Processing & Multitasking,Intel,Core i5,8 GB,DDR4,Windows 10 Home"
"HP Pavilion Gaming Core i7 11th Gen - (16 GB/512 GB SSD/Windows 10 Home/4 GB Graphics/NVIDIA GeForce GTX 1650/144 Hz) 15-DK2075TX Gaming Laptop  (15.6 inches, Shadow Black & Ultra Violet, 2.23 kg, With MS Office)","Laptop, Power Adaptor, User Guide, Warranty Documents","Shadow Black & Ultra Violet,Gaming Laptop,Gaming, Processing & Multitasking,Intel,Core i7,16 GB,DDR4,Windows 10 Home"
"ASUS ASUS TUF Dash Core i5 11th Gen - (16 GB/512 GB SSD/Windows 10 Home/4 GB Graphics/NVIDIA GeForce RTX RTX) FX516PC-HN077T Gaming Laptop  (15.6 inch, Moonlight White, 2.00 kg)","Laptop, Power Adaptor, User Guide, Warranty Documents","Moonlight White,Gaming Laptop,Gaming,Intel,Core i5,16 GB,DDR4,Windows 10 Home"
"ASUS Vivobook Ultra K14 Core i5 11th Gen - (16 GB/512 GB SSD/Windows 10 Home) K413EA-EB522TS Thin and Light Laptop  (14 inch, Indie Black, 1.4 kg, With MS Office)","Laptop, Adaptor & Manual","Indie Black,Thin and Light Laptop,Travel & Business, Processing & Multitasking, Everyday Use, Performance, Entertainment,Intel,Core i5,16 GB,DDR4,Windows 10 Home"
"HP Pavilion Aero Ryzen 5 Hexa Core 5600U - (16 GB/512 GB SSD/Windows 10 Home) 13-BE0030AU Thin and Light Laptop  (13.3 inch, Natural Silver, 0.97 kg, With MS Office)","Laptop, Power Adaptor, User Guide, Warranty Documents","Natural Silver,Thin and Light Laptop,Processing & Multitasking,AMD,Ryzen 5 Hexa Core,16 GB,DDR4,Windows 10 Home"
"HP HP Envy Intel EVO Core i5 11th Gen - (16 GB/512 GB SSD/Windows 10 Home/2 GB Graphics) 13-ba1501TX Thin and Light Laptop  (13.3 inch, Natural Silver, 1.30 kg, With MS Office)","Laptop, Power Adaptor, User Guide, Warranty Documents","Natural Silver,Thin and Light Laptop,Processing & Multitasking,Intel,Core i5,16 GB,DDR4,Windows 10 Home"
"DELL Insprion 3501 Core i3 11th Gen - (8 GB/1 TB HDD/Windows 10 Home) D560423WIN9S Laptop  (15.6 inch, Accent Black, With MS Office)","Laptop, Power Adaptor, User Guide, Warranty Documents","Accent Black,Laptop,Everyday Use,Intel,Core i3,8 GB,DDR4,Windows 10 Home"
"ASUS Vivobook 14 Core i3 10th Gen - (4 GB/1 TB HDD/Windows 10 Home) X409FA-EK617T Thin and Light Laptop  (14.1 inch, Slate Grey, 1.6 kg)","Laptop, Power Adaptor, User Guide","Slate Grey,Thin and Light Laptop,Everyday Use, Processing & Multitasking, Performance, Entertainment,Intel,Core i3,4 GB,DDR4,Windows 10 Home"
"MSI Pulse GL66 Core i7 11th Gen - (16 GB/512 GB SSD/Windows 10 Home/4 GB Graphics/NVIDIA GeForce RTX 3050 Ti/144 Hz) Pulse GL66 11UDK-627IN Gaming Laptop  (15.6 inches, Grey, 2.25 kg)","Laptop, Battery, Power Adapter, User Guide, MSI Essential Backpack","Grey,Gaming Laptop,Processing & Multitasking, Gaming,Intel,Core i7,16 GB,DDR4,Windows 10 Home"
"MSI GP76 Core i7 11th Gen - (16 GB/1 TB SSD/Windows 10 Home/8 GB Graphics/NVIDIA GeForce RTX 3070/240 Hz) GP76 Leopard 11UG-609IN Gaming Laptop  (17.3 inches, Black, 2.9 kg)","Laptop, Battery, Power Adapter, User Guide, Stealth Trooper Backpack","Black,Gaming Laptop,Processing & Multitasking, Gaming,Intel,Core i7,16 GB,DDR4,Windows 10 Home"
"acer Predator Helios 300 Core i7 11th Gen - (16 GB/1 TB SSD/Windows 10 Home/6 GB Graphics/NVIDIA GeForce RTX 3060/165 Hz) ph315-54-78cp/ph315-54 Gaming Laptop  (15.6 inches, Abyssal Black, 2.3 kg)","Laptop, Power Adaptor, User Guide, Warranty Documents","Abyssal Black,Gaming Laptop,Gaming,Intel,Core i7,16 GB,DDR4,Windows 10 Home"
"ASUS ROG Strix G15 (2021) Advantage Edition Ryzen 9 Octa Core 5900HX - (16 GB/1 TB SSD/Windows 10 Home/12 GB Graphics/AMD Radeon RX 6800M) G513QY-HQ008TS Gaming Laptop  (15.6 inch, Original Black, 2.50 kg, With MS Office)","Laptop, Power Adaptor, User Guide, Warranty Documents","Original Black,Gaming Laptop,Gaming,AMD,Ryzen 9 Octa Core,16 GB,DDR4,Windows 10 Home"
"HP Pavilion Ryzen 5 Hexa Core 5600H - (8 GB/512 GB SSD/Windows 10/4 GB Graphics/NVIDIA GeForce GTX 1650/144 Hz) 15-ec2004AX Gaming Laptop  (15.6 inch, Shadow Black, 1.98 kg)","Laptop, Power Adaptor, User Guide, Warranty Documents","Shadow Black,Gaming Laptop,Gaming,AMD,Ryzen 5 Hexa Core,8 GB,DDR4,Windows 10"
"ASUS ROG Strix G15 (2021) Ryzen 7 Octa Core 4800H - (8 GB/512 GB SSD/Windows 10 Home/4 GB Graphics/NVIDIA GeForce GTX 1650/144 Hz) G513IH-HN086T Gaming Laptop  (15.6 inch, Eclipse Gray, 2.10 Kg)","Laptop, Power Adaptor, User Guide, Warranty Documents","Eclipse Gray,Gaming Laptop,Gaming, Processing & Multitasking,AMD,Ryzen 7 Octa Core,8 GB,DDR4,Windows 10 Home"
"ASUS Core i5 11th Gen - (8 GB/1 TB HDD/256 GB SSD/Windows 10 Home/2 GB Graphics) K513EP-BQ512TS Laptop  (15.6 inch, Black, With MS Office)","Laptop, Power Adaptor, User Guide","Black,Laptop,Processing & Multitasking,Intel,Core i5,8 GB,DDR4,Windows 10 Home"
"Lenovo Core i3 10th Gen - (8 GB/256 GB SSD/Windows 10 Home) 81WA00K1IN Laptop  (14 inch, Platinum Grey, With MS Office)","Laptop, Power Adaptor, User Guide, Warranty Documents","Platinum Grey,Laptop,Everyday Use,Intel,Core i3,8 GB,DDR4,Windows 10 Home"
"RedmiBook Pro Core i5 11th Gen - (8 GB/512 GB SSD/Windows 10 Home) Thin and Light Laptop  (15.6 inch, Charcoal Gray, 1.8 kg, With MS Office)","1 Laptop, 1 Power Adaptor, 1 Power cord, User Manual","Charcoal Gray,Thin and Light Laptop,Processing & Multitasking,Intel,Core i5,8 GB,DDR4,Windows 10 Home"
"RedmiBook 15 Core i3 11th Gen - (8 GB/256 GB SSD/Windows 10 Home) Thin and Light Laptop  (15.6 inch, Charcoal Gray, 1.8 kg, With MS Office)","1 Laptop, 1 Power Adaptor, 1 Power cord, User Manual","Charcoal Gray,Thin and Light Laptop,Processing & Multitasking,Intel,Core i3,8 GB,DDR4,Windows 10 Home"
"MSI Modern 14 Ryzen 5 Hexa Core 4500U - (8 GB/512 GB SSD/Windows 10 Home) Modern 14 B4MW-423IN Thin and Light Laptop  (14 inch, Carbon Grey, 1.3 Kg)","Laptop, Battery, Power Adapter, User Guide","Carbon Grey,Thin and Light Laptop,Processing & Multitasking,AMD,Ryzen 5 Hexa Core,8 GB,DDR4,Windows 10 Home"
"HP Pavilion Gaming Core i5 11th Gen - (8 GB/1 TB HDD/256 GB SSD/Windows 10 Home/4 GB Graphics/NVIDIA GeForce GTX 1650/144 hz) 15-DK2100TX Gaming Laptop  (15.6 inches, Shadow Black & Ultra Violet, 2.28 kg, With MS Office)","Laptop, Power Adaptor, User Guide, Warranty Documents","Shadow Black & Ultra Violet,Gaming Laptop,Gaming, Processing & Multitasking,Intel,Core i5,8 GB,DDR4,Windows 10 Home"
"ASUS Ryzen 7 Octa Core 5800U - (16 GB/1 TB SSD/Windows 10 Home) UM325SA-KG701TS Thin and Light Laptop  (13.3 inch, Pine Grey, 1.14 Kg, With MS Office)","Laptop, Power Adaptor, User Guide, Warranty Documents","Pine Grey,Thin and Light Laptop,Processing & Multitasking,AMD,Ryzen 7 Octa Core,16 GB,LPDDR4X,Windows 10 Home"
"DELL Vostro Core i3 11th Gen - (8 GB/256 GB SSD/Windows 10) VOSTRO 3400 Thin and Light Laptop  (14.96 Inch, Accent Black, 1.58 kg, With MS Office)","Laptop, battery, adapter, cables and user manuals","Accent Black,Thin and Light Laptop,Everyday Use, Processing & Multitasking,Intel,Core i3,8 GB,DDR4,Windows 10"
"acer Aspire 5 Ryzen 5 Hexa Core AMD Ryzen 5-5500U hexa-core - (8 GB/512 GB SSD/Windows 10 Home) A515-45 Thin and Light Laptop  (15.6 inch, Pure Silver, 1.76 kg, With MS Office)","Laptop, Power Adaptor, User Guide, Warranty Documents","Pure Silver,Thin and Light Laptop,Processing & Multitasking,AMD,Ryzen 5 Hexa Core,8 GB,DDR4,Windows 10 Home"
"acer Swift 3 Ryzen 5 Hexa Core 5500U - (8 GB/512 GB SSD/Windows 10 Home) SF314-43 Thin and Light Laptop  (14 inch, Pure Silver, 1.2 kg, With MS Office)","Laptop, Power Adaptor, User Guide, Warranty Documents","Pure Silver,Thin and Light Laptop,Entertainment, Everyday Use, Performance, Processing & Multitasking, Travel & Business,AMD,Ryzen 5 Hexa Core,8 GB,LPDDR4X,Windows 10 Home"
"ASUS Ryzen 5 Hexa Core 5600U - (16 GB/512 GB SSD/Windows 10 Home) UM325SA-KG502TS Thin and Light Laptop  (13.3 inch, Pine Grey, 1.14 Kg, With MS Office)","Laptop, Power Adaptor, User Guide, Warranty Documents","Pine Grey,Thin and Light Laptop,Processing & Multitasking,AMD,Ryzen 5 Hexa Core,16 GB,LPDDR4X,Windows 10 Home"
"DELL Inspiron Core i5 11th Gen - (8 GB/1 TB HDD/256 GB SSD/Windows 10/2 GB Graphics) Inspiron 3511 Laptop  (15.6 inches, Platinum Silver, 1.85 kg, With MS Office)","Laptop, battery, adapter, cables and user manuals","Platinum Silver,Laptop,Everyday Use, Processing & Multitasking,Intel,Core i5,8 GB,DDR4,Windows 10"
"DELL Vostro Core i3 11th Gen - (8 GB/1 TB HDD/Windows 10) Vostro 3400 Thin and Light Laptop  (14 inches, Dune, 1.58 kg, With MS Office)","Laptop, battery, adapter, cables and user manuals","Dune,Thin and Light Laptop,Everyday Use, Processing & Multitasking,Intel,Core i3,8 GB,DDR4,Windows 10"
"DELL Vostro Core i5 11th Gen - (8 GB/512 GB SSD/Windows 10/2 GB Graphics) Vostro 3400 Thin and Light Laptop  (14 inches, Dune, 1.58 kg, With MS Office)","Laptop, battery, adapter, cables and user manuals","Dune,Thin and Light Laptop,Processing & Multitasking,Intel,Core i5,8 GB,DDR4,Windows 10"
"Lenovo Ideapad Slim 3i Core i5 11th Gen - (8 GB/512 GB SSD/Windows 10 Home) Ideapad Slim 3 Thin and Light Laptop  (15.6 inch, Arctic Grey, 1.39 kg, With MS Office)","Laptop, Power Adaptor, User Guide, Warranty Documents","Arctic Grey,Thin and Light Laptop,Processing & Multitasking,Intel,Core i5,8 GB,DDR4,Windows 10 Home"
"DELL Vostro Core i3 11th Gen - (4 GB/1 TB HDD/256 GB SSD/Windows 10 Home) Vostro 3400 Thin and Light Laptop  (14 inch, Accent Black, 1.58 kg, With MS Office)","Laptop, Battery, Adapter, Cables and User Manuals","Accent Black,Thin and Light Laptop,Processing & Multitasking,Intel,Core i3,4 GB,DDR4,Windows 10 Home"
"HP Pavilion Aero Ryzen 5 Hexa Core 5600U - (16 GB/512 GB SSD/Windows 10 Home) 13-BE0190AU Thin and Light Laptop  (13.3 inches, Pale Rose Gold, 0.97 kg, With MS Office)","Laptop, Power Adaptor, User Guide, Warranty Documents","Pale Rose Gold,Thin and Light Laptop,Processing & Multitasking,AMD,Ryzen 5 Hexa Core,16 GB,DDR4,Windows 10 Home"
"HP 15s Ryzen 3 Quad Core 5300U - (8 GB/512 GB SSD/Windows 10 Home) 15s- EQ2042AU Thin and Light Laptop  (15.6 inch, Natural Silver, 1.69 Kg, With MS Office)","Laptop, Power Adaptor, User Guide, Warranty Documents","Natural Silver,Thin and Light Laptop,Processing & Multitasking,AMD,Ryzen 3 Quad Core,8 GB,DDR4,Windows 10 Home"
"MSI Bravo Ryzen 5 Hexa Core 5600H - (8 GB/512 GB SSD/Windows 10 Home/4 GB Graphics/AMD Radeon RX5500M/144 Hz) Bravo 15 B5DD-043IN Gaming Laptop  (15.6 inch, Black, 2.35 Kg)","Laptop, Battery, Power Adapter, User Guide","Black,Gaming Laptop,Gaming, Processing & Multitasking,AMD,Ryzen 5 Hexa Core,8 GB,DDR4,Windows 10 Home"
"ASUS VivoBook Core i5 11th Gen - (8 GB/1 TB HDD/256 GB SSD/Windows 10 Home) K513EP-BQ513TS Thin and Light Laptop  (15.6 inch, Transparent Silver, 1.8 KG, With MS Office)","Laptop, Power Adaptor, User Guide, Warranty Documents","Transparent Silver,Thin and Light Laptop,Processing & Multitasking,Intel,Core i5,8 GB,DDR4,Windows 10 Home"
"Lenovo Ideapad Slim 3i Core i5 11th Gen - (8 GB/256 GB SSD/Windows 10 Home) Ideapad Slim 3 Thin and Light Laptop  (15.6 inch, Arctic Grey, 1.39 kg, With MS Office)","Laptop, Power Adaptor, User Guide, Warranty Documents","Arctic Grey,Thin and Light Laptop,Processing & Multitasking,Intel,Core i5,8 GB,DDR4,Windows 10 Home"
"ASUS Core i3 11th Gen - (4 GB/256 GB SSD/Windows 10) K513EA- BQ302TS K513EA, Laptop  (15.6 inch, 2k- Indie Black_Amet, With MS Office)","Laptop, Power Adaptor, User Guide, Warranty Documents","2k- Indie Black_Amet,Laptop,Everyday Use,Intel,Core i3,4 GB,DDR4,Windows 10"
"Lenovo IdeaPad Gaming Core i7 10th Gen - (8 GB/512 GB SSD/Windows 10 Home/4 GB Graphics/NVIDIA GeForce GTX 1650/120 Hz) IdeaPad Gaming 3 15IMH05 Gaming Laptop  (15.6 Inch, Onyx Black, 2.2 KG)","Laptop, Power Adaptor, User Guide, Warranty Documents","Onyx Black,Gaming Laptop,Gaming, Processing & Multitasking,Intel,Core i7,8 GB,DDR4,Windows 10 Home"
"ASUS Core i3 10th Gen - (8 GB + 32 GB Optane/512 GB SSD/Windows 10 Home) X515JA-EJ362TS Thin and Light Laptop  (15.6 inch, Transparent Silver, 1.80 Kg, With MS Office)","Laptop, Power Adaptor, User Guide, Warranty Documents","Transparent Silver,Thin and Light Laptop,Processing & Multitasking,Intel,Core i3,8 GB,DDR4,Windows 10 Home"
"ASUS Core i3 10th Gen - (4 GB + 32 GB Optane/512 GB SSD/Windows 10 Home) X515JA-EJ372TS Thin and Light Laptop  (15.6 inch, Transparent Silver, 1.80 Kg, With MS Office)","Laptop, Power Adaptor, User Guide, Warranty Documents","Transparent Silver,Thin and Light Laptop,Processing & Multitasking,Intel,Core i3,4 GB,DDR4,Windows 10 Home"
"ASUS Core i5 10th Gen - (8 GB + 32 GB Optane/512 GB SSD/Windows 10 Home) X515JA-EJ562TS Thin and Light Laptop  (15.6 inch, Transparent Silver, 1.80 Kg, With MS Office)","Laptop, Power Adaptor, User Guide, Warranty Documents","Transparent Silver,Thin and Light Laptop,Processing & Multitasking,Intel,Core i5,8 GB,DDR4,Windows 10 Home"
"ASUS Core i5 10th Gen - (8 GB/512 GB SSD/Windows 10 Home/2 GB Graphics) X515JF-BQ521T Thin and Light Laptop  (15.6 inch, Slate Grey, 1.80 Kg)","Laptop, Power Adaptor, User Guide, Warranty Documents","Slate Grey,Thin and Light Laptop,Processing & Multitasking,Intel,Core i5,8 GB,DDR4,Windows 10 Home"
"HP Ryzen 5 Quad Core 3500U - (8 GB/1 TB HDD/256 GB SSD/Windows 10 Home) 14s-dk0501AU Thin and Light Laptop  (14 inch, Natural Silver, 1.51 kg, With MS Office)","sales_package Laptop, Power Adaptor, User Guide, Warranty Documents","Natural Silver,Thin and Light Laptop,Processing & Multitasking,AMD,Ryzen 5 Quad Core,8 GB,DDR4,Windows 10 Home"
"DELL Vostro Core i3 10th Gen - (8 GB/512 GB SSD/Windows 10) Vostro 3401 Thin and Light Laptop  (14 Inch, Dune, 1.58 KG, With MS Office)","Laptop, Battery, Adapter, Cables and User Manuals","Dune,Thin and Light Laptop,Processing & Multitasking, Everyday Use,Intel,Core i3,8 GB,DDR4,Windows 10"
"Lenovo Core i5 11th Gen - (4 GB/512 GB SSD/Windows 10) 82H700J7IN Laptop  (14 inch, Arctic Grey, With MS Office)","Laptop, Power Adaptor, User Guide, Warranty Documents","Arctic Grey,Laptop,Everyday Use,Intel,Core i5,4 GB,DDR4,Windows 10"
"Lenovo IdeaPad 3 Core i3 10th Gen - (8 GB/1 TB HDD/Windows 10 Home) 15IML05 Thin and Light Laptop  (15.6 inch, Platinum Grey, 1.7 kg, With MS Office)","Laptop, Power Adaptor, User Guide, Warranty Documents","Platinum Grey,Thin and Light Laptop,Processing & Multitasking,Intel,Core i3,8 GB,DDR4,Windows 10 Home"
"MSI Pulse GL66 Core i7 11th Gen - (16 GB/1 TB SSD/Windows 10 Home/6 GB Graphics/NVIDIA GeForce RTX 3060/144 Hz) Pulse GL66 11UEK-248IN Gaming Laptop  (15.6 inches, Grey, 2.25 kg)","Laptop, Battery, Power Adapter, User Guide, MSI Essential Backpack","Grey,Gaming Laptop,Processing & Multitasking, Gaming,Intel,Core i7,16 GB,DDR4,Windows 10 Home"
"Lenovo IdeaPad 3 Core i3 10th Gen - (4 GB/256 GB SSD/Windows 10 Home) 81WB010XIN||81WB0112IN||81WB0158IN Thin and Light Laptop  (15.6 inch, Platinum Grey, 1.7 kg, With MS Office)","Laptop, Power Adaptor, User Guide, Warranty Documents","Platinum Grey,Thin and Light Laptop,Processing & Multitasking,Intel,Core i3,4 GB,DDR4,Windows 10 Home"
"Lenovo IdeaPad 3 Core i3 10th Gen - (8 GB/1 TB HDD/Windows 10 Home) 15IML05 Thin and Light Laptop  (15.6 inch, Platinum Grey, 1.7 kg, With MS Office)","Laptop, Power Adaptor, User Guide, Warranty Documents","Platinum Grey,Thin and Light Laptop,Processing & Multitasking,Intel,Core i3,8 GB,DDR4,Windows 10 Home"
"Lenovo IdeaPad 3 Core i3 11th Gen - (8 GB/256 GB SSD/Windows 10 Home) 15ITL6 Thin and Light Laptop  (15.6 inch, Arctic Grey, 1.6 kg, With MS Office)","Laptop, Power Adaptor, User Guide, Warranty Documents","Arctic Grey,Thin and Light Laptop,Processing & Multitasking,Intel,Core i3,8 GB,DDR4,Windows 10 Home"
"Avita PURA APU Dual Core A6 - (4 GB/128 GB SSD/Windows 10 Home) NS14A6ING431-SGC Thin and Light Laptop  (14 inches, Shadow Grey, 1.34 kg)","Laptop, Power Adaptor, User Guide, Warranty Documents","Shadow Grey,Thin and Light Laptop,Processing & Multitasking,AMD,APU Dual Core A6,4 GB,DDR4,Windows 10 Home"
"ASUS ROG Zephyrus G15 Ryzen 9 Octa Core 5900HS - (16 GB/1 TB SSD/Windows 10 Home/6 GB Graphics/NVIDIA GeForce RTX 3060/165 Hz) GA503QM-HQ172TS Gaming Laptop  (15.6 inches, Moonlight White, 1.90 kg, With MS Office)","Laptop, Power Adaptor, User Guide, Warranty Documents","Moonlight White,Gaming Laptop,Gaming,AMD,Ryzen 9 Octa Core,16 GB,DDR4,Windows 10 Home"
"acer Travelmate Core i3 11th Gen - (8 GB/1 TB HDD/256 GB SSD/Windows 10 Home) TravelMate P214-53 Notebook  (14 inches, Black, 1.68 Kg)","Laptop, Power Adapter, User Guide, Warranty Documents","Black,Notebook,Everyday Use, Performance, Processing & Multitasking, Travel & Business,Intel,Core i3,8 GB,DDR4,Windows 10 Home"
"acer Travelmate Core i5 11th Gen - (8 GB/1 TB HDD/256 GB SSD/Windows 10 Home) TravelMate P214-53 Notebook  (14 inches, Black, 1.68 kg)","Laptop, Power Adapter, User Guide, Warranty Documents","Black,Notebook,Everyday Use, Performance, Processing & Multitasking, Travel & Business,Intel,Core i5,8 GB,DDR4,Windows 10 Home"
"HP 14s Core i5 10th Gen - (8 GB/512 GB SSD/Windows 10 Home) 14s- ER0503TU Thin and Light Laptop  (14 Inch, Natural Silver, 1.49 KG, With MS Office)","Laptop, Power Adaptor, User Guide, Warranty Documents","Natural Silver,Thin and Light Laptop,Processing & Multitasking,Intel,Core i5,8 GB,DDR4,Windows 10 Home"
"Lenovo Yoga Slim 7 Intel EVO Core i5 11th Gen - (16 GB/512 GB SSD/Windows 10 Home) 14ITL5 2 in 1 Laptop  (14 Inch, Slate Grey, 1.43 KG, With MS Office)","Laptop, Power Adaptor, User Guide, Digital Pen, Warranty Documents","Slate Grey,2 in 1 Laptop,Processing & Multitasking,Intel,Core i5,16 GB,DDR4,Windows 10 Home"
"HP Chromebook MediaTek Kompanio 500 - (4 GB/64 GB EMMC Storage/Chrome OS) 11a-na0004MU Chromebook  (11.6 inch, Ash Grey, 1.07 Kg)","Laptop, Power Adaptor, User Guide, Warranty Documents","Ash Grey,Chromebook,Processing & Multitasking,MediaTek,MediaTek Kompanio 500,4 GB,LPDDR4X,Chrome"
"Lenovo IdeaPad Core i5 11th Gen - (8 GB/512 GB SSD/Windows 10 Home) 15 ITL 6 Thin and Light Laptop  (15.6 Inch, Arctic Grey, 1.65 KG, With MS Office)","Laptop, Power Adaptor, User Guide, Warranty Documents","Arctic Grey,Thin and Light Laptop,Processing & Multitasking,Intel,Core i5,8 GB,DDR4,Windows 10 Home"
"APPLE MacBook Air M1 - (8 GB/512 GB SSD/Mac OS Big Sur) Z12A000D3  (13.3 inch, Gold, 1.29 kg)","MacBook Air, 30 W USB-C Power Adapter, USB-C Charge Cable (2m), User Guide, Warranty Documents","Gold,Thin and Light Laptop,Processing & Multitasking,Apple,M1,8 GB,DDR4,Mac OS Big Sur"
"APPLE MacBook Pro M1 - (8 GB/1 TB SSD/Mac OS Big Sur) Z11B0008S  (13.3 inch, Space Grey, 1.4 kg)","MacBook Pro, 61 W USB-C Power Adapter, USB-C Charge Cable (2m), User Guide, Warranty Documents","Space Grey,Thin and Light Laptop,Processing & Multitasking,Apple,M1,8 GB,DDR4,Mac OS Big Sur"
"APPLE MacBook Air M1 - (8 GB/512 GB SSD/Mac OS Big Sur) Z12400092  (13.3 inch, Space Grey, 1.29 kg)","MacBook Air, 30 W USB-C Power Adapter, USB-C Charge Cable (2m), User Guide, Warranty Documents","Space Grey,Thin and Light Laptop,Processing & Multitasking,Apple,M1,8 GB,DDR4,Mac OS Big Sur"
"Lenovo APU Dual Core A9 A99425 - (4 GB/1 TB HDD/DOS) E41-45 Notebook  (14 inch, Black, 2.2 Kg)","Laptop, Charger and User Manual","Black,Notebook,Everyday Use, Processing & Multitasking,AMD,APU Dual Core A9,4 GB,DDR4,DOS"
"HP OMEN 15 Ryzen 7 Octa Core 5800H - (16 GB/1 TB SSD/Windows 10 Home/6 GB Graphics/NVIDIA GeForce RTX 3060/144 Hz) 15-en1036AX Gaming Laptop  (15.6 inch, Mica Silver, 2.37 Kg)","Laptop, Power Adaptor, User Guide","Mica Silver,Gaming Laptop,Gaming, Processing & Multitasking,AMD,Ryzen 7 Octa Core,16 GB,DDR4,Windows 10 Home"
"ASUS Chromebook Flip Celeron Dual Core - (4 GB/64 GB EMMC Storage/Chrome OS) C214MA-BU0452 Chromebook  (11.6 inch, Dark Grey, 1.20 Kg)","Laptop, Power Adaptor, User Guide","Dark Grey,Chromebook,Processing & Multitasking,Intel,Celeron Dual Core,4 GB,LPDDR4,Chrome"
"ASUS Chromebook Celeron Dual Core - (4 GB/32 GB EMMC Storage/Chrome OS) C223NA-GJ0074 Chromebook  (11.6 inch, Grey, 1 Kg)","Laptop, Power Adaptor, User Guide","Grey,Chromebook,Processing & Multitasking,Intel,Celeron Dual Core,4 GB,LPDDR4,Chrome"
"ASUS Chromebook Celeron Dual Core - (4 GB/64 GB EMMC Storage/Chrome OS) C523NA-BR0300| C523NA-BR0476 Chromebook  (15.6 inch, Silver, 1.43 Kg)","Laptop, Power Adaptor, User Guide","Silver,Chromebook,Processing & Multitasking,Intel,Celeron Dual Core,4 GB,LPDDR4,Chrome"
"HP OMEN 15 Ryzen 7 Octa Core 5800H - (16 GB/1 TB SSD/Windows 10 Home/8 GB Graphics/NVIDIA GeForce RTX 3070/165 Hz) 15-en1037AX Gaming Laptop  (15.6 inch, Mica Silver, 2.37 Kg)","Laptop, Power Adaptor, User Guide","Mica Silver,Gaming Laptop,Gaming, Processing & Multitasking,AMD,Ryzen 7 Octa Core,16 GB,DDR4,Windows 10 Home"
"ASUS Chromebook Celeron Dual Core - (4 GB/64 GB EMMC Storage/Chrome OS) C423NA-BZ0522 Chromebook  (14 inch, Silver, 1.34 Kg)","Laptop, Power Adaptor, User Guide","Silver,Chromebook,Processing & Multitasking,Intel,Celeron Dual Core,4 GB,LPDDR4,Chrome"
"ASUS Chromebook Celeron Dual Core - (4 GB/64 GB EMMC Storage/Chrome OS) C423NA-BV0523 Chromebook  (14 inch, Silver, 1.20 Kg)","Laptop, Power Adaptor, User Guide","Silver,Chromebook,Processing & Multitasking,Intel,Celeron Dual Core,4 GB,LPDDR4,Chrome"
"ASUS ROG Flow X13 (2021) Ryzen 9 Octa Core 5980HS - (32 GB/1 TB SSD/Windows 10 Home/4 GB Graphics/NVIDIA GeForce GTX 1650/60 Hz) GV301QH-K5459TS 2 in 1 Gaming Laptop  (13.4 Inch, Off Black (Supernova), 1.3 KG, With MS Office)","Laptop, Power Adaptor, User Guide, GV 301 Sleeve Bag, Pen, ROG XG Mobile, Warranty Documents","Off Black (Supernova),2 in 1 Gaming Laptop,Gaming, Processing & Multitasking,AMD,Ryzen 9 Octa Core,32 GB,LPDDR4X,Windows 10 Home"
"ASUS Chromebook Celeron Dual Core - (4 GB/64 GB EMMC Storage/Chrome OS) C523NA-A20303 Chromebook  (15.6 inch, Silver, 1.69 Kg)","Laptop, Power Adaptor, User Guide","Silver,Chromebook,Processing & Multitasking,Intel,Celeron Dual Core,4 GB,LPDDR4,Chrome"
"HP Pavilion Ryzen 7 Octa Core 5800H - (16 GB/512 GB SSD/Windows 10 Home/4 GB Graphics/NVIDIA GeForce RTX 3050/144 Hz) 15-EC2076AX Gaming Laptop  (15.6 inches, Shadow Black, 1.98 kg, With MS Office)","Laptop, Power Adaptor, User Guide, Warranty Documents","Shadow Black,Gaming Laptop,Gaming,AMD,Ryzen 7 Octa Core,16 GB,DDR4,Windows 10 Home"
"ASUS EeeBook 12 Celeron Dual Core - (4 GB/64 GB EMMC Storage/Windows 10 Home) E210MA-GJ011T Thin and Light Laptop  (11.6 inch, Peacock Blue, 1.05 Kg)","Laptop, Power Adaptor, User Guide","Peacock Blue,Thin and Light Laptop,Processing & Multitasking,Intel,Celeron Dual Core,4 GB,DDR4,Windows 10 Home"
"Lenovo IdeaPad Gaming Ryzen 5 Hexa Core 4600H - (8 GB/512 GB SSD/Windows 10 Home/4 GB Graphics/NVIDIA GeForce GTX 1650/120 Hz) 15ARH05 Gaming Laptop  (15.6 inch, Onyx Black, 2.2 kg)","Laptop, Power Adaptor, User Guide, Warranty Documents","Onyx Black,Gaming Laptop,Gaming, Processing & Multitasking,AMD,Ryzen 5 Hexa Core,8 GB,DDR4,Windows 10 Home"
"ASUS Vivobook S14 Ryzen 5 Hexa Core Ryzen-5 5500U - (8 GB/1 TB SSD/Windows 10 Home) M433UA-EB584TS Thin and Light Laptop  (14.1 inch, Dreamy White, 1.4 kg, With MS Office)","Laptop, Power Adaptor, User Guide","Dreamy White,Thin and Light Laptop,Travel & Business,AMD,Ryzen 5 Hexa Core,8 GB,DDR4,Windows 10 Home"
"Lenovo APU Dual Core A9 A99425 - (4 GB/1 TB HDD/Windows 10) E41-45 Notebook  (14 inch, Black, 2.2 Kg)","Laptop, Charger and User Manual","Black,Notebook,Everyday Use, Processing & Multitasking,AMD,APU Dual Core A9,4 GB,DDR4,Windows 10"
"Lenovo Ideapad Slim 3i (2021) Core i5 11th Gen - (8 GB/512 GB SSD/Windows 10 Home) 14 ITL 6 Thin and Light Laptop  (14 Inch, Arctic Grey, 1.41 KG, With MS Office)","Laptop, Power Adaptor, User Guide, Warranty Documents","Arctic Grey,Thin and Light Laptop,Processing & Multitasking,Intel,Core i5,8 GB,DDR4,Windows 10 Home"
"Lenovo Legion 5 Core i5 10th Gen - (8 GB/512 GB SSD/Windows 10 Home/4 GB Graphics/NVIDIA GeForce GTX 1650/120 Hz) 15IMH05 Gaming Laptop  (15.6 Inch, Phantom Black, 2.3 KG)","Laptop, Power Adaptor, User Guide, Warranty Documents","Phantom Black,Gaming Laptop,Gaming, Processing & Multitasking,Intel,Core i5,8 GB,DDR4,Windows 10 Home"
"acer Nitro Ryzen 5 Hexa Core 5600H - (8 GB/1 TB HDD/256 GB SSD/Windows 10 Home/4 GB Graphics/NVIDIA GeForce RTX 3050/144 Hz) AN515-45/AN515-45-R7Z1 Gaming Laptop  (15.6 Inch, Black, 2.4 KG)","Laptop, Power Adaptor, User Guide, Warranty Documents","Black,Gaming Laptop,Gaming, Processing & Multitasking,AMD,Ryzen 5 Hexa Core,8 GB,DDR4,Windows 10 Home"
"DELL Inspiron Core i5 11th Gen - (16 GB/512 GB SSD/Windows 10) Inspiron 5418 Thin and Light Laptop  (14 inches, Platinum Silver, 1.5 kg, With MS Office)","Laptop, Battery, Adapter, Cables and User Manuals","Platinum Silver,Thin and Light Laptop,Processing & Multitasking,Intel,Core i5,16 GB,DDR4,Windows 10"
"DELL Vostro Ryzen 5 Hexa Core 5500U - (8 GB/512 GB SSD/Windows 10) Vostro 5415 Thin and Light Laptop  (14 inch, Titan Grey, 1.5 Kg, With MS Office)","Laptop, Battery, Adapter, Cables and User Manuals","Titan Grey,Thin and Light Laptop,Processing & Multitasking,AMD,Ryzen 5 Hexa Core,8 GB,DDR4,Windows 10"
"ASUS ROG Strix G15(2021) Ryzen 7 Octa Core 5800H - (16 GB/1 TB SSD/Windows 10 Home/4 GB Graphics/NVIDIA GeForce RTX 3050/144 Hz) G513QE-HN108T Gaming Laptop  (15.6 Inch, Eclipse Gray, 2.1 KG)","Laptop, Power Adaptor, User Guide, Warranty Documents","Eclipse Gray,Gaming Laptop,Gaming, Processing & Multitasking,AMD,Ryzen 7 Octa Core,16 GB,DDR4,Windows 10 Home"
"ASUS VivoBook Ultra Ryzen 5 Hexa Core 5500U - (8 GB/512 GB SSD/Windows 10 Home) KM413UA-EB501TS Thin and Light Laptop  (14 inch, Hearty Gold, 1.40 kg, With MS Office)","Laptop, Power Adaptor, User Guide, Warranty Documents","Hearty Gold,Thin and Light Laptop,Processing & Multitasking,AMD,Ryzen 5 Hexa Core,8 GB,DDR4,Windows 10 Home"
"Lenovo E41 APU Dual Core A6 A6-9225 - (4 GB/1 TB HDD/Windows 10) E41-45 Notebook  (14 Inch, Black, 2.2 KG)","Laptop, Charger and Manual","Black,Notebook,Processing & Multitasking, Everyday Use,AMD,APU Dual Core A6,4 GB,DDR4,Windows 10"
"HP Core i3 10th Gen - (8 GB/512 GB SSD/Windows 10 Home) 15s-DU1516TU Thin and Light Laptop  (15.6 inch, Jet Black, 1.74 kg, With MS Office)","Laptop, Power Adaptor, User Guide","Jet Black,Thin and Light Laptop,Processing & Multitasking,Intel,Core i3,8 GB,DDR4,Windows 10 Home"
"DELL Inspiron Core i5 11th Gen - (16 GB/512 GB SSD/Windows 10/2 GB Graphics) Inspiron 5410 2 in 1 Laptop  (14 Inch, Platinum Silver, 1.56 KG, With MS Office)","Laptop, Active Pen, Battery, Adapter, Cables and User Manuals","Platinum Silver,2 in 1 Laptop,Processing & Multitasking,Intel,Core i5,16 GB,DDR4,Windows 10"
"ASUS Core i5 10th Gen - (8 GB/1 TB HDD/256 GB SSD/Windows 10 Home/2 GB Graphics) X515EP-EJ512TS Thin and Light Laptop  (15.6 inch, Silver, With MS Office)","Laptop, Power Adaptor, User Guide, Warranty Documents","Silver,Thin and Light Laptop,Processing & Multitasking,Intel,Core i5,8 GB,DDR4,Windows 10 Home"
"DELL Inspiron Core i5 11th Gen - (16 GB/512 GB SSD/Windows 10) Inspiron 5518 Thin and Light Laptop  (15.3 Inch, Platinum Silver, 1.65 KG, With MS Office)","Laptop, Battery, Adapter, Cables and User Manuals","Platinum Silver,Thin and Light Laptop,Processing & Multitasking,Intel,Core i5,16 GB,DDR4,Windows 10"
"DELL Inspiron Ryzen 5 Hexa Core 5500U - (8 GB/512 GB SSD/Windows 10) Inspiron 5515 Thin and Light Laptop  (15.6 Inch, Silver, 1.64 KG, With MS Office)","Laptop, Battery, Adapter, Cables and User Manuals","Silver,Thin and Light Laptop,Processing & Multitasking,AMD,Ryzen 5 Hexa Core,8 GB,DDR4,Windows 10"
"DELL Inspiron Core i5 11th Gen - (16 GB/512 GB SSD/Windows 10/2 GB Graphics) Inspiron 5518 Thin and Light Laptop  (15.6 Inch, Platinum Silver, 1.65 KG, With MS Office)","Laptop, Battery, Adapter, Cables and User Manuals","Platinum Silver,Thin and Light Laptop,Processing & Multitasking,Intel,Core i5,16 GB,DDR4,Windows 10"
"DELL Inspiron 5518 Core i5 11th Gen - (16 GB/512 GB SSD/Windows 10 Home) Inspiron 5518 Laptop  (15.6 inch, Silver, 1.65 kg, With MS Office)","Laptop, Battery, Adapter, Cables and User Manuals","Silver,Laptop,Processing & Multitasking, Entertainment, Performance, Everyday Use, Travel & Business,Intel,Core i5,16 GB,DDR4,Windows 10 Home"
"DELL Inspiron Core i5 11th Gen - (16 GB/512 GB SSD/Windows 10/2 GB Graphics) Inspiron 7400 Thin and Light Laptop  (14 Inch, Silver, 1.35 KG, With MS Office)","Laptop, Battery, Adapter, Cables and User Manuals","Silver,Thin and Light Laptop,Processing & Multitasking,Intel,Core i5,16 GB,DDR4,Windows 10"
"DELL XPS Core i7 11th Gen - (16 GB/1 TB SSD/Windows 10) XPS 9310 Thin and Light Laptop  (13.4 inches, Platinum Silver, 1.27 kg, With MS Office)","Laptop, Battery, Adapter, Cables and User Manuals","Platinum Silver,Thin and Light Laptop,Processing & Multitasking,Intel,Core i7,16 GB,LPDDR4X,Windows 10"
"ASUS VivoBook 17 Ryzen 5 Hexa Core 5500U - (16 GB/512 GB SSD/Windows 10 Home) M712UA-AU521TS Laptop  (17.3 inches, Transparent Silver, 2.30 kg, With MS Office)","Laptop, Power Adaptor, User Guide, Warranty Documents","Transparent Silver,Laptop,Processing & Multitasking,AMD,Ryzen 5 Hexa Core,16 GB,DDR4,Windows 10 Home"
"HP HP Pavilion Ryzen 5 Hexa Core 4600H - (8 GB/512 GB SSD/Windows 10 Home/4 GB Graphics/NVIDIA GeForce GTX 1650Ti/144 Hz) 15-ec1025AX Gaming Laptop  (15.6 inch, Shadow Black, 1.98 kg)","Laptop, Power Adaptor, User Guide, Warranty Documents","Shadow Black,Gaming Laptop,Gaming,AMD,Ryzen 5 Hexa Core,8 GB,DDR4,Windows 10 Home"
"DELL Inspiron Core i5 11th Gen - (16 GB/512 GB SSD/Windows 10) Inspiron 5410 2 in 1 Laptop  (14 Inch, Silver, 1.56 KG, With MS Office)","Laptop, Active Pen, Battery, Adapter, Cables and User Manuals","Silver,2 in 1 Laptop,Processing & Multitasking,Intel,Core i5,16 GB,DDR4,Windows 10"
"DELL Inspiron Core i5 11th Gen - (8 GB/512 GB SSD/Windows 10) Inspiron 5410 2 in 1 Laptop  (14 Inch, Platinum Silver, 1.56 KG, With MS Office)","Laptop, Active Pen, Battery, Adapter, Cables and User Manuals","Platinum Silver,2 in 1 Laptop,Processing & Multitasking,Intel,Core i5,8 GB,DDR4,Windows 10"
"ASUS TUF Gaming F15 (2021) Core i7 11th Gen - (8 GB/1 TB SSD/Windows 10 Home/4 GB Graphics/NVIDIA GeForce RTX 3050/144 Hz) FX506HC-HN095T Gaming Laptop  (15.6 Inch, Graphite Black, 2.3 KG)","Laptop, Power Adaptor, User Guide, Warranty Documents","Graphite Black,Gaming Laptop,Gaming, Processing & Multitasking,Intel,Core i7,8 GB,DDR4,Windows 10 Home"
"MSI GF63 Thin Core i5 10th Gen - (8 GB/1 TB HDD/Windows 10 Home/4 GB Graphics/NVIDIA GeForce GTX 1650 Max Q/60 Hz) GF63 Thin 10SCXR-1618IN / GF63 Thin 10SC-612IN Gaming Laptop  (15.6 inch, Black, 1.86 KG)","Laptop, battery, power adapter, user guide","Black,Gaming Laptop,Gaming,Intel,Core i5,8 GB,DDR4,Windows 10 Home"
"DELL G15 Core i5 10th Gen - (16 GB/512 GB SSD/Windows 10/4 GB Graphics/NVIDIA GeForce GTX 1650/120 Hz) G15-5510 / inspiron 5510 Gaming Laptop  (15.6 inches, Dark Shadow Grey, 2.4 kg)","Laptop, Battery, Adapter, Cables and User Manuals","Dark Shadow Grey,Gaming Laptop,Gaming, Processing & Multitasking,Intel,Core i5,16 GB,DDR4,Windows 10"
"DELL G15 Core i5 10th Gen - (16 GB/512 GB SSD/Windows 10/4 GB Graphics/NVIDIA GeForce GTX 1650/120 Hz) G15-5510 / inspiron 5510 Gaming Laptop  (15.6 inches, Dark Shadow Grey, 2.4 kg, With MS Office)","Laptop, Battery, Adapter, Cables and User Manuals","Dark Shadow Grey,Gaming Laptop,Gaming, Processing & Multitasking,Intel,Core i5,16 GB,DDR4,Windows 10"
"ASUS ROG Flow X13 (2021) Ryzen 9 Octa Core 5900HS - (16 GB/1 TB SSD/Windows 10 Home/4 GB Graphics/NVIDIA GeForce GTX 1650/120 Hz) GV301QH-K6464TS 2-in-1 2 in 1 Gaming Laptop  (13.4 Inch, Off Black, 1.3 KG, With MS Office)","Laptop, Power Adaptor, User Guide, GV 301 Sleeve Bag, Pen, Warranty Documents","Off Black,2 in 1 Gaming Laptop,Gaming, Processing & Multitasking,AMD,Ryzen 9 Octa Core,16 GB,LPDDR4X,Windows 10 Home"
"ASUS TUF Gaming F17 (2021) Core i5 11th Gen - (8 GB/1 TB SSD/Windows 10 Home/4 GB Graphics/NVIDIA GeForce RTX 3050/144 Hz) FX706HC-HX070T Gaming Laptop  (17.3 Inch, Graphite Black, 2.6 KG)","Laptop, Power Adaptor, User Guide, Warranty Documents, TUF Sticker, Palm Rest","Graphite Black,Gaming Laptop,Gaming, Processing & Multitasking,Intel,Core i5,8 GB,DDR4,Windows 10 Home"
"DELL G15 Core i5 10th Gen - (8 GB/512 GB SSD/Windows 10/4 GB Graphics/NVIDIA GeForce GTX 1650/120 Hz) G15-5510 / inspiron 5510 Gaming Laptop  (15.6 inches, Dark Shadow Grey, 2.4 kg)","Laptop, Battery, Adapter, Cables and User Manuals","Dark Shadow Grey,Gaming Laptop,Gaming, Processing & Multitasking,Intel,Core i5,8 GB,DDR4,Windows 10"
"MSI Stealth 15M Core i7 11th Gen - (16 GB/1 TB SSD/Windows 10 Home/6 GB Graphics/NVIDIA GeForce RTX 3060/144 Hz) Stealth 15M A11UEK-227IN Gaming Laptop  (15.6 inch, Carbon Gray, 1.7 KG)","Laptop, battery, power adapter, user guide","Carbon Gray,Gaming Laptop,Processing & Multitasking,Intel,Core i7,16 GB,DDR4,Windows 10 Home"
"HP 15s Core i3 10th Gen - (8 GB/1 TB HDD/Windows 10 Home) 15s-DU1066TU Thin and Light Laptop  (15.6 Inch, Jet Black, 1.76 KG, With MS Office)","Laptop, Power Adaptor, User Guide, Warranty Documents","Jet Black,Thin and Light Laptop,Processing & Multitasking,Intel,Core i3,8 GB,DDR4,Windows 10 Home"
"Lenovo Ideapad Slim 5i Core i5 11th Gen - (8 GB/1 TB HDD/256 GB SSD/Windows 10 Home/2 GB Graphics) ideapad slim 5 Thin and Light Laptop  (15.6 inch, Graphite Grey, 1.66 Kg, With MS Office)","Laptop, Power Adaptor, User Guide","Graphite Grey,Thin and Light Laptop,Processing & Multitasking,Intel,Core i5,8 GB,DDR4,Windows 10 Home"
"Lenovo Ideapad Slim 5i Core i5 11th Gen - (16 GB/512 GB SSD/Windows 10 Home/2 GB Graphics) 15 ITL 05 Thin and Light Laptop  (15.6 Inch, Graphite Grey, 1.66 KG, With MS Office)","Laptop, Power Adaptor, User Guide, Warranty Documents","Graphite Grey,Thin and Light Laptop,Processing & Multitasking,Intel,Core i5,16 GB,DDR4,Windows 10 Home"
"DELL Vostro Core i3 10th Gen - (4 GB/1 TB HDD/256 GB SSD/Windows 10 Home) Vostro 3401 Thin and Light Laptop  (14 inch, Black, 1.58 kg, With MS Office)","Laptop, Power Adaptor, Battery, User Guide, Warranty Documents","Black,Thin and Light Laptop,Processing & Multitasking,Intel,Core i3,4 GB,DDR4,Windows 10 Home"
"HP 15-ec1105AX Ryzen 5 Hexa Core 4600H - (8 GB/512 GB SSD/Windows 10 Home/4 GB Graphics/NVIDIA GeForce GTX 1650) 15-ec1105AX Gaming Laptop  (15.6 inch, Shadow Black & Ultra Violet, 1.98 Kg)","Laptop, Power Adaptor, User Guide","Shadow Black & Ultra Violet,Gaming Laptop,Gaming, Processing & Multitasking,AMD,Ryzen 5 Hexa Core,8 GB,DDR4,Windows 10 Home"
"DELL Inspiron Ryzen 5 Hexa Core 5500U - (8 GB/512 GB SSD/Windows 10) Inspiron 7415 2 in 1 Laptop  (14 Inch, Pebble Green, 1.56 KG, With MS Office)","Laptop, Active Pen, Battery, Adapter, Cables and User Manuals","Pebble Green,2 in 1 Laptop,Processing & Multitasking,AMD,Ryzen 5 Hexa Core,8 GB,DDR4,Windows 10"
"DELL Inspiron Core i5 11th Gen - (8 GB/512 GB SSD/Windows 10/2 GB Graphics) Inspiron 5410 2 in 1 Laptop  (14 Inch, Silver, 1.56 KG, With MS Office)","Laptop, Active Pen, Battery, Adapter, Cables and User Manuals","Silver,2 in 1 Laptop,Processing & Multitasking,Intel,Core i5,8 GB,DDR4,Windows 10"
"Lenovo Ideapad Slim3 Core i3 11th Gen - (8 GB/256 GB SSD/Windows 10 Home) 14 ITL 6 Thin and Light Laptop  (14 Inch, Arctic Grey, 1.41 KG, With MS Office)","Laptop, Power Adaptor, User Guide, Warranty Documents","Arctic Grey,Thin and Light Laptop,Processing & Multitasking,Intel,Core i3,8 GB,DDR4,Windows 10 Home"
"Lenovo Ideapad Slim 5i Core i5 11th Gen - (16 GB/512 GB SSD/Windows 10 Home) 15 ITL 05 Thin and Light Laptop  (15.6 Inch, Graphite Grey, 1.66 KG, With MS Office)","Laptop, Power Adaptor, User Guide, Warranty Documents","Graphite Grey,Thin and Light Laptop,Processing & Multitasking,Intel,Core i5,16 GB,DDR4,Windows 10 Home"
"MSI GF65 Thin Hexa Core i5 10th Gen - (16 GB/512 GB SSD/Windows 10 Home/6 GB Graphics/NVIDIA GeForce RTX 3060/144 Hz) GF65 Thin 10UE-290IN Gaming Laptop  (15.6 inch, Black, 1.86 KG)","Laptop, Battery, Power Adapter, User Guide","Black,Gaming Laptop,Gaming, Processing & Multitasking,Intel,Hexa Core i5,16 GB,DDR4,Windows 10 Home"
"MSI GF63 Thin Hexa Core i5 10th Gen - (8 GB/1 TB HDD/256 GB SSD/Windows 10 Home/4 GB Graphics/NVIDIA GeForce GTX 1650 Max Q/60 Hz) GF63 Thin 10SCXR-1616IN / GF63 Thin 10SC-611IN Gaming Laptop  (15.6 inch, Black, 1.86 KG)","Laptop, battery, power adapter, user guide","Black,Gaming Laptop,Gaming,Intel,Hexa Core i5,8 GB,DDR4,Windows 10 Home"
"DELL DELL 5590 Core i5 10th Gen - (8 GB/512 GB SSD/Windows 10/2 GB Graphics) Inspiron 15 5590 Laptop  (15.6 inch, Silver, 1.8 kg, With MS Office)","Laptop,Battery,AC Adapter,User guide and Manuals","Silver,Laptop,Processing & Multitasking, Entertainment, Gaming, Performance, Everyday Use, Travel & Business,Intel,Core i5,8 GB,DDR4,Windows 10"
"DELL GAMING G5 SERIES Core i5 10th Gen - (8 GB/512 GB SSD/Windows 10/4 GB Graphics/NVIDIA GeForce GTX 1650Ti/120 Hz) G5 5500 Gaming Laptop  (15.6 inch, Black, 2.3 kg, With MS Office)","Laptop, Power Adaptor","Black,Gaming Laptop,Gaming, Performance, Processing & Multitasking, Entertainment,Intel,Core i5,8 GB,DDR4,Windows 10"
"Lenovo Ideapad Slim 3i (2021) Core i5 11th Gen - (8 GB/512 GB SSD/Windows 10 Home) IdeaPad 3 15ITL6 Thin and Light Laptop  (15.6 Inch, Arctic Grey, 1.65 KG, With MS Office)","Laptop, Power Adaptor, User Guide, Warranty Documents","Arctic Grey,Thin and Light Laptop,Processing & Multitasking,Intel,Core i5,8 GB,DDR4,Windows 10 Home"
"Lenovo IdeaPad Slim 3i (2021) Core i3 11th Gen - (8 GB/256 GB SSD/Windows 10 Home) IdeaPad 3 14ITL6 Thin and Light Laptop  (14 Inch, Arctic Grey, 1.41 KG, With MS Office)","Laptop, Power Adaptor, User Guide, Warranty Documents","Arctic Grey,Thin and Light Laptop,Processing & Multitasking,Intel,Core i3,8 GB,DDR4,Windows 10 Home"
"ASUS VivoBook Ultra K14 (2021) Ryzen 5 Hexa Core 5500U - (8 GB/512 GB SSD/Windows 10 Home) KM413UA-EB503TS Thin and Light Laptop  (14 inch, Transparent Silver, 1.40 kg, With MS Office)","Laptop, Power Adaptor, User Guide, Warranty Documents","Transparent Silver,Thin and Light Laptop,Processing & Multitasking,AMD,Ryzen 5 Hexa Core,8 GB,DDR4,Windows 10 Home"
"Lenovo Ideapad Slim 5 Ryzen 7 Octa Core 5700U - (8 GB/512 GB SSD/Windows 10 Home) 14 ALC 05 Thin and Light Laptop  (14 Inch, Graphite Grey, 1.39 KG, With MS Office)","Laptop, Power Adaptor, User Guide, Warranty Documents","Graphite Grey,Thin and Light Laptop,Processing & Multitasking,AMD,Ryzen 7 Octa Core,8 GB,DDR4,Windows 10 Home"
"HP Pavilion Gaming Ryzen 7 Octa Core 4800H - (16 GB/1 TB HDD/256 GB SSD/Windows 10 Home/4 GB Graphics/NVIDIA GeForce 1650Ti/144 Hz) 15-EC1512AX Gaming Laptop  (15.6 inch, Shadow Black, 2.19 kg, With MS Office)","Laptop, Power Adaptor, User Guide, Warranty Documents","Shadow Black,Gaming Laptop,Gaming, Processing & Multitasking,AMD,Ryzen 7 Octa Core,16 GB,DDR4,Windows 10 Home"
"ASUS TUF Gaming F15 (2021) Core i5 11th Gen - (16 GB/512 GB SSD/Windows 10 Home/6 GB Graphics/NVIDIA GeForce RTX 3060/144 Hz) FX506HM-HN016T Gaming Laptop  (15.6 Inch, Graphite Black, 2.3 KG)","Laptop, Power Adaptor, User Guide, Warranty Documents","Graphite Black,Gaming Laptop,Gaming, Processing & Multitasking,Intel,Core i5,16 GB,DDR4,Windows 10 Home"
"ASUS VivoBook Ultra Ryzen 5 Hexa Core 5500U - (8 GB/512 GB SSD/Windows 10 Home) KM413UA-EB502TS Thin and Light Laptop  (14 inch, Indie Black, 1.40 kg, With MS Office)","Laptop, Power Adaptor, User Guide, Warranty Documents","Indie Black,Thin and Light Laptop,Processing & Multitasking,AMD,Ryzen 5 Hexa Core,8 GB,DDR4,Windows 10 Home"
"Lenovo Ideapad Slim 3i (2021) Core i5 11th Gen - (8 GB/512 GB SSD/Windows 10 Home) 15ITL6 Thin and Light Laptop  (15.6 inch, Arctic Grey, 1.65 kg, With MS Office)","Laptop, Power Adaptor, User Guide, Warranty Documents","Arctic Grey,Thin and Light Laptop,Processing & Multitasking,Intel,Core i5,8 GB,DDR4,Windows 10 Home"
"Lenovo ThinkPad Core i5 10th Gen - (16 GB/512 GB HDD/512 GB SSD/Windows 10 Pro) T14 Thin and Light Laptop  (14 Inch, Black, 1.55 KG)","Laptop, Power Adaptor, User Guide, Warranty Documents","Black,Thin and Light Laptop,Processing & Multitasking,Intel,Core i5,16 GB,DDR4,Windows 10 Pro"
"Lenovo Yoga Slim 7 Intel EVO Core i5 11th Gen - (16 GB/512 GB SSD/Windows 10 Home) Yoga Slim 7 14ITL05a Thin and Light Laptop  (14 Inches, Slate Grey, 1.36 KG, With MS Office)","Laptop, Power Adaptor, User Guide, Warranty Documents","Slate Grey,Thin and Light Laptop,Processing & Multitasking,Intel,Core i5,16 GB,DDR4,Windows 10 Home"
"Lenovo Yoga Slim 7 Intel EVO Core i7 11th Gen - (16 GB/1 TB SSD/Windows 10 Home) Yoga Slim 7 14ITL05b Thin and Light Laptop  (14 inch, Slate Grey, 1.36 Kg, With MS Office)","Laptop, Power Adaptor, User Guide, Warranty Documents","Slate Grey,Thin and Light Laptop,Processing & Multitasking,Intel,Core i7,16 GB,DDR4,Windows 10 Home"
"Lenovo Ideapad Slim 3i (2021) Core i5 11th Gen - (8 GB/256 GB SSD/Windows 10 Home) 15ITL6/ 15ITL6 Ub Thin and Light Laptop  (15.6 inch, Arctic Grey, 1.65 kg, With MS Office)","Laptop, Power Adaptor, User Guide, Warranty Documents","Arctic Grey,Thin and Light Laptop,Processing & Multitasking,Intel,Core i5,8 GB,DDR4,Windows 10 Home"
"ASUS Zephyrus G14 Ryzen 7 Octa Core AMD Ryzen™ 7 5800HS 5th Gen - (8 GB/1 TB SSD/Windows 10 Home/4 GB Graphics/NVIDIA GeForce RTX 3050/144 Hz) GA401QC-HZ047TS Gaming Laptop  (14 inch, White, 1.60 Kg, With MS Office)","Laptop, Power Adaptor, User Guide, Sleeve","White,Gaming Laptop,Gaming,AMD,Ryzen 7 Octa Core,8 GB,DDR4,Windows 10 Home"
"Lenovo Core i5 11th Gen - (8 GB/512 GB SSD/Windows 10 Home/2 GB Graphics) E15 Laptop  (15.6 Inch, Black, 1.7 kg, With MS Office)","Laptop, Power Adaptor, User Guide, Warranty Documents","Black,Laptop,Processing & Multitasking,Intel,Core i5,8 GB,DDR4,Windows 10 Home"
"Lenovo ThinkPad E15 Core i5 11th Gen - (8 GB/512 GB SSD/Windows 10 Home) E15 Thin and Light Laptop  (15.6 Inch, Black, 1.7 kg, With MS Office)","Laptop, Power Adaptor, User Guide, Warranty Documents","Black,Thin and Light Laptop,Processing & Multitasking,Intel,Core i5,8 GB,DDR4,Windows 10 Home"
"HP Core i3 11th Gen - (8 GB/512 GB SSD/Windows 10) 42V68PA Laptop  (15.6 inch, Black, 1.74 kg)","Laptop, Power Adaptor, User Guide, Warranty Documents","Black,Laptop,Processing & Multitasking,Intel,Core i3,8 GB,DDR4,Windows 10"
"Lenovo IdeaPad Gaming 3 Core i5 10th Gen - (8 GB/512 GB SSD/Windows 10 Home/4 GB Graphics/NVIDIA GeForce GTX 1650/120 Hz) 15IMH05 Gaming Laptop  (15.6 inch, Onyx Black, 2.2 kg)","Laptop, Power Adaptor, User Guide, Warranty Documents","Onyx Black,Gaming Laptop,Gaming, Processing & Multitasking,Intel,Core i5,8 GB,DDR4,Windows 10 Home"
"Lenovo Legion Core i5 9th Gen - (8 GB/1 TB HDD/256 GB SSD/Windows 10 Home/4 GB Graphics/NVIDIA GeForce GTX 1650) Y540-15IRH-PG0 Gaming Laptop  (15.6 inch, Raven Black, 2.3 kg, With MS Office)","Laptop, Power Adaptor, User Guide, Warranty Documents","Raven Black,Gaming Laptop,Processing & Multitasking, Gaming,Intel,Core i5,8 GB,DDR4,Windows 10 Home"
"ASUS VivoBook Ultra S14 Core i7 11th Gen - (8 GB + 32 GB Optane/512 GB SSD/Windows 10 Home) S433EA-AM702TS Thin and Light Laptop  (14 inch, Dreamy White, 1.40 Kg, With MS Office)","Laptop, Power Adaptor, User Guide","Dreamy White,Thin and Light Laptop,Processing & Multitasking,Intel,Core i7,8 GB,DDR4,Windows 10 Home"
"Lenovo ThinkPad E15 Core i5 11th Gen - (8 GB/512 GB SSD/Windows 10 Home) E15 Thin and Light Laptop  (15.6 Inch, Black, 1.7 kg, With MS Office)","Laptop, Power Adaptor, User Guide, Warranty Documents","Black,Thin and Light Laptop,Processing & Multitasking,Intel,Core i5,8 GB,DDR4,Windows 10 Home"
"Lenovo Core i5 11th Gen - (16 GB/512 GB SSD/Windows 10 Home) E15 Laptop  (15.6 Inch, Black, 1.7 kg, With MS Office)","Laptop, Power Adaptor, User Guide, Warranty Documents","Black,Laptop,Processing & Multitasking,Intel,Core i5,16 GB,DDR4,Windows 10 Home"
"Lenovo ThinkPad Core i5 10th Gen - (8 GB/512 GB HDD/512 GB SSD/Windows 10 Pro) T14 Thin and Light Laptop  (14 Inch, Black, 1.55 KG)","Laptop, Power Adaptor, User Guide, Warranty Documents","Black,Thin and Light Laptop,Processing & Multitasking,Intel,Core i5,8 GB,DDR4,Windows 10 Pro"
"ASUS VivoBook Ultra 17 Ryzen 5 Hexa Core - (8 GB/1 TB HDD/256 GB SSD/Windows 10 Home) M712UA-AU501TS Thin and Light Laptop  (17.3 inch, Transparent Silver, 2.30 kg, With MS Office)","Laptop, Power Adaptor, User Guide, Warranty Documents","Transparent Silver,Thin and Light Laptop,Processing & Multitasking,AMD,Ryzen 5 Hexa Core,8 GB,DDR4,Windows 10 Home"
"ASUS ZenBook 13 (2021) OLED Core i7 11th Gen - (16 GB/1 TB SSD/Windows 10 Home) UX325EA-KG701TS Thin and Light Laptop  (13.3 inch, Lilac Mist, 1.14 kg, With MS Office)","Laptop, Power Adaptor, Sleeve, USB-C to Audio Jack Adapter, User Guide, Warranty Documents","Lilac Mist,Thin and Light Laptop,Processing & Multitasking,Intel,Core i7,16 GB,LPDDR4X,Windows 10 Home"
"Lenovo V Series Athlon Dual Core 3050U - (4 GB/1 TB HDD/Windows 10 Home) V-15 ADA Laptop  (15.6 Inch, Iron Grey, 1.85 KG)","Laptop, Power Adaptor, User Guide, Warranty Documents","Iron Grey,Laptop,Processing & Multitasking,AMD,Athlon Dual Core,4 GB,DDR4,Windows 10 Home"
"Lenovo V Series Athlon Dual Core 3150U - (4 GB/1 TB HDD/Windows 10 Home) V-15 ADA Laptop  (15.6 Inch, Iron Grey, 1.85 KG)","Laptop, Power Adaptor, User Guide, Warranty Documents","Iron Grey,Laptop,Processing & Multitasking,AMD,Athlon Dual Core,4 GB,DDR4,Windows 10 Home"
"DELL XPS Core i5 11th Gen - (16 GB/512 GB SSD/Windows 10) XPS 13 9305 Thin and Light Laptop  (13.3 Inch, Platinum Silver, 1.16 KG, With MS Office)","Laptop, Battery, Adapter, Cables and User Manuals","Platinum Silver,Thin and Light Laptop,Processing & Multitasking,Intel,Core i5,16 GB,LPDDR4X,Windows 10"
"ASUS Vivobook Core i3 11th Gen - (4 GB/256 GB SSD/Windows 10 Home) X415EA-EK302TS Thin and Light Laptop  (14 inch, Transparent Silver, 1.55 kg, With MS Office)","Laptop, Power Adaptor, User Guide","Transparent Silver,Thin and Light Laptop,Processing & Multitasking,Intel,Core i3,4 GB,DDR4,Windows 10 Home"
"DELL Vostro Core i5 11th Gen - (8 GB/1 TB HDD/256 GB SSD/Windows 10) Vostro 3400 Thin and Light Laptop  (14 Inch, Dune, 1.58 KG, With MS Office)","Laptop, Battery, Adapter, Cables and User Manuals","Dune,Thin and Light Laptop,Processing & Multitasking, Everyday Use,Intel,Core i5,8 GB,DDR4,Windows 10"
"DELL Vostro Core i3 10th Gen - (4 GB/256 GB SSD/Windows 10 Home) Vostro 3401 Thin and Light Laptop  (14 inch, Accent Black, 1.58 kg, With MS Office)","Laptop, Battery, Adapter, Cables and User Manuals","Accent Black,Thin and Light Laptop,Processing & Multitasking,Intel,Core i3,4 GB,DDR4,Windows 10 Home"
"Lenovo IdeaPad Gaming 3 Core i5 10th Gen - (8 GB/1 TB HDD/256 GB SSD/Windows 10 Home/4 GB Graphics/NVIDIA GeForce GTX 1650/120 Hz) 15IMH05 Gaming Laptop  (15.6 inch, Onyx Black, 2.2 kg)","Laptop, Power Adaptor, User Guide, Warranty Documents","Onyx Black,Gaming Laptop,Gaming, Processing & Multitasking,Intel,Core i5,8 GB,DDR4,Windows 10 Home"
"Lenovo Ideapad Gaming 3 Ryzen 5 Hexa Core 4600H - (8 GB/1 TB HDD/256 GB SSD/Windows 10 Home/4 GB Graphics/NVIDIA GeForce GTX 1650/120 Hz) 15ARH05 Gaming Laptop  (15.6 inch, Onyx Black, 2.2 kg)","Laptop, Power Adaptor, User Guide, Warranty Documents","Onyx Black,Gaming Laptop,Gaming, Processing & Multitasking,AMD,Ryzen 5 Hexa Core,8 GB,DDR4,Windows 10 Home"
"Lenovo Ideapad Slim 5i Core i5 11th Gen - (8 GB/512 GB SSD/Windows 10 Home) 14ITL05U2a Thin and Light Laptop  (14 inch, Graphite Grey, 1.39 kg, With MS Office)","Laptop, Power Adaptor, User Guide, Warranty Documents","Graphite Grey,Thin and Light Laptop,Processing & Multitasking,Intel,Core i5,8 GB,DDR4,Windows 10 Home"
"Lenovo Ideapad Slim 5 Ryzen 7 Octa Core 5700U - (16 GB/512 GB SSD/Windows 10 Home) 15ALC05 A|| 15ALC05 B Thin and Light Laptop  (15.6 inch, Graphite Grey, 1.66 kg, With MS Office)","Laptop, Power Adaptor, User Guide, Warranty Documents","Graphite Grey,Thin and Light Laptop,Processing & Multitasking,AMD,Ryzen 7 Octa Core,16 GB,DDR4,Windows 10 Home"
"Lenovo V15 Athlon Dual Core 3050U - (4 GB/1 TB HDD/DOS) V15 Laptop  (15.6 inch, Iron Grey, 1.85 kg)","Laptop, Power Adaptor, User Guide, Warranty Documents","Iron Grey,Laptop,Processing & Multitasking,AMD,Athlon Dual Core,4 GB,DDR4,DOS"
"ASUS TUF Gaming F15 Core i5 10th Gen - (8 GB/512 GB SSD/Windows 10 Home/4 GB Graphics/NVIDIA GeForce GTX 1650 Ti/144 Hz) FX506LI-HN271TS Gaming Laptop  (15.6 Inch, Black Plastic, 2.3 KG, With MS Office)","Laptop, Power Adaptor, User Guide, Warranty Documents","Black Plastic,Gaming Laptop,Gaming, Processing & Multitasking,Intel,Core i5,8 GB,DDR4,Windows 10 Home"
"DELL Vostro Core i3 11th Gen - (4 GB/1 TB HDD/256 GB SSD/Windows 10) Vostro 3400 Thin and Light Laptop  (14 inch, Dune, 1.58 kg, With MS Office)","Laptop, Battery, Adapter, Cables and User Manuals","Dune,Thin and Light Laptop,Everyday Use, Processing & Multitasking,Intel,Core i3,4 GB,DDR4,Windows 10"
"acer Aspire 7 Core i5 10th Gen - (8 GB/512 GB SSD/Windows 10 Home/4 GB Graphics/NVIDIA GeForce GTX 1650) A715-75G-50TA/ A715-75G-41G/ A715-75G-52AA Gaming Laptop  (15.6 inch, Black, 2.15 Kg)","Laptop, Power Adaptor, User Guide, Warranty Documents","Black,Gaming Laptop,Gaming,Intel,Core i5,8 GB,DDR4,Windows 10 Home"
"ASUS ROG Strix G15 (2020) Octa Core i7 10th Gen - (16 GB/1 TB SSD/Windows 10 Home/4 GB Graphics/NVIDIA GeForce GTX 1650 Ti/144 Hz) G512LI-HN305T Gaming Laptop  (15.6 inch, Black Plastic, 2.30 Kg)","Laptop, Power Adaptor, User Guide, Warranty Documents","Black Plastic,Gaming Laptop,Gaming, Processing & Multitasking,Intel,Octa Core i7,16 GB,DDR4,Windows 10 Home"
"ASUS Zephyrus G14 Ryzen 5 Hexa Core AMD Ryzen™ 5 4600H 4th Gen - (8 GB/512 GB SSD/Windows 10/4 GB Graphics/NVIDIA GeForce GTX GTX 1650Ti/120 Hz) GA401II-HE233T Gaming Laptop  (14 inch, Moonlight White, 1.60 kg, With MS Office)","Laptop, Power Adaptor, User Guide, Sleeve, Rog Eye Clip webcam","Moonlight White,Gaming Laptop,Gaming,AMD,Ryzen 5 Hexa Core,8 GB,DDR4,Windows 10"
"ASUS VivoBook Flip 14 (2022) Ryzen 5 Hexa Core - (8 GB/512 GB SSD/Windows 10 Home) TM420UA-EC501TS 2 in 1 Laptop  (14 inch, Bespoke Black, 1.50 kg, With MS Office)","Laptop, Power Adaptor, User Guide, Warranty Documents, Plamrest, Stylus, Stylus Holder","Bespoke Black,2 in 1 Laptop,Processing & Multitasking,AMD,Ryzen 5 Hexa Core,8 GB,DDR4,Windows 10 Home"
"MSI GF65 Thin Hexa Core i5 10th Gen - (16 GB/512 GB SSD/Windows 10 Home/6 GB Graphics/NVIDIA GeForce GTX 1660 Ti/144 Hz) GF65 Thin 10SDR-1283IN Gaming Laptop  (15.6 inch, Black, 1.86 KG)","Laptop, battery, power adapter, user guide","Black,Gaming Laptop,Processing & Multitasking,Intel,Hexa Core i5,16 GB,DDR4,Windows 10 Home"
"ASUS ZenBook 14 Ryzen 5 Hexa Core AMD Ryzen™ 5 5500U Processor 5th Gen - (8 GB/512 GB SSD/Windows 10 Home) UM425UA-AM502TS Thin and Light Laptop  (14 inch, Lilac Mist, 1.22 kg, With MS Office)","Laptop, Power Adaptor, User Guide","Lilac Mist,Thin and Light Laptop,Processing & Multitasking,AMD,Ryzen 5 Hexa Core,8 GB,LPDDR4X,Windows 10 Home"
"DELL Inspiron Core i5 11th Gen - (8 GB/512 GB SSD/Windows 10) Inspiron 5418 Thin and Light Laptop  (14 inches, Silver, 1.5 kg, With MS Office)","Laptop, Battery, Adapter, Cables and User Manuals","Silver,Thin and Light Laptop,Processing & Multitasking,Intel,Core i5,8 GB,DDR4,Windows 10"
"DELL Inspiron Core i5 11th Gen - (8 GB/512 GB SSD/Windows 10) Inspiron 5410 2 in 1 Laptop  (14 inches, Silver, 1.56 kg, With MS Office)","Laptop, Active Pen, Battery, Adapter, Cables and User Manuals","Silver,2 in 1 Laptop,Processing & Multitasking,Intel,Core i5,8 GB,DDR4,Windows 10"
"DELL Inspiron Core i5 11th Gen - (8 GB/1 TB HDD/256 GB SSD/Windows 10/2 GB Graphics) INSPIRON 3501 Thin and Light Laptop  (15.6 inch, Softmint, 1.83 kg, With MS Office)","Laptop, Battery, Adapter, Cables and User Manuals","Softmint,Thin and Light Laptop,Processing & Multitasking, Everyday Use,Intel,Core i5,8 GB,DDR4,Windows 10"
"DELL Inspiron Core i5 11th Gen - (4 GB/1 TB HDD/256 GB SSD/Windows 10) Inspiron 3501 Thin and Light Laptop  (14.9 Inch, Accent Black, 1.83 KG, With MS Office)","Laptop, Battery, Adapter, Cables and User Manuals","Accent Black,Thin and Light Laptop,Processing & Multitasking, Everyday Use,Intel,Core i5,4 GB,DDR4,Windows 10"
"ASUS ASUS TUF Dash Series Core i5 11th Gen - (16 GB/512 GB SSD/Windows 10 Home/6 GB Graphics/NVIDIA GeForce RTX 3060/144 Hz) FX516PM-HN157TS Gaming Laptop  (15.6 inch, Eclipse Grey, 2. kg, With MS Office)","Laptop, Power Adaptor, User Guide","Eclipse Grey,Gaming Laptop,Gaming,Intel,Core i5,16 GB,DDR4,Windows 10 Home"
"DELL Inspiron Core i3 10th Gen - (8 GB/256 GB SSD/Windows 10) Inspiron 3501 Thin and Light Laptop  (15.6 inch, Soft Mint, 1.83 kg, With MS Office)","Laptop, Battery, Adapter, Cables and User Manuals","Soft Mint,Thin and Light Laptop,Everyday Use, Processing & Multitasking,Intel,Core i3,8 GB,DDR4,Windows 10"
"DELL Inspiron Core i3 11th Gen - (8 GB/1 TB HDD/Windows 10) INSPIRON 3501 Thin and Light Laptop  (15.6 inch, Softmint, 1.83 kg, With MS Office)","Laptop, Battery, Adapter, Cables and User Manuals","Softmint,Thin and Light Laptop,Processing & Multitasking, Everyday Use,Intel,Core i3,8 GB,DDR4,Windows 10"
"HP Core i3 11th Gen - (8 GB/256 GB SSD/Windows 10 Home) 14s-DQ2100TU Thin and Light Laptop  (14 inch, Jet Black, 1.46 kg, With MS Office)","Laptop, Power Adaptor, User Guide, Warranty Documents","Jet Black,Thin and Light Laptop,Processing & Multitasking,Intel,Core i3,8 GB,DDR4,Windows 10 Home"
"Lenovo Intel EVO Core i7 11th Gen - (16 GB/512 GB SSD/Windows 10 Home) 82BH004HIN Laptop  (14 inch, Slate Grey, With MS Office)","Laptop, Power Adaptor, User Guide, Warranty Documents","Slate Grey,Laptop,Everyday Use,Intel,Core i7,16 GB,DDR4,Windows 10 Home"
"Lenovo Yoga Slim 7 Intel EVO Core i7 11th Gen - (16 GB/1 TB SSD/Windows 10 Home) Carbon 13ITL5 Thin and Light Laptop  (13.3 inch, Moon White, 0.966 Kg, With MS Office)","Laptop, Power Adaptor, User Guide, Warranty Documents","Moon White,Thin and Light Laptop,Processing & Multitasking,Intel,Core i7,16 GB,LPDDR4X,Windows 10 Home"
"DELL Core i5 10th Gen - (8 GB/512 GB SSD/Windows 10) D560020WIN9S Laptop  (13.3 inch, Silver, With MS Office)","Laptop, Power Adaptor, User Guide, Warranty Documents","Silver,Laptop,Everyday Use,Intel,Core i5,8 GB,DDR3,Windows 10"
"DELL Core i3 11th Gen - (8 GB/1 TB HDD/Windows 10 Home) D560424WIN9S Laptop  (15.6 inch, Soft Mint, With MS Office)","Laptop, Power Adaptor, User Guide, Warranty Documents","Soft Mint,Laptop,Everyday Use,Intel,Core i3,8 GB,DDR4,Windows 10 Home"
"MSI GF63 Thin Core i7 10th Gen - (8 GB/1 TB HDD/256 GB SSD/Windows 10 Home/4 GB Graphics/NVIDIA GeForce GTX 1650 Max Q/60 Hz) GF63 Thin 10SCXR-1617IN / GF63 Thin 10SC-610IN Gaming Laptop  (15.6 inch, Black, 1.86 KG)","Laptop, battery, power adapter, user guide","Black,Gaming Laptop,Gaming,Intel,Core i7,8 GB,DDR4,Windows 10 Home"
"HP 14s Core i3 11th Gen - (8 GB/256 GB SSD/Windows 10 Home) 14s- DY2501TU Thin and Light Laptop  (14 inch, Natural Silver, 1.46 kg, With MS Office)","Laptop, Power Adaptor, User Guide, Warranty Documents","Natural Silver,Thin and Light Laptop,Processing & Multitasking,Intel,Core i3,8 GB,DDR4,Windows 10 Home"
"acer Nitro 5 Ryzen 7 Octa Core 5800H - (16 GB/1 TB HDD/256 GB SSD/Windows 10 Home/6 GB Graphics/NVIDIA GeForce RTX 3060/144 Hz) AN515-45/ AN515-45-R2GL Gaming Laptop  (15.6 inch, Black, 2.4 kg)","Laptop, Power Adaptor, User Guide, Warranty Documents","Black,Gaming Laptop,Gaming,AMD,Ryzen 7 Octa Core,16 GB,DDR4,Windows 10 Home"
"ASUS ZenBook Duo 14 (2021) Touch Panel Core i7 11th Gen - (16 GB/1 TB SSD/Windows 10 Home/2 GB Graphics) UX482EG-KA711TS Thin and Light Laptop  (14 inch, Celestial Blue, 1.62 kg, With MS Office)","Laptop, TYPE-C Power Adaptor, User Guide, Warranty Documents, Sleeve, Stand, Stylus","Celestial Blue,Thin and Light Laptop,Processing & Multitasking,Intel,Core i7,16 GB,LPDDR4X,Windows 10 Home"
"ASUS ROG Strix G15 (2020) Core i5 10th Gen - (8 GB/1 TB SSD/Windows 10 Home/4 GB Graphics/NVIDIA GeForce GTX 1650 Ti) G512LI-HN118TS Gaming Laptop  (15.6 inch, Electro Punk Plastic, 2.30 Kg, With MS Office)","Laptop, Power Adaptor, User Guide, Warranty Documents","Electro Punk Plastic,Gaming Laptop,Gaming, Processing & Multitasking,Intel,Core i5,8 GB,DDR4,Windows 10 Home"
"DELL Inspiron Core i3 11th Gen - (8 GB/512 GB SSD/Windows 10) Inspiron 5410 2 in 1 Laptop  (14 inches, Silver, 1.56 kg, With MS Office)","Laptop, Active Pen, Battery, Adapter, Cables and User Manuals","Silver,2 in 1 Laptop,Processing & Multitasking,Intel,Core i3,8 GB,DDR4,Windows 10"
"MSI Prestige 14 EVO Core i5 11th Gen - (16 GB/512 GB SSD/Windows 10 Home) Prestige 14 Evo A11M-436IN Thin and Light Laptop  (14 inch, Carbon Gray, 1.29 kg)","Laptop, Battery, Power Adapter, User Guide","Carbon Gray,Thin and Light Laptop,Processing & Multitasking,Intel,Core i5,16 GB,LPDDR4X,Windows 10 Home"
"HP Ryzen 5 Hexa Core 5500U - (8 GB/512 GB SSD/Windows 10 Home) 15s-EQ2040AU Thin and Light Laptop  (15.6 inch, Natural Silver, 1.69 kg, With MS Office)","Laptop, Power Adaptor, User Guide, Warranty Documents","Natural Silver,Thin and Light Laptop,Processing & Multitasking,AMD,Ryzen 5 Hexa Core,8 GB,DDR4,Windows 10 Home"
"ASUS ROG Flow X13 Ryzen 7 Octa Core 5800HS - (16 GB/1 TB SSD/Windows 10 Home/4 GB Graphics/NVIDIA GeForce GTX 1650/120 Hz) GV301QH-K6463TS 2 in 1 Gaming Laptop  (13.4 inch, Off Black, 1.30 kg, With MS Office)","Laptop,TYPE-C Power Adaptor, User Guide, Warranty Documents, GV301 sleeve bag, Pen","Off Black,2 in 1 Gaming Laptop,Gaming, Processing & Multitasking,AMD,Ryzen 7 Octa Core,16 GB,LPDDR4X,Windows 10 Home"
"MSI Modern 14 Core i7 11th Gen - (8 GB/512 GB SSD/Windows 10 Home) Modern 14 B11MO-092IN Thin and Light Laptop  (14 inch, Carbon Gray, 1.3 Kg)","Laptop, Battery, Power Adapter, User Guide","Carbon Gray,Thin and Light Laptop,Processing & Multitasking,Intel,Core i7,8 GB,DDR4,Windows 10 Home"
"ASUS ROG Flow X13 Ryzen 9 Octa Core 5900HS - (16 GB/1 TB SSD/Windows 10 Home/4 GB Graphics/NVIDIA GeForce GTX 1650/60 Hz) GV301QH-K5462TS 2 in 1 Gaming Laptop  (13.4 inch, Off Black, 1.30 kg, With MS Office)","Laptop,TYPE-C Power Adaptor, User Guide, Warranty Documents, GV301 sleeve bag, Pen","Off Black,2 in 1 Gaming Laptop,Gaming, Processing & Multitasking,AMD,Ryzen 9 Octa Core,16 GB,LPDDR4X,Windows 10 Home"
"ASUS ROG Flow X13 Ryzen 9 Octa Core 5900HS - (32 GB/1 TB SSD/Windows 10 Home/4 GB Graphics/NVIDIA GeForce GTX 1650/60 Hz) GV301QH-K5062TS 2 in 1 Gaming Laptop  (13.4 inch, Off Black, 1.30 kg, With MS Office)","Laptop,TYPE-C Power Adaptor, User Guide, Warranty Documents, GV301 sleeve bag, Stylus Pen","Off Black,2 in 1 Gaming Laptop,Processing & Multitasking, Gaming,AMD,Ryzen 9 Octa Core,32 GB,LPDDR4X,Windows 10 Home"
"Lenovo ThinkPad E15 Core i5 11th Gen - (8 GB/512 GB SSD/Windows 10 Home) E15 Laptop  (15.6 inch, Black, 1.7 kg)","Laptop, Power Adaptor, User Guide, Warranty Documents","Black,Laptop,Processing & Multitasking,Intel,Core i5,8 GB,DDR4,Windows 10 Home"
"DELL Inspiron Core i5 11th Gen - (8 GB/512 GB SSD/Windows 10 Home/2 GB Graphics) Inspiron 5518 Thin and Light Laptop  (15.6 inch, Silver, 1.65 kg, With MS Office)","Laptop, Battery, Adapter, Cables and User Manuals","Silver,Thin and Light Laptop,Processing & Multitasking,Intel,Core i5,8 GB,DDR4,Windows 10 Home"
"ASUS Intel EVO Zenbook Flip 13 OLED Touch Panel Core i5 11th Gen - (8 GB/512 GB SSD/Windows 10 Home) UX363EA-HP502TS 2 in 1 Laptop  (13.3 inch, Pine Grey, 1.30 KG, With MS Office)","Laptop, Power Adaptor, User Guide, Warranty Documents, Laptop Sleeve, Stylus, USB-A to RJ45 gigabit ethernet adapter, USB-C to audio jack adapter","Pine Grey,2 in 1 Laptop,Processing & Multitasking,Intel,Core i5,8 GB,DDR4,Windows 10 Home"
"ASUS VivoBook 15 Core i3 10th Gen - (4 GB/1 TB HDD/Windows 10 Home) X515JA-BR381T Thin and Light Laptop  (15.6 inch, Slate Grey, 1.80 kg)","Laptop, Power Adaptor, User Guide, Warranty Documents","Slate Grey,Thin and Light Laptop,Processing & Multitasking,Intel,Core i3,4 GB,DDR4,Windows 10 Home"
"ASUS TUF Gaming F15 Core i5 10th Gen - (8 GB/512 GB SSD/Windows 10 Home/4 GB Graphics/NVIDIA GeForce GTX 1650/144 Hz) FX506LH-HN258T Gaming Laptop  (15.6 Inch, Black Plastic, 2.3 KG)","Laptop, Power Adaptor, User Guide, Warranty Documents","Black Plastic,Gaming Laptop,Gaming, Processing & Multitasking,Intel,Core i5,8 GB,DDR4,Windows 10 Home"
"ASUS Vivobook Gaming Core i5 9th Gen - (8 GB/512 GB SSD/Windows 10 Home/4 GB Graphics/NVIDIA GeForce GTX 1650) F571GT-BN913TS Gaming Laptop  (15.6 inch, Star Black, 2.14 Kg, With MS Office)","Laptop, Power Adaptor, User Guide, Warranty Documents","Star Black,Gaming Laptop,Gaming, Processing & Multitasking,Intel,Core i5,8 GB,DDR4,Windows 10 Home"
"ASUS TUF Dash F15 (2021) Core i5 11th Gen - (16 GB/512 GB SSD/Windows 10 Home/6 GB Graphics/NVIDIA GeForce RTX 3060/144 Hz) FX516PM-HN156TS Gaming Laptop  (15.6 inch, Moonlight White, 2 KG, With MS Office)","Laptop, Power Adaptor, User Guide, Warranty Documents","Moonlight White,Gaming Laptop,Gaming, Processing & Multitasking,Intel,Core i5,16 GB,DDR4,Windows 10 Home"
"MSI GP65 Leopard Core i7 10th Gen - (16 GB/1 TB HDD/256 GB SSD/Windows 10 Home/6 GB Graphics/NVIDIA GeForce RTX 2060/144 Hz) GP65 Leopard 10SEK-830IN Gaming Laptop  (15.6 inch, Black&Silver, 2.33 kg)","Laptop, Battery, Power Adapter, User Guide","Black&Silver,Gaming Laptop,Gaming, Processing & Multitasking,Intel,Core i7,16 GB,DDR4,Windows 10 Home"
"ASUS VivoBook 15 Ryzen 3 Dual Core - (4 GB/256 GB SSD/Windows 10 Home) M515DA-BQ312TS Thin and Light Laptop  (15.6 inch, Transparent Silver, 1.80 Kg, With MS Office)","Laptop, Power Adaptor, User Guide, Warranty Documents","Transparent Silver,Thin and Light Laptop,Processing & Multitasking,AMD,Ryzen 3 Dual Core,4 GB,DDR4,Windows 10 Home"
"HP 14s Core i5 11th Gen - (8 GB/512 GB SSD/Windows 10 Home) 14s- DR2016TU Thin and Light Laptop  (14 inch, Natural Silver, 1.46 KG, With MS Office)","Laptop, Power Adaptor, User Guide, Warranty Documents","Natural Silver,Thin and Light Laptop,Processing & Multitasking,Intel,Core i5,8 GB,DDR4,Windows 10 Home"
"acer Aspire 5 Core i5 11th Gen - (8 GB/512 GB SSD/Windows 10 Home) A515-56-5695 Thin and Light Laptop  (15.6 inch, Silver, 1.65 KG, With MS Office)","Laptop, Power Adaptor, User Guide, Warranty Documents","Silver,Thin and Light Laptop,Processing & Multitasking,Intel,Core i5,8 GB,DDR4,Windows 10 Home"
"DELL Inspiron Ryzen 3 Dual Core 3250U - (8 GB/1 TB HDD/Windows 10) Inspiron 3505 Notebook  (15.6 inch, Softmint, 1.83 Kg, With MS Office)","Laptop, battery, adapter, cables and user manuals","Softmint,Notebook,Processing & Multitasking, Everyday Use,AMD,Ryzen 3 Dual Core,8 GB,DDR4,Windows 10"
"acer Nitro 5 Ryzen 5 Hexa Core 4600H - (8 GB/1 TB HDD/256 GB SSD/Windows 10 Home/4 GB Graphics/NVIDIA GeForce GTX 1650) AN515-44/ AN515-44-R9QA / AN515-44-R8VS Gaming Laptop  (15.6 inch, Obsidian Black, 2.3 kg)","Laptop, Power Adaptor, User Guide, Warranty Documents","Obsidian Black,Gaming Laptop,Processing & Multitasking, Gaming,AMD,Ryzen 5 Hexa Core,8 GB,DDR4,Windows 10 Home"
"DELL Vostro Core i3 11th Gen - (8 GB/1 TB HDD/Windows 10) vostro 3400/vostro 3401 Thin and Light Laptop  (14 inch, Accent Black, 1.58 kg, With MS Office)","Laptop, Battery, Adapter, Cables and User Manuals","Accent Black,Thin and Light Laptop,Processing & Multitasking,Intel,Core i3,8 GB,DDR4,Windows 10"
"HP 14s Ryzen 5 Hexa Core 5500U - (8 GB/512 GB SSD/Windows 10 Home) 14s-fq1030AU Thin and Light Laptop  (14 Inch, Natural Silver, 1.46 KG, With MS Office)","Laptop, Power Adaptor, User Guide, Warranty Documents","Natural Silver,Thin and Light Laptop,Processing & Multitasking,AMD,Ryzen 5 Hexa Core,8 GB,DDR4,Windows 10 Home"
"DELL Vostro Core i5 11th Gen - (8 GB/512 GB SSD/Windows 10/2 GB Graphics) Vostro 3400 Thin and Light Laptop  (14 inch, Dune, 1.58 kg, With MS Office)","Laptop, Battery, Adapter, Cables and User Manuals","Dune,Thin and Light Laptop,Processing & Multitasking,Intel,Core i5,8 GB,DDR4,Windows 10"
"HP 15s Core i5 11th Gen - (8 GB/512 GB SSD/Windows 10 Home/2 GB Graphics) 15s-DR3500TX Thin and Light Laptop  (15.6 inch, Natural Silver, 1.75 kg, With MS Office)","Laptop, Power Adapter, User Manual","Natural Silver,Thin and Light Laptop,Processing & Multitasking,Intel,Core i5,8 GB,DDR4,Windows 10 Home"
"acer Aspire 5 Ryzen 7 Octa Core 5700U - (8 GB/512 GB SSD/Windows 10 Home) A515-45-R9PX Thin and Light Laptop  (15.6 inch, Silver, 1.76 kg)","Laptop, Power Adaptor, User Guide, Warranty Documents","Silver,Thin and Light Laptop,Processing & Multitasking,AMD,Ryzen 7 Octa Core,8 GB,DDR4,Windows 10 Home"
"acer Aspire 5 Ryzen 5 Hexa Core 5500U - (8 GB/512 GB SSD/Windows 10 Home) A515-45-R0HB Thin and Light Laptop  (15.6 inch, Silver, 1.76 kg)","Laptop, Power Adaptor, User Guide, Warranty Documents","Silver,Thin and Light Laptop,Processing & Multitasking,AMD,Ryzen 5 Hexa Core,8 GB,DDR4,Windows 10 Home"
"acer Core i7 8th Gen - (8 GB/1 TB HDD/Windows 10 Home) Z2-485 Thin and Light Laptop  (14 inch, Black, 1.8 Kg)","Laptop, Power Adaptor, User Guide, Warranty Documents","Black,Thin and Light Laptop,Processing & Multitasking,Intel,Core i7,8 GB,DDR4,Windows 10 Home"
"ASUS ZenBook Duo 14 (2021) Touch Panel Core i5 11th Gen - (16 GB/512 GB SSD/Windows 10 Home/2 GB Graphics) UX482EG-KA521TS Thin and Light Laptop  (14 inch, Celestial Blue, 1.62 kg, With MS Office)","Laptop, TYPE-C Power Adaptor, User Guide, Warranty Documents, Sleeve, Stand, Stylus","Celestial Blue,Thin and Light Laptop,Processing & Multitasking,Intel,Core i5,16 GB,LPDDR4X,Windows 10 Home"
"HP 15s Ryzen 5 Quad Core 3500U - (8 GB/512 GB SSD/Windows 10 Home) 15s-eq0500AU Thin and Light Laptop  (15.6 inch, Natural Silver, 1.69 KG, With MS Office)","Laptop, Power Adaptor, User Guide, Warranty Documents","Natural Silver,Thin and Light Laptop,Processing & Multitasking,AMD,Ryzen 5 Quad Core,8 GB,DDR4,Windows 10 Home"
"HP 14s Core i5 11th Gen - (8 GB/512 GB SSD/Windows 10 Home) 14s- DQ2535TU Thin and Light Laptop  (14 inch, Natural Silver, 1.46 KG, With MS Office)","Laptop, Power Adaptor, User Guide, Warranty Documents","Natural Silver,Thin and Light Laptop,Processing & Multitasking,Intel,Core i5,8 GB,DDR4,Windows 10 Home"
"ASUS ZenBook Duo 14 (2021) Touch Panel Intel EVO Core i5 11th Gen - (8 GB/512 GB SSD/Windows 10 Home) UX482EA-KA501TS Thin and Light Laptop  (14 inch, Celestial Blue, 1.62 kg, With MS Office)","Laptop, TYPE-C Power Adaptor, User Guide, Warranty Documents, Sleeve, Stand, Stylus","Celestial Blue,Thin and Light Laptop,Processing & Multitasking,Intel,Core i5,8 GB,LPDDR4X,Windows 10 Home"
"ASUS Ryzen 5 Hexa Core - (8 GB/1 TB HDD/256 GB SSD/Windows 10 Home) KM513UA-BQ512TS Thin and Light Laptop  (15.6 inch, Indie Black, 1.80 kg, With MS Office)","Laptop, Power Adaptor, User Guide, Warranty Documents","Indie Black,Thin and Light Laptop,Processing & Multitasking,AMD,Ryzen 5 Hexa Core,8 GB,DDR4,Windows 10 Home"
"ASUS Core i3 11th Gen - (8 GB/512 GB SSD/Windows 10 Home) K413EA-EB303TS Thin and Light Laptop  (14 inch, Transparent Silver, 1.4 KG, With MS Office)","Laptop, Power Adaptor, User Guide, Warranty Documents","Transparent Silver,Thin and Light Laptop,Processing & Multitasking,Intel,Core i3,8 GB,DDR4,Windows 10 Home"
"ASUS Ryzen 5 Hexa Core - (8 GB/512 GB SSD/Windows 10 Home) M515UA-EJ512TS Thin and Light Laptop  (15.6 inch, Transparent Silver, 1.80 Kg, With MS Office)","Laptop, Power Adaptor, User Guide, Warranty Documents","Transparent Silver,Thin and Light Laptop,Processing & Multitasking,AMD,Ryzen 5 Hexa Core,8 GB,DDR4,Windows 10 Home"
"acer Predator Helios 300 Octa Core i7 10th Gen - (16 GB/1 TB HDD/256 GB SSD/Windows 10 Home/6 GB Graphics/NVIDIA GeForce RTX 3060/144 Hz) PH315-53 Gaming Laptop  (15.6 inch, Black, 2.3 kg)","Laptop, Power Adaptor, User Guide, Warranty Documents","Black,Gaming Laptop,Gaming, Processing & Multitasking,Intel,Octa Core i7,16 GB,DDR4,Windows 10 Home"
"DELL Inspiron Core i3 10th Gen - (8 GB/1 TB HDD/Windows 10 Home) Inspiron 3501 Thin and Light Laptop  (15.6 inch, Softmint, 1.83 kg, With MS Office)","Laptop, Battery, Adapter, Cables and User Manuals","Softmint,Thin and Light Laptop,Processing & Multitasking,Intel,Core i3,8 GB,DDR4,Windows 10 Home"
"ASUS Zenbook Flip 13 OLED Touch Panel Intel EVO Core i5 11th Gen - (8 GB/512 GB SSD/Windows 10 Home) UX363EA-HP501TS 2 in 1 Laptop  (13.3 inch, Pine Grey, 1.30 kg, With MS Office)","2 in 1 Laptop, Power Adaptor, User Guide, Warranty Documents","Pine Grey,2 in 1 Laptop,Processing & Multitasking,Intel,Core i5,8 GB,DDR4,Windows 10 Home"
"Lenovo ThinkPad E15 Core i3 11th Gen - (4 GB/256 GB SSD/Windows 10 Home) E15 Laptop  (15.6 inch, Black, 1.7 kg, With MS Office)","Laptop, Power Adaptor, User Guide, Warranty Documents","Black,Laptop,Processing & Multitasking,Intel,Core i3,4 GB,DDR4,Windows 10 Home"
"Lenovo ThinkPad E15 Core i5 11th Gen - (8 GB/512 GB SSD/Windows 10 Home) E15 Laptop  (15.6 inch, Black, 1.7 kg, With MS Office)","Laptop, Power Adaptor, User Guide, Warranty Documents","Black,Laptop,Processing & Multitasking,Intel,Core i5,8 GB,DDR4,Windows 10 Home"
"Lenovo Yoga S7 Carbon Core i7 11th Gen - (16 GB/1 TB SSD/Windows 11 Home) Yoga Slim 7 Carbon 13itl5 Thin and Light Laptop  (13.3 inch, Moon White, 0.996 kg, With MS Office)","Laptop, Power Adaptor, User Guide, Warranty Documents","Moon White,Thin and Light Laptop,Processing & Multitasking,Intel,Core i7,16 GB,LPDDR4X,Windows 11 Home"
"HP Chromebook MediaTek Kompanio 500 - (4 GB/64 GB EMMC Storage/Chrome OS) 11A-NA0002MU Chromebook  (11.6 inch, Indigo Blue, 1.07 kg)","Laptop, Power Adaptor, User Guide, Warranty Documents","Indigo Blue,Chromebook,Processing & Multitasking,MediaTek,MediaTek Kompanio 500,4 GB,DDR4,Chrome"
"acer Nitro 5 Ryzen 5 Hexa Core 5600H - (16 GB/1 TB HDD/256 GB SSD/Windows 10 Home/6 GB Graphics/NVIDIA GeForce RTX 3060/144 Hz) AN515-45-R3TC Gaming Laptop  (15.6 inch, Black, 2.4 kg)","Laptop, Power Adaptor, User Guide, Warranty Documents","Black,Gaming Laptop,Gaming, Processing & Multitasking,AMD,Ryzen 5 Hexa Core,16 GB,DDR4,Windows 10 Home"
"DELL Core i5 11th Gen - (8 GB/1 TB HDD/Windows 10 Home) Vostro 14 3400 Laptop  (14 inch, Dune, With MS Office)","Laptop, Power Adaptor, User Guide, Warranty Documents","Dune,Laptop,Processing & Multitasking,Intel,Core i5,8 GB,DDR4,Windows 10 Home"
"Lenovo Core i5 10th Gen - (8 GB/1 TB HDD/256 GB SSD/Windows 10 Home) 81VV008TIN Laptop  (14 inch, Platinum Grey, With MS Office)","Laptop, Power Adaptor, User Guide, Warranty Documents","Platinum Grey,Laptop,Processing & Multitasking,Intel,Core i5,8 GB,DDR4,Windows 10 Home"
"Lenovo Core i9 10th Gen - (16 GB/1 TB SSD/Windows 10/8 GB Graphics/NVIDIA GeForce RTX 2080 super max-q) 81YU006HIN Gaming Laptop  (15.6 inch, Slate Grey, With MS Office)","Gaming laptop, Adaptor, User manual","Slate Grey,Gaming Laptop,Gaming,Intel,Core i9,16 GB,DDR4,Windows 10"
"HP Core i3 11th Gen - (8 GB/256 GB SSD/Windows 10 Home) 15s-FQ2075TU Thin and Light Laptop  (15.6 inch, Jet Black, 1.69 Kg, With MS Office)","Laptop, Power Adapter, User Manuals","Jet Black,Thin and Light Laptop,Processing & Multitasking,Intel,Core i3,8 GB,DDR4,Windows 10 Home"
"Lenovo Core i5 7th Gen - (4 GB/1 TB HDD/Windows 10 Home/2 GB Graphics) 520s Laptop  (14 inch, Gold, With MS Office)","Adapter, Laptop","Gold,Laptop,Processing & Multitasking,Intel,Core i5,4 GB,DDR4,Windows 10 Home"
"Lenovo Yoga 6 Ryzen 7 Octa Core 4700U - (16 GB/512 GB SSD/Windows 10 Home) 13ARE05 2 in 1 Laptop  (13.3 inch, Abyss Blue, 1.32 Kg, With MS Office)","2 in 1 Laptop, Power Adaptor, User Guide, Warranty Documents","Abyss Blue,2 in 1 Laptop,Processing & Multitasking,AMD,Ryzen 7 Octa Core,16 GB,DDR4,Windows 10 Home"
"Lenovo IdeaPad Flex 5 Core i7 11th Gen - (16 GB/512 GB SSD/Windows 10 Home) 14ITL05 2 in 1 Laptop  (14 inch, Graphite Grey, 1.5 kg, With MS Office)","Laptop, Power Adaptor, User Guide, Warranty Documents","Graphite Grey,2 in 1 Laptop,Processing & Multitasking,Intel,Core i7,16 GB,DDR4,Windows 10 Home"
"MSI Modern 14 Core i5 10th Gen - (8 GB/512 GB SSD/Windows 10 Home) Modern 14 B10MW-423IN Laptop  (14 inch, Carbon Grey, 1.3 kg)","Laptop, Battery, Power Adaptor, User Guide","Carbon Grey,Laptop,Processing & Multitasking,Intel,Core i5,8 GB,DDR4,Windows 10 Home"
"HP 15s Core i3 11th Gen - (8 GB/1 TB HDD/Windows 10 Home) 15s-dy3001TU Thin and Light Laptop  (15.6 inch, Jet Black, 1.77 Kg, With MS Office)","Laptop, Power Adaptor, User Guide, Warranty Documents","Jet Black,Thin and Light Laptop,Processing & Multitasking,Intel,Core i3,8 GB,DDR4,Windows 10 Home"
"HP 14s Core i3 11th Gen - (8 GB/256 GB SSD/Windows 10 Home) 14s-dy2500TU Thin and Light Laptop  (14 inch, Jet Black, 1.46 kg, With MS Office)","Laptop, Power Adapter, User Guide, Warranty Documents","Jet Black,Thin and Light Laptop,Processing & Multitasking,Intel,Core i3,8 GB,DDR4,Windows 10 Home"
"ASUS Ryzen 3 Dual Core 3250U - (4 GB/256 GB SSD/Windows 10 Home) M515DA-EJ312TSM515D Thin and Light Laptop  (15.6 inch, Transparent Silver, 1.80 Kg, With MS Office)","Laptop, Charger and Cables","Transparent Silver,Thin and Light Laptop,Processing & Multitasking,AMD,Ryzen 3 Dual Core,4 GB,DDR4,Windows 10 Home"
"Lenovo IdeaPad Gaming 3 Ryzen 7 Octa Core 4800H - (8 GB/512 GB SSD/Windows 10 Home/4 GB Graphics/NVIDIA GeForce GTX 1650/60 Hz) 15ARH05 Gaming Laptop  (15.6 inch, Onyx Black, 2.2 kg, With MS Office)","Laptop, Power Adaptor, User Guide, Warranty Documents","Onyx Black,Gaming Laptop,Gaming, Processing & Multitasking,AMD,Ryzen 7 Octa Core,8 GB,DDR4,Windows 10 Home"
"ASUS TUF Gaming F15 Core i5 10th Gen - (16 GB/512 GB SSD/Windows 10 Home/6 GB Graphics/NVIDIA GeForce GTX 1660 Ti/144 Hz) FX506LU-HN075T Gaming Laptop  (15.6 inch, Black Plastic, 2.30 kg)","Laptop, Power Adaptor, User Guide, Warranty Documents","Black Plastic,Gaming Laptop,Processing & Multitasking, Gaming,Intel,Core i5,16 GB,DDR4,Windows 10 Home"
"HP Core i3 11th Gen - (8 GB/512 GB SSD/Windows 10 Home) 15s-FR2006TU Thin and Light Laptop  (15.6 inch, Natural Silver, 1.75 Kg, With MS Office)","Laptop, Power Adapter, User Manuals","Natural Silver,Thin and Light Laptop,Processing & Multitasking,Intel,Core i3,8 GB,DDR4,Windows 10 Home"
"HP Pavilion Core i5 11th Gen - (16 GB/512 GB SSD/Windows 10 Home/2 GB Graphics) 14-dv0084TX Thin and Light Laptop  (14 inch, Natural Silver, 1.41 kg, With MS Office)","Laptop, Power Adapter, User Manual and Warranty Card","Natural Silver,Thin and Light Laptop,Processing & Multitasking,Intel,Core i5,16 GB,DDR4,Windows 10 Home"
"HP Core i5 11th Gen - (8 GB + 32 GB Optane/512 GB SSD/Windows 10 Home) 15s-FQ2071TU Thin and Light Laptop  (15.6 inch, Jet Black, 1.69 kg, With MS Office)","Laptop, Power Adapter, User Manuals","Jet Black,Thin and Light Laptop,Processing & Multitasking,Intel,Core i5,8 GB,DDR4,Windows 10 Home"
"HP Core i3 11th Gen - (8 GB/512 GB SSD/Windows 10 Home) 15s-FR2006TU Thin and Light Laptop  (15.6 inch, Natural Silver, 1.75 Kg, With MS Office)","Laptop, Power Adapter, User Manuals","Natural Silver,Thin and Light Laptop,Processing & Multitasking,Intel,Core i3,8 GB,DDR4,Windows 10 Home"
"HP 15s Core i5 11th Gen - (8 GB/512 GB SSD/Windows 10 Home) 15s-FQ2535TU Thin and Light Laptop  (15.6 inch, Natural Silver, 1.69 kg, With MS Office)","Laptop, Power Adaptor, User Guide, Warranty Documents","Natural Silver,Thin and Light Laptop,Processing & Multitasking,Intel,Core i5,8 GB,DDR4,Windows 10 Home"
"Lenovo Ideapad Flex 5 Core i3 11th Gen - (8 GB/512 GB SSD/Windows 10 Home) 14itl05 2 in 1 Laptop  (14 inch, Graphite Grey, 1.5 kg, With MS Office)","2 in 1 Laptop, Power Adaptor, User Guide, Warranty Documents","Graphite Grey,2 in 1 Laptop,Processing & Multitasking,Intel,Core i3,8 GB,DDR4,Windows 10 Home"
"Lenovo IdeaPad Flex 5 Core i3 11th Gen - (8 GB/512 GB SSD/Windows 10 Home) 14ITL05 2 in 1 Laptop  (14 inch, Graphite Grey, 1.5 kg, With MS Office)","Laptop, Power Adaptor, User Guide, Warranty Documents","Graphite Grey,2 in 1 Laptop,Processing & Multitasking,Intel,Core i3,8 GB,DDR4,Windows 10 Home"
"APPLE 2020 Macbook Air M1 - (8 GB/512 GB SSD/Mac OS Big Sur) MGNA3HN/A  (13.3 inch, Silver, 1.29 kg)","MacBook Air, 30 W USB-C Power Adapter, USB-C Charge Cable (2m), User Guide, Warranty Documents","Silver,Thin and Light Laptop,Processing & Multitasking,Apple,M1,8 GB,DDR4,Mac OS Big Sur"
"acer Aspire 7 Ryzen 5 Hexa Core 5500U - (8 GB/512 GB SSD/Windows 10 Home/4 GB Graphics/NVIDIA GeForce GTX 1650) A715-42G Gaming Laptop  (15.6 inch, Black, 2.15 kg)","Laptop, Power Adaptor, User Guide, Warranty Documents","Black,Gaming Laptop,Gaming,AMD,Ryzen 5 Hexa Core,8 GB,DDR4,Windows 10 Home"
"Lenovo Ideapad Flex 5 Core i3 11th Gen - (8 GB/256 GB SSD/Windows 11 Home) Ideapad Flex 5 14LT05 UA 2 in 1 Laptop  (14 inch, Graphite Grey, 1.5 kg, With MS Office)","2 in 1 Laptop, Power Adaptor, User Guide, Warranty Documents, Stylus Pen","Graphite Grey,2 in 1 Laptop,Processing & Multitasking,Intel,Core i3,8 GB,DDR4,Windows 11 Home"
"HP Pavilion x360 Core i3 11th Gen - (8 GB/512 GB SSD/Windows 10 Home) 14-dw1037TU 2 in 1 Laptop  (14 inch, Natural Silver, 1.61 kg, With MS Office)","2 in 1 Laptop, Power Adaptor, User Guide, Warranty Documents","Natural Silver,2 in 1 Laptop,Processing & Multitasking,Intel,Core i3,8 GB,DDR4,Windows 10 Home"
"Lenovo Ideapad S 540 Core i5 10th Gen - (8 GB/1 TB HDD/256 GB SSD/Windows 10 Home/2 GB Graphics) 540-15IML Thin and Light Laptop  (15.6 inch, Mineral Grey, 1.8 kg, With MS Office)","Laptop, Power Adaptor, User Guide, Warranty Documents","Mineral Grey,Thin and Light Laptop,Processing & Multitasking,Intel,Core i5,8 GB,DDR4,Windows 10 Home"
"lenovo Yoga 9 Core i7 11th Gen Intel EVO - (16 GB/1 TB SSD/Windows 10 Home) 14ITL5 2 in 1 Laptop  (14 inch, Shadow Black, 1.44 kg, With MS Office)","2 in 1 Laptop, Power Adaptor, User Guide, Warranty Documents","Shadow Black,2 in 1 Laptop,Processing & Multitasking,Intel,Core i7,16 GB,LPDDR4X,Windows 10 Home"
"HP 430 G8 Core i5 11th Gen - (8 GB/512 GB SSD/Windows 10 Pro) ProBook 430 G8 Business Laptop  (13.3 inch, Pike Silver)","1 x Laptop, 1 x Adapter, 1 x User Instruction Book","Pike Silver,Business Laptop,Gaming, Entertainment, Performance, Processing & Multitasking, Everyday Use, Travel & Business,Intel,Core i5,8 GB,DDR4,Windows 10 Pro"
"DELL INSPIRON Core i3 10th Gen - (8 GB/1 TB HDD/Windows 10 Home) Inspiron 3501 Laptop  (14.96 Inch, Black, With MS Office)","Laptop, Power Adaptor, User Guide, Warranty Documents","Black,Laptop,Processing & Multitasking,Intel,Core i3,8 GB,DDR4,Windows 10 Home"
"lenovo Yoga 7 Core i7 11th Gen Intel EVO - (16 GB/512 GB SSD/Windows 10 Home) 14ITL5 2 in 1 Laptop  (14 inch, Slate Grey, 1.43 kg, With MS Office)","2 in 1 Laptop, Power Adaptor, User Guide, Warranty Documents","Slate Grey,2 in 1 Laptop,Processing & Multitasking,Intel,Core i7,16 GB,DDR4,Windows 10 Home"
"Lenovo Legion Y540 Core i5 9th Gen - (8 GB/1 TB HDD/256 GB SSD/Windows 10 Home/4 GB Graphics/NVIDIA GeForce GTX 1650/60 Hz) Y540-15IRH-PG0 Gaming Laptop  (15.6 inch, Raven Black, 2.3 kg)","Laptop, Power Adaptor, User Guide, Warranty Documents","Raven Black,Gaming Laptop,Processing & Multitasking, Gaming,Intel,Core i5,8 GB,DDR4,Windows 10 Home"
"DELL Vostro Core i5 11th Gen - (8 GB/1 TB HDD/Windows 10 Home) Vostro 3400 Thin and Light Laptop  (14 inch, Black, 1.58 kg, With MS Office)","Laptop, Power Adaptor, Battery, User Guide, Warranty Documents","Black,Thin and Light Laptop,Processing & Multitasking,Intel,Core i5,8 GB,DDR4,Windows 10 Home"
"DELL Inspiron Core i3 10th Gen - (4 GB/256 GB SSD/Windows 10 Home) Inspiron 3501 Laptop  (15 inch, Accent Black, 1.83 kg, With MS Office)","Laptop, Power Adaptor, User Guide, Warranty Documents","Accent Black,Laptop,Processing & Multitasking,Intel,Core i3,4 GB,DDR4,Windows 10 Home"
"DELL Vostro Core i3 10th Gen - (8 GB/256 GB SSD/Windows 10 Home) Vostro 3401 Thin and Light Laptop  (14 inch, Dune, 1.58 kg, With MS Office)","Laptop, Power Adaptor, User Guide, Warranty Documents","Dune,Thin and Light Laptop,Processing & Multitasking,Intel,Core i3,8 GB,DDR4,Windows 10 Home"
"Mi Notebook Horizon Edition 14 Core i7 10th Gen - (8 GB/512 GB SSD/Windows 10 Home/2 GB Graphics) JYU4246IN Thin and Light Laptop  (14 inch, Grey, 1.35 kg)","Laptop, Power Adaptor, User Guide, Warranty Documents","Grey,Thin and Light Laptop,Processing & Multitasking,Intel,Core i7,8 GB,DDR4,Windows 10 Home"
"ASUS TUF Gaming F15 Core i5 10th Gen - (8 GB/512 GB SSD/Windows 10 Home/4 GB Graphics/NVIDIA GeForce GTX 1650 Ti/60 Hz) FX506LI-BQ057T Gaming Laptop  (15.6 inch, Black Plastic, 2.30 kg)","Laptop, Power Adaptor, User Guide, Warranty Documents","Black Plastic,Gaming Laptop,Processing & Multitasking, Gaming,Intel,Core i5,8 GB,DDR4,Windows 10 Home"
"HP 15s Core i5 11th Gen - (8 GB/1 TB HDD/Windows 10 Home/2 GB Graphics) 15s-du3060TX Thin and Light Laptop  (15.6 inch, Jet Black, 1.77 kg, With MS Office)","Laptop, Power Adaptor, User Guide, Warranty Documents","Jet Black,Thin and Light Laptop,Processing & Multitasking,Intel,Core i5,8 GB,DDR4,Windows 10 Home"
"HP Pavilion x360 Core i3 11th Gen - (8 GB/256 GB SSD/Windows 10 Home) 14-dw1036TU 2 in 1 Laptop  (14 inch, Natural Silver, 1.61 kg, With MS Office)","2 in 1 Laptop, Power Adaptor, User Guide, Warranty Documents","Natural Silver,2 in 1 Laptop,Processing & Multitasking,Intel,Core i3,8 GB,DDR4,Windows 10 Home"
"DELL Vostro Core i3 10th Gen - (8 GB/1 TB HDD/Windows 10 Home) Vostro 3401 Thin and Light Laptop  (14 inch, Black, 1.58 kg, With MS Office)","Laptop, Power Adaptor, User Guide, Warranty Documents","Black,Thin and Light Laptop,Processing & Multitasking,Intel,Core i3,8 GB,DDR4,Windows 10 Home"
"HP 15s Ryzen 3 Dual Core 3250U - (8 GB/1 TB HDD/256 GB SSD/Windows 10 Home) 15s-GR0012AU Laptop  (15.6 inch, Natural Silver, 1.82 kg, With MS Office)","Laptop, Power Adaptor, User Guide, Warranty Documents","Natural Silver,Laptop,Processing & Multitasking,AMD,Ryzen 3 Dual Core,8 GB,DDR4,Windows 10 Home"
"ASUS VivoBook 15 Core i5 10th Gen - (8 GB/1 TB HDD/Windows 10 Home) X515JA-EJ501T Thin and Light Laptop  (15.6 inch, Slate Grey, 1.80 kg)","Laptop, Power Adaptor, User Guide, Warranty Documents","Slate Grey,Thin and Light Laptop,Processing & Multitasking,Intel,Core i5,8 GB,DDR4,Windows 10 Home"
"ASUS VivoBook 15 Core i3 10th Gen - (8 GB/1 TB HDD/Windows 10 Home) X515JA-EJ322TS Thin and Light Laptop  (15.6 inch, Transparent Silver, 1.80 kg, With MS Office)","Laptop, Power Adaptor, User Guide, Warranty Documents","Transparent Silver,Thin and Light Laptop,Processing & Multitasking,Intel,Core i3,8 GB,DDR4,Windows 10 Home"
"ASUS VivoBook 15 Core i5 10th Gen - (8 GB/1 TB HDD/256 GB SSD/Windows 10 Home) X515JA-EJ512TS Thin and Light Laptop  (15.6 inch, Transparent Silver, 1.80 kg, With MS Office)","Laptop, Power Adaptor, User Guide, Warranty Documents","Transparent Silver,Thin and Light Laptop,Processing & Multitasking,Intel,Core i5,8 GB,DDR4,Windows 10 Home"
"ASUS VivoBook Flip 14 (2021) Touch Panel Core i5 11th Gen - (8 GB/512 GB SSD/Windows 10 Home/4 GB Graphics) TP470EZ-EC033TS 2 in 1 Laptop  (14 inch, Transparent Silver, 1.50 kg, With MS Office)","2 in 1 Laptop, Power Adaptor, User Guide, Warranty Documents","Transparent Silver,2 in 1 Laptop,Processing & Multitasking,Intel,Core i5,8 GB,LPDDR4X,Windows 10 Home"
"MSI Modern 14 Core i3 10th Gen - (8 GB/256 GB SSD/Windows 10 Home) Modern 14 B10MW-426IN Laptop  (14 inch, Bluestone, 1.3 kg)","Laptop, Battery, Power Adaptor, User Guide","Bluestone,Laptop,Processing & Multitasking,Intel,Core i3,8 GB,DDR4,Windows 10 Home"
"HP 15s Core i3 11th Gen - (8 GB/1 TB HDD/Windows 10 Home) 15s-du3038TU Thin and Light Laptop  (15.6 inch, Natural Silver, 1.77 kg, With MS Office)","Laptop, Power Adaptor, User Guide, Warranty Documents","Natural Silver,Thin and Light Laptop,Processing & Multitasking,Intel,Core i3,8 GB,DDR4,Windows 10 Home"
"MSI Modern 14 Core i3 10th Gen - (8 GB/512 GB SSD/Windows 10 Home) Modern 14 B10MW-424IN Laptop  (14 inch, Carbon Grey, 1.3 kg)","Laptop, Battery, Power Adaptor, User Guide","Carbon Grey,Laptop,Processing & Multitasking,Intel,Core i3,8 GB,DDR4,Windows 10 Home"
"MSI Summit E15 Core i7 11th Gen - (16 GB/1 TB SSD/Windows 10 Pro/4 GB Graphics) Summit E15 A11SCST-272IN Laptop  (15.6 inch, Ink Black, 1.79 kg)","Laptop, Battery, Power Adaptor, User Guide","Ink Black,Laptop,Processing & Multitasking,Intel,Core i7,16 GB,DDR4,Windows 10 Pro"
"DELL Inspiron Core i5 11th Gen - (8 GB/512 GB SSD/Windows 10 Home) INSP 5406 2in1 2 in 1 Laptop  (14 inch, Titan Grey, 1.72 kg, With MS Office)","2 in 1 Laptop, Battery, Active Pen, Adapter, Cable, User Manuals","Titan Grey,2 in 1 Laptop,Processing & Multitasking,Intel,Core i5,8 GB,DDR4,Windows 10 Home"
"DELL Inspiron Core i3 11th Gen - (4 GB/512 GB SSD/Windows 10 Home) Inspiron 5406 2 in 1 Laptop  (14 inch, Silver, 1.72 kg, With MS Office)","2 in 1 Laptop, Battery, Active Pen, Adapter, Cable, User Manuals","Silver,2 in 1 Laptop,Processing & Multitasking,Intel,Core i3,4 GB,DDR4,Windows 10 Home"
"DELL XPS Core i5 11th Gen Intel EVO - (8 GB/512 GB SSD/Windows 10 Home) XPS 9310 Thin and Light Laptop  (13.3 inch, Silver, 1.2 kg, With MS Office)","Laptop, Power Adaptor, User Guide, Warranty Documents","Silver,Thin and Light Laptop,Processing & Multitasking,Intel,Core i5,8 GB,LPDDR4X,Windows 10 Home"
"Lenovo Ideapad Gaming 3 Ryzen 5 Hexa Core 4600H - (8 GB/1 TB HDD/256 GB SSD/Windows 10 Home/4 GB Graphics/NVIDIA GeForce GTX 1650/60 Hz) 15ARH05 Gaming Laptop  (15.6 inch, Onyx Black, 2.2 kg)","Laptop, Power Adaptor, User Guide, Warranty Documents","Onyx Black,Gaming Laptop,Processing & Multitasking, Gaming,AMD,Ryzen 5 Hexa Core,8 GB,DDR4,Windows 10 Home"
"DELL INSPIRON 15 3000 Core i5 8th Gen - (8 GB/1 TB HDD/256 GB SSD/Windows 10/2 GB Graphics) 3583 Laptop  (15.6 inch, Silver, Black, 2.2 kg)","Laptop, Power Adaptor, User Guide, Warranty Documents","Silver, Black,Laptop,Entertainment, Performance, Processing & Multitasking, Everyday Use, Travel & Business,Intel,Core i5,8 GB,DDR4,Windows 10"
"HP 15s Core i3 11th Gen - (8 GB/1 TB HDD/Windows 10 Home) 15s-du3040TU Thin and Light Laptop  (15.6 inch, Jet Black, 1.77 kg, With MS Office)","Laptop, Power Adaptor, User Guide, Warranty Documents","Jet Black,Thin and Light Laptop,Processing & Multitasking,Intel,Core i3,8 GB,DDR4,Windows 10 Home"
"Vaio SE Series Core i5 8th Gen - (8 GB/512 GB SSD/Windows 10 Home) NP14V1IN004P Thin and Light Laptop  (14 inch, Red Copper, 1.35 kg, With MS Office)","Laptop, Power Adaptor, Laptop Bag, User Guide, Warranty Documents","Red Copper,Thin and Light Laptop,Processing & Multitasking,Intel,Core i5,8 GB,DDR4,Windows 10 Home"
"DELL Inspiron Core i5 11th Gen - (8 GB/512 GB SSD/Windows 10 Home/2 GB Graphics) Inspiron 7400 Thin and Light Laptop  (14.5 inch, Silver, 1.35 kg, With MS Office)","Laptop, Power Adaptor, User Guide, Warranty Documents","Silver,Thin and Light Laptop,Processing & Multitasking,Intel,Core i5,8 GB,LPDDR4X,Windows 10 Home"
"acer Predator Triton 300 Core i7 10th Gen - (16 GB/2 TB SSD/Windows 10 Home/8 GB Graphics/NVIDIA GeForce RTX 2070 with Max-Q Design) PT315-52 Gaming Laptop  (15.6 inch, Black, 2.1 kg)","Laptop, Power Adaptor, User Guide, Warranty Documents","Black,Gaming Laptop,Processing & Multitasking, Gaming,Intel,Core i7,16 GB,DDR4,Windows 10 Home"
"Lenovo Ideapad Gaming 3 Ryzen 5 Hexa Core 4600H - (8 GB/512 GB SSD/Windows 10 Home/4 GB Graphics/NVIDIA GeForce GTX 1650 Ti/60 Hz) 15ARH05 Gaming Laptop  (15.6 inch, Onyx Black, 2.2 kg)","Laptop, Power Adaptor, User Guide, Warranty Documents","Onyx Black,Gaming Laptop,Processing & Multitasking, Gaming,AMD,Ryzen 5 Hexa Core,8 GB,DDR4,Windows 10 Home"
"Lenovo Ideapad Slim 3i Core i5 10th Gen - (8 GB/512 GB SSD/Windows 11 Home) 15IIL05 Thin and Light Laptop  (15.6 inch, Platinum Grey, 1.85 kg, With MS Office)","Laptop, Power Adaptor, User Guide, Warranty Documents","Platinum Grey,Thin and Light Laptop,Processing & Multitasking,Intel,Core i5,8 GB,DDR4,Windows 11 Home"
"acer Aspire 3 Core i5 10th Gen - (8 GB/1 TB HDD/Windows 10 Home/2 GB Graphics) A315-57G Laptop  (15.6 inch, Charcoal Black, 1.9 kg)","Laptop, Power Adaptor, User Guide, Warranty Documents","Charcoal Black,Laptop,Processing & Multitasking,Intel,Core i5,8 GB,DDR4,Windows 10 Home"
"ASUS VivoBook Ultra 14 Core i3 11th Gen - (4 GB/256 GB SSD/Windows 10 Home) X413EA-EK302TS Thin and Light Laptop  (14 inch, Bespoke Black, 1.40 kg, With MS Office)","Laptop, Power Adaptor, User Guide, Warranty Documents","Bespoke Black,Thin and Light Laptop,Processing & Multitasking,Intel,Core i3,4 GB,DDR4,Windows 10 Home"
"ASUS VivoBook Ultra 14 Core i5 11th Gen - (8 GB/512 GB SSD/Windows 10 Home) X413EA-EK511TS Thin and Light Laptop  (14 inch, Cobalt Blue, 1.40 kg, With MS Office)","Laptop, Power Adaptor, User Guide, Warranty Documents","Cobalt Blue,Thin and Light Laptop,Processing & Multitasking,Intel,Core i5,8 GB,DDR4,Windows 10 Home"
"Vaio E Series Ryzen 7 Quad Core 3700U - (8 GB/512 GB SSD/Windows 10 Home) NE15V2IN027P Thin and Light Laptop  (15.6 inch, Silver, 1.77 kg, With MS Office)","Laptop, Power Adaptor, Laptop Bag, User Guide, Warranty Documents","Silver,Thin and Light Laptop,Processing & Multitasking,AMD,Ryzen 7 Quad Core,8 GB,DDR4,Windows 10 Home"
"APPLE 2020 Macbook Pro M1 - (8 GB/512 GB SSD/Mac OS Big Sur) MYDC2HN/A  (13.3 inch, Silver, 1.4 kg)","MacBook Pro, 61 W USB-C Power Adapter, USB-C Charge Cable (2m), User Guide, Warranty Documents","Silver,Thin and Light Laptop,Processing & Multitasking,Apple,M1,8 GB,DDR4,Mac OS Big Sur"
"APPLE 2020 Macbook Pro M1 - (8 GB/256 GB SSD/Mac OS Big Sur) MYD82HN/A  (13.3 inch, Space Grey, 1.4 kg)","MacBook Pro, 61 W USB-C Power Adapter, USB-C Charge Cable (2m), User Guide, Warranty Documents","Space Grey,Thin and Light Laptop,Processing & Multitasking,Apple,M1,8 GB,DDR4,Mac OS Big Sur"
"Vaio E Series Ryzen 5 Quad Core 3500U - (8 GB/512 GB SSD/Windows 10 Home) NE15V2IN006P Thin and Light Laptop  (15.6 inch, Black, 1.77 kg, With MS Office)","Laptop, Power Adaptor, Laptop Bag, User Guide, Warranty Documents","Black,Thin and Light Laptop,Processing & Multitasking,AMD,Ryzen 5 Quad Core,8 GB,DDR4,Windows 10 Home"
"APPLE 2020 Macbook Air M1 - (8 GB/256 GB SSD/Mac OS Big Sur) MGN63HN/A  (13.3 inch, Space Grey, 1.29 kg)","MacBook Air, 30 W USB-C Power Adapter, USB-C Charge Cable (2m), User Guide, Warranty Documents","Space Grey,Thin and Light Laptop,Processing & Multitasking,Apple,M1,8 GB,DDR4,Mac OS Big Sur"
"Vaio E Series Ryzen 7 Quad Core 3700U - (8 GB/512 GB SSD/Windows 10 Home) NE15V2IN026P Thin and Light Laptop  (15.6 inch, Black, 1.77 kg, With MS Office)","Laptop, Power Adaptor, Laptop Bag, User Guide, Warranty Documents","Black,Thin and Light Laptop,Processing & Multitasking,AMD,Ryzen 7 Quad Core,8 GB,DDR4,Windows 10 Home"
"Vaio E Series Ryzen 5 Quad Core 3500U - (8 GB/512 GB SSD/Windows 10 Home) NE15V2IN007P Thin and Light Laptop  (15.6 inch, Silver, 1.77 kg, With MS Office)","Laptop, Power Adaptor, Laptop Bag, User Guide, Warranty Documents","Silver,Thin and Light Laptop,Processing & Multitasking,AMD,Ryzen 5 Quad Core,8 GB,DDR4,Windows 10 Home"
"APPLE 2020 Macbook Air M1 - (8 GB/256 GB SSD/Mac OS Big Sur) MGND3HN/A  (13.3 inch, Gold, 1.29 kg)","MacBook Air, 30 W USB-C Power Adapter, USB-C Charge Cable (2m), User Guide, Warranty Documents","Gold,Thin and Light Laptop,Processing & Multitasking,Apple,M1,8 GB,DDR4,Mac OS Big Sur"
"APPLE 2020 Macbook Pro M1 - (8 GB/256 GB SSD/Mac OS Big Sur) MYDA2HN/A  (13.3 inch, Silver, 1.4 kg)","MacBook Pro, 61 W USB-C Power Adapter, USB-C Charge Cable (2m), User Guide, Warranty Documents","Silver,Thin and Light Laptop,Processing & Multitasking,Apple,M1,8 GB,DDR4,Mac OS Big Sur"
"APPLE 2020 Macbook Air M1 - (8 GB/512 GB SSD/Mac OS Big Sur) MGN73HN/A  (13.3 inch, Space Grey, 1.29 kg)","MacBook Air, 30 W USB-C Power Adapter, USB-C Charge Cable (2m), User Guide, Warranty Documents","Space Grey,Thin and Light Laptop,Processing & Multitasking,Apple,M1,8 GB,DDR4,Mac OS Big Sur"
"APPLE 2020 Macbook Pro M1 - (8 GB/512 GB SSD/Mac OS Big Sur) MYD92HN/A  (13.3 inch, Space Grey, 1.4 kg)","MacBook Pro, 61 W USB-C Power Adapter, USB-C Charge Cable (2m), User Guide, Warranty Documents","Space Grey,Thin and Light Laptop,Processing & Multitasking,Apple,M1,8 GB,DDR4,Mac OS Big Sur"
"Lenovo Ideapad Slim 5 Ryzen 7 Octa Core 4700U - (8 GB/512 GB SSD/Windows 10 Home) 14ARE05 Thin and Light Laptop  (14 inch, Graphite Grey, 1.39 kg, With MS Office)","Laptop, Power Adaptor, User Guide, Warranty Documents","Graphite Grey,Thin and Light Laptop,Processing & Multitasking,AMD,Ryzen 7 Octa Core,8 GB,DDR4,Windows 10 Home"
"acer Aspire 7 Ryzen 5 Quad Core 3550H - (8 GB/512 GB SSD/Windows 10 Home/4 GB Graphics/NVIDIA GeForce GTX 1650 Ti) A715-41G-R7YZ Gaming Laptop  (15.6 inch, Charcoal Black, 2.15 kg)","Laptop, Power Adaptor, User Guide, Warranty Documents","Charcoal Black,Gaming Laptop,Processing & Multitasking, Gaming,AMD,Ryzen 5 Quad Core,8 GB,DDR4,Windows 10 Home"
"acer Aspire 7 Ryzen 5 Quad Core 3550H - (8 GB/512 GB SSD/Windows 10 Home/4 GB Graphics/NVIDIA GeForce GTX 1650 Ti) A715-41G-R7YZ Gaming Laptop  (15.6 inch, Charcoal Black, 2.15 kg)","Laptop, Power Adaptor, User Guide, Warranty Documents","Charcoal Black,Gaming Laptop,Processing & Multitasking, Gaming,AMD,Ryzen 5 Quad Core,8 GB,DDR4,Windows 10 Home"
"acer Swift 5 Core i7 11th Gen Intel EVO - (16 GB/1 TB SSD/Windows 10 Home) SF514-55TA-72VG Thin and Light Laptop  (14 inch, Mist Green, 1.05 kg)","Laptop, Power Adaptor, User Guide, Warranty Documents","Mist Green,Thin and Light Laptop,Processing & Multitasking,Intel,Core i7,16 GB,LPDDR4X,Windows 10 Home"
"Lenovo Yoga C640 Core i5 10th Gen - (8 GB/512 GB SSD/Windows 10 Home) C640-13IML 2 in 1 Laptop  (13.6 inch, Iron Grey, 1.35 kg, With MS Office)","2 in 1 Laptop, Power Adaptor, 1 Stylus, User Guide, Warranty Documents","Iron Grey,2 in 1 Laptop,Processing & Multitasking,Intel,Core i5,8 GB,DDR4,Windows 10 Home"
"Lenovo Core i5 10th Gen - (8 GB/512 GB SSD/Windows 10 Home/2 GB Graphics) IdeaPad S340 Thin and Light Laptop  (14 inch, Platinum Grey, 1.60 kg, With MS Office)","Laptop, Power Adaptor, User Guide, Warranty Documents","Platinum Grey,Thin and Light Laptop,Processing & Multitasking,Intel,Core i5,8 GB,DDR4,Windows 10 Home"
"DELL Inspiron Core i3 10th Gen - (8 GB/1 TB HDD/Windows 10 Home) Inspiron 3501 Laptop  (15.6 inch, Softmint, 1.83 kg, With MS Office)","Laptop, Power Adaptor, User Guide, Warranty Documents","Softmint,Laptop,Processing & Multitasking,Intel,Core i3,8 GB,DDR4,Windows 10 Home"
"acer Predator Helios 300 Core i7 10th Gen - (16 GB/2 TB SSD/Windows 10 Home/8 GB Graphics/NVIDIA GeForce RTX 2070 with Max-Q Design/240 Hz) PH315-53-7739 Gaming Laptop  (15.6 inch, Abyssal Black, 2.5 kg)","Laptop, Power Adaptor, User Guide, Warranty Documents","Abyssal Black,Gaming Laptop,Processing & Multitasking, Gaming,Intel,Core i7,16 GB,DDR4,Windows 10 Home"
"Lenovo Core i7 10th Gen - (8 GB/1 TB HDD/256 GB SSD/Windows 10/4 GB Graphics/NVIDIA GeForce GTX GTX 1650Ti) 82AU004RIN Gaming Laptop  (15.6 inch, Phantom Black)","Laptop, Power Adaptor, User Guide, Warranty Documents","Phantom Black,Gaming Laptop,Gaming,Intel,Core i7,8 GB,DDR4,Windows 10"
"DELL Latitude Core i5 10th Gen - (8 GB/512 GB SSD/Ubuntu) 3410 Business Laptop  (14 inch, Black, 1.8 kg)","Laptop, Adaptor, Battery","Black,Business Laptop,Travel & Business,Intel,Core i5,8 GB,DDR4,Ubuntu"
"Lenovo Ideapad S145 Core i3 7th Gen - (4 GB/1 TB HDD/Windows 10 Home) S145-15IKB Thin and Light Laptop  (15.6 inch, Platinum Grey, 1.85 kg, With MS Office)","Laptop, Power Adaptor, User Guide, Warranty Documents","Platinum Grey,Thin and Light Laptop,Processing & Multitasking,Intel,Core i3,4 GB,DDR4,Windows 10 Home"
"Lenovo Core i7 8th Gen - (16 GB/512 GB SSD/Windows 10 Pro/2 GB Graphics) Thinkpad P43s Thin and Light Laptop  (14 inch, Black, 1.55 kg)","Laptop, battery, adapter, cables and user manuals","Black,Thin and Light Laptop,Processing & Multitasking,Intel,Core i7,16 GB,DDR4,Windows 10 Pro"
"Lenovo Core i7 9th Gen - (16 GB/1 TB SSD/Windows 10 Pro/4 GB Graphics) Thinkpad P53 Thin and Light Laptop  (15.6 inch, Black, 2.5 kg)","Laptop, battery, adapter, cables and user manuals","Black,Thin and Light Laptop,Processing & Multitasking,Intel,Core i7,16 GB,DDR4,Windows 10 Pro"
"HP 250 Core i5 10th Gen - (8 GB/1 TB HDD/Windows 10) 250 G7 Business Laptop  (15.6 inch, Grey)","Laptop, Power Adaptor, User Guide, Warranty Documents","Grey,Business Laptop,Everyday Use,Intel,Core i5,8 GB,DDR4,Windows 10"
"Lenovo Core i5 8th Gen - (4 GB/1 TB HDD/DOS) V330 Thin and Light Laptop  (14 inch, Grey)","Laptop, Power Adaptor, User Guide","Grey,Thin and Light Laptop,Processing & Multitasking,Intel,Core i5,4 GB,DDR4,DOS"
"ASUS ExpertBook P2 Core i5 10th Gen - (8 GB/512 GB SSD/Windows 10 Pro/2 GB Graphics) ExpertBook P2 P2451FB Thin and Light Laptop  (14 inch, Star Black, 1.60 kg)","Laptop, Power Adaptor, User Guide, Warranty Documents","Star Black,Thin and Light Laptop,Processing & Multitasking,Intel,Core i5,8 GB,DDR4,Windows 10 Pro"
"Lenovo Ideapad S340 Core i5 10th Gen - (8 GB/1 TB HDD/256 GB SSD/Windows 10 Home) S340-14IIL Thin and Light Laptop  (14 inch, Platinum Grey, 1.6 kg, With MS Office)","Laptop, Power Adaptor, User Guide, Warranty Documents","Platinum Grey,Thin and Light Laptop,Processing & Multitasking,Intel,Core i5,8 GB,DDR4,Windows 10 Home"
"Mi Notebook Horizon Edition 14 Core i5 10th Gen - (8 GB/512 GB SSD/Windows 10 Home/2 GB Graphics) JYU4245IN Thin and Light Laptop  (14 inch, Grey, 1.35 kg)","Laptop, Power Adaptor, Power Cord, User Guide, Warranty Documents","Grey,Thin and Light Laptop,Processing & Multitasking,Intel,Core i5,8 GB,DDR4,Windows 10 Home"
"ASUS VivoBook 14 Core i5 8th Gen - (8 GB/512 GB SSD/Windows 10 Home) X412FA-EK296T Thin and Light Laptop  (14 inch, Orange, Black, 1.5 kg)","Laptop, Power Adaptor, User Guide, Warranty Documents","Orange, Black,Thin and Light Laptop,Processing & Multitasking,Intel,Core i5,8 GB,DDR4,Windows 10 Home"
"Lenovo Yoga Core i7 10th Gen - (16 GB/1 TB SSD/Windows 10 Home) Yoga S940-14IIL Thin and Light Laptop  (14 inch, Grey, Black, 1.25 kg)","Laptop, Power Adaptor, User Guide, Warranty Documents","Grey, Black,Thin and Light Laptop,Processing & Multitasking,Intel,Core i7,16 GB,LPDDR4X,Windows 10 Home"
"Lenovo Core i7 10th Gen - (16 GB/512 GB SSD/Windows 10 Pro) ThinkPad X1 Carbon Thin and Light Laptop  (14 inch, Black, 1.09 kg)","Laptop, battery, adapter, cables and user manuals","Black,Thin and Light Laptop,Processing & Multitasking,Intel,Core i7,16 GB,LPDDR3,Windows 10 Pro"
"Nokia PureBook X14 Core i5 10th Gen - (8 GB/512 GB SSD/Windows 10 Home) NKi510UL85S Thin and Light Laptop  (14 inch, Black, 1.1 kg)","Laptop, Power Adaptor, User Guide with Warranty Terms and Conditions","Black,Thin and Light Laptop,Processing & Multitasking,Intel,Core i5,8 GB,DDR4,Windows 10 Home"
"HP Spectre Folio Core i7 10th Gen - (16 GB/512 GB SSD/Windows 10 Home) 13-ak1004TU 2 in 1 Laptop  (13.3 inch, Cognac Brown, 1.49 kg, With MS Office)","Laptop, Power Adaptor, User Guide, Warranty Documents","Cognac Brown,2 in 1 Laptop,Processing & Multitasking,Intel,Core i7,16 GB,LPDDR3,Windows 10 Home"
"HP Envy x360 Ryzen 5 Hexa Core 4500U - (8 GB/512 GB SSD/Windows 10 Pro) 13-ay0078AU 2 in 1 Laptop  (13.3 inch, Nightfall Black, 1.32 kg, With MS Office)","Laptop, Power Adaptor, User Guide, Warranty Documents","Nightfall Black,2 in 1 Laptop,Processing & Multitasking,AMD,Ryzen 5 Hexa Core,8 GB,DDR4,Windows 10 Pro"
"HP 14a Celeron Dual Core - (4 GB/64 GB EMMC Storage/Chrome OS) 14a- na0002TU Chromebook  (14 inch, Ceramic White, 1.46 kg)","Laptop, Power Adaptor, User Guide, Warranty Documents","Ceramic White,Chromebook,Processing & Multitasking,Intel,Celeron Dual Core,4 GB,DDR4,Chrome"
"Lenovo Core i3 10th Gen - (4 GB/1 TB HDD/Windows 10 Pro) V14 Laptop  (14 inch, Black, 1.6 kg)","Laptop, Power Adaptor, User Guide, Warranty Documents","Black,Laptop,Processing & Multitasking,Intel,Core i3,4 GB,DDR4,Windows 10 Pro"
