Interests,Accessibility,Site Name,Sites Visited,Age_Group,Tour_Duration_Pref,Rating_Category,Response_Speed,Accuracy_Level,VR_Quality,Satisfaction_Level
"Architecture, Art, History",False,Eiffel Tower,"Eiffel Tower, Great Wall of China, Taj Mahal",46-55,Media(5-7h),Bajo,Lento,Alta,Buena,Media
"Cultural, Nature",False,Colosseum,Great Wall of China,36-45,Media(5-7h),Medio,Normal,Media,Buena,Media
"History, Art, Architecture",True,Machu Picchu,Eiffel Tower,36-45,Media(5-7h),Bajo,Rápido,Media,Excelente,Media
"Cultural, Art, Architecture",False,Colosseum,"Machu Picchu, Taj Mahal",46-55,Larga(8-10h),Bajo,Rápido,Media,Excelente,Media
"Architecture, Art",True,Colosseum,"Machu Picchu, Taj Mahal, Great Wall of China",46-55,Media(5-7h),Alto,Rápido,Alta,Excelente,Alta
"Architecture, History, Cultural",False,Machu Picchu,"Great Wall of China, Eiffel Tower, Colosseum",46-55,Corta(1-4h),Medio,Lento,Alta,Buena,Media
"Architecture, History",False,Eiffel Tower,"Eiffel Tower, Colosseum, Taj Mahal",56+,Media(5-7h),Alto,Lento,Media,Buena,Alta
"Cultural, Architecture",False,Eiffel Tower,Colosseum,18-25,Media(5-7h),Medio,Lento,Media,Excelente,Media
"Cultural, Art",True,Colosseum,"Great Wall of China, Eiffel Tower, Colosseum",26-35,Media(5-7h),Alto,Rápido,Media,Buena,Alta
"Nature, Architecture",False,Colosseum,"Colosseum, Taj Mahal, Machu Picchu",56+,Media(5-7h),Alto,Lento,Media,Excelente,Alta
"Nature, Architecture",False,Eiffel Tower,"Machu Picchu, Colosseum, Taj Mahal",26-35,Corta(1-4h),Medio,Lento,Alta,Buena,Media
Cultural,True,Eiffel Tower,"Colosseum, Machu Picchu",36-45,Corta(1-4h),Bajo,Normal,Alta,Excelente,Media
"Nature, Cultural, Architecture",True,Eiffel Tower,"Machu Picchu, Eiffel Tower, Great Wall of China",36-45,Larga(8-10h),Bajo,Normal,Alta,Buena,Media
Cultural,True,Colosseum,Eiffel Tower,56+,Larga(8-10h),Alto,Normal,Media,Buena,Alta
"Cultural, Architecture, Art",True,Eiffel Tower,"Taj Mahal, Eiffel Tower",56+,Corta(1-4h),Medio,Normal,Media,Buena,Media
Cultural,False,Eiffel Tower,"Great Wall of China, Machu Picchu, Colosseum",46-55,Media(5-7h),Bajo,Lento,Media,Buena,Media
Cultural,True,Taj Mahal,"Great Wall of China, Machu Picchu",56+,Media(5-7h),Medio,Rápido,Media,Buena,Media
"Nature, Cultural",True,Machu Picchu,"Eiffel Tower, Colosseum",18-25,Media(5-7h),Medio,Lento,Alta,Buena,Media
History,False,Taj Mahal,"Colosseum, Eiffel Tower, Taj Mahal",18-25,Media(5-7h),Medio,Normal,Media,Excelente,Media
"Nature, Architecture",False,Colosseum,Great Wall of China,56+,Larga(8-10h),Medio,Lento,Media,Excelente,Media
Architecture,True,Machu Picchu,Taj Mahal,36-45,Media(5-7h),Medio,Normal,Media,Excelente,Media
"Nature, History, Cultural",True,Colosseum,"Machu Picchu, Eiffel Tower, Taj Mahal",56+,Media(5-7h),Medio,Normal,Alta,Regular,Media
"Nature, Cultural",True,Great Wall of China,Colosseum,56+,Larga(8-10h),Alto,Rápido,Media,Excelente,Alta
Cultural,True,Taj Mahal,"Machu Picchu, Great Wall of China",46-55,Media(5-7h),Medio,Lento,Alta,Buena,Media
Cultural,True,Taj Mahal,"Machu Picchu, Eiffel Tower",26-35,Larga(8-10h),Medio,Normal,Media,Excelente,Media
"Nature, Art",False,Colosseum,"Colosseum, Eiffel Tower, Great Wall of China",56+,Corta(1-4h),Bajo,Lento,Media,Buena,Media
"Nature, Art, Cultural",True,Taj Mahal,"Machu Picchu, Eiffel Tower",18-25,Corta(1-4h),Bajo,Lento,Media,Buena,Media
History,False,Eiffel Tower,"Colosseum, Eiffel Tower, Great Wall of China",18-25,Media(5-7h),Medio,Rápido,Media,Buena,Media
Nature,True,Great Wall of China,"Taj Mahal, Great Wall of China, Eiffel Tower",36-45,Media(5-7h),Alto,Lento,Media,Excelente,Alta
"Nature, History, Architecture",True,Eiffel Tower,"Taj Mahal, Great Wall of China",46-55,Media(5-7h),Alto,Rápido,Media,Excelente,Alta
"Art, Nature",False,Taj Mahal,"Taj Mahal, Great Wall of China, Eiffel Tower",56+,Media(5-7h),Alto,Lento,Media,Excelente,Alta
Art,False,Great Wall of China,Taj Mahal,46-55,Media(5-7h),Bajo,Rápido,Media,Buena,Media
"Nature, Architecture",True,Eiffel Tower,"Eiffel Tower, Taj Mahal",26-35,Larga(8-10h),Bajo,Rápido,Media,Buena,Media
"Art, Cultural",True,Colosseum,Taj Mahal,36-45,Media(5-7h),Alto,Lento,Media,Buena,Alta
"History, Nature",True,Colosseum,"Colosseum, Great Wall of China, Machu Picchu",26-35,Corta(1-4h),Medio,Lento,Media,Excelente,Media
Cultural,False,Eiffel Tower,"Machu Picchu, Eiffel Tower",56+,Media(5-7h),Alto,Rápido,Alta,Buena,Alta
Nature,True,Colosseum,"Taj Mahal, Colosseum, Machu Picchu",26-35,Media(5-7h),Bajo,Rápido,Baja,Buena,Media
"Nature, Architecture",False,Great Wall of China,Eiffel Tower,56+,Corta(1-4h),Alto,Lento,Alta,Excelente,Alta
Cultural,True,Great Wall of China,"Machu Picchu, Eiffel Tower",46-55,Corta(1-4h),Bajo,Normal,Alta,Buena,Media
Architecture,False,Taj Mahal,"Machu Picchu, Colosseum, Great Wall of China",18-25,Media(5-7h),Medio,Lento,Media,Excelente,Media
"Architecture, Nature",False,Eiffel Tower,Machu Picchu,56+,Corta(1-4h),Alto,Normal,Alta,Excelente,Alta
"Cultural, Nature, Art",True,Machu Picchu,"Taj Mahal, Eiffel Tower, Great Wall of China",36-45,Media(5-7h),Medio,Normal,Alta,Buena,Media
"Art, Architecture",False,Eiffel Tower,Great Wall of China,56+,Media(5-7h),Medio,Lento,Media,Excelente,Media
"Cultural, Art",False,Great Wall of China,"Great Wall of China, Machu Picchu",26-35,Media(5-7h),Medio,Lento,Media,Buena,Alta
History,True,Colosseum,"Taj Mahal, Eiffel Tower",46-55,Corta(1-4h),Bajo,Lento,Media,Excelente,Media
Nature,False,Machu Picchu,"Taj Mahal, Great Wall of China, Eiffel Tower",56+,Media(5-7h),Alto,Rápido,Media,Buena,Alta
Architecture,True,Machu Picchu,"Colosseum, Eiffel Tower, Taj Mahal",26-35,Media(5-7h),Alto,Rápido,Alta,Buena,Alta
"Art, Cultural, Architecture",False,Machu Picchu,"Eiffel Tower, Great Wall of China",46-55,Larga(8-10h),Medio,Normal,Alta,Excelente,Media
"History, Art, Nature",False,Eiffel Tower,Colosseum,46-55,Media(5-7h),Bajo,Normal,Alta,Regular,Media
"Art, Cultural",True,Eiffel Tower,Taj Mahal,36-45,Media(5-7h),Medio,Normal,Alta,Buena,Media
"History, Art, Cultural",True,Great Wall of China,"Machu Picchu, Eiffel Tower",36-45,Media(5-7h),Alto,Rápido,Media,Buena,Alta
"Nature, History, Architecture",False,Eiffel Tower,"Eiffel Tower, Machu Picchu",26-35,Corta(1-4h),Medio,Rápido,Media,Buena,Media
"Architecture, Art, History",False,Colosseum,"Taj Mahal, Colosseum, Machu Picchu",46-55,Corta(1-4h),Medio,Rápido,Media,Buena,Media
"Nature, Art",True,Machu Picchu,"Great Wall of China, Eiffel Tower",36-45,Larga(8-10h),Medio,Lento,Media,Buena,Media
Nature,True,Machu Picchu,"Great Wall of China, Taj Mahal",18-25,Larga(8-10h),Alto,Lento,Media,Excelente,Alta
Architecture,False,Taj Mahal,"Eiffel Tower, Great Wall of China",18-25,Media(5-7h),Alto,Lento,Media,Buena,Alta
"Art, Architecture, Nature",False,Taj Mahal,Colosseum,26-35,Media(5-7h),Medio,Normal,Media,Excelente,Media
"Cultural, Art",False,Taj Mahal,Great Wall of China,56+,Media(5-7h),Bajo,Lento,Media,Buena,Media
History,True,Machu Picchu,Colosseum,56+,Media(5-7h),Medio,Normal,Media,Buena,Media
History,False,Machu Picchu,Great Wall of China,18-25,Larga(8-10h),Alto,Lento,Media,Excelente,Alta
"History, Cultural",True,Eiffel Tower,Taj Mahal,26-35,Media(5-7h),Alto,Lento,Media,Buena,Alta
"Cultural, History, Art",False,Taj Mahal,"Eiffel Tower, Colosseum",26-35,Media(5-7h),Bajo,Lento,Alta,Excelente,Media
"Cultural, Architecture, History",False,Machu Picchu,Great Wall of China,26-35,Corta(1-4h),Medio,Lento,Media,Excelente,Media
"Architecture, Nature, History",False,Colosseum,"Colosseum, Great Wall of China",26-35,Media(5-7h),Alto,Lento,Media,Buena,Alta
"Art, Architecture",False,Great Wall of China,"Machu Picchu, Great Wall of China",46-55,Media(5-7h),Alto,Lento,Media,Buena,Alta
"History, Nature, Architecture",False,Great Wall of China,Eiffel Tower,46-55,Larga(8-10h),Medio,Normal,Alta,Excelente,Media
"Architecture, Nature, History",False,Great Wall of China,Eiffel Tower,46-55,Larga(8-10h),Bajo,Normal,Media,Regular,Media
"Nature, Cultural",True,Eiffel Tower,"Colosseum, Taj Mahal",36-45,Media(5-7h),Alto,Lento,Media,Buena,Alta
"Cultural, Art",False,Taj Mahal,"Great Wall of China, Colosseum, Eiffel Tower",26-35,Media(5-7h),Medio,Lento,Media,Buena,Media
"Nature, Cultural",False,Taj Mahal,Taj Mahal,26-35,Larga(8-10h),Bajo,Lento,Alta,Excelente,Media
Architecture,False,Great Wall of China,Colosseum,26-35,Media(5-7h),Bajo,Rápido,Alta,Buena,Media
"Architecture, Art, Nature",True,Great Wall of China,"Great Wall of China, Colosseum",26-35,Corta(1-4h),Bajo,Rápido,Media,Excelente,Media
History,True,Colosseum,Great Wall of China,18-25,Corta(1-4h),Medio,Normal,Media,Buena,Media
"Architecture, Art",True,Eiffel Tower,"Colosseum, Taj Mahal, Great Wall of China",26-35,Corta(1-4h),Alto,Normal,Media,Excelente,Alta
"Art, Nature, Cultural",True,Great Wall of China,"Eiffel Tower, Taj Mahal",46-55,Corta(1-4h),Alto,Lento,Media,Excelente,Alta
"Nature, History",True,Colosseum,Eiffel Tower,46-55,Corta(1-4h),Medio,Normal,Media,Excelente,Media
"Nature, Art",False,Eiffel Tower,Colosseum,36-45,Larga(8-10h),Alto,Normal,Alta,Buena,Alta
"Cultural, Art, History",False,Eiffel Tower,"Machu Picchu, Eiffel Tower, Great Wall of China",26-35,Larga(8-10h),Alto,Lento,Alta,Excelente,Alta
"Art, Nature",True,Great Wall of China,Taj Mahal,46-55,Media(5-7h),Medio,Lento,Alta,Buena,Media
"Architecture, Nature",False,Colosseum,Eiffel Tower,36-45,Larga(8-10h),Medio,Rápido,Alta,Buena,Media
"Architecture, History",False,Eiffel Tower,Machu Picchu,18-25,Corta(1-4h),Medio,Normal,Media,Buena,Media
"Nature, Cultural, History",True,Eiffel Tower,Great Wall of China,18-25,Corta(1-4h),Alto,Lento,Alta,Buena,Alta
"Nature, Cultural, Art",False,Great Wall of China,"Machu Picchu, Eiffel Tower, Colosseum",56+,Corta(1-4h),Medio,Lento,Media,Buena,Media
"Art, History",False,Colosseum,"Great Wall of China, Taj Mahal",46-55,Media(5-7h),Medio,Normal,Media,Buena,Media
"Cultural, History",True,Taj Mahal,Taj Mahal,56+,Media(5-7h),Medio,Lento,Baja,Buena,Media
Art,True,Taj Mahal,"Great Wall of China, Taj Mahal",46-55,Media(5-7h),Alto,Normal,Media,Buena,Alta
"Cultural, Nature",False,Machu Picchu,Machu Picchu,18-25,Corta(1-4h),Alto,Normal,Media,Buena,Alta
"Architecture, Art, History",True,Eiffel Tower,"Taj Mahal, Eiffel Tower, Colosseum",26-35,Larga(8-10h),Medio,Lento,Media,Buena,Media
"Nature, History, Architecture",False,Taj Mahal,"Great Wall of China, Eiffel Tower, Taj Mahal",56+,Media(5-7h),Medio,Lento,Alta,Excelente,Media
History,False,Eiffel Tower,"Taj Mahal, Great Wall of China",18-25,Larga(8-10h),Medio,Rápido,Baja,Buena,Media
"Art, Cultural",False,Great Wall of China,"Great Wall of China, Colosseum, Eiffel Tower",56+,Media(5-7h),Alto,Rápido,Media,Buena,Alta
"History, Art, Nature",False,Taj Mahal,Colosseum,56+,Media(5-7h),Medio,Lento,Alta,Buena,Media
Art,False,Great Wall of China,"Taj Mahal, Great Wall of China, Colosseum",56+,Corta(1-4h),Alto,Rápido,Media,Excelente,Alta
"History, Art, Cultural",False,Eiffel Tower,"Great Wall of China, Colosseum",56+,Corta(1-4h),Bajo,Lento,Media,Buena,Media
History,False,Eiffel Tower,"Machu Picchu, Colosseum",36-45,Corta(1-4h),Alto,Lento,Media,Buena,Alta
Cultural,False,Taj Mahal,"Great Wall of China, Eiffel Tower",36-45,Media(5-7h),Bajo,Lento,Alta,Excelente,Media
"History, Architecture, Cultural",False,Great Wall of China,"Colosseum, Eiffel Tower",36-45,Media(5-7h),Alto,Rápido,Media,Buena,Alta
History,False,Colosseum,Colosseum,36-45,Media(5-7h),Alto,Lento,Alta,Excelente,Alta
"History, Art, Architecture",True,Eiffel Tower,"Colosseum, Taj Mahal, Eiffel Tower",56+,Media(5-7h),Bajo,Rápido,Media,Excelente,Media
"Cultural, Art, History",True,Machu Picchu,"Colosseum, Machu Picchu",18-25,Media(5-7h),Bajo,Rápido,Media,Excelente,Media
History,False,Taj Mahal,Machu Picchu,56+,Media(5-7h),Medio,Lento,Media,Buena,Media
"Architecture, Cultural",False,Colosseum,"Colosseum, Great Wall of China, Eiffel Tower",46-55,Corta(1-4h),Bajo,Rápido,Alta,Buena,Media
"Architecture, Nature",True,Great Wall of China,Great Wall of China,18-25,Media(5-7h),Alto,Normal,Baja,Buena,Alta
"Cultural, History, Nature",False,Taj Mahal,Taj Mahal,36-45,Corta(1-4h),Medio,Lento,Media,Buena,Media
"History, Nature",True,Colosseum,"Machu Picchu, Eiffel Tower",56+,Corta(1-4h),Medio,Lento,Media,Buena,Media
"Nature, History, Cultural",True,Eiffel Tower,"Colosseum, Taj Mahal",46-55,Larga(8-10h),Medio,Normal,Media,Buena,Media
"History, Art",False,Eiffel Tower,"Great Wall of China, Taj Mahal",56+,Larga(8-10h),Alto,Normal,Media,Buena,Alta
Cultural,True,Colosseum,"Machu Picchu, Eiffel Tower, Taj Mahal",56+,Media(5-7h),Alto,Normal,Media,Buena,Alta
Cultural,False,Taj Mahal,"Great Wall of China, Machu Picchu, Eiffel Tower",56+,Media(5-7h),Alto,Rápido,Media,Excelente,Alta
"Architecture, Cultural",True,Taj Mahal,"Great Wall of China, Eiffel Tower",26-35,Media(5-7h),Bajo,Lento,Media,Excelente,Media
"Art, Architecture, Nature",False,Taj Mahal,Great Wall of China,56+,Media(5-7h),Alto,Lento,Alta,Excelente,Alta
"Architecture, History, Cultural",True,Machu Picchu,"Great Wall of China, Machu Picchu",56+,Media(5-7h),Medio,Rápido,Media,Buena,Media
"Art, Architecture",True,Great Wall of China,"Colosseum, Great Wall of China, Machu Picchu",56+,Larga(8-10h),Bajo,Normal,Media,Buena,Media
"History, Cultural, Architecture",False,Colosseum,Taj Mahal,46-55,Corta(1-4h),Alto,Normal,Media,Excelente,Alta
Nature,False,Colosseum,"Machu Picchu, Eiffel Tower, Taj Mahal",26-35,Corta(1-4h),Bajo,Normal,Media,Buena,Media
"Art, Nature",True,Colosseum,Colosseum,56+,Corta(1-4h),Bajo,Lento,Media,Buena,Media
"Cultural, History",True,Taj Mahal,"Eiffel Tower, Great Wall of China, Colosseum",46-55,Larga(8-10h),Bajo,Normal,Media,Buena,Media
"Architecture, Cultural, History",True,Machu Picchu,"Great Wall of China, Eiffel Tower, Taj Mahal",36-45,Corta(1-4h),Alto,Lento,Media,Buena,Alta
"Cultural, History, Nature",True,Taj Mahal,Colosseum,18-25,Larga(8-10h),Medio,Normal,Media,Excelente,Media
"Cultural, History",True,Colosseum,Colosseum,18-25,Corta(1-4h),Bajo,Lento,Alta,Buena,Media
"History, Art, Nature",True,Eiffel Tower,"Colosseum, Great Wall of China",26-35,Media(5-7h),Alto,Rápido,Media,Excelente,Alta
"Cultural, Architecture, Nature",False,Machu Picchu,"Colosseum, Great Wall of China",46-55,Media(5-7h),Alto,Normal,Media,Excelente,Alta
History,True,Eiffel Tower,"Colosseum, Great Wall of China, Machu Picchu",26-35,Larga(8-10h),Bajo,Lento,Media,Buena,Media
Art,True,Eiffel Tower,Taj Mahal,56+,Larga(8-10h),Medio,Lento,Media,Buena,Media
Architecture,False,Colosseum,"Machu Picchu, Taj Mahal, Colosseum",26-35,Corta(1-4h),Medio,Lento,Media,Excelente,Media
Architecture,True,Eiffel Tower,"Eiffel Tower, Great Wall of China, Taj Mahal",56+,Corta(1-4h),Bajo,Lento,Alta,Buena,Media
"Nature, Art, Cultural",True,Great Wall of China,"Taj Mahal, Great Wall of China",18-25,Corta(1-4h),Bajo,Lento,Alta,Buena,Media
Art,False,Machu Picchu,"Great Wall of China, Taj Mahal",46-55,Media(5-7h),Alto,Lento,Media,Buena,Alta
Nature,False,Machu Picchu,Taj Mahal,56+,Media(5-7h),Alto,Lento,Baja,Buena,Alta
"Architecture, History",True,Great Wall of China,"Great Wall of China, Machu Picchu",26-35,Media(5-7h),Medio,Lento,Alta,Buena,Media
"Cultural, Architecture, History",False,Eiffel Tower,"Taj Mahal, Colosseum, Eiffel Tower",18-25,Media(5-7h),Alto,Rápido,Media,Excelente,Alta
"Architecture, Cultural",True,Machu Picchu,"Great Wall of China, Taj Mahal",36-45,Media(5-7h),Alto,Lento,Media,Buena,Alta
"Cultural, History",True,Colosseum,"Great Wall of China, Eiffel Tower, Colosseum",46-55,Larga(8-10h),Medio,Rápido,Baja,Excelente,Alta
"Architecture, Cultural, History",True,Colosseum,"Machu Picchu, Eiffel Tower, Taj Mahal",36-45,Media(5-7h),Medio,Normal,Media,Buena,Media
History,True,Eiffel Tower,"Machu Picchu, Great Wall of China",18-25,Media(5-7h),Alto,Normal,Media,Buena,Alta
"Architecture, Nature, Cultural",False,Taj Mahal,"Great Wall of China, Taj Mahal, Colosseum",18-25,Media(5-7h),Alto,Lento,Media,Excelente,Alta
"Nature, History",True,Machu Picchu,"Machu Picchu, Taj Mahal, Colosseum",18-25,Corta(1-4h),Bajo,Normal,Media,Buena,Media
"Cultural, Architecture, Nature",True,Great Wall of China,Taj Mahal,36-45,Media(5-7h),Alto,Lento,Media,Buena,Alta
"Cultural, History",True,Machu Picchu,Eiffel Tower,18-25,Larga(8-10h),Medio,Rápido,Media,Buena,Media
Art,True,Colosseum,Taj Mahal,36-45,Media(5-7h),Alto,Normal,Media,Excelente,Alta
Nature,True,Machu Picchu,"Great Wall of China, Eiffel Tower",18-25,Media(5-7h),Alto,Rápido,Baja,Excelente,Alta
Art,True,Machu Picchu,Machu Picchu,26-35,Corta(1-4h),Medio,Normal,Alta,Excelente,Media
"Architecture, Art, Nature",True,Machu Picchu,Colosseum,56+,Media(5-7h),Medio,Lento,Alta,Excelente,Media
"History, Architecture",False,Machu Picchu,"Colosseum, Machu Picchu",56+,Corta(1-4h),Medio,Normal,Media,Excelente,Media
"Cultural, Architecture, Nature",True,Eiffel Tower,Eiffel Tower,56+,Media(5-7h),Medio,Rápido,Baja,Excelente,Media
Art,True,Colosseum,Machu Picchu,26-35,Media(5-7h),Alto,Normal,Alta,Excelente,Alta
Architecture,True,Colosseum,"Colosseum, Great Wall of China, Machu Picchu",56+,Larga(8-10h),Alto,Rápido,Alta,Buena,Alta
Architecture,False,Eiffel Tower,"Taj Mahal, Colosseum",26-35,Larga(8-10h),Alto,Lento,Alta,Buena,Alta
"Art, History, Nature",True,Taj Mahal,"Taj Mahal, Colosseum, Machu Picchu",56+,Larga(8-10h),Alto,Lento,Media,Buena,Alta
"Architecture, Nature, History",False,Machu Picchu,Great Wall of China,18-25,Corta(1-4h),Bajo,Lento,Media,Buena,Media
Nature,True,Machu Picchu,"Taj Mahal, Colosseum",26-35,Larga(8-10h),Medio,Normal,Alta,Buena,Media
Art,True,Eiffel Tower,Machu Picchu,46-55,Corta(1-4h),Bajo,Normal,Alta,Excelente,Media
"Nature, History, Cultural",False,Taj Mahal,"Colosseum, Eiffel Tower, Great Wall of China",26-35,Corta(1-4h),Medio,Rápido,Media,Excelente,Media
Cultural,False,Taj Mahal,Taj Mahal,36-45,Media(5-7h),Medio,Lento,Media,Buena,Media
"Cultural, Nature, History",False,Eiffel Tower,Machu Picchu,18-25,Media(5-7h),Medio,Lento,Media,Excelente,Media
"History, Architecture",False,Taj Mahal,Great Wall of China,56+,Media(5-7h),Medio,Normal,Media,Buena,Media
"Art, Nature, Architecture",True,Taj Mahal,Eiffel Tower,36-45,Media(5-7h),Bajo,Lento,Media,Buena,Media
"Nature, Cultural, Art",False,Colosseum,Taj Mahal,56+,Media(5-7h),Medio,Rápido,Media,Excelente,Media
"Art, Cultural, Nature",True,Eiffel Tower,"Colosseum, Machu Picchu",36-45,Corta(1-4h),Bajo,Lento,Media,Regular,Media
Nature,True,Machu Picchu,Eiffel Tower,56+,Corta(1-4h),Medio,Normal,Media,Excelente,Media
"History, Cultural",False,Taj Mahal,"Colosseum, Great Wall of China, Machu Picchu",46-55,Larga(8-10h),Bajo,Normal,Alta,Excelente,Media
"Nature, Architecture, History",True,Taj Mahal,"Colosseum, Taj Mahal, Machu Picchu",36-45,Media(5-7h),Alto,Normal,Media,Excelente,Alta
"Architecture, Cultural, Art",False,Colosseum,Eiffel Tower,36-45,Media(5-7h),Alto,Lento,Media,Excelente,Alta
"History, Art",False,Great Wall of China,"Eiffel Tower, Machu Picchu",18-25,Corta(1-4h),Medio,Rápido,Alta,Buena,Media
Nature,True,Eiffel Tower,"Machu Picchu, Colosseum, Eiffel Tower",26-35,Corta(1-4h),Bajo,Normal,Alta,Regular,Media
"Architecture, Nature, Cultural",False,Machu Picchu,"Eiffel Tower, Great Wall of China",36-45,Corta(1-4h),Medio,Rápido,Media,Buena,Media
Art,True,Colosseum,"Colosseum, Taj Mahal",36-45,Media(5-7h),Alto,Lento,Baja,Buena,Alta
"History, Architecture",False,Great Wall of China,"Machu Picchu, Eiffel Tower",18-25,Corta(1-4h),Medio,Normal,Alta,Buena,Media
"Art, Cultural, Architecture",True,Great Wall of China,"Taj Mahal, Eiffel Tower",56+,Corta(1-4h),Medio,Rápido,Media,Excelente,Media
"Cultural, Nature, Architecture",False,Colosseum,Colosseum,46-55,Corta(1-4h),Alto,Lento,Media,Buena,Alta
Art,True,Eiffel Tower,"Machu Picchu, Great Wall of China, Taj Mahal",56+,Corta(1-4h),Medio,Rápido,Media,Buena,Media
Art,True,Great Wall of China,"Taj Mahal, Eiffel Tower",46-55,Corta(1-4h),Medio,Normal,Media,Excelente,Media
"Architecture, Cultural, Nature",False,Taj Mahal,Great Wall of China,36-45,Media(5-7h),Alto,Lento,Media,Excelente,Alta
"Architecture, Art, History",False,Colosseum,"Colosseum, Great Wall of China",56+,Corta(1-4h),Medio,Normal,Alta,Excelente,Media
History,True,Taj Mahal,Taj Mahal,26-35,Corta(1-4h),Alto,Normal,Media,Excelente,Alta
"Cultural, History, Art",True,Machu Picchu,"Colosseum, Great Wall of China, Eiffel Tower",36-45,Corta(1-4h),Bajo,Rápido,Media,Excelente,Media
"History, Art",False,Eiffel Tower,"Great Wall of China, Colosseum, Machu Picchu",56+,Media(5-7h),Alto,Normal,Media,Excelente,Alta
"Nature, Art",True,Eiffel Tower,"Taj Mahal, Great Wall of China",26-35,Corta(1-4h),Medio,Rápido,Media,Buena,Media
"History, Architecture",True,Great Wall of China,"Machu Picchu, Great Wall of China, Colosseum",46-55,Media(5-7h),Medio,Lento,Alta,Excelente,Media
"Art, Architecture, History",False,Great Wall of China,Colosseum,56+,Media(5-7h),Medio,Lento,Alta,Excelente,Media
Nature,False,Eiffel Tower,Machu Picchu,36-45,Larga(8-10h),Medio,Lento,Alta,Buena,Media
"Architecture, Art",False,Great Wall of China,Eiffel Tower,36-45,Corta(1-4h),Medio,Rápido,Alta,Buena,Media
"Nature, Art",True,Colosseum,"Machu Picchu, Eiffel Tower, Great Wall of China",18-25,Larga(8-10h),Medio,Lento,Media,Excelente,Alta
Art,False,Machu Picchu,"Taj Mahal, Eiffel Tower, Great Wall of China",36-45,Media(5-7h),Medio,Rápido,Alta,Excelente,Media
"Art, Cultural, Nature",True,Colosseum,"Taj Mahal, Colosseum",56+,Corta(1-4h),Alto,Lento,Media,Buena,Alta
Art,True,Eiffel Tower,"Great Wall of China, Taj Mahal",36-45,Media(5-7h),Alto,Lento,Media,Buena,Alta
Nature,False,Machu Picchu,"Taj Mahal, Great Wall of China, Machu Picchu",18-25,Media(5-7h),Bajo,Rápido,Alta,Excelente,Media
Art,False,Eiffel Tower,Machu Picchu,26-35,Media(5-7h),Medio,Lento,Alta,Excelente,Media
"Nature, Cultural",True,Colosseum,"Taj Mahal, Eiffel Tower",26-35,Media(5-7h),Medio,Normal,Alta,Buena,Media
"Nature, History, Art",True,Great Wall of China,"Machu Picchu, Taj Mahal",26-35,Media(5-7h),Bajo,Normal,Media,Buena,Media
"Cultural, Architecture, Art",True,Colosseum,"Eiffel Tower, Taj Mahal, Great Wall of China",56+,Media(5-7h),Alto,Lento,Media,Excelente,Alta
Art,True,Machu Picchu,"Eiffel Tower, Great Wall of China",26-35,Media(5-7h),Alto,Lento,Media,Buena,Alta
"Architecture, Art, Nature",True,Eiffel Tower,"Great Wall of China, Machu Picchu, Eiffel Tower",56+,Media(5-7h),Bajo,Lento,Alta,Excelente,Media
"Nature, History",True,Colosseum,Eiffel Tower,56+,Media(5-7h),Alto,Rápido,Media,Regular,Alta
"Architecture, Art, Nature",False,Taj Mahal,Eiffel Tower,18-25,Media(5-7h),Alto,Normal,Media,Excelente,Alta
Nature,False,Eiffel Tower,"Taj Mahal, Great Wall of China",56+,Corta(1-4h),Alto,Lento,Alta,Excelente,Alta
"Cultural, Art",True,Colosseum,Great Wall of China,18-25,Corta(1-4h),Medio,Normal,Media,Excelente,Media
"Nature, Cultural, Architecture",True,Great Wall of China,"Taj Mahal, Machu Picchu",36-45,Corta(1-4h),Medio,Rápido,Baja,Buena,Media
Art,False,Colosseum,"Great Wall of China, Machu Picchu, Eiffel Tower",18-25,Media(5-7h),Alto,Rápido,Alta,Buena,Alta
"Architecture, History",True,Colosseum,"Taj Mahal, Great Wall of China, Eiffel Tower",36-45,Larga(8-10h),Bajo,Normal,Media,Excelente,Media
Cultural,False,Eiffel Tower,Colosseum,56+,Corta(1-4h),Bajo,Rápido,Baja,Regular,Media
"Architecture, History, Cultural",True,Taj Mahal,Taj Mahal,56+,Media(5-7h),Medio,Rápido,Alta,Excelente,Media
"Nature, Cultural",False,Taj Mahal,"Colosseum, Taj Mahal, Machu Picchu",46-55,Corta(1-4h),Medio,Normal,Alta,Buena,Media
Art,True,Great Wall of China,"Great Wall of China, Eiffel Tower, Colosseum",36-45,Media(5-7h),Alto,Lento,Alta,Buena,Alta
"Art, Cultural",False,Eiffel Tower,Colosseum,46-55,Corta(1-4h),Bajo,Lento,Media,Excelente,Media
Nature,False,Taj Mahal,"Colosseum, Taj Mahal",56+,Larga(8-10h),Alto,Rápido,Alta,Excelente,Alta
"Nature, Architecture, History",True,Machu Picchu,Taj Mahal,46-55,Corta(1-4h),Medio,Normal,Media,Buena,Media
"Cultural, Art",True,Taj Mahal,Eiffel Tower,26-35,Media(5-7h),Medio,Lento,Media,Buena,Media
"Art, History",False,Machu Picchu,"Colosseum, Taj Mahal, Great Wall of China",26-35,Media(5-7h),Alto,Rápido,Alta,Excelente,Alta
"Architecture, Art, History",True,Colosseum,"Taj Mahal, Eiffel Tower, Machu Picchu",46-55,Media(5-7h),Alto,Lento,Media,Excelente,Alta
Nature,True,Colosseum,Eiffel Tower,46-55,Media(5-7h),Alto,Normal,Media,Buena,Alta
Nature,True,Eiffel Tower,Machu Picchu,56+,Media(5-7h),Medio,Lento,Media,Buena,Media
Architecture,True,Taj Mahal,Machu Picchu,46-55,Media(5-7h),Alto,Rápido,Media,Excelente,Alta
"Art, History, Cultural",False,Colosseum,"Taj Mahal, Eiffel Tower",26-35,Corta(1-4h),Medio,Lento,Media,Buena,Media
"History, Art, Architecture",False,Great Wall of China,"Eiffel Tower, Colosseum, Taj Mahal",36-45,Media(5-7h),Medio,Normal,Alta,Buena,Media
Art,True,Machu Picchu,Great Wall of China,46-55,Corta(1-4h),Bajo,Normal,Media,Excelente,Media
"Nature, Cultural, Art",False,Colosseum,Machu Picchu,56+,Media(5-7h),Alto,Rápido,Media,Buena,Alta
"Cultural, History",False,Taj Mahal,"Eiffel Tower, Colosseum",26-35,Media(5-7h),Medio,Rápido,Media,Buena,Media
"Nature, Cultural, Art",True,Taj Mahal,Great Wall of China,36-45,Media(5-7h),Bajo,Rápido,Alta,Excelente,Media
"Art, Nature",True,Taj Mahal,"Eiffel Tower, Machu Picchu, Great Wall of China",56+,Media(5-7h),Medio,Lento,Alta,Excelente,Media
Architecture,False,Great Wall of China,"Eiffel Tower, Machu Picchu",36-45,Media(5-7h),Bajo,Normal,Media,Buena,Media
"Architecture, History, Nature",False,Colosseum,"Machu Picchu, Eiffel Tower, Taj Mahal",56+,Corta(1-4h),Medio,Rápido,Media,Excelente,Media
"Art, History",False,Eiffel Tower,"Eiffel Tower, Colosseum, Taj Mahal",18-25,Corta(1-4h),Bajo,Lento,Baja,Excelente,Media
Architecture,True,Colosseum,Eiffel Tower,36-45,Larga(8-10h),Bajo,Lento,Media,Buena,Media
Cultural,False,Great Wall of China,"Colosseum, Great Wall of China",56+,Media(5-7h),Medio,Lento,Media,Excelente,Media
"Nature, Architecture",True,Machu Picchu,"Machu Picchu, Colosseum, Taj Mahal",26-35,Larga(8-10h),Medio,Normal,Alta,Excelente,Media
"Architecture, Nature",True,Taj Mahal,"Colosseum, Machu Picchu",46-55,Larga(8-10h),Medio,Rápido,Alta,Buena,Media
"Cultural, Art, Nature",False,Machu Picchu,Taj Mahal,36-45,Corta(1-4h),Medio,Rápido,Alta,Buena,Media
Architecture,False,Great Wall of China,"Eiffel Tower, Colosseum, Great Wall of China",56+,Corta(1-4h),Alto,Rápido,Media,Excelente,Alta
"History, Nature",True,Colosseum,"Colosseum, Great Wall of China",56+,Larga(8-10h),Bajo,Rápido,Alta,Buena,Media
"Architecture, History",True,Colosseum,Colosseum,46-55,Corta(1-4h),Medio,Rápido,Alta,Buena,Media
"Architecture, Cultural",False,Great Wall of China,"Machu Picchu, Great Wall of China",36-45,Media(5-7h),Alto,Rápido,Media,Excelente,Alta
"History, Cultural",False,Great Wall of China,Taj Mahal,36-45,Larga(8-10h),Alto,Normal,Media,Buena,Alta
"Art, Nature, History",False,Eiffel Tower,"Great Wall of China, Colosseum, Taj Mahal",36-45,Corta(1-4h),Alto,Normal,Media,Excelente,Alta
Nature,True,Taj Mahal,"Colosseum, Taj Mahal, Eiffel Tower",18-25,Media(5-7h),Alto,Rápido,Media,Regular,Alta
Art,True,Taj Mahal,"Taj Mahal, Machu Picchu",18-25,Media(5-7h),Bajo,Lento,Media,Excelente,Media
"Art, History",False,Eiffel Tower,"Machu Picchu, Eiffel Tower",18-25,Larga(8-10h),Alto,Normal,Media,Excelente,Alta
Nature,False,Machu Picchu,Taj Mahal,36-45,Media(5-7h),Bajo,Rápido,Alta,Excelente,Media
"Nature, Architecture",False,Taj Mahal,"Machu Picchu, Great Wall of China",18-25,Media(5-7h),Medio,Lento,Media,Buena,Alta
Art,False,Eiffel Tower,"Colosseum, Taj Mahal, Great Wall of China",56+,Corta(1-4h),Bajo,Rápido,Baja,Excelente,Media
"Art, History",True,Great Wall of China,Machu Picchu,18-25,Media(5-7h),Alto,Normal,Alta,Excelente,Alta
Art,True,Machu Picchu,Eiffel Tower,36-45,Media(5-7h),Medio,Lento,Media,Buena,Media
"History, Cultural",False,Machu Picchu,"Machu Picchu, Eiffel Tower",36-45,Larga(8-10h),Medio,Rápido,Media,Excelente,Media
"Architecture, Art, Nature",False,Taj Mahal,Great Wall of China,56+,Corta(1-4h),Medio,Normal,Media,Excelente,Media
"Art, Cultural, Nature",True,Great Wall of China,"Machu Picchu, Great Wall of China, Taj Mahal",26-35,Media(5-7h),Medio,Normal,Media,Buena,Media
Cultural,True,Machu Picchu,Machu Picchu,26-35,Media(5-7h),Alto,Lento,Media,Buena,Alta
"Cultural, Art, Nature",True,Great Wall of China,"Great Wall of China, Taj Mahal",56+,Corta(1-4h),Medio,Rápido,Media,Excelente,Media
"History, Nature, Cultural",True,Colosseum,"Colosseum, Machu Picchu, Eiffel Tower",26-35,Media(5-7h),Bajo,Lento,Alta,Excelente,Media
"Cultural, Architecture",False,Eiffel Tower,Machu Picchu,56+,Media(5-7h),Medio,Rápido,Baja,Buena,Media
"Art, Cultural, History",True,Great Wall of China,"Eiffel Tower, Great Wall of China, Colosseum",46-55,Media(5-7h),Bajo,Lento,Alta,Excelente,Media
"Cultural, Art",True,Taj Mahal,Taj Mahal,46-55,Larga(8-10h),Bajo,Lento,Alta,Excelente,Media
Nature,False,Great Wall of China,"Taj Mahal, Colosseum",26-35,Corta(1-4h),Alto,Normal,Alta,Buena,Alta
"History, Cultural",False,Great Wall of China,"Taj Mahal, Machu Picchu, Colosseum",18-25,Media(5-7h),Alto,Normal,Media,Buena,Alta
"History, Cultural, Art",True,Eiffel Tower,Great Wall of China,36-45,Media(5-7h),Alto,Normal,Alta,Buena,Alta
"History, Nature",True,Colosseum,Eiffel Tower,46-55,Media(5-7h),Medio,Lento,Alta,Regular,Alta
"History, Architecture, Nature",False,Taj Mahal,Great Wall of China,18-25,Media(5-7h),Medio,Lento,Media,Buena,Media
"Art, Nature, History",True,Colosseum,Colosseum,56+,Corta(1-4h),Alto,Lento,Media,Buena,Alta
Art,False,Eiffel Tower,Machu Picchu,36-45,Corta(1-4h),Medio,Lento,Baja,Buena,Media
"Art, Nature, History",False,Colosseum,"Machu Picchu, Great Wall of China",26-35,Media(5-7h),Bajo,Lento,Media,Buena,Media
"History, Architecture, Art",False,Great Wall of China,"Eiffel Tower, Colosseum",46-55,Media(5-7h),Medio,Rápido,Media,Buena,Media
"Architecture, Art",False,Machu Picchu,"Great Wall of China, Eiffel Tower, Colosseum",36-45,Media(5-7h),Alto,Normal,Media,Regular,Alta
Architecture,False,Great Wall of China,"Taj Mahal, Machu Picchu",26-35,Corta(1-4h),Bajo,Lento,Alta,Buena,Media
"History, Nature",True,Taj Mahal,"Machu Picchu, Great Wall of China",56+,Media(5-7h),Medio,Lento,Media,Buena,Alta
History,True,Colosseum,"Taj Mahal, Machu Picchu, Eiffel Tower",36-45,Media(5-7h),Bajo,Normal,Baja,Buena,Media
"Nature, Architecture",False,Colosseum,"Great Wall of China, Machu Picchu",18-25,Corta(1-4h),Medio,Rápido,Alta,Excelente,Media
"Cultural, History",True,Taj Mahal,Great Wall of China,36-45,Media(5-7h),Alto,Rápido,Media,Excelente,Alta
"Architecture, Art",True,Eiffel Tower,"Colosseum, Eiffel Tower",36-45,Media(5-7h),Medio,Normal,Media,Buena,Media
Nature,True,Machu Picchu,"Machu Picchu, Taj Mahal, Great Wall of China",36-45,Corta(1-4h),Medio,Rápido,Baja,Buena,Media
"Nature, History",False,Colosseum,"Colosseum, Machu Picchu",46-55,Larga(8-10h),Alto,Lento,Media,Buena,Alta
Art,False,Colosseum,"Eiffel Tower, Great Wall of China",36-45,Corta(1-4h),Alto,Normal,Media,Buena,Alta
"History, Architecture, Art",True,Colosseum,"Colosseum, Machu Picchu, Eiffel Tower",36-45,Media(5-7h),Medio,Lento,Media,Buena,Media
"Cultural, History",False,Colosseum,Taj Mahal,56+,Corta(1-4h),Medio,Normal,Alta,Regular,Media
"Architecture, Nature",False,Eiffel Tower,"Machu Picchu, Colosseum",36-45,Media(5-7h),Medio,Lento,Media,Buena,Media
Art,False,Machu Picchu,"Great Wall of China, Machu Picchu, Colosseum",26-35,Media(5-7h),Alto,Rápido,Media,Buena,Alta
"Cultural, History",True,Colosseum,"Taj Mahal, Great Wall of China",46-55,Media(5-7h),Alto,Lento,Media,Buena,Alta
"Cultural, History, Art",False,Machu Picchu,"Machu Picchu, Colosseum, Taj Mahal",56+,Media(5-7h),Bajo,Normal,Media,Buena,Media
"Art, Architecture",False,Machu Picchu,"Taj Mahal, Eiffel Tower",26-35,Media(5-7h),Medio,Normal,Media,Buena,Media
"Art, Architecture, Cultural",False,Machu Picchu,Great Wall of China,36-45,Media(5-7h),Alto,Normal,Media,Regular,Alta
"Cultural, Art, History",True,Great Wall of China,"Taj Mahal, Eiffel Tower, Great Wall of China",18-25,Corta(1-4h),Medio,Rápido,Media,Excelente,Media
History,False,Eiffel Tower,"Taj Mahal, Colosseum, Great Wall of China",56+,Corta(1-4h),Bajo,Rápido,Media,Excelente,Media
Architecture,True,Great Wall of China,Great Wall of China,46-55,Media(5-7h),Alto,Rápido,Media,Buena,Alta
"History, Art",True,Colosseum,"Taj Mahal, Eiffel Tower, Colosseum",46-55,Corta(1-4h),Alto,Lento,Media,Excelente,Alta
"Art, Architecture, History",True,Colosseum,"Taj Mahal, Eiffel Tower, Great Wall of China",26-35,Media(5-7h),Medio,Rápido,Media,Buena,Media
"Architecture, Cultural",True,Taj Mahal,"Machu Picchu, Eiffel Tower, Colosseum",36-45,Larga(8-10h),Medio,Lento,Alta,Excelente,Media
"History, Art, Architecture",False,Taj Mahal,"Machu Picchu, Great Wall of China, Eiffel Tower",56+,Media(5-7h),Alto,Lento,Alta,Buena,Alta
Architecture,True,Eiffel Tower,Great Wall of China,26-35,Media(5-7h),Medio,Rápido,Media,Excelente,Media
"History, Architecture, Cultural",True,Great Wall of China,Great Wall of China,26-35,Media(5-7h),Medio,Lento,Alta,Excelente,Media
"Art, Nature",False,Taj Mahal,"Great Wall of China, Colosseum",18-25,Media(5-7h),Medio,Lento,Media,Buena,Media
"History, Architecture",True,Colosseum,"Colosseum, Eiffel Tower",56+,Media(5-7h),Bajo,Lento,Alta,Excelente,Media
"Cultural, Nature, Art",False,Machu Picchu,Eiffel Tower,26-35,Corta(1-4h),Medio,Rápido,Media,Buena,Media
"Cultural, Nature, Architecture",False,Colosseum,"Great Wall of China, Taj Mahal, Colosseum",56+,Larga(8-10h),Bajo,Lento,Alta,Excelente,Media
"Architecture, Nature",True,Colosseum,"Taj Mahal, Machu Picchu",46-55,Larga(8-10h),Medio,Lento,Media,Excelente,Media
Architecture,False,Eiffel Tower,"Machu Picchu, Colosseum",18-25,Larga(8-10h),Bajo,Lento,Baja,Buena,Media
"History, Nature",False,Taj Mahal,"Taj Mahal, Eiffel Tower",56+,Media(5-7h),Alto,Lento,Media,Excelente,Alta
"History, Architecture, Nature",False,Colosseum,"Colosseum, Great Wall of China",56+,Media(5-7h),Alto,Normal,Media,Buena,Alta
"Art, Cultural, Architecture",True,Machu Picchu,"Colosseum, Eiffel Tower",46-55,Media(5-7h),Bajo,Rápido,Alta,Buena,Media
Art,False,Taj Mahal,"Machu Picchu, Great Wall of China, Colosseum",56+,Media(5-7h),Alto,Rápido,Baja,Excelente,Alta
"Cultural, Architecture",True,Colosseum,Eiffel Tower,56+,Media(5-7h),Alto,Lento,Media,Excelente,Alta
"Art, History",True,Colosseum,"Machu Picchu, Taj Mahal, Great Wall of China",36-45,Media(5-7h),Medio,Lento,Alta,Buena,Media
"Art, Architecture",False,Eiffel Tower,Taj Mahal,46-55,Larga(8-10h),Bajo,Normal,Media,Buena,Media
"Nature, Cultural",True,Taj Mahal,"Taj Mahal, Machu Picchu",46-55,Larga(8-10h),Alto,Lento,Media,Excelente,Alta
Nature,False,Machu Picchu,Colosseum,18-25,Media(5-7h),Medio,Lento,Alta,Buena,Media
"History, Cultural",True,Machu Picchu,"Great Wall of China, Colosseum",18-25,Media(5-7h),Bajo,Normal,Baja,Buena,Media
"History, Art",True,Great Wall of China,"Eiffel Tower, Machu Picchu, Great Wall of China",26-35,Larga(8-10h),Medio,Rápido,Media,Excelente,Media
"Cultural, Architecture",False,Machu Picchu,"Taj Mahal, Machu Picchu, Colosseum",56+,Media(5-7h),Alto,Lento,Alta,Excelente,Alta
"Architecture, Nature, Art",True,Great Wall of China,"Taj Mahal, Machu Picchu",26-35,Larga(8-10h),Alto,Lento,Media,Buena,Alta
"Architecture, History",False,Great Wall of China,Taj Mahal,56+,Media(5-7h),Alto,Rápido,Alta,Buena,Alta
Art,True,Machu Picchu,"Great Wall of China, Taj Mahal",26-35,Media(5-7h),Alto,Normal,Media,Excelente,Alta
"Art, Nature, Architecture",True,Taj Mahal,"Colosseum, Eiffel Tower, Great Wall of China",26-35,Media(5-7h),Medio,Rápido,Alta,Buena,Media
"Cultural, History",False,Great Wall of China,"Great Wall of China, Eiffel Tower",46-55,Media(5-7h),Medio,Lento,Media,Buena,Media
"History, Nature",True,Machu Picchu,"Colosseum, Taj Mahal, Eiffel Tower",18-25,Larga(8-10h),Medio,Rápido,Alta,Buena,Media
"History, Architecture",False,Machu Picchu,Great Wall of China,46-55,Corta(1-4h),Medio,Lento,Alta,Buena,Media
Nature,False,Eiffel Tower,"Eiffel Tower, Colosseum, Great Wall of China",18-25,Media(5-7h),Medio,Lento,Alta,Excelente,Media
"Cultural, Art",True,Colosseum,"Machu Picchu, Colosseum",56+,Corta(1-4h),Medio,Lento,Media,Buena,Media
"Architecture, Cultural, Nature",True,Eiffel Tower,"Machu Picchu, Great Wall of China",36-45,Media(5-7h),Alto,Rápido,Media,Excelente,Alta
"Art, Architecture, Nature",True,Colosseum,"Colosseum, Great Wall of China",26-35,Media(5-7h),Medio,Rápido,Media,Buena,Media
"History, Nature, Architecture",True,Machu Picchu,Taj Mahal,36-45,Media(5-7h),Alto,Normal,Baja,Buena,Alta
History,False,Taj Mahal,"Machu Picchu, Eiffel Tower",26-35,Media(5-7h),Bajo,Lento,Media,Excelente,Media
Nature,True,Taj Mahal,"Colosseum, Machu Picchu",26-35,Corta(1-4h),Bajo,Lento,Media,Excelente,Media
"Art, Architecture, Cultural",False,Great Wall of China,"Machu Picchu, Eiffel Tower, Great Wall of China",18-25,Corta(1-4h),Alto,Lento,Alta,Excelente,Alta
"Nature, History, Architecture",False,Eiffel Tower,"Machu Picchu, Colosseum, Taj Mahal",56+,Corta(1-4h),Medio,Lento,Alta,Buena,Media
"History, Art",True,Eiffel Tower,Taj Mahal,36-45,Media(5-7h),Bajo,Rápido,Media,Buena,Media
"History, Nature, Cultural",False,Colosseum,Taj Mahal,18-25,Corta(1-4h),Alto,Lento,Media,Buena,Alta
"History, Art, Cultural",False,Machu Picchu,"Great Wall of China, Taj Mahal",56+,Corta(1-4h),Alto,Rápido,Alta,Excelente,Alta
"Art, Cultural",False,Machu Picchu,"Machu Picchu, Taj Mahal, Great Wall of China",56+,Media(5-7h),Medio,Lento,Media,Buena,Media
"Art, Architecture",True,Eiffel Tower,"Machu Picchu, Great Wall of China",36-45,Media(5-7h),Medio,Rápido,Media,Buena,Media
"Art, Nature",False,Colosseum,Taj Mahal,18-25,Media(5-7h),Medio,Normal,Alta,Excelente,Media
"Nature, History, Art",False,Taj Mahal,"Eiffel Tower, Taj Mahal, Colosseum",46-55,Media(5-7h),Alto,Normal,Alta,Buena,Alta
History,True,Colosseum,"Eiffel Tower, Machu Picchu, Colosseum",26-35,Media(5-7h),Medio,Lento,Media,Excelente,Media
"Architecture, Cultural",False,Colosseum,Eiffel Tower,26-35,Media(5-7h),Medio,Lento,Alta,Buena,Media
"Art, Architecture",False,Eiffel Tower,"Eiffel Tower, Great Wall of China, Taj Mahal",46-55,Media(5-7h),Bajo,Lento,Baja,Buena,Media
"Cultural, History",False,Eiffel Tower,"Colosseum, Great Wall of China, Taj Mahal",18-25,Corta(1-4h),Bajo,Rápido,Media,Buena,Media
"History, Architecture, Cultural",True,Eiffel Tower,"Eiffel Tower, Great Wall of China",46-55,Media(5-7h),Medio,Rápido,Media,Buena,Media
"Art, History, Architecture",True,Eiffel Tower,"Colosseum, Great Wall of China",26-35,Media(5-7h),Medio,Lento,Media,Buena,Media
"History, Nature, Cultural",True,Taj Mahal,"Machu Picchu, Eiffel Tower",46-55,Media(5-7h),Medio,Lento,Alta,Buena,Media
Cultural,True,Taj Mahal,"Machu Picchu, Eiffel Tower",18-25,Media(5-7h),Medio,Normal,Baja,Buena,Media
"Cultural, Nature",True,Machu Picchu,"Colosseum, Machu Picchu",56+,Media(5-7h),Medio,Normal,Alta,Buena,Media
"Art, Nature, History",True,Great Wall of China,"Machu Picchu, Taj Mahal, Colosseum",26-35,Corta(1-4h),Medio,Rápido,Media,Regular,Media
"History, Architecture",False,Great Wall of China,"Colosseum, Machu Picchu",46-55,Media(5-7h),Alto,Lento,Media,Buena,Alta
"Nature, History",False,Great Wall of China,"Eiffel Tower, Great Wall of China",46-55,Media(5-7h),Alto,Lento,Media,Buena,Alta
"History, Nature, Cultural",True,Machu Picchu,"Great Wall of China, Machu Picchu",18-25,Corta(1-4h),Alto,Normal,Media,Excelente,Alta
"Nature, Cultural, Art",False,Colosseum,"Colosseum, Eiffel Tower, Taj Mahal",26-35,Media(5-7h),Bajo,Lento,Alta,Excelente,Media
Architecture,False,Taj Mahal,Eiffel Tower,36-45,Media(5-7h),Medio,Lento,Baja,Excelente,Media
"Cultural, Nature",False,Taj Mahal,"Machu Picchu, Colosseum",36-45,Media(5-7h),Alto,Rápido,Alta,Buena,Alta
"Nature, History",True,Taj Mahal,"Taj Mahal, Colosseum",56+,Corta(1-4h),Medio,Normal,Media,Excelente,Media
"Art, Nature",False,Colosseum,"Machu Picchu, Eiffel Tower, Colosseum",18-25,Media(5-7h),Medio,Lento,Baja,Regular,Media
"Nature, Art",False,Taj Mahal,Taj Mahal,46-55,Media(5-7h),Bajo,Lento,Media,Buena,Media
"History, Architecture",False,Eiffel Tower,Taj Mahal,26-35,Corta(1-4h),Bajo,Normal,Media,Buena,Media
"Architecture, Cultural, Nature",True,Great Wall of China,Taj Mahal,56+,Corta(1-4h),Alto,Lento,Media,Excelente,Alta
"Nature, History",True,Eiffel Tower,Taj Mahal,36-45,Larga(8-10h),Medio,Normal,Media,Excelente,Media
History,False,Eiffel Tower,"Eiffel Tower, Taj Mahal, Great Wall of China",46-55,Media(5-7h),Medio,Lento,Media,Excelente,Media
"Nature, History, Cultural",True,Machu Picchu,Eiffel Tower,36-45,Media(5-7h),Medio,Rápido,Alta,Buena,Media
"Cultural, Nature, History",True,Taj Mahal,Machu Picchu,36-45,Corta(1-4h),Medio,Rápido,Alta,Buena,Media
"Nature, History",False,Eiffel Tower,Colosseum,46-55,Media(5-7h),Alto,Rápido,Media,Buena,Alta
Architecture,True,Great Wall of China,Machu Picchu,56+,Corta(1-4h),Bajo,Lento,Media,Buena,Media
"Architecture, Cultural",False,Colosseum,"Taj Mahal, Colosseum, Machu Picchu",56+,Media(5-7h),Bajo,Lento,Media,Buena,Media
"History, Architecture",True,Eiffel Tower,"Colosseum, Eiffel Tower, Great Wall of China",46-55,Larga(8-10h),Bajo,Rápido,Media,Excelente,Media
"Art, History",False,Machu Picchu,"Taj Mahal, Colosseum, Great Wall of China",18-25,Media(5-7h),Alto,Lento,Media,Regular,Alta
Architecture,False,Colosseum,"Taj Mahal, Machu Picchu, Eiffel Tower",26-35,Corta(1-4h),Medio,Rápido,Media,Excelente,Media
"Art, History",True,Machu Picchu,Machu Picchu,26-35,Corta(1-4h),Medio,Rápido,Alta,Buena,Media
"Nature, Architecture, Art",True,Great Wall of China,"Taj Mahal, Great Wall of China, Machu Picchu",26-35,Larga(8-10h),Alto,Normal,Media,Buena,Alta
"Art, Nature, History",False,Machu Picchu,"Eiffel Tower, Taj Mahal",26-35,Media(5-7h),Alto,Normal,Media,Buena,Alta
History,True,Colosseum,"Machu Picchu, Eiffel Tower",36-45,Corta(1-4h),Alto,Lento,Media,Excelente,Alta
"History, Cultural, Nature",False,Great Wall of China,"Taj Mahal, Machu Picchu",46-55,Media(5-7h),Alto,Lento,Media,Excelente,Alta
"Cultural, Architecture",False,Eiffel Tower,Great Wall of China,46-55,Media(5-7h),Bajo,Lento,Media,Excelente,Media
"Nature, Cultural",False,Machu Picchu,Taj Mahal,18-25,Corta(1-4h),Bajo,Rápido,Media,Excelente,Media
Cultural,False,Taj Mahal,"Taj Mahal, Eiffel Tower",36-45,Larga(8-10h),Medio,Rápido,Alta,Buena,Media
Nature,True,Machu Picchu,"Machu Picchu, Eiffel Tower",56+,Media(5-7h),Medio,Rápido,Alta,Excelente,Media
"Art, Cultural",False,Eiffel Tower,Eiffel Tower,36-45,Larga(8-10h),Medio,Normal,Media,Buena,Media
Cultural,False,Machu Picchu,Great Wall of China,18-25,Corta(1-4h),Medio,Rápido,Alta,Excelente,Media
"History, Cultural",False,Taj Mahal,"Eiffel Tower, Colosseum",56+,Corta(1-4h),Medio,Normal,Media,Excelente,Media
Cultural,True,Colosseum,"Colosseum, Machu Picchu, Taj Mahal",18-25,Media(5-7h),Alto,Lento,Media,Buena,Alta
"Nature, Cultural",False,Colosseum,"Colosseum, Eiffel Tower, Great Wall of China",26-35,Media(5-7h),Alto,Rápido,Alta,Excelente,Alta
"Nature, History, Art",True,Colosseum,Machu Picchu,56+,Corta(1-4h),Medio,Rápido,Media,Buena,Alta
Nature,False,Machu Picchu,Colosseum,56+,Media(5-7h),Medio,Lento,Media,Excelente,Media
"Cultural, Nature",False,Eiffel Tower,"Machu Picchu, Eiffel Tower, Colosseum",46-55,Media(5-7h),Medio,Lento,Alta,Excelente,Media
"Nature, History, Architecture",False,Great Wall of China,Colosseum,18-25,Media(5-7h),Alto,Lento,Alta,Excelente,Alta
"Architecture, Cultural, History",True,Eiffel Tower,"Eiffel Tower, Colosseum",56+,Corta(1-4h),Medio,Normal,Media,Buena,Media
"Art, Cultural",True,Colosseum,Machu Picchu,26-35,Media(5-7h),Medio,Normal,Alta,Excelente,Media
History,True,Eiffel Tower,"Eiffel Tower, Taj Mahal",26-35,Media(5-7h),Medio,Normal,Alta,Excelente,Media
"Nature, Art, Architecture",False,Taj Mahal,"Eiffel Tower, Taj Mahal, Great Wall of China",26-35,Larga(8-10h),Alto,Rápido,Alta,Buena,Alta
"Cultural, Architecture",False,Taj Mahal,"Taj Mahal, Machu Picchu",56+,Media(5-7h),Alto,Lento,Media,Buena,Alta
"Nature, History",True,Eiffel Tower,"Colosseum, Eiffel Tower",36-45,Larga(8-10h),Medio,Rápido,Media,Excelente,Media
Art,True,Machu Picchu,"Eiffel Tower, Colosseum",56+,Media(5-7h),Medio,Rápido,Media,Buena,Media
"Architecture, History, Art",True,Great Wall of China,Colosseum,36-45,Corta(1-4h),Alto,Lento,Media,Buena,Alta
"Cultural, Art",False,Great Wall of China,"Eiffel Tower, Colosseum, Great Wall of China",46-55,Media(5-7h),Medio,Rápido,Media,Buena,Media
"Architecture, History",False,Taj Mahal,"Great Wall of China, Taj Mahal",46-55,Media(5-7h),Bajo,Normal,Media,Excelente,Media
"Nature, Cultural",False,Eiffel Tower,Eiffel Tower,56+,Corta(1-4h),Alto,Lento,Alta,Buena,Alta
Nature,True,Machu Picchu,Machu Picchu,36-45,Media(5-7h),Alto,Lento,Alta,Excelente,Alta
"Art, Nature",False,Colosseum,"Taj Mahal, Colosseum",26-35,Media(5-7h),Alto,Normal,Media,Excelente,Alta
"Nature, History, Art",True,Great Wall of China,"Colosseum, Eiffel Tower, Great Wall of China",56+,Media(5-7h),Alto,Normal,Media,Buena,Alta
"Art, Nature",False,Eiffel Tower,"Great Wall of China, Eiffel Tower, Taj Mahal",26-35,Larga(8-10h),Alto,Normal,Alta,Buena,Alta
"Nature, Cultural, History",True,Eiffel Tower,"Eiffel Tower, Taj Mahal",56+,Larga(8-10h),Medio,Lento,Media,Excelente,Media
"Nature, Cultural, Architecture",True,Eiffel Tower,"Colosseum, Machu Picchu, Great Wall of China",36-45,Larga(8-10h),Medio,Lento,Media,Excelente,Media
"Cultural, Nature, History",True,Eiffel Tower,Eiffel Tower,26-35,Corta(1-4h),Bajo,Rápido,Alta,Buena,Media
"Cultural, Art, Architecture",True,Machu Picchu,"Great Wall of China, Eiffel Tower",36-45,Larga(8-10h),Medio,Rápido,Media,Excelente,Media
"Art, Nature",True,Taj Mahal,"Eiffel Tower, Machu Picchu",56+,Larga(8-10h),Medio,Lento,Media,Excelente,Media
Art,True,Great Wall of China,Machu Picchu,46-55,Corta(1-4h),Medio,Normal,Media,Buena,Media
"Cultural, Nature",False,Taj Mahal,"Machu Picchu, Great Wall of China",56+,Corta(1-4h),Bajo,Rápido,Media,Buena,Media
"Cultural, Architecture",True,Eiffel Tower,"Eiffel Tower, Taj Mahal",46-55,Media(5-7h),Medio,Lento,Alta,Buena,Media
History,True,Eiffel Tower,"Machu Picchu, Great Wall of China, Taj Mahal",46-55,Media(5-7h),Alto,Lento,Media,Buena,Alta
History,True,Machu Picchu,"Eiffel Tower, Taj Mahal, Machu Picchu",36-45,Larga(8-10h),Bajo,Rápido,Media,Excelente,Media
"Architecture, Art",True,Great Wall of China,"Eiffel Tower, Great Wall of China",46-55,Media(5-7h),Medio,Normal,Media,Excelente,Media
"History, Nature, Cultural",True,Machu Picchu,"Machu Picchu, Taj Mahal",56+,Larga(8-10h),Alto,Lento,Media,Excelente,Alta
Art,True,Taj Mahal,"Taj Mahal, Machu Picchu",36-45,Corta(1-4h),Bajo,Lento,Media,Buena,Media
Cultural,True,Colosseum,Eiffel Tower,26-35,Media(5-7h),Alto,Lento,Media,Excelente,Alta
"Art, Architecture",True,Taj Mahal,"Machu Picchu, Great Wall of China, Taj Mahal",36-45,Media(5-7h),Bajo,Lento,Media,Buena,Media
Cultural,False,Colosseum,Colosseum,36-45,Media(5-7h),Bajo,Rápido,Media,Excelente,Media
"History, Cultural",True,Eiffel Tower,Taj Mahal,26-35,Media(5-7h),Bajo,Rápido,Alta,Buena,Media
"Nature, History",False,Eiffel Tower,"Machu Picchu, Great Wall of China",46-55,Media(5-7h),Bajo,Lento,Media,Excelente,Media
"Nature, History",False,Great Wall of China,"Eiffel Tower, Machu Picchu",46-55,Corta(1-4h),Bajo,Rápido,Alta,Buena,Media
"History, Nature, Art",False,Eiffel Tower,"Colosseum, Taj Mahal, Eiffel Tower",56+,Media(5-7h),Medio,Lento,Alta,Buena,Media
"Architecture, History",True,Machu Picchu,"Eiffel Tower, Machu Picchu",56+,Media(5-7h),Alto,Normal,Alta,Buena,Alta
"History, Cultural",False,Colosseum,"Taj Mahal, Colosseum, Eiffel Tower",26-35,Media(5-7h),Alto,Lento,Media,Excelente,Alta
"Nature, Art, Architecture",False,Great Wall of China,Machu Picchu,56+,Media(5-7h),Medio,Rápido,Alta,Regular,Media
"History, Art",False,Machu Picchu,"Eiffel Tower, Colosseum",56+,Media(5-7h),Bajo,Rápido,Baja,Regular,Media
"Art, History, Cultural",True,Great Wall of China,"Eiffel Tower, Machu Picchu, Taj Mahal",46-55,Larga(8-10h),Alto,Normal,Baja,Buena,Alta
Architecture,True,Eiffel Tower,Machu Picchu,36-45,Media(5-7h),Alto,Lento,Media,Regular,Alta
"Cultural, Art, History",False,Machu Picchu,"Taj Mahal, Eiffel Tower",36-45,Larga(8-10h),Alto,Lento,Media,Excelente,Alta
History,True,Eiffel Tower,Taj Mahal,36-45,Media(5-7h),Bajo,Normal,Alta,Excelente,Media
Cultural,False,Colosseum,"Eiffel Tower, Colosseum, Taj Mahal",46-55,Corta(1-4h),Bajo,Lento,Alta,Buena,Media
"History, Architecture, Cultural",False,Colosseum,Colosseum,56+,Media(5-7h),Alto,Normal,Media,Buena,Alta
Cultural,False,Great Wall of China,"Eiffel Tower, Colosseum",36-45,Media(5-7h),Medio,Normal,Media,Buena,Media
"Art, Architecture, History",True,Colosseum,"Taj Mahal, Colosseum",26-35,Media(5-7h),Medio,Rápido,Alta,Buena,Media
"History, Art, Nature",True,Eiffel Tower,"Taj Mahal, Machu Picchu",18-25,Media(5-7h),Medio,Rápido,Baja,Buena,Media
Art,False,Great Wall of China,"Taj Mahal, Eiffel Tower, Colosseum",56+,Larga(8-10h),Alto,Normal,Baja,Excelente,Alta
Cultural,True,Colosseum,Taj Mahal,56+,Corta(1-4h),Alto,Lento,Media,Excelente,Alta
Cultural,True,Colosseum,Taj Mahal,26-35,Media(5-7h),Alto,Normal,Media,Buena,Alta
"History, Nature, Architecture",True,Great Wall of China,Great Wall of China,26-35,Corta(1-4h),Alto,Lento,Alta,Regular,Alta
"Architecture, Nature, History",True,Colosseum,Colosseum,56+,Media(5-7h),Bajo,Rápido,Media,Buena,Media
Architecture,False,Eiffel Tower,Machu Picchu,46-55,Media(5-7h),Alto,Rápido,Alta,Excelente,Alta
"Nature, History, Cultural",True,Taj Mahal,"Taj Mahal, Machu Picchu",18-25,Media(5-7h),Bajo,Lento,Baja,Excelente,Media
"Nature, Art, Cultural",True,Machu Picchu,"Taj Mahal, Colosseum, Machu Picchu",46-55,Corta(1-4h),Medio,Lento,Media,Buena,Media
"History, Cultural",True,Taj Mahal,"Eiffel Tower, Machu Picchu, Colosseum",18-25,Larga(8-10h),Bajo,Lento,Baja,Buena,Media
"Art, Cultural, Architecture",False,Colosseum,"Taj Mahal, Great Wall of China, Machu Picchu",56+,Media(5-7h),Medio,Rápido,Media,Buena,Media
"Cultural, History, Art",True,Machu Picchu,"Taj Mahal, Machu Picchu",46-55,Media(5-7h),Medio,Lento,Media,Regular,Media
"History, Nature, Art",True,Taj Mahal,"Eiffel Tower, Colosseum, Taj Mahal",46-55,Media(5-7h),Medio,Rápido,Alta,Excelente,Media
"Art, Architecture, Cultural",True,Machu Picchu,"Machu Picchu, Taj Mahal, Great Wall of China",26-35,Media(5-7h),Alto,Lento,Media,Excelente,Alta
History,False,Machu Picchu,"Eiffel Tower, Taj Mahal",36-45,Corta(1-4h),Alto,Rápido,Media,Regular,Alta
"Nature, Architecture, Art",False,Machu Picchu,"Machu Picchu, Eiffel Tower",36-45,Larga(8-10h),Alto,Normal,Media,Excelente,Alta
"Nature, Cultural",True,Great Wall of China,Taj Mahal,46-55,Corta(1-4h),Alto,Lento,Media,Buena,Alta
"History, Nature, Architecture",True,Taj Mahal,"Great Wall of China, Taj Mahal",36-45,Media(5-7h),Medio,Normal,Alta,Excelente,Media
"Nature, History, Architecture",False,Colosseum,"Taj Mahal, Great Wall of China",26-35,Media(5-7h),Alto,Lento,Alta,Buena,Alta
"Art, Cultural",True,Eiffel Tower,"Eiffel Tower, Taj Mahal, Great Wall of China",36-45,Media(5-7h),Bajo,Normal,Media,Buena,Media
"Cultural, History",True,Great Wall of China,"Colosseum, Great Wall of China, Eiffel Tower",36-45,Media(5-7h),Alto,Rápido,Alta,Buena,Alta
"Cultural, Art",False,Machu Picchu,Colosseum,46-55,Media(5-7h),Medio,Lento,Media,Buena,Media
"History, Nature",True,Colosseum,"Machu Picchu, Taj Mahal, Great Wall of China",46-55,Corta(1-4h),Bajo,Rápido,Media,Buena,Media
"Art, History, Architecture",True,Colosseum,"Machu Picchu, Taj Mahal, Great Wall of China",56+,Media(5-7h),Alto,Normal,Media,Buena,Alta
"Art, Architecture",True,Taj Mahal,"Machu Picchu, Great Wall of China, Colosseum",36-45,Media(5-7h),Medio,Rápido,Alta,Excelente,Media
History,False,Colosseum,"Taj Mahal, Machu Picchu",26-35,Larga(8-10h),Medio,Rápido,Baja,Buena,Media
"Architecture, Cultural",False,Taj Mahal,"Colosseum, Machu Picchu, Taj Mahal",46-55,Media(5-7h),Medio,Lento,Media,Buena,Media
"Art, History, Nature",True,Colosseum,Machu Picchu,18-25,Corta(1-4h),Medio,Normal,Media,Buena,Media
"History, Architecture, Nature",False,Eiffel Tower,"Colosseum, Machu Picchu, Taj Mahal",46-55,Corta(1-4h),Bajo,Lento,Media,Regular,Media
"Nature, Cultural",False,Taj Mahal,"Machu Picchu, Colosseum, Eiffel Tower",56+,Media(5-7h),Bajo,Rápido,Alta,Buena,Media
"Architecture, History, Nature",True,Colosseum,"Machu Picchu, Great Wall of China, Taj Mahal",26-35,Larga(8-10h),Bajo,Lento,Media,Excelente,Media
"Cultural, History",True,Colosseum,"Taj Mahal, Machu Picchu, Eiffel Tower",36-45,Media(5-7h),Medio,Rápido,Media,Excelente,Media
"History, Nature",True,Eiffel Tower,"Great Wall of China, Machu Picchu",56+,Media(5-7h),Alto,Lento,Alta,Buena,Alta
"History, Art, Architecture",False,Colosseum,"Taj Mahal, Eiffel Tower, Colosseum",56+,Larga(8-10h),Medio,Lento,Media,Excelente,Media
Art,False,Machu Picchu,Colosseum,56+,Larga(8-10h),Alto,Rápido,Media,Buena,Alta
Nature,False,Machu Picchu,Eiffel Tower,36-45,Corta(1-4h),Bajo,Lento,Media,Buena,Media
History,True,Eiffel Tower,"Great Wall of China, Eiffel Tower, Machu Picchu",56+,Corta(1-4h),Medio,Lento,Alta,Buena,Alta
Cultural,True,Great Wall of China,Taj Mahal,56+,Media(5-7h),Medio,Rápido,Baja,Excelente,Media
"Art, Cultural",False,Eiffel Tower,"Colosseum, Great Wall of China",18-25,Corta(1-4h),Alto,Lento,Media,Excelente,Alta
"Art, Cultural",True,Machu Picchu,"Eiffel Tower, Taj Mahal",36-45,Media(5-7h),Bajo,Lento,Media,Buena,Media
"Architecture, History, Cultural",True,Taj Mahal,"Great Wall of China, Colosseum",46-55,Media(5-7h),Medio,Rápido,Alta,Regular,Media
"Art, Cultural, History",False,Colosseum,Taj Mahal,46-55,Corta(1-4h),Alto,Normal,Alta,Buena,Alta
"Nature, History, Art",False,Great Wall of China,"Colosseum, Great Wall of China",46-55,Media(5-7h),Bajo,Lento,Alta,Buena,Media
"History, Art, Architecture",False,Machu Picchu,Great Wall of China,26-35,Corta(1-4h),Alto,Normal,Media,Excelente,Alta
Nature,False,Taj Mahal,"Eiffel Tower, Taj Mahal, Machu Picchu",46-55,Media(5-7h),Alto,Normal,Media,Excelente,Alta
"Architecture, Art",True,Colosseum,"Colosseum, Taj Mahal, Eiffel Tower",18-25,Media(5-7h),Bajo,Normal,Alta,Excelente,Media
"Nature, History, Cultural",False,Great Wall of China,"Machu Picchu, Eiffel Tower, Colosseum",26-35,Larga(8-10h),Bajo,Normal,Media,Buena,Media
"Art, Nature",False,Colosseum,Colosseum,56+,Corta(1-4h),Bajo,Lento,Media,Excelente,Media
"Art, Cultural",True,Colosseum,"Colosseum, Taj Mahal, Eiffel Tower",18-25,Corta(1-4h),Alto,Rápido,Media,Buena,Alta
History,True,Taj Mahal,"Eiffel Tower, Machu Picchu",56+,Media(5-7h),Alto,Normal,Media,Buena,Alta
Cultural,False,Taj Mahal,"Eiffel Tower, Taj Mahal",26-35,Larga(8-10h),Alto,Rápido,Alta,Excelente,Alta
History,False,Eiffel Tower,Colosseum,56+,Corta(1-4h),Alto,Rápido,Media,Buena,Alta
"History, Art",False,Machu Picchu,Taj Mahal,36-45,Media(5-7h),Bajo,Lento,Media,Excelente,Media
Architecture,False,Eiffel Tower,"Colosseum, Eiffel Tower",56+,Media(5-7h),Medio,Normal,Alta,Buena,Media
"Nature, Cultural",True,Eiffel Tower,"Taj Mahal, Great Wall of China",36-45,Larga(8-10h),Alto,Lento,Media,Regular,Alta
"Cultural, History",True,Taj Mahal,"Great Wall of China, Machu Picchu",56+,Media(5-7h),Medio,Rápido,Media,Buena,Media
Architecture,True,Colosseum,"Eiffel Tower, Machu Picchu, Great Wall of China",36-45,Media(5-7h),Bajo,Lento,Alta,Buena,Media
"Nature, Architecture, History",False,Great Wall of China,"Colosseum, Machu Picchu",18-25,Corta(1-4h),Alto,Normal,Media,Excelente,Alta
"Cultural, Nature, Art",True,Taj Mahal,Colosseum,36-45,Media(5-7h),Medio,Rápido,Alta,Buena,Media
Nature,False,Colosseum,"Great Wall of China, Colosseum",56+,Media(5-7h),Alto,Lento,Media,Buena,Alta
Architecture,True,Taj Mahal,Taj Mahal,56+,Corta(1-4h),Medio,Normal,Media,Buena,Media
"History, Art",False,Eiffel Tower,Machu Picchu,26-35,Media(5-7h),Medio,Normal,Alta,Excelente,Media
History,False,Colosseum,Taj Mahal,36-45,Larga(8-10h),Bajo,Lento,Media,Regular,Media
"Art, Cultural, History",False,Taj Mahal,"Great Wall of China, Machu Picchu, Taj Mahal",26-35,Larga(8-10h),Medio,Normal,Baja,Buena,Media
"Art, Nature",True,Colosseum,Machu Picchu,56+,Corta(1-4h),Alto,Normal,Media,Buena,Alta
"Nature, History",True,Eiffel Tower,Great Wall of China,36-45,Larga(8-10h),Medio,Rápido,Media,Buena,Media
"Art, Cultural",True,Eiffel Tower,"Machu Picchu, Taj Mahal",18-25,Corta(1-4h),Alto,Lento,Alta,Buena,Alta
Cultural,False,Taj Mahal,"Eiffel Tower, Great Wall of China",56+,Media(5-7h),Medio,Normal,Media,Excelente,Media
Cultural,True,Machu Picchu,"Taj Mahal, Colosseum",56+,Corta(1-4h),Alto,Normal,Media,Buena,Alta
"Cultural, Architecture, Art",False,Colosseum,"Eiffel Tower, Great Wall of China, Colosseum",46-55,Media(5-7h),Bajo,Normal,Media,Buena,Media
"History, Cultural",False,Eiffel Tower,Machu Picchu,18-25,Media(5-7h),Medio,Lento,Media,Buena,Media
Architecture,False,Taj Mahal,"Great Wall of China, Taj Mahal",46-55,Corta(1-4h),Medio,Rápido,Alta,Buena,Media
"Nature, Art, Cultural",True,Taj Mahal,"Eiffel Tower, Colosseum",26-35,Media(5-7h),Medio,Normal,Baja,Excelente,Media
"Cultural, Nature",False,Colosseum,"Eiffel Tower, Great Wall of China, Machu Picchu",36-45,Media(5-7h),Medio,Normal,Alta,Excelente,Media
Cultural,True,Machu Picchu,"Taj Mahal, Colosseum, Great Wall of China",26-35,Media(5-7h),Medio,Lento,Media,Buena,Media
"Nature, Architecture, Art",False,Great Wall of China,"Taj Mahal, Colosseum",18-25,Media(5-7h),Medio,Normal,Media,Buena,Media
Architecture,False,Colosseum,"Colosseum, Great Wall of China, Eiffel Tower",56+,Media(5-7h),Medio,Lento,Alta,Buena,Media
"Art, Cultural",False,Taj Mahal,Colosseum,56+,Corta(1-4h),Alto,Normal,Media,Buena,Alta
"Architecture, Art, Nature",False,Taj Mahal,"Great Wall of China, Taj Mahal",56+,Larga(8-10h),Alto,Normal,Media,Buena,Alta
"Architecture, Nature, Art",True,Great Wall of China,"Taj Mahal, Eiffel Tower",18-25,Larga(8-10h),Alto,Lento,Alta,Buena,Alta
Cultural,True,Eiffel Tower,"Taj Mahal, Colosseum",18-25,Corta(1-4h),Medio,Lento,Media,Buena,Media
"Art, Nature, History",True,Machu Picchu,"Machu Picchu, Colosseum, Eiffel Tower",26-35,Media(5-7h),Medio,Lento,Media,Buena,Media
Cultural,False,Colosseum,"Machu Picchu, Great Wall of China, Taj Mahal",36-45,Media(5-7h),Bajo,Rápido,Media,Excelente,Media
"Cultural, Nature",True,Eiffel Tower,"Colosseum, Taj Mahal",36-45,Media(5-7h),Medio,Lento,Alta,Excelente,Alta
Nature,True,Eiffel Tower,"Great Wall of China, Eiffel Tower, Machu Picchu",56+,Media(5-7h),Bajo,Normal,Media,Buena,Media
"Art, Nature",True,Great Wall of China,"Taj Mahal, Machu Picchu",46-55,Corta(1-4h),Bajo,Rápido,Alta,Regular,Media
"Nature, Art, Cultural",True,Eiffel Tower,Eiffel Tower,46-55,Corta(1-4h),Bajo,Rápido,Media,Buena,Media
Architecture,True,Machu Picchu,"Colosseum, Eiffel Tower",18-25,Corta(1-4h),Bajo,Lento,Media,Buena,Media
"Architecture, Art",False,Taj Mahal,"Machu Picchu, Great Wall of China, Taj Mahal",26-35,Media(5-7h),Medio,Lento,Media,Excelente,Media
"Art, Architecture, History",True,Eiffel Tower,"Taj Mahal, Machu Picchu, Eiffel Tower",18-25,Corta(1-4h),Alto,Normal,Media,Buena,Alta
Architecture,False,Machu Picchu,"Great Wall of China, Taj Mahal, Colosseum",56+,Media(5-7h),Bajo,Rápido,Media,Excelente,Media
History,True,Taj Mahal,"Taj Mahal, Great Wall of China",18-25,Corta(1-4h),Bajo,Lento,Alta,Excelente,Media
"Art, Nature, Cultural",True,Colosseum,"Machu Picchu, Great Wall of China",26-35,Corta(1-4h),Medio,Lento,Alta,Buena,Media
History,False,Great Wall of China,Colosseum,56+,Media(5-7h),Alto,Lento,Media,Buena,Alta
"Architecture, Cultural, Art",False,Great Wall of China,"Colosseum, Taj Mahal, Great Wall of China",56+,Corta(1-4h),Alto,Normal,Alta,Excelente,Alta
History,True,Colosseum,"Machu Picchu, Eiffel Tower, Taj Mahal",46-55,Media(5-7h),Medio,Lento,Media,Regular,Alta
Architecture,False,Colosseum,Colosseum,56+,Corta(1-4h),Alto,Normal,Media,Regular,Alta
"Cultural, Architecture, Nature",True,Eiffel Tower,Machu Picchu,46-55,Larga(8-10h),Medio,Lento,Media,Buena,Media
"Cultural, Nature",False,Eiffel Tower,"Great Wall of China, Taj Mahal, Eiffel Tower",36-45,Larga(8-10h),Medio,Rápido,Alta,Buena,Media
"History, Art, Cultural",False,Machu Picchu,"Great Wall of China, Taj Mahal",46-55,Corta(1-4h),Bajo,Rápido,Media,Buena,Media
"Nature, Cultural",True,Machu Picchu,"Colosseum, Machu Picchu",36-45,Media(5-7h),Medio,Normal,Media,Buena,Alta
"History, Nature, Architecture",False,Machu Picchu,Great Wall of China,56+,Corta(1-4h),Bajo,Lento,Media,Excelente,Media
History,True,Taj Mahal,Great Wall of China,56+,Larga(8-10h),Alto,Lento,Alta,Excelente,Alta
"Art, Architecture",False,Eiffel Tower,"Colosseum, Eiffel Tower",46-55,Corta(1-4h),Bajo,Lento,Alta,Excelente,Media
"History, Art, Cultural",True,Taj Mahal,Machu Picchu,56+,Corta(1-4h),Bajo,Normal,Alta,Excelente,Media
"Nature, Art, Cultural",False,Eiffel Tower,Colosseum,18-25,Media(5-7h),Bajo,Lento,Media,Excelente,Media
"Nature, History, Cultural",False,Machu Picchu,Machu Picchu,36-45,Corta(1-4h),Medio,Lento,Media,Buena,Media
"Cultural, Art",False,Eiffel Tower,"Great Wall of China, Eiffel Tower",56+,Media(5-7h),Alto,Normal,Media,Excelente,Alta
Architecture,False,Taj Mahal,Great Wall of China,18-25,Larga(8-10h),Bajo,Rápido,Alta,Excelente,Media
"Nature, Architecture",False,Great Wall of China,"Machu Picchu, Great Wall of China",56+,Corta(1-4h),Bajo,Lento,Media,Excelente,Media
"Nature, Cultural",False,Eiffel Tower,Taj Mahal,26-35,Media(5-7h),Medio,Lento,Media,Buena,Media
"Architecture, Cultural",False,Machu Picchu,Colosseum,26-35,Media(5-7h),Alto,Rápido,Alta,Buena,Alta
History,False,Great Wall of China,Eiffel Tower,18-25,Larga(8-10h),Bajo,Lento,Baja,Excelente,Media
"Cultural, History, Nature",True,Eiffel Tower,"Eiffel Tower, Colosseum, Taj Mahal",46-55,Larga(8-10h),Alto,Rápido,Media,Excelente,Alta
"History, Cultural",True,Taj Mahal,Colosseum,26-35,Media(5-7h),Bajo,Lento,Alta,Buena,Media
"Cultural, Nature, History",False,Eiffel Tower,"Colosseum, Great Wall of China",26-35,Larga(8-10h),Medio,Normal,Alta,Excelente,Media
Architecture,False,Taj Mahal,Eiffel Tower,56+,Corta(1-4h),Medio,Rápido,Alta,Buena,Alta
"Art, Nature",True,Colosseum,"Colosseum, Machu Picchu, Great Wall of China",56+,Media(5-7h),Bajo,Lento,Alta,Excelente,Media
Cultural,False,Machu Picchu,"Taj Mahal, Eiffel Tower",36-45,Larga(8-10h),Bajo,Lento,Media,Excelente,Media
"Cultural, History, Art",True,Great Wall of China,"Great Wall of China, Colosseum, Taj Mahal",36-45,Media(5-7h),Medio,Lento,Media,Buena,Media
"Nature, Cultural",True,Colosseum,"Taj Mahal, Colosseum, Eiffel Tower",36-45,Media(5-7h),Medio,Rápido,Media,Buena,Media
Cultural,True,Machu Picchu,"Colosseum, Taj Mahal, Great Wall of China",56+,Corta(1-4h),Medio,Lento,Media,Excelente,Media
"Art, Cultural",True,Machu Picchu,Eiffel Tower,56+,Larga(8-10h),Medio,Lento,Alta,Excelente,Media
"Art, Architecture",False,Colosseum,"Eiffel Tower, Machu Picchu",56+,Media(5-7h),Medio,Lento,Media,Buena,Alta
Architecture,False,Machu Picchu,"Colosseum, Taj Mahal, Eiffel Tower",56+,Media(5-7h),Bajo,Rápido,Media,Excelente,Media
Art,False,Machu Picchu,"Machu Picchu, Great Wall of China",36-45,Corta(1-4h),Alto,Rápido,Alta,Buena,Alta
History,False,Great Wall of China,"Machu Picchu, Great Wall of China",36-45,Media(5-7h),Bajo,Lento,Media,Excelente,Media
"Cultural, Architecture, Nature",False,Eiffel Tower,Machu Picchu,18-25,Corta(1-4h),Medio,Lento,Baja,Excelente,Media
"Art, Nature",True,Colosseum,"Eiffel Tower, Colosseum, Machu Picchu",36-45,Media(5-7h),Bajo,Lento,Media,Regular,Media
Architecture,True,Taj Mahal,"Great Wall of China, Taj Mahal, Machu Picchu",46-55,Media(5-7h),Alto,Normal,Baja,Excelente,Alta
"Architecture, Cultural, Nature",False,Taj Mahal,"Colosseum, Taj Mahal, Eiffel Tower",56+,Media(5-7h),Medio,Lento,Media,Buena,Media
"Cultural, Nature",False,Great Wall of China,"Machu Picchu, Colosseum, Taj Mahal",36-45,Media(5-7h),Medio,Lento,Media,Buena,Media
History,True,Eiffel Tower,"Machu Picchu, Taj Mahal, Eiffel Tower",46-55,Media(5-7h),Alto,Lento,Baja,Excelente,Alta
"Nature, Cultural, Art",True,Taj Mahal,"Eiffel Tower, Taj Mahal",46-55,Corta(1-4h),Medio,Normal,Media,Buena,Alta
"Art, Architecture, Cultural",False,Machu Picchu,Eiffel Tower,26-35,Media(5-7h),Bajo,Rápido,Alta,Excelente,Media
History,True,Great Wall of China,"Eiffel Tower, Colosseum, Machu Picchu",46-55,Media(5-7h),Medio,Lento,Alta,Excelente,Media
"Art, Architecture, Cultural",False,Colosseum,"Eiffel Tower, Machu Picchu, Great Wall of China",46-55,Larga(8-10h),Medio,Rápido,Alta,Excelente,Media
"History, Architecture",True,Colosseum,"Great Wall of China, Taj Mahal",56+,Larga(8-10h),Medio,Rápido,Alta,Excelente,Media
"History, Cultural, Architecture",True,Taj Mahal,"Machu Picchu, Taj Mahal, Great Wall of China",56+,Corta(1-4h),Bajo,Normal,Media,Excelente,Media
Nature,False,Eiffel Tower,"Eiffel Tower, Taj Mahal, Great Wall of China",46-55,Media(5-7h),Alto,Normal,Media,Buena,Alta
Architecture,True,Machu Picchu,"Taj Mahal, Great Wall of China",18-25,Media(5-7h),Medio,Lento,Media,Buena,Media
Art,False,Machu Picchu,"Great Wall of China, Machu Picchu",46-55,Media(5-7h),Alto,Normal,Media,Buena,Alta
History,True,Eiffel Tower,Great Wall of China,26-35,Media(5-7h),Bajo,Lento,Alta,Excelente,Media
"Cultural, Art, Nature",False,Taj Mahal,"Taj Mahal, Great Wall of China, Eiffel Tower",18-25,Media(5-7h),Bajo,Lento,Media,Buena,Media
"History, Nature",False,Great Wall of China,Machu Picchu,36-45,Media(5-7h),Alto,Rápido,Alta,Buena,Alta
"Architecture, Art, Nature",False,Great Wall of China,Colosseum,56+,Media(5-7h),Medio,Rápido,Media,Buena,Media
Cultural,False,Machu Picchu,"Great Wall of China, Eiffel Tower",46-55,Media(5-7h),Alto,Normal,Media,Excelente,Alta
"Art, Nature, History",True,Great Wall of China,"Eiffel Tower, Great Wall of China, Machu Picchu",26-35,Media(5-7h),Alto,Rápido,Baja,Buena,Alta
"Nature, Cultural",False,Machu Picchu,Eiffel Tower,46-55,Larga(8-10h),Alto,Normal,Media,Excelente,Alta
History,False,Great Wall of China,Taj Mahal,56+,Larga(8-10h),Bajo,Lento,Media,Excelente,Media
History,True,Machu Picchu,"Machu Picchu, Eiffel Tower",56+,Media(5-7h),Alto,Rápido,Media,Buena,Alta
"Nature, Cultural, Art",False,Great Wall of China,Machu Picchu,18-25,Corta(1-4h),Alto,Lento,Alta,Buena,Alta
"History, Cultural, Architecture",False,Machu Picchu,Colosseum,46-55,Larga(8-10h),Medio,Rápido,Media,Excelente,Media
Cultural,False,Taj Mahal,Colosseum,36-45,Corta(1-4h),Bajo,Rápido,Alta,Buena,Media
"Cultural, Nature, Art",False,Taj Mahal,Colosseum,56+,Media(5-7h),Bajo,Normal,Media,Excelente,Media
"History, Nature, Cultural",False,Great Wall of China,"Great Wall of China, Eiffel Tower",26-35,Media(5-7h),Medio,Normal,Alta,Buena,Media
"Nature, Architecture",False,Colosseum,"Eiffel Tower, Colosseum, Taj Mahal",46-55,Larga(8-10h),Bajo,Lento,Media,Excelente,Media
"Cultural, History, Art",False,Machu Picchu,"Machu Picchu, Colosseum",26-35,Media(5-7h),Medio,Normal,Alta,Excelente,Media
"Art, History, Nature",False,Great Wall of China,Great Wall of China,26-35,Larga(8-10h),Medio,Lento,Media,Excelente,Media
"Nature, History",False,Machu Picchu,"Eiffel Tower, Colosseum",56+,Corta(1-4h),Medio,Lento,Alta,Excelente,Media
"Nature, History",True,Eiffel Tower,"Machu Picchu, Eiffel Tower, Taj Mahal",36-45,Larga(8-10h),Medio,Lento,Alta,Buena,Media
Cultural,False,Great Wall of China,"Eiffel Tower, Machu Picchu",46-55,Media(5-7h),Medio,Normal,Media,Buena,Media
Architecture,False,Taj Mahal,"Machu Picchu, Eiffel Tower, Great Wall of China",18-25,Media(5-7h),Alto,Normal,Media,Excelente,Alta
"Art, Architecture",False,Taj Mahal,"Colosseum, Eiffel Tower, Taj Mahal",36-45,Media(5-7h),Alto,Lento,Alta,Buena,Alta
"Architecture, History",True,Great Wall of China,"Eiffel Tower, Great Wall of China",18-25,Corta(1-4h),Medio,Normal,Media,Excelente,Media
"Nature, History",True,Great Wall of China,Machu Picchu,18-25,Media(5-7h),Bajo,Rápido,Media,Buena,Media
"Architecture, Art",False,Great Wall of China,Great Wall of China,26-35,Corta(1-4h),Bajo,Normal,Alta,Excelente,Media
"Art, Cultural",False,Taj Mahal,Machu Picchu,36-45,Larga(8-10h),Medio,Lento,Baja,Regular,Media
"History, Art",False,Taj Mahal,"Great Wall of China, Machu Picchu, Taj Mahal",46-55,Media(5-7h),Alto,Rápido,Media,Buena,Alta
"Art, Architecture",True,Colosseum,Taj Mahal,56+,Corta(1-4h),Medio,Normal,Media,Excelente,Alta
"Nature, Art, History",False,Taj Mahal,Great Wall of China,26-35,Larga(8-10h),Alto,Normal,Media,Buena,Alta
"Cultural, Nature",False,Great Wall of China,"Eiffel Tower, Taj Mahal",56+,Larga(8-10h),Medio,Normal,Media,Excelente,Media
"Architecture, Cultural",True,Eiffel Tower,Machu Picchu,46-55,Corta(1-4h),Alto,Rápido,Baja,Regular,Alta
"History, Architecture",False,Great Wall of China,"Machu Picchu, Eiffel Tower",26-35,Media(5-7h),Alto,Normal,Media,Buena,Alta
"Art, Nature, Architecture",False,Eiffel Tower,Great Wall of China,18-25,Media(5-7h),Alto,Lento,Baja,Buena,Alta
History,False,Taj Mahal,"Taj Mahal, Eiffel Tower",56+,Media(5-7h),Alto,Normal,Media,Buena,Alta
"Cultural, Architecture",False,Colosseum,"Colosseum, Machu Picchu, Great Wall of China",56+,Corta(1-4h),Medio,Lento,Alta,Buena,Media
History,False,Great Wall of China,"Eiffel Tower, Colosseum",18-25,Larga(8-10h),Medio,Lento,Alta,Buena,Media
Art,True,Eiffel Tower,Great Wall of China,26-35,Media(5-7h),Medio,Rápido,Media,Excelente,Media
Art,True,Eiffel Tower,"Eiffel Tower, Colosseum",56+,Corta(1-4h),Alto,Rápido,Alta,Excelente,Alta
"Cultural, Art, Nature",False,Eiffel Tower,"Taj Mahal, Colosseum",46-55,Media(5-7h),Bajo,Lento,Alta,Regular,Media
"History, Cultural, Architecture",False,Taj Mahal,"Great Wall of China, Machu Picchu",56+,Corta(1-4h),Alto,Rápido,Media,Buena,Alta
Architecture,True,Eiffel Tower,"Taj Mahal, Colosseum, Machu Picchu",26-35,Media(5-7h),Alto,Rápido,Media,Excelente,Alta
Cultural,False,Taj Mahal,"Colosseum, Great Wall of China",56+,Corta(1-4h),Medio,Rápido,Media,Buena,Media
"Nature, Art, Cultural",False,Eiffel Tower,"Machu Picchu, Taj Mahal",46-55,Media(5-7h),Bajo,Rápido,Alta,Excelente,Media
"Architecture, Nature, History",True,Colosseum,"Machu Picchu, Taj Mahal, Eiffel Tower",18-25,Media(5-7h),Bajo,Lento,Media,Buena,Media
History,False,Great Wall of China,Machu Picchu,26-35,Corta(1-4h),Medio,Rápido,Alta,Excelente,Media
"Architecture, Cultural, Nature",True,Taj Mahal,Great Wall of China,18-25,Media(5-7h),Medio,Normal,Media,Excelente,Media
Architecture,False,Great Wall of China,"Taj Mahal, Great Wall of China",46-55,Media(5-7h),Alto,Rápido,Media,Regular,Alta
"Art, Nature",False,Machu Picchu,"Eiffel Tower, Great Wall of China",56+,Media(5-7h),Medio,Rápido,Alta,Buena,Media
"History, Art",False,Taj Mahal,Colosseum,18-25,Media(5-7h),Bajo,Rápido,Media,Excelente,Media
"Architecture, Cultural",True,Taj Mahal,"Taj Mahal, Colosseum, Great Wall of China",36-45,Corta(1-4h),Alto,Lento,Media,Excelente,Alta
"Art, Nature",True,Colosseum,"Colosseum, Machu Picchu, Great Wall of China",36-45,Corta(1-4h),Alto,Normal,Alta,Buena,Alta
"Architecture, History, Art",True,Eiffel Tower,"Colosseum, Great Wall of China",36-45,Corta(1-4h),Alto,Normal,Alta,Buena,Alta
"History, Architecture",False,Great Wall of China,"Taj Mahal, Great Wall of China, Colosseum",18-25,Corta(1-4h),Medio,Normal,Media,Buena,Media
"Nature, History, Architecture",True,Eiffel Tower,"Great Wall of China, Colosseum",56+,Media(5-7h),Medio,Lento,Media,Excelente,Media
Cultural,False,Colosseum,Taj Mahal,36-45,Media(5-7h),Alto,Normal,Alta,Buena,Alta
Architecture,False,Eiffel Tower,"Eiffel Tower, Colosseum",46-55,Corta(1-4h),Alto,Lento,Alta,Buena,Alta
"Nature, Architecture",True,Colosseum,"Colosseum, Taj Mahal",26-35,Media(5-7h),Medio,Lento,Media,Excelente,Media
History,True,Taj Mahal,"Eiffel Tower, Taj Mahal, Great Wall of China",46-55,Corta(1-4h),Alto,Lento,Alta,Buena,Alta
Nature,True,Colosseum,"Colosseum, Machu Picchu, Taj Mahal",18-25,Corta(1-4h),Alto,Normal,Alta,Excelente,Alta
Architecture,False,Colosseum,"Machu Picchu, Taj Mahal",56+,Media(5-7h),Alto,Lento,Media,Excelente,Alta
"Art, Nature, Architecture",False,Taj Mahal,"Eiffel Tower, Machu Picchu",56+,Media(5-7h),Alto,Lento,Media,Buena,Alta
"Art, Nature, History",False,Colosseum,Great Wall of China,46-55,Media(5-7h),Alto,Rápido,Media,Buena,Alta
Cultural,True,Machu Picchu,"Eiffel Tower, Taj Mahal",56+,Media(5-7h),Medio,Rápido,Alta,Excelente,Media
"Architecture, History, Art",False,Taj Mahal,Great Wall of China,36-45,Larga(8-10h),Medio,Rápido,Media,Excelente,Media
Cultural,False,Taj Mahal,"Taj Mahal, Colosseum, Machu Picchu",36-45,Corta(1-4h),Medio,Normal,Media,Excelente,Media
"Art, History, Nature",False,Eiffel Tower,Great Wall of China,46-55,Media(5-7h),Bajo,Lento,Media,Excelente,Media
Cultural,True,Taj Mahal,"Taj Mahal, Colosseum, Great Wall of China",18-25,Media(5-7h),Medio,Lento,Media,Buena,Media
"History, Art, Cultural",False,Eiffel Tower,"Great Wall of China, Colosseum, Eiffel Tower",56+,Corta(1-4h),Medio,Rápido,Media,Excelente,Media
Nature,True,Machu Picchu,"Taj Mahal, Great Wall of China, Machu Picchu",26-35,Larga(8-10h),Medio,Lento,Alta,Buena,Media
Architecture,True,Taj Mahal,"Great Wall of China, Taj Mahal, Eiffel Tower",26-35,Corta(1-4h),Medio,Lento,Media,Regular,Media
"Nature, Cultural, History",True,Great Wall of China,Colosseum,56+,Corta(1-4h),Medio,Lento,Media,Excelente,Media
Nature,False,Taj Mahal,"Great Wall of China, Taj Mahal",46-55,Corta(1-4h),Alto,Normal,Media,Buena,Alta
Nature,True,Colosseum,"Colosseum, Machu Picchu, Eiffel Tower",46-55,Media(5-7h),Alto,Rápido,Media,Buena,Alta
"Architecture, Cultural, Art",False,Colosseum,"Eiffel Tower, Taj Mahal, Colosseum",26-35,Corta(1-4h),Alto,Lento,Media,Excelente,Alta
"Nature, Architecture, Art",True,Taj Mahal,Machu Picchu,46-55,Media(5-7h),Bajo,Lento,Baja,Buena,Media
"Art, Architecture",True,Great Wall of China,"Machu Picchu, Colosseum, Taj Mahal",18-25,Larga(8-10h),Medio,Lento,Alta,Buena,Media
"History, Nature, Cultural",True,Great Wall of China,Eiffel Tower,18-25,Media(5-7h),Bajo,Normal,Media,Buena,Media
Architecture,True,Taj Mahal,"Taj Mahal, Colosseum, Great Wall of China",26-35,Media(5-7h),Medio,Rápido,Media,Buena,Media
"Art, Architecture, Cultural",False,Taj Mahal,"Eiffel Tower, Machu Picchu",46-55,Media(5-7h),Alto,Rápido,Alta,Buena,Alta
"Cultural, Architecture, Art",True,Machu Picchu,Colosseum,56+,Larga(8-10h),Medio,Lento,Media,Excelente,Media
"Cultural, Nature",False,Taj Mahal,"Great Wall of China, Taj Mahal, Machu Picchu",56+,Media(5-7h),Bajo,Rápido,Alta,Excelente,Media
"Art, Nature, Cultural",True,Great Wall of China,Great Wall of China,56+,Corta(1-4h),Medio,Rápido,Baja,Excelente,Media
"History, Nature",False,Eiffel Tower,"Taj Mahal, Machu Picchu",56+,Media(5-7h),Alto,Normal,Alta,Excelente,Alta
"History, Nature",False,Machu Picchu,Eiffel Tower,46-55,Corta(1-4h),Bajo,Lento,Media,Buena,Media
Art,False,Taj Mahal,"Machu Picchu, Eiffel Tower, Colosseum",46-55,Media(5-7h),Alto,Normal,Media,Buena,Alta
"Architecture, Cultural",True,Taj Mahal,"Taj Mahal, Machu Picchu",36-45,Media(5-7h),Alto,Rápido,Alta,Excelente,Alta
Architecture,True,Taj Mahal,Taj Mahal,18-25,Corta(1-4h),Alto,Rápido,Alta,Buena,Alta
Nature,False,Great Wall of China,Taj Mahal,36-45,Media(5-7h),Medio,Normal,Baja,Buena,Media
Cultural,True,Colosseum,"Great Wall of China, Taj Mahal, Machu Picchu",18-25,Corta(1-4h),Alto,Normal,Alta,Excelente,Alta
Art,True,Taj Mahal,Machu Picchu,56+,Larga(8-10h),Alto,Rápido,Alta,Excelente,Alta
"Art, History",False,Colosseum,Great Wall of China,56+,Corta(1-4h),Bajo,Lento,Alta,Excelente,Media
"Architecture, Nature, Cultural",False,Taj Mahal,Great Wall of China,36-45,Corta(1-4h),Bajo,Normal,Media,Excelente,Media
"Nature, Architecture, Cultural",False,Colosseum,"Machu Picchu, Colosseum",18-25,Media(5-7h),Bajo,Lento,Media,Excelente,Media
Art,True,Eiffel Tower,Machu Picchu,18-25,Corta(1-4h),Alto,Normal,Alta,Excelente,Alta
"Nature, Art, Cultural",True,Colosseum,Eiffel Tower,46-55,Media(5-7h),Alto,Lento,Baja,Excelente,Alta
"Art, Nature",True,Taj Mahal,Colosseum,46-55,Corta(1-4h),Medio,Lento,Media,Excelente,Media
"History, Cultural, Architecture",False,Eiffel Tower,"Great Wall of China, Machu Picchu, Taj Mahal",56+,Corta(1-4h),Medio,Normal,Media,Buena,Media
"Nature, Art, Cultural",False,Machu Picchu,"Taj Mahal, Eiffel Tower",18-25,Corta(1-4h),Alto,Lento,Media,Buena,Alta
"Architecture, History",True,Eiffel Tower,"Colosseum, Taj Mahal, Great Wall of China",56+,Media(5-7h),Alto,Rápido,Baja,Excelente,Alta
"Architecture, Cultural",False,Great Wall of China,"Colosseum, Great Wall of China",56+,Media(5-7h),Alto,Normal,Media,Excelente,Alta
"Nature, Art, History",False,Eiffel Tower,"Taj Mahal, Eiffel Tower, Great Wall of China",56+,Larga(8-10h),Alto,Lento,Alta,Excelente,Alta
"Cultural, Art, History",False,Colosseum,"Taj Mahal, Eiffel Tower, Colosseum",26-35,Larga(8-10h),Medio,Lento,Media,Excelente,Media
Cultural,False,Taj Mahal,"Taj Mahal, Colosseum",18-25,Media(5-7h),Medio,Lento,Alta,Buena,Media
"Architecture, Art, History",False,Great Wall of China,"Great Wall of China, Machu Picchu, Colosseum",46-55,Media(5-7h),Bajo,Rápido,Media,Excelente,Media
"Cultural, Nature",True,Eiffel Tower,"Eiffel Tower, Taj Mahal",56+,Media(5-7h),Medio,Lento,Media,Excelente,Media
Art,False,Eiffel Tower,"Great Wall of China, Machu Picchu",56+,Corta(1-4h),Bajo,Normal,Media,Buena,Media
"Art, Cultural",True,Colosseum,Great Wall of China,36-45,Media(5-7h),Medio,Lento,Alta,Excelente,Media
"Nature, Art",False,Great Wall of China,"Taj Mahal, Great Wall of China, Eiffel Tower",46-55,Corta(1-4h),Bajo,Normal,Media,Excelente,Media
"History, Art, Nature",False,Great Wall of China,"Great Wall of China, Taj Mahal",18-25,Corta(1-4h),Alto,Rápido,Media,Excelente,Alta
"Art, Architecture, Cultural",True,Taj Mahal,Machu Picchu,46-55,Corta(1-4h),Bajo,Normal,Media,Excelente,Media
"Art, Cultural",False,Machu Picchu,Taj Mahal,56+,Media(5-7h),Bajo,Normal,Media,Buena,Media
"History, Nature, Cultural",False,Machu Picchu,"Eiffel Tower, Taj Mahal",26-35,Media(5-7h),Alto,Rápido,Alta,Excelente,Alta
"Cultural, Nature, Art",True,Machu Picchu,"Eiffel Tower, Great Wall of China, Machu Picchu",36-45,Corta(1-4h),Alto,Rápido,Media,Buena,Alta
Architecture,True,Eiffel Tower,"Colosseum, Taj Mahal, Eiffel Tower",36-45,Corta(1-4h),Medio,Rápido,Media,Excelente,Media
Nature,False,Eiffel Tower,"Eiffel Tower, Machu Picchu, Great Wall of China",56+,Media(5-7h),Medio,Normal,Media,Excelente,Media
"Nature, Cultural",False,Eiffel Tower,Great Wall of China,26-35,Media(5-7h),Bajo,Rápido,Alta,Excelente,Media
"History, Art, Cultural",True,Colosseum,"Great Wall of China, Taj Mahal",36-45,Media(5-7h),Alto,Rápido,Alta,Buena,Alta
"Nature, Art",True,Great Wall of China,Machu Picchu,18-25,Media(5-7h),Bajo,Lento,Media,Excelente,Media
"History, Art, Cultural",False,Eiffel Tower,Machu Picchu,26-35,Media(5-7h),Medio,Lento,Media,Buena,Media
Nature,True,Taj Mahal,"Great Wall of China, Taj Mahal, Eiffel Tower",18-25,Corta(1-4h),Medio,Rápido,Media,Excelente,Media
Nature,True,Great Wall of China,Machu Picchu,56+,Media(5-7h),Medio,Rápido,Media,Buena,Media
Cultural,True,Eiffel Tower,"Machu Picchu, Colosseum, Great Wall of China",56+,Corta(1-4h),Bajo,Rápido,Media,Excelente,Media
"Art, Architecture",False,Colosseum,Colosseum,46-55,Corta(1-4h),Medio,Rápido,Media,Buena,Media
"Nature, History",True,Machu Picchu,Eiffel Tower,46-55,Media(5-7h),Alto,Rápido,Media,Buena,Alta
"Nature, Art",True,Colosseum,Machu Picchu,36-45,Corta(1-4h),Medio,Lento,Media,Buena,Media
History,True,Eiffel Tower,"Eiffel Tower, Great Wall of China, Colosseum",36-45,Media(5-7h),Alto,Lento,Media,Excelente,Alta
"History, Nature",True,Colosseum,"Taj Mahal, Great Wall of China",56+,Corta(1-4h),Medio,Rápido,Media,Regular,Media
"Architecture, Cultural",False,Great Wall of China,Colosseum,26-35,Media(5-7h),Bajo,Normal,Media,Excelente,Media
History,False,Great Wall of China,"Great Wall of China, Taj Mahal",56+,Media(5-7h),Bajo,Rápido,Alta,Buena,Media
"Cultural, History",True,Eiffel Tower,"Great Wall of China, Taj Mahal, Eiffel Tower",26-35,Larga(8-10h),Bajo,Lento,Alta,Excelente,Media
"Cultural, History",False,Machu Picchu,"Eiffel Tower, Machu Picchu",56+,Corta(1-4h),Medio,Rápido,Media,Buena,Media
Art,True,Machu Picchu,"Eiffel Tower, Colosseum, Machu Picchu",46-55,Media(5-7h),Medio,Normal,Alta,Excelente,Media
Art,True,Eiffel Tower,"Great Wall of China, Eiffel Tower, Taj Mahal",56+,Corta(1-4h),Bajo,Lento,Media,Excelente,Media
"Art, Architecture",False,Colosseum,"Eiffel Tower, Machu Picchu",18-25,Larga(8-10h),Alto,Normal,Alta,Buena,Alta
Nature,False,Eiffel Tower,"Taj Mahal, Colosseum",56+,Corta(1-4h),Bajo,Rápido,Media,Regular,Media
Art,False,Colosseum,Taj Mahal,36-45,Media(5-7h),Medio,Normal,Media,Excelente,Media
"Cultural, Architecture, Nature",False,Colosseum,Great Wall of China,46-55,Corta(1-4h),Bajo,Lento,Baja,Excelente,Media
"Architecture, Nature",True,Great Wall of China,"Eiffel Tower, Colosseum, Taj Mahal",26-35,Larga(8-10h),Medio,Rápido,Media,Buena,Media
"History, Cultural",True,Eiffel Tower,"Taj Mahal, Eiffel Tower, Great Wall of China",56+,Corta(1-4h),Alto,Normal,Media,Excelente,Alta
Art,False,Great Wall of China,"Machu Picchu, Eiffel Tower, Great Wall of China",36-45,Corta(1-4h),Medio,Lento,Media,Buena,Media
Cultural,True,Taj Mahal,Machu Picchu,56+,Media(5-7h),Medio,Rápido,Alta,Buena,Media
"Art, Nature, History",True,Great Wall of China,"Taj Mahal, Machu Picchu, Colosseum",56+,Corta(1-4h),Alto,Rápido,Alta,Excelente,Alta
Art,True,Colosseum,"Machu Picchu, Taj Mahal, Colosseum",56+,Media(5-7h),Alto,Rápido,Baja,Excelente,Alta
"Art, Architecture, History",True,Eiffel Tower,Eiffel Tower,26-35,Corta(1-4h),Medio,Rápido,Alta,Excelente,Media
"History, Nature, Cultural",True,Machu Picchu,"Eiffel Tower, Colosseum",18-25,Corta(1-4h),Medio,Rápido,Media,Buena,Media
"Cultural, Nature, History",True,Machu Picchu,Machu Picchu,36-45,Media(5-7h),Alto,Rápido,Alta,Excelente,Alta
Architecture,True,Eiffel Tower,"Great Wall of China, Machu Picchu",46-55,Larga(8-10h),Medio,Lento,Alta,Buena,Media
"History, Nature, Cultural",False,Taj Mahal,"Taj Mahal, Eiffel Tower, Colosseum",56+,Media(5-7h),Alto,Rápido,Media,Buena,Alta
"Architecture, History",False,Machu Picchu,Great Wall of China,36-45,Media(5-7h),Bajo,Lento,Media,Buena,Media
"History, Art",True,Colosseum,"Taj Mahal, Eiffel Tower, Great Wall of China",56+,Larga(8-10h),Alto,Lento,Media,Buena,Alta
History,True,Machu Picchu,"Machu Picchu, Great Wall of China",36-45,Media(5-7h),Bajo,Normal,Media,Buena,Media
Art,False,Taj Mahal,"Great Wall of China, Machu Picchu",56+,Media(5-7h),Alto,Lento,Media,Excelente,Alta
"Architecture, Art, Nature",False,Great Wall of China,Taj Mahal,36-45,Media(5-7h),Bajo,Normal,Alta,Buena,Media
"Cultural, Architecture",False,Taj Mahal,"Eiffel Tower, Taj Mahal, Great Wall of China",26-35,Media(5-7h),Medio,Rápido,Media,Regular,Media
"Architecture, Art, History",True,Colosseum,Taj Mahal,46-55,Corta(1-4h),Alto,Rápido,Baja,Buena,Alta
"Nature, Cultural, Art",True,Taj Mahal,"Eiffel Tower, Great Wall of China",36-45,Corta(1-4h),Bajo,Normal,Media,Excelente,Media
"Architecture, Nature, Cultural",True,Colosseum,Taj Mahal,46-55,Media(5-7h),Medio,Rápido,Alta,Buena,Media
"Cultural, Art",True,Eiffel Tower,"Great Wall of China, Taj Mahal",18-25,Media(5-7h),Alto,Normal,Media,Buena,Alta
"History, Art, Cultural",True,Great Wall of China,Eiffel Tower,18-25,Media(5-7h),Alto,Lento,Alta,Excelente,Alta
"Cultural, Architecture, History",True,Colosseum,"Machu Picchu, Eiffel Tower, Great Wall of China",46-55,Larga(8-10h),Bajo,Rápido,Media,Buena,Media
Art,True,Machu Picchu,"Eiffel Tower, Great Wall of China, Taj Mahal",36-45,Media(5-7h),Alto,Lento,Media,Excelente,Alta
Nature,True,Eiffel Tower,"Machu Picchu, Taj Mahal, Eiffel Tower",26-35,Larga(8-10h),Medio,Lento,Alta,Buena,Media
"Art, Architecture, Cultural",False,Machu Picchu,"Machu Picchu, Colosseum, Eiffel Tower",56+,Media(5-7h),Alto,Normal,Media,Buena,Alta
Nature,True,Machu Picchu,"Taj Mahal, Machu Picchu",46-55,Larga(8-10h),Alto,Lento,Media,Buena,Alta
Cultural,True,Taj Mahal,"Taj Mahal, Great Wall of China, Machu Picchu",46-55,Corta(1-4h),Alto,Normal,Baja,Excelente,Alta
History,True,Taj Mahal,"Colosseum, Taj Mahal, Great Wall of China",56+,Corta(1-4h),Medio,Normal,Media,Excelente,Alta
Cultural,True,Great Wall of China,"Taj Mahal, Machu Picchu",36-45,Corta(1-4h),Medio,Lento,Alta,Regular,Media
"History, Architecture",True,Machu Picchu,"Machu Picchu, Eiffel Tower",46-55,Larga(8-10h),Alto,Rápido,Media,Excelente,Alta
"History, Nature, Architecture",False,Taj Mahal,Colosseum,46-55,Media(5-7h),Medio,Rápido,Media,Excelente,Media
Cultural,True,Taj Mahal,"Eiffel Tower, Colosseum, Machu Picchu",18-25,Media(5-7h),Bajo,Lento,Alta,Excelente,Media
"Art, Nature, History",True,Great Wall of China,"Eiffel Tower, Great Wall of China",56+,Corta(1-4h),Alto,Normal,Media,Buena,Alta
Architecture,False,Machu Picchu,"Colosseum, Taj Mahal",56+,Corta(1-4h),Alto,Lento,Alta,Buena,Alta
"Art, Cultural, Nature",False,Machu Picchu,"Eiffel Tower, Great Wall of China",36-45,Corta(1-4h),Alto,Lento,Media,Buena,Alta
"Art, Cultural, History",True,Taj Mahal,Taj Mahal,46-55,Corta(1-4h),Alto,Normal,Media,Excelente,Alta
"Art, Cultural",False,Machu Picchu,Great Wall of China,26-35,Larga(8-10h),Alto,Normal,Alta,Buena,Alta
"Art, Architecture, History",True,Great Wall of China,"Eiffel Tower, Taj Mahal",36-45,Corta(1-4h),Alto,Normal,Alta,Buena,Alta
Art,False,Great Wall of China,"Machu Picchu, Eiffel Tower",56+,Media(5-7h),Alto,Lento,Media,Regular,Alta
"Nature, Architecture, History",False,Machu Picchu,"Great Wall of China, Colosseum",46-55,Corta(1-4h),Medio,Normal,Media,Regular,Media
"History, Cultural, Nature",False,Taj Mahal,"Great Wall of China, Eiffel Tower",36-45,Media(5-7h),Alto,Normal,Media,Buena,Alta
"Art, History, Nature",False,Taj Mahal,"Great Wall of China, Colosseum",56+,Corta(1-4h),Medio,Rápido,Alta,Buena,Media
Cultural,False,Great Wall of China,"Machu Picchu, Colosseum, Eiffel Tower",26-35,Corta(1-4h),Medio,Lento,Alta,Buena,Media
"Cultural, History, Nature",False,Machu Picchu,Taj Mahal,18-25,Media(5-7h),Medio,Rápido,Alta,Buena,Media
History,False,Great Wall of China,Taj Mahal,18-25,Media(5-7h),Bajo,Normal,Baja,Excelente,Media
"Cultural, History",True,Great Wall of China,"Eiffel Tower, Great Wall of China",46-55,Media(5-7h),Alto,Lento,Baja,Buena,Alta
"Cultural, Art, Architecture",False,Taj Mahal,"Great Wall of China, Eiffel Tower",18-25,Corta(1-4h),Alto,Lento,Media,Excelente,Alta
"Architecture, Art, History",True,Great Wall of China,"Machu Picchu, Great Wall of China",36-45,Media(5-7h),Medio,Rápido,Alta,Excelente,Media
"Nature, Art",True,Taj Mahal,Taj Mahal,18-25,Corta(1-4h),Alto,Rápido,Alta,Excelente,Alta
Architecture,True,Taj Mahal,"Eiffel Tower, Taj Mahal, Colosseum",18-25,Media(5-7h),Medio,Rápido,Media,Excelente,Media
"Art, History, Cultural",False,Great Wall of China,"Colosseum, Great Wall of China",46-55,Corta(1-4h),Alto,Lento,Media,Buena,Alta
"Nature, History, Art",False,Great Wall of China,"Great Wall of China, Taj Mahal",56+,Media(5-7h),Medio,Normal,Alta,Excelente,Alta
"Architecture, Art",True,Eiffel Tower,"Eiffel Tower, Taj Mahal",36-45,Media(5-7h),Medio,Lento,Alta,Excelente,Media
"History, Architecture, Nature",True,Eiffel Tower,"Machu Picchu, Taj Mahal, Great Wall of China",56+,Larga(8-10h),Medio,Normal,Media,Buena,Media
History,True,Colosseum,"Great Wall of China, Eiffel Tower",36-45,Larga(8-10h),Bajo,Lento,Media,Excelente,Media
"History, Cultural, Nature",True,Great Wall of China,"Taj Mahal, Machu Picchu",26-35,Larga(8-10h),Medio,Normal,Media,Buena,Media
Art,True,Machu Picchu,Colosseum,36-45,Corta(1-4h),Bajo,Rápido,Media,Excelente,Media
"Art, Nature, Cultural",False,Eiffel Tower,Machu Picchu,26-35,Media(5-7h),Medio,Lento,Media,Excelente,Media
Architecture,True,Machu Picchu,"Taj Mahal, Great Wall of China, Machu Picchu",46-55,Corta(1-4h),Alto,Normal,Media,Buena,Alta
Cultural,False,Eiffel Tower,"Great Wall of China, Taj Mahal, Eiffel Tower",56+,Corta(1-4h),Medio,Rápido,Media,Excelente,Media
"Art, Architecture, Cultural",True,Colosseum,"Colosseum, Machu Picchu, Great Wall of China",46-55,Corta(1-4h),Alto,Rápido,Alta,Excelente,Alta
Nature,False,Machu Picchu,"Colosseum, Great Wall of China",46-55,Corta(1-4h),Alto,Rápido,Media,Buena,Alta
Art,False,Colosseum,"Eiffel Tower, Machu Picchu, Colosseum",56+,Media(5-7h),Alto,Rápido,Media,Excelente,Alta
Art,True,Colosseum,"Great Wall of China, Taj Mahal",46-55,Larga(8-10h),Alto,Normal,Alta,Buena,Alta
"Architecture, Cultural",True,Eiffel Tower,"Machu Picchu, Colosseum",56+,Corta(1-4h),Alto,Rápido,Media,Buena,Alta
"History, Cultural, Art",False,Colosseum,"Eiffel Tower, Taj Mahal, Machu Picchu",18-25,Media(5-7h),Medio,Lento,Media,Excelente,Media
"Nature, Art, Cultural",False,Taj Mahal,Eiffel Tower,36-45,Media(5-7h),Bajo,Rápido,Alta,Excelente,Media
"Nature, Art",False,Eiffel Tower,"Great Wall of China, Machu Picchu",46-55,Media(5-7h),Medio,Rápido,Alta,Buena,Media
Cultural,False,Colosseum,"Great Wall of China, Machu Picchu",46-55,Larga(8-10h),Bajo,Rápido,Alta,Buena,Media
"Art, History",False,Machu Picchu,"Colosseum, Eiffel Tower",56+,Media(5-7h),Alto,Normal,Alta,Buena,Alta
"Nature, Cultural, Art",False,Great Wall of China,"Eiffel Tower, Machu Picchu",56+,Media(5-7h),Alto,Rápido,Alta,Excelente,Alta
"History, Cultural, Nature",True,Colosseum,"Great Wall of China, Machu Picchu",18-25,Media(5-7h),Medio,Lento,Media,Excelente,Media
Architecture,False,Machu Picchu,"Taj Mahal, Eiffel Tower",56+,Media(5-7h),Medio,Lento,Baja,Excelente,Media
"Art, Nature",False,Colosseum,"Great Wall of China, Eiffel Tower",26-35,Larga(8-10h),Alto,Lento,Alta,Excelente,Alta
"Nature, Art",True,Eiffel Tower,Great Wall of China,36-45,Larga(8-10h),Medio,Lento,Media,Excelente,Media
"Architecture, Art, Nature",True,Eiffel Tower,"Great Wall of China, Machu Picchu, Colosseum",56+,Larga(8-10h),Alto,Lento,Alta,Regular,Alta
History,False,Colosseum,"Great Wall of China, Machu Picchu, Eiffel Tower",56+,Corta(1-4h),Alto,Rápido,Alta,Buena,Alta
"History, Architecture, Art",False,Eiffel Tower,"Colosseum, Eiffel Tower",18-25,Corta(1-4h),Medio,Rápido,Baja,Excelente,Media
"Nature, History, Architecture",False,Machu Picchu,Taj Mahal,46-55,Corta(1-4h),Bajo,Lento,Baja,Buena,Media
"History, Nature, Cultural",False,Eiffel Tower,"Colosseum, Eiffel Tower",56+,Larga(8-10h),Alto,Lento,Media,Buena,Alta
"Nature, Art, Cultural",False,Colosseum,Eiffel Tower,36-45,Media(5-7h),Alto,Lento,Alta,Regular,Alta
"Art, Architecture",True,Colosseum,"Eiffel Tower, Taj Mahal",56+,Corta(1-4h),Medio,Lento,Alta,Buena,Media
Nature,True,Machu Picchu,Taj Mahal,18-25,Corta(1-4h),Medio,Lento,Media,Excelente,Media
"Art, Cultural, History",True,Great Wall of China,Great Wall of China,56+,Media(5-7h),Alto,Normal,Media,Buena,Alta
Cultural,True,Taj Mahal,"Machu Picchu, Great Wall of China, Eiffel Tower",36-45,Media(5-7h),Medio,Rápido,Media,Buena,Media
"Art, Architecture",False,Machu Picchu,"Great Wall of China, Taj Mahal",36-45,Media(5-7h),Medio,Lento,Alta,Buena,Media
"History, Nature, Art",False,Machu Picchu,Machu Picchu,56+,Media(5-7h),Bajo,Rápido,Media,Excelente,Media
"Architecture, History",True,Colosseum,Machu Picchu,18-25,Media(5-7h),Alto,Lento,Baja,Excelente,Alta
"Nature, History, Cultural",False,Colosseum,Great Wall of China,36-45,Corta(1-4h),Bajo,Normal,Media,Buena,Media
"Art, Cultural, Nature",False,Great Wall of China,"Taj Mahal, Eiffel Tower",26-35,Media(5-7h),Medio,Lento,Media,Buena,Media
Architecture,True,Eiffel Tower,Colosseum,26-35,Media(5-7h),Medio,Rápido,Media,Excelente,Media
Nature,True,Machu Picchu,"Taj Mahal, Machu Picchu",36-45,Media(5-7h),Alto,Lento,Media,Buena,Alta
"Art, History, Cultural",False,Colosseum,"Eiffel Tower, Taj Mahal",36-45,Media(5-7h),Alto,Rápido,Media,Buena,Alta
"Art, History",True,Colosseum,"Great Wall of China, Machu Picchu, Eiffel Tower",46-55,Larga(8-10h),Alto,Normal,Baja,Excelente,Alta
"Art, Cultural",True,Colosseum,Eiffel Tower,18-25,Media(5-7h),Bajo,Normal,Baja,Buena,Media
"Cultural, Architecture",True,Machu Picchu,"Machu Picchu, Taj Mahal",46-55,Media(5-7h),Alto,Rápido,Media,Buena,Alta
"Architecture, Cultural, Nature",False,Eiffel Tower,Eiffel Tower,46-55,Corta(1-4h),Bajo,Normal,Alta,Excelente,Media
"Architecture, History",False,Eiffel Tower,"Colosseum, Taj Mahal",46-55,Larga(8-10h),Alto,Lento,Baja,Buena,Alta
"Nature, Architecture, History",False,Taj Mahal,"Great Wall of China, Colosseum, Eiffel Tower",46-55,Media(5-7h),Alto,Lento,Media,Buena,Alta
"Cultural, History",True,Machu Picchu,"Eiffel Tower, Colosseum",18-25,Media(5-7h),Bajo,Lento,Alta,Excelente,Media
Cultural,False,Taj Mahal,"Colosseum, Great Wall of China",56+,Corta(1-4h),Medio,Lento,Media,Excelente,Media
"Architecture, Art",True,Colosseum,"Taj Mahal, Machu Picchu",56+,Corta(1-4h),Alto,Lento,Media,Buena,Alta
"History, Nature",True,Great Wall of China,"Great Wall of China, Taj Mahal, Machu Picchu",56+,Media(5-7h),Bajo,Rápido,Media,Buena,Media
"History, Nature",False,Machu Picchu,Eiffel Tower,56+,Media(5-7h),Bajo,Rápido,Media,Excelente,Media
"Art, Architecture",True,Taj Mahal,"Eiffel Tower, Taj Mahal",56+,Media(5-7h),Bajo,Lento,Media,Excelente,Media
"Art, Nature, Architecture",False,Machu Picchu,"Colosseum, Eiffel Tower",26-35,Larga(8-10h),Alto,Normal,Media,Buena,Alta
"History, Nature, Architecture",True,Colosseum,"Great Wall of China, Taj Mahal, Eiffel Tower",46-55,Media(5-7h),Alto,Rápido,Media,Buena,Alta
"Cultural, Architecture",False,Colosseum,"Eiffel Tower, Great Wall of China, Taj Mahal",56+,Media(5-7h),Medio,Normal,Alta,Buena,Media
"Art, Cultural, History",True,Great Wall of China,Taj Mahal,36-45,Corta(1-4h),Bajo,Normal,Alta,Buena,Media
Nature,False,Machu Picchu,"Machu Picchu, Great Wall of China",26-35,Corta(1-4h),Medio,Lento,Alta,Regular,Media
"Nature, Cultural",False,Colosseum,Great Wall of China,18-25,Media(5-7h),Alto,Rápido,Media,Excelente,Alta
"Nature, Art, Architecture",True,Eiffel Tower,Eiffel Tower,56+,Media(5-7h),Bajo,Rápido,Baja,Buena,Media
"History, Cultural, Nature",False,Taj Mahal,"Eiffel Tower, Taj Mahal, Great Wall of China",56+,Larga(8-10h),Medio,Lento,Alta,Buena,Media
"Nature, Cultural",True,Great Wall of China,"Colosseum, Eiffel Tower",26-35,Media(5-7h),Bajo,Normal,Media,Excelente,Media
Cultural,False,Great Wall of China,"Eiffel Tower, Taj Mahal",18-25,Media(5-7h),Alto,Lento,Media,Excelente,Alta
"Architecture, Art, History",True,Eiffel Tower,"Eiffel Tower, Taj Mahal",26-35,Corta(1-4h),Bajo,Normal,Media,Excelente,Media
"Art, History, Nature",True,Great Wall of China,"Great Wall of China, Eiffel Tower",36-45,Media(5-7h),Alto,Normal,Media,Buena,Alta
"Art, Nature, History",False,Machu Picchu,"Colosseum, Great Wall of China, Taj Mahal",56+,Media(5-7h),Alto,Normal,Media,Excelente,Alta
"Architecture, History",True,Taj Mahal,Machu Picchu,26-35,Media(5-7h),Alto,Lento,Media,Excelente,Alta
"Nature, Art",True,Eiffel Tower,"Eiffel Tower, Taj Mahal",26-35,Corta(1-4h),Alto,Rápido,Media,Buena,Alta
Architecture,True,Taj Mahal,Machu Picchu,56+,Corta(1-4h),Medio,Normal,Baja,Excelente,Media
"Nature, Cultural, Architecture",True,Machu Picchu,Colosseum,46-55,Corta(1-4h),Bajo,Normal,Media,Buena,Media
Art,False,Eiffel Tower,"Great Wall of China, Taj Mahal",46-55,Corta(1-4h),Bajo,Rápido,Alta,Buena,Media
"Nature, Cultural",True,Colosseum,Colosseum,56+,Media(5-7h),Alto,Normal,Media,Regular,Alta
"History, Architecture, Cultural",False,Taj Mahal,Eiffel Tower,56+,Larga(8-10h),Alto,Normal,Media,Buena,Alta
Art,False,Machu Picchu,"Great Wall of China, Machu Picchu, Colosseum",56+,Media(5-7h),Alto,Normal,Media,Excelente,Alta
"Nature, Architecture",False,Eiffel Tower,"Taj Mahal, Eiffel Tower",18-25,Corta(1-4h),Bajo,Rápido,Media,Excelente,Media
"History, Cultural, Nature",True,Machu Picchu,Machu Picchu,46-55,Larga(8-10h),Alto,Normal,Alta,Buena,Alta
History,True,Eiffel Tower,"Eiffel Tower, Great Wall of China, Colosseum",26-35,Media(5-7h),Medio,Lento,Alta,Buena,Media
"Nature, Art, Cultural",True,Great Wall of China,"Great Wall of China, Taj Mahal",36-45,Corta(1-4h),Medio,Normal,Baja,Buena,Media
"Cultural, Architecture",False,Eiffel Tower,"Machu Picchu, Great Wall of China",18-25,Corta(1-4h),Alto,Lento,Media,Buena,Alta
Art,False,Eiffel Tower,"Eiffel Tower, Taj Mahal",56+,Media(5-7h),Bajo,Lento,Media,Excelente,Media
History,False,Eiffel Tower,"Taj Mahal, Eiffel Tower, Great Wall of China",26-35,Media(5-7h),Bajo,Lento,Media,Excelente,Media
"History, Nature",False,Eiffel Tower,"Great Wall of China, Eiffel Tower",46-55,Media(5-7h),Medio,Lento,Media,Regular,Media
"History, Art",False,Eiffel Tower,"Taj Mahal, Great Wall of China",26-35,Corta(1-4h),Alto,Normal,Media,Excelente,Alta
Art,False,Taj Mahal,"Taj Mahal, Colosseum",56+,Corta(1-4h),Bajo,Normal,Alta,Excelente,Media
History,False,Colosseum,"Great Wall of China, Taj Mahal, Colosseum",46-55,Media(5-7h),Alto,Normal,Alta,Buena,Alta
"Art, Cultural, History",True,Machu Picchu,"Great Wall of China, Machu Picchu, Taj Mahal",26-35,Corta(1-4h),Bajo,Lento,Media,Buena,Media
"History, Cultural",True,Eiffel Tower,"Machu Picchu, Eiffel Tower",26-35,Media(5-7h),Medio,Normal,Media,Excelente,Alta
Architecture,False,Great Wall of China,Eiffel Tower,56+,Corta(1-4h),Medio,Rápido,Alta,Excelente,Media
"Art, History, Cultural",False,Great Wall of China,"Colosseum, Great Wall of China",36-45,Larga(8-10h),Medio,Rápido,Media,Excelente,Media
"Nature, History, Art",False,Machu Picchu,"Machu Picchu, Eiffel Tower",46-55,Corta(1-4h),Alto,Normal,Alta,Excelente,Alta
"History, Nature, Art",False,Machu Picchu,"Colosseum, Great Wall of China, Eiffel Tower",18-25,Media(5-7h),Alto,Normal,Alta,Excelente,Alta
"Architecture, Cultural, Nature",True,Machu Picchu,"Colosseum, Great Wall of China, Taj Mahal",56+,Corta(1-4h),Alto,Rápido,Media,Buena,Alta
Nature,False,Taj Mahal,"Taj Mahal, Colosseum",36-45,Media(5-7h),Medio,Lento,Media,Buena,Media
"History, Art, Nature",True,Colosseum,"Machu Picchu, Colosseum",18-25,Corta(1-4h),Bajo,Rápido,Alta,Buena,Media
"Nature, Architecture",True,Machu Picchu,"Colosseum, Taj Mahal, Eiffel Tower",18-25,Corta(1-4h),Medio,Rápido,Alta,Buena,Media
"Cultural, Art",True,Colosseum,"Taj Mahal, Machu Picchu, Eiffel Tower",56+,Media(5-7h),Alto,Lento,Media,Excelente,Alta
"Nature, Architecture",False,Colosseum,Eiffel Tower,46-55,Corta(1-4h),Medio,Lento,Media,Regular,Alta
Architecture,True,Machu Picchu,"Taj Mahal, Machu Picchu",26-35,Corta(1-4h),Alto,Rápido,Media,Buena,Alta
History,False,Colosseum,"Taj Mahal, Machu Picchu, Great Wall of China",26-35,Media(5-7h),Alto,Normal,Media,Buena,Alta
"Art, Architecture, Cultural",True,Colosseum,Great Wall of China,18-25,Larga(8-10h),Medio,Lento,Media,Buena,Media
"History, Cultural, Art",True,Great Wall of China,"Taj Mahal, Colosseum",56+,Larga(8-10h),Alto,Rápido,Media,Buena,Alta
History,True,Machu Picchu,"Taj Mahal, Eiffel Tower",56+,Larga(8-10h),Alto,Rápido,Media,Excelente,Alta
"Art, Architecture",False,Great Wall of China,"Eiffel Tower, Colosseum, Great Wall of China",18-25,Media(5-7h),Bajo,Normal,Media,Buena,Media
"Nature, Cultural",True,Great Wall of China,"Colosseum, Machu Picchu, Eiffel Tower",46-55,Larga(8-10h),Bajo,Rápido,Media,Excelente,Media
"Architecture, History",False,Colosseum,Eiffel Tower,36-45,Media(5-7h),Alto,Lento,Media,Excelente,Alta
Nature,False,Great Wall of China,"Eiffel Tower, Taj Mahal, Great Wall of China",36-45,Corta(1-4h),Medio,Normal,Alta,Buena,Media
"Cultural, Art",True,Taj Mahal,"Colosseum, Great Wall of China, Taj Mahal",56+,Media(5-7h),Bajo,Lento,Baja,Excelente,Media
"Art, Cultural",True,Eiffel Tower,Colosseum,26-35,Corta(1-4h),Bajo,Rápido,Alta,Excelente,Media
"Art, Cultural, Architecture",False,Eiffel Tower,"Colosseum, Machu Picchu, Eiffel Tower",56+,Larga(8-10h),Medio,Normal,Media,Buena,Media
"Art, Cultural, Nature",False,Eiffel Tower,Machu Picchu,56+,Corta(1-4h),Medio,Lento,Media,Buena,Media
Nature,False,Machu Picchu,"Taj Mahal, Colosseum",46-55,Corta(1-4h),Alto,Lento,Alta,Excelente,Alta
"Art, Architecture, History",False,Eiffel Tower,"Machu Picchu, Colosseum, Taj Mahal",56+,Media(5-7h),Bajo,Normal,Media,Buena,Media
Cultural,True,Colosseum,"Taj Mahal, Eiffel Tower, Machu Picchu",56+,Corta(1-4h),Alto,Rápido,Media,Buena,Alta
"History, Cultural",True,Taj Mahal,"Colosseum, Great Wall of China, Taj Mahal",46-55,Media(5-7h),Alto,Normal,Media,Buena,Alta
Art,True,Taj Mahal,"Great Wall of China, Colosseum, Eiffel Tower",46-55,Corta(1-4h),Medio,Rápido,Media,Buena,Media
"Nature, Art, Architecture",False,Eiffel Tower,"Colosseum, Taj Mahal, Machu Picchu",36-45,Larga(8-10h),Alto,Rápido,Alta,Buena,Alta
Nature,False,Eiffel Tower,"Taj Mahal, Eiffel Tower",46-55,Media(5-7h),Bajo,Lento,Alta,Regular,Media
"Cultural, History",False,Great Wall of China,Colosseum,18-25,Larga(8-10h),Bajo,Lento,Media,Buena,Media
Cultural,False,Eiffel Tower,"Great Wall of China, Colosseum, Taj Mahal",56+,Media(5-7h),Alto,Lento,Media,Regular,Alta
"Cultural, Architecture",True,Great Wall of China,"Machu Picchu, Eiffel Tower",56+,Media(5-7h),Bajo,Rápido,Media,Excelente,Media
"Art, Cultural",True,Taj Mahal,Taj Mahal,46-55,Larga(8-10h),Medio,Normal,Media,Buena,Media
"Architecture, Cultural",True,Machu Picchu,"Taj Mahal, Colosseum",26-35,Corta(1-4h),Alto,Normal,Media,Excelente,Alta
"History, Architecture, Cultural",True,Eiffel Tower,Colosseum,46-55,Corta(1-4h),Alto,Rápido,Media,Buena,Alta
"Architecture, Nature, Cultural",False,Eiffel Tower,"Machu Picchu, Eiffel Tower",56+,Larga(8-10h),Alto,Normal,Alta,Excelente,Alta
History,True,Taj Mahal,"Colosseum, Machu Picchu",18-25,Corta(1-4h),Medio,Normal,Media,Excelente,Media
"Cultural, Art, History",True,Machu Picchu,"Eiffel Tower, Machu Picchu",18-25,Corta(1-4h),Alto,Lento,Alta,Excelente,Alta
Cultural,False,Great Wall of China,Machu Picchu,36-45,Media(5-7h),Bajo,Normal,Media,Excelente,Media
Architecture,False,Machu Picchu,"Taj Mahal, Machu Picchu, Colosseum",18-25,Media(5-7h),Bajo,Rápido,Alta,Excelente,Media
"History, Art",False,Taj Mahal,"Colosseum, Taj Mahal",36-45,Media(5-7h),Medio,Normal,Alta,Buena,Media
"Cultural, Architecture, Art",False,Taj Mahal,"Colosseum, Machu Picchu",56+,Media(5-7h),Bajo,Normal,Alta,Excelente,Media
Cultural,False,Great Wall of China,Eiffel Tower,26-35,Media(5-7h),Alto,Rápido,Baja,Excelente,Alta
"History, Architecture, Nature",True,Great Wall of China,"Taj Mahal, Machu Picchu, Eiffel Tower",26-35,Corta(1-4h),Medio,Lento,Media,Buena,Media
"History, Cultural, Nature",True,Great Wall of China,"Colosseum, Taj Mahal",56+,Corta(1-4h),Medio,Normal,Alta,Buena,Media
"Art, History, Cultural",False,Eiffel Tower,"Machu Picchu, Great Wall of China",26-35,Corta(1-4h),Alto,Rápido,Media,Buena,Alta
"Art, Cultural, Architecture",False,Machu Picchu,Colosseum,56+,Media(5-7h),Medio,Rápido,Media,Buena,Media
"History, Cultural",False,Machu Picchu,"Machu Picchu, Colosseum",36-45,Media(5-7h),Alto,Normal,Alta,Buena,Alta
Cultural,True,Colosseum,"Colosseum, Eiffel Tower, Taj Mahal",46-55,Corta(1-4h),Alto,Normal,Alta,Excelente,Alta
Cultural,False,Taj Mahal,Great Wall of China,56+,Media(5-7h),Bajo,Rápido,Alta,Buena,Media
"Architecture, Nature",True,Eiffel Tower,Machu Picchu,56+,Media(5-7h),Bajo,Rápido,Alta,Buena,Media
"History, Cultural, Nature",False,Eiffel Tower,"Taj Mahal, Machu Picchu, Eiffel Tower",36-45,Corta(1-4h),Alto,Rápido,Baja,Buena,Alta
"Art, Nature, Cultural",False,Eiffel Tower,"Taj Mahal, Colosseum",46-55,Corta(1-4h),Alto,Lento,Alta,Excelente,Alta
Art,True,Machu Picchu,"Eiffel Tower, Machu Picchu",56+,Media(5-7h),Alto,Rápido,Alta,Excelente,Alta
Cultural,True,Eiffel Tower,"Great Wall of China, Colosseum, Eiffel Tower",46-55,Larga(8-10h),Medio,Lento,Media,Buena,Media
History,False,Eiffel Tower,Great Wall of China,18-25,Corta(1-4h),Medio,Normal,Media,Buena,Media
"Cultural, Nature",False,Taj Mahal,"Colosseum, Taj Mahal, Machu Picchu",18-25,Larga(8-10h),Alto,Rápido,Media,Buena,Alta
Architecture,False,Colosseum,"Great Wall of China, Eiffel Tower",18-25,Media(5-7h),Alto,Normal,Media,Buena,Alta
"Art, Nature, Cultural",True,Colosseum,"Machu Picchu, Eiffel Tower, Colosseum",36-45,Media(5-7h),Alto,Lento,Media,Excelente,Alta
History,True,Great Wall of China,"Taj Mahal, Colosseum, Machu Picchu",46-55,Corta(1-4h),Alto,Rápido,Media,Buena,Alta
"Cultural, History",False,Machu Picchu,"Eiffel Tower, Machu Picchu",46-55,Media(5-7h),Medio,Normal,Media,Buena,Media
"Art, Nature, Cultural",False,Eiffel Tower,Eiffel Tower,46-55,Corta(1-4h),Alto,Rápido,Media,Buena,Alta
History,False,Great Wall of China,Taj Mahal,26-35,Corta(1-4h),Alto,Normal,Media,Buena,Alta
"Cultural, Art, History",True,Machu Picchu,"Taj Mahal, Great Wall of China",56+,Larga(8-10h),Bajo,Lento,Media,Excelente,Media
"Art, Nature, Cultural",True,Great Wall of China,"Eiffel Tower, Colosseum",56+,Media(5-7h),Alto,Lento,Media,Buena,Alta
"Art, Cultural, History",True,Machu Picchu,"Taj Mahal, Machu Picchu, Eiffel Tower",18-25,Corta(1-4h),Medio,Rápido,Media,Buena,Media
"Art, Architecture, Nature",False,Taj Mahal,"Great Wall of China, Machu Picchu",56+,Media(5-7h),Medio,Normal,Media,Buena,Media
"Architecture, History, Art",False,Eiffel Tower,"Eiffel Tower, Colosseum, Great Wall of China",56+,Larga(8-10h),Medio,Normal,Alta,Buena,Media
"Cultural, Architecture",True,Taj Mahal,Eiffel Tower,36-45,Media(5-7h),Alto,Normal,Media,Excelente,Alta
"Art, History, Architecture",False,Machu Picchu,"Taj Mahal, Great Wall of China",26-35,Larga(8-10h),Alto,Normal,Media,Excelente,Alta
"Architecture, Art, Nature",False,Colosseum,Eiffel Tower,46-55,Media(5-7h),Bajo,Lento,Media,Excelente,Media
Cultural,False,Colosseum,"Taj Mahal, Eiffel Tower",56+,Corta(1-4h),Medio,Normal,Baja,Excelente,Media
Cultural,True,Taj Mahal,"Colosseum, Machu Picchu, Great Wall of China",26-35,Media(5-7h),Medio,Normal,Media,Buena,Media
Art,True,Colosseum,"Taj Mahal, Eiffel Tower",26-35,Larga(8-10h),Alto,Rápido,Alta,Buena,Alta
"History, Art",True,Machu Picchu,"Taj Mahal, Great Wall of China, Eiffel Tower",56+,Media(5-7h),Bajo,Rápido,Alta,Excelente,Media
Art,True,Taj Mahal,Machu Picchu,46-55,Larga(8-10h),Medio,Rápido,Media,Buena,Media
"Art, Architecture, Nature",False,Eiffel Tower,"Great Wall of China, Colosseum",26-35,Corta(1-4h),Alto,Normal,Alta,Excelente,Alta
"Architecture, Art, History",True,Great Wall of China,"Taj Mahal, Eiffel Tower, Machu Picchu",56+,Media(5-7h),Medio,Normal,Baja,Excelente,Media
"Nature, Architecture",False,Colosseum,"Great Wall of China, Taj Mahal",56+,Media(5-7h),Alto,Lento,Baja,Excelente,Alta
Cultural,False,Eiffel Tower,"Eiffel Tower, Colosseum, Taj Mahal",26-35,Media(5-7h),Medio,Lento,Alta,Excelente,Media
Nature,True,Eiffel Tower,"Eiffel Tower, Taj Mahal, Great Wall of China",46-55,Media(5-7h),Medio,Rápido,Media,Excelente,Media
"Nature, Architecture",False,Colosseum,"Colosseum, Eiffel Tower",18-25,Media(5-7h),Alto,Lento,Media,Buena,Alta
"Architecture, Art",True,Colosseum,Machu Picchu,46-55,Corta(1-4h),Alto,Lento,Baja,Buena,Alta
"Nature, History",False,Colosseum,"Great Wall of China, Taj Mahal, Machu Picchu",46-55,Media(5-7h),Medio,Normal,Media,Buena,Media
Cultural,True,Taj Mahal,"Colosseum, Great Wall of China",56+,Corta(1-4h),Alto,Rápido,Media,Excelente,Alta
"Art, History, Architecture",False,Great Wall of China,Great Wall of China,36-45,Media(5-7h),Alto,Lento,Alta,Excelente,Alta
"Cultural, Art, History",True,Taj Mahal,Machu Picchu,18-25,Corta(1-4h),Bajo,Lento,Media,Buena,Media
"Art, Cultural",False,Taj Mahal,"Colosseum, Taj Mahal",18-25,Larga(8-10h),Bajo,Rápido,Media,Regular,Media
"Cultural, Art",False,Taj Mahal,"Eiffel Tower, Great Wall of China, Taj Mahal",56+,Media(5-7h),Medio,Normal,Alta,Buena,Media
Nature,True,Colosseum,"Taj Mahal, Eiffel Tower",56+,Corta(1-4h),Medio,Rápido,Alta,Buena,Media
"History, Architecture, Cultural",True,Taj Mahal,"Machu Picchu, Colosseum",36-45,Media(5-7h),Medio,Normal,Media,Buena,Media
Cultural,False,Colosseum,"Great Wall of China, Machu Picchu, Eiffel Tower",18-25,Media(5-7h),Bajo,Rápido,Media,Excelente,Media
"Art, History, Cultural",False,Colosseum,"Colosseum, Great Wall of China",46-55,Corta(1-4h),Bajo,Lento,Media,Buena,Media
Architecture,False,Great Wall of China,"Eiffel Tower, Machu Picchu",26-35,Corta(1-4h),Alto,Normal,Media,Buena,Alta
"Architecture, History, Nature",False,Great Wall of China,"Great Wall of China, Eiffel Tower, Colosseum",26-35,Corta(1-4h),Alto,Lento,Media,Buena,Alta
"Nature, Architecture",True,Colosseum,"Machu Picchu, Taj Mahal, Eiffel Tower",36-45,Media(5-7h),Alto,Rápido,Media,Excelente,Alta
"Art, Cultural",True,Great Wall of China,"Great Wall of China, Machu Picchu, Eiffel Tower",26-35,Media(5-7h),Medio,Lento,Media,Regular,Media
"Nature, Cultural, History",False,Great Wall of China,Machu Picchu,56+,Media(5-7h),Alto,Normal,Media,Buena,Alta
"Nature, Cultural, History",False,Great Wall of China,"Taj Mahal, Machu Picchu",56+,Corta(1-4h),Bajo,Lento,Media,Excelente,Media
Architecture,True,Great Wall of China,Taj Mahal,18-25,Corta(1-4h),Medio,Rápido,Media,Excelente,Media
Art,True,Colosseum,"Colosseum, Eiffel Tower",18-25,Media(5-7h),Alto,Rápido,Media,Buena,Alta
"Cultural, Nature, Architecture",False,Colosseum,"Machu Picchu, Great Wall of China, Eiffel Tower",56+,Corta(1-4h),Alto,Normal,Media,Buena,Alta
Nature,False,Eiffel Tower,"Great Wall of China, Eiffel Tower",46-55,Media(5-7h),Alto,Normal,Media,Buena,Alta
"Art, Architecture, Nature",False,Machu Picchu,"Colosseum, Great Wall of China",46-55,Larga(8-10h),Medio,Rápido,Media,Regular,Media
"History, Architecture",False,Machu Picchu,"Taj Mahal, Eiffel Tower",46-55,Corta(1-4h),Alto,Normal,Media,Excelente,Alta
"History, Nature",False,Machu Picchu,Machu Picchu,18-25,Media(5-7h),Bajo,Rápido,Media,Buena,Media
Cultural,False,Colosseum,"Eiffel Tower, Colosseum, Great Wall of China",56+,Media(5-7h),Alto,Rápido,Media,Buena,Alta
"History, Nature, Architecture",True,Taj Mahal,Taj Mahal,46-55,Larga(8-10h),Medio,Normal,Media,Buena,Media
"Cultural, History",True,Eiffel Tower,"Eiffel Tower, Colosseum, Machu Picchu",36-45,Media(5-7h),Medio,Normal,Media,Buena,Media
History,True,Taj Mahal,"Great Wall of China, Eiffel Tower, Colosseum",56+,Larga(8-10h),Medio,Rápido,Media,Buena,Media
"Nature, Art, History",False,Taj Mahal,"Machu Picchu, Taj Mahal",56+,Media(5-7h),Alto,Rápido,Media,Buena,Alta
History,True,Colosseum,"Taj Mahal, Colosseum",26-35,Media(5-7h),Medio,Lento,Alta,Buena,Media
History,False,Eiffel Tower,Machu Picchu,56+,Media(5-7h),Alto,Lento,Media,Excelente,Alta
"Cultural, Art, Architecture",True,Great Wall of China,"Great Wall of China, Machu Picchu, Colosseum",26-35,Larga(8-10h),Alto,Lento,Media,Buena,Alta
"Nature, Art, Architecture",False,Eiffel Tower,"Taj Mahal, Great Wall of China",56+,Corta(1-4h),Medio,Lento,Media,Excelente,Media
Architecture,True,Eiffel Tower,Colosseum,56+,Corta(1-4h),Bajo,Lento,Media,Buena,Media
Art,False,Taj Mahal,"Machu Picchu, Eiffel Tower, Colosseum",36-45,Media(5-7h),Medio,Rápido,Media,Excelente,Media
"Art, Nature",True,Eiffel Tower,Great Wall of China,56+,Media(5-7h),Medio,Rápido,Media,Buena,Media
"History, Art",True,Machu Picchu,Machu Picchu,26-35,Corta(1-4h),Alto,Normal,Media,Excelente,Alta
"Art, Cultural",True,Great Wall of China,"Eiffel Tower, Machu Picchu",26-35,Larga(8-10h),Bajo,Lento,Alta,Excelente,Media
"Nature, Architecture, History",True,Colosseum,Great Wall of China,18-25,Corta(1-4h),Medio,Rápido,Media,Buena,Media
Nature,True,Taj Mahal,"Colosseum, Great Wall of China",36-45,Corta(1-4h),Medio,Lento,Alta,Excelente,Media
"Cultural, Architecture, Art",True,Great Wall of China,"Great Wall of China, Colosseum, Machu Picchu",26-35,Larga(8-10h),Alto,Normal,Media,Excelente,Alta
"Architecture, History, Cultural",True,Taj Mahal,"Great Wall of China, Eiffel Tower, Colosseum",18-25,Media(5-7h),Bajo,Normal,Media,Buena,Media
History,True,Eiffel Tower,Machu Picchu,36-45,Media(5-7h),Medio,Lento,Media,Buena,Media
Nature,False,Eiffel Tower,Colosseum,56+,Larga(8-10h),Alto,Lento,Media,Buena,Alta
"Cultural, History, Art",True,Taj Mahal,"Eiffel Tower, Taj Mahal, Great Wall of China",36-45,Media(5-7h),Alto,Lento,Media,Buena,Alta
"Architecture, History",False,Eiffel Tower,Great Wall of China,36-45,Larga(8-10h),Medio,Normal,Baja,Excelente,Media
Architecture,False,Great Wall of China,"Taj Mahal, Eiffel Tower",18-25,Media(5-7h),Alto,Lento,Media,Excelente,Alta
"Art, Architecture, Nature",True,Machu Picchu,Great Wall of China,46-55,Corta(1-4h),Medio,Normal,Media,Buena,Media
"Cultural, History",True,Eiffel Tower,"Machu Picchu, Great Wall of China",56+,Media(5-7h),Alto,Normal,Alta,Regular,Alta
History,True,Colosseum,"Great Wall of China, Taj Mahal",18-25,Corta(1-4h),Bajo,Normal,Baja,Excelente,Media
"Architecture, Nature, History",False,Taj Mahal,Colosseum,46-55,Corta(1-4h),Alto,Rápido,Media,Excelente,Alta
Art,True,Taj Mahal,"Great Wall of China, Eiffel Tower",36-45,Media(5-7h),Medio,Lento,Media,Excelente,Media
Art,False,Great Wall of China,Eiffel Tower,56+,Corta(1-4h),Medio,Lento,Media,Excelente,Media
Cultural,False,Great Wall of China,Taj Mahal,56+,Larga(8-10h),Medio,Rápido,Alta,Excelente,Media
"Architecture, History",True,Colosseum,"Great Wall of China, Colosseum",36-45,Larga(8-10h),Alto,Normal,Media,Excelente,Alta
"Cultural, History, Art",True,Colosseum,"Taj Mahal, Colosseum",36-45,Media(5-7h),Bajo,Normal,Media,Buena,Media
"Art, Architecture",True,Eiffel Tower,Eiffel Tower,18-25,Media(5-7h),Medio,Rápido,Alta,Excelente,Media
Architecture,False,Taj Mahal,"Eiffel Tower, Machu Picchu",26-35,Media(5-7h),Bajo,Lento,Alta,Excelente,Media
"History, Cultural, Art",True,Machu Picchu,"Machu Picchu, Colosseum, Great Wall of China",18-25,Media(5-7h),Medio,Lento,Media,Buena,Media
History,False,Eiffel Tower,"Great Wall of China, Eiffel Tower",26-35,Corta(1-4h),Bajo,Lento,Baja,Excelente,Media
"Art, Nature, Cultural",False,Colosseum,Machu Picchu,18-25,Media(5-7h),Medio,Lento,Media,Excelente,Media
"Art, Architecture, History",False,Colosseum,"Eiffel Tower, Taj Mahal",36-45,Corta(1-4h),Alto,Normal,Media,Excelente,Alta
"Nature, Art",False,Colosseum,Taj Mahal,46-55,Corta(1-4h),Alto,Rápido,Media,Excelente,Alta
"Cultural, Architecture",False,Colosseum,"Colosseum, Machu Picchu",36-45,Larga(8-10h),Bajo,Rápido,Media,Buena,Media
"History, Art",False,Taj Mahal,Colosseum,46-55,Corta(1-4h),Medio,Lento,Media,Excelente,Media
"Nature, Cultural",True,Eiffel Tower,"Machu Picchu, Great Wall of China",26-35,Larga(8-10h),Medio,Rápido,Baja,Buena,Media
"Architecture, Nature",False,Eiffel Tower,Machu Picchu,56+,Media(5-7h),Alto,Rápido,Baja,Buena,Alta
"Cultural, Nature, Architecture",False,Colosseum,Great Wall of China,26-35,Media(5-7h),Bajo,Rápido,Alta,Buena,Media
Nature,True,Colosseum,"Colosseum, Great Wall of China, Eiffel Tower",26-35,Corta(1-4h),Alto,Normal,Media,Excelente,Alta
Cultural,True,Taj Mahal,"Eiffel Tower, Great Wall of China, Taj Mahal",56+,Corta(1-4h),Alto,Rápido,Alta,Buena,Alta
Nature,True,Colosseum,"Colosseum, Eiffel Tower, Great Wall of China",18-25,Corta(1-4h),Bajo,Normal,Alta,Buena,Media
"Art, History",False,Great Wall of China,Great Wall of China,36-45,Media(5-7h),Alto,Lento,Alta,Buena,Alta
"Art, Cultural",True,Taj Mahal,Great Wall of China,26-35,Larga(8-10h),Alto,Lento,Alta,Buena,Alta
"Cultural, History",False,Colosseum,"Taj Mahal, Colosseum",36-45,Corta(1-4h),Medio,Normal,Alta,Buena,Media
Architecture,True,Great Wall of China,Eiffel Tower,56+,Media(5-7h),Alto,Normal,Media,Buena,Alta
"Art, Architecture",False,Taj Mahal,"Great Wall of China, Taj Mahal",56+,Larga(8-10h),Bajo,Normal,Alta,Buena,Media
"Architecture, Cultural",False,Colosseum,"Machu Picchu, Taj Mahal, Colosseum",18-25,Corta(1-4h),Medio,Normal,Media,Buena,Alta
Cultural,False,Great Wall of China,"Colosseum, Eiffel Tower, Great Wall of China",26-35,Corta(1-4h),Bajo,Lento,Alta,Buena,Media
"Cultural, Art",False,Great Wall of China,Taj Mahal,56+,Media(5-7h),Alto,Normal,Baja,Buena,Alta
Architecture,True,Colosseum,"Colosseum, Taj Mahal, Machu Picchu",26-35,Media(5-7h),Bajo,Lento,Media,Excelente,Media
"Cultural, Architecture, Art",True,Machu Picchu,"Eiffel Tower, Taj Mahal",18-25,Corta(1-4h),Medio,Normal,Alta,Excelente,Media
"Nature, Architecture",True,Eiffel Tower,"Colosseum, Great Wall of China, Eiffel Tower",56+,Larga(8-10h),Medio,Lento,Media,Buena,Media
Cultural,True,Great Wall of China,Machu Picchu,56+,Media(5-7h),Bajo,Rápido,Alta,Excelente,Media
"Art, Architecture",False,Eiffel Tower,"Colosseum, Machu Picchu",56+,Corta(1-4h),Medio,Lento,Media,Excelente,Media
Art,False,Machu Picchu,"Machu Picchu, Colosseum, Taj Mahal",46-55,Corta(1-4h),Medio,Lento,Media,Excelente,Media
"Art, History",False,Machu Picchu,"Taj Mahal, Machu Picchu, Colosseum",36-45,Media(5-7h),Bajo,Rápido,Baja,Excelente,Media
"Cultural, Nature, Art",True,Eiffel Tower,Eiffel Tower,18-25,Larga(8-10h),Medio,Lento,Media,Excelente,Media
"Architecture, History, Art",True,Taj Mahal,"Machu Picchu, Taj Mahal",36-45,Media(5-7h),Bajo,Rápido,Alta,Buena,Media
"Nature, Cultural, History",False,Great Wall of China,"Great Wall of China, Eiffel Tower",26-35,Media(5-7h),Bajo,Normal,Alta,Excelente,Media
"Art, Cultural",True,Colosseum,"Machu Picchu, Great Wall of China, Taj Mahal",56+,Media(5-7h),Bajo,Lento,Media,Excelente,Media
"Nature, History, Art",True,Eiffel Tower,"Great Wall of China, Machu Picchu",46-55,Media(5-7h),Medio,Lento,Media,Buena,Media
"Cultural, Art",False,Great Wall of China,Colosseum,18-25,Media(5-7h),Bajo,Normal,Alta,Regular,Media
Art,False,Great Wall of China,"Eiffel Tower, Great Wall of China",56+,Media(5-7h),Medio,Normal,Baja,Buena,Media
"History, Nature",False,Eiffel Tower,Colosseum,36-45,Media(5-7h),Medio,Rápido,Media,Buena,Media
"Architecture, History",False,Machu Picchu,Eiffel Tower,26-35,Larga(8-10h),Bajo,Rápido,Alta,Buena,Media
"Architecture, Art",False,Eiffel Tower,"Machu Picchu, Taj Mahal",36-45,Corta(1-4h),Alto,Rápido,Media,Excelente,Alta
"History, Cultural, Architecture",False,Great Wall of China,"Taj Mahal, Colosseum",36-45,Larga(8-10h),Medio,Lento,Media,Buena,Media
"History, Nature",True,Eiffel Tower,Great Wall of China,56+,Media(5-7h),Alto,Lento,Alta,Excelente,Alta
Cultural,False,Colosseum,"Taj Mahal, Eiffel Tower, Great Wall of China",18-25,Media(5-7h),Alto,Rápido,Media,Excelente,Alta
"Nature, Cultural",True,Eiffel Tower,"Machu Picchu, Great Wall of China, Colosseum",36-45,Corta(1-4h),Medio,Rápido,Alta,Buena,Media
"Cultural, Architecture, Art",True,Eiffel Tower,"Great Wall of China, Eiffel Tower, Colosseum",56+,Media(5-7h),Bajo,Rápido,Baja,Excelente,Media
"Architecture, Cultural, Art",False,Machu Picchu,Great Wall of China,36-45,Media(5-7h),Bajo,Normal,Media,Excelente,Media
Nature,True,Great Wall of China,Eiffel Tower,46-55,Corta(1-4h),Alto,Normal,Alta,Buena,Alta
"Nature, History",True,Great Wall of China,Machu Picchu,56+,Media(5-7h),Medio,Lento,Media,Excelente,Media
"Architecture, History, Cultural",True,Great Wall of China,Colosseum,18-25,Corta(1-4h),Medio,Rápido,Media,Buena,Media
"Nature, History, Architecture",False,Machu Picchu,Great Wall of China,26-35,Corta(1-4h),Medio,Normal,Media,Excelente,Media
"History, Nature",False,Taj Mahal,"Eiffel Tower, Machu Picchu, Great Wall of China",36-45,Larga(8-10h),Bajo,Normal,Alta,Buena,Media
"Cultural, History",True,Taj Mahal,Eiffel Tower,46-55,Media(5-7h),Bajo,Rápido,Media,Buena,Media
"History, Cultural",True,Machu Picchu,Taj Mahal,56+,Media(5-7h),Medio,Rápido,Media,Excelente,Media
"Cultural, Art",False,Colosseum,Great Wall of China,18-25,Media(5-7h),Alto,Lento,Media,Buena,Alta
"Architecture, History",True,Taj Mahal,Colosseum,56+,Corta(1-4h),Medio,Normal,Alta,Excelente,Media
"Architecture, Nature",False,Colosseum,"Eiffel Tower, Colosseum",26-35,Corta(1-4h),Bajo,Normal,Media,Regular,Media
Nature,True,Taj Mahal,Taj Mahal,56+,Media(5-7h),Medio,Normal,Media,Buena,Media
Architecture,True,Great Wall of China,Great Wall of China,56+,Corta(1-4h),Bajo,Normal,Media,Excelente,Media
"Cultural, Nature, Art",True,Colosseum,Taj Mahal,26-35,Corta(1-4h),Bajo,Normal,Alta,Buena,Media
"Cultural, Architecture",True,Eiffel Tower,"Great Wall of China, Colosseum",26-35,Media(5-7h),Alto,Normal,Alta,Buena,Alta
"History, Cultural, Art",False,Colosseum,"Colosseum, Machu Picchu",56+,Corta(1-4h),Bajo,Rápido,Media,Buena,Media
"Art, Cultural",False,Machu Picchu,"Taj Mahal, Eiffel Tower",46-55,Corta(1-4h),Bajo,Rápido,Media,Excelente,Media
"Cultural, Nature, Art",False,Taj Mahal,"Colosseum, Taj Mahal, Eiffel Tower",36-45,Corta(1-4h),Bajo,Rápido,Media,Buena,Media
"History, Architecture",False,Machu Picchu,Taj Mahal,36-45,Larga(8-10h),Alto,Rápido,Media,Regular,Alta
Architecture,False,Machu Picchu,"Great Wall of China, Eiffel Tower",56+,Media(5-7h),Bajo,Lento,Alta,Excelente,Media
"Architecture, History",True,Machu Picchu,"Great Wall of China, Eiffel Tower",56+,Media(5-7h),Alto,Rápido,Media,Buena,Alta
Nature,True,Taj Mahal,"Great Wall of China, Colosseum, Eiffel Tower",26-35,Corta(1-4h),Bajo,Rápido,Media,Regular,Media
Nature,False,Great Wall of China,"Colosseum, Eiffel Tower",56+,Media(5-7h),Medio,Lento,Baja,Excelente,Media
"History, Nature",False,Taj Mahal,"Colosseum, Great Wall of China, Eiffel Tower",46-55,Media(5-7h),Alto,Lento,Media,Excelente,Alta
"Cultural, Nature, Architecture",True,Great Wall of China,Great Wall of China,18-25,Larga(8-10h),Medio,Lento,Media,Buena,Media
"Nature, History",False,Taj Mahal,"Great Wall of China, Machu Picchu, Eiffel Tower",56+,Media(5-7h),Medio,Normal,Media,Buena,Media
Art,False,Eiffel Tower,Great Wall of China,26-35,Media(5-7h),Bajo,Lento,Media,Buena,Media
"Architecture, Nature, Art",True,Colosseum,Colosseum,26-35,Larga(8-10h),Bajo,Rápido,Media,Excelente,Media
Architecture,False,Colosseum,"Eiffel Tower, Great Wall of China",46-55,Corta(1-4h),Alto,Lento,Media,Excelente,Alta
"History, Architecture",False,Great Wall of China,Great Wall of China,36-45,Corta(1-4h),Medio,Lento,Alta,Buena,Media
"History, Art",False,Great Wall of China,"Great Wall of China, Machu Picchu",46-55,Media(5-7h),Medio,Normal,Media,Buena,Media
"History, Cultural",True,Eiffel Tower,Colosseum,26-35,Media(5-7h),Medio,Lento,Media,Buena,Media
"Cultural, Art, History",False,Great Wall of China,"Machu Picchu, Taj Mahal",56+,Corta(1-4h),Alto,Normal,Media,Regular,Alta
Cultural,True,Eiffel Tower,"Taj Mahal, Eiffel Tower",18-25,Corta(1-4h),Alto,Lento,Baja,Buena,Alta
Architecture,True,Great Wall of China,"Taj Mahal, Colosseum, Great Wall of China",56+,Media(5-7h),Bajo,Lento,Alta,Excelente,Media
"Cultural, Art, Architecture",True,Great Wall of China,Colosseum,56+,Media(5-7h),Alto,Rápido,Alta,Buena,Alta
Art,True,Machu Picchu,"Eiffel Tower, Colosseum",56+,Media(5-7h),Alto,Lento,Media,Excelente,Alta
"Nature, History",True,Taj Mahal,Great Wall of China,26-35,Media(5-7h),Medio,Lento,Alta,Excelente,Media
Cultural,True,Taj Mahal,Taj Mahal,18-25,Corta(1-4h),Medio,Lento,Media,Excelente,Media
History,True,Eiffel Tower,Great Wall of China,46-55,Corta(1-4h),Medio,Rápido,Alta,Buena,Media
"Nature, Art, Cultural",True,Great Wall of China,Eiffel Tower,46-55,Media(5-7h),Medio,Lento,Media,Buena,Media
"Cultural, Art",True,Great Wall of China,"Taj Mahal, Eiffel Tower, Machu Picchu",26-35,Media(5-7h),Alto,Rápido,Media,Buena,Alta
"History, Art",True,Great Wall of China,Eiffel Tower,36-45,Media(5-7h),Bajo,Lento,Media,Buena,Media
History,True,Colosseum,"Great Wall of China, Eiffel Tower, Colosseum",26-35,Media(5-7h),Alto,Normal,Media,Excelente,Alta
History,False,Taj Mahal,Machu Picchu,56+,Larga(8-10h),Alto,Rápido,Media,Regular,Alta
"Art, Cultural, Nature",True,Colosseum,"Taj Mahal, Great Wall of China, Colosseum",56+,Media(5-7h),Alto,Lento,Alta,Buena,Alta
Art,False,Great Wall of China,Eiffel Tower,36-45,Corta(1-4h),Bajo,Rápido,Media,Excelente,Media
"Nature, Cultural",True,Colosseum,"Great Wall of China, Colosseum, Machu Picchu",56+,Media(5-7h),Medio,Normal,Alta,Buena,Media
Architecture,True,Taj Mahal,"Colosseum, Eiffel Tower",36-45,Corta(1-4h),Medio,Rápido,Media,Excelente,Media
Architecture,False,Eiffel Tower,Taj Mahal,18-25,Corta(1-4h),Bajo,Rápido,Media,Buena,Media
"Cultural, Architecture, Art",True,Taj Mahal,Taj Mahal,18-25,Media(5-7h),Medio,Normal,Alta,Excelente,Media
"Art, History, Architecture",False,Eiffel Tower,Colosseum,36-45,Larga(8-10h),Alto,Lento,Media,Excelente,Alta
"Cultural, Nature, Architecture",True,Taj Mahal,"Colosseum, Great Wall of China, Machu Picchu",18-25,Larga(8-10h),Medio,Lento,Media,Buena,Media
"Cultural, Architecture, History",True,Taj Mahal,Taj Mahal,46-55,Corta(1-4h),Alto,Lento,Media,Excelente,Alta
"Architecture, Art",True,Taj Mahal,Great Wall of China,56+,Corta(1-4h),Alto,Normal,Media,Excelente,Alta
"Cultural, Art",False,Machu Picchu,"Taj Mahal, Colosseum, Machu Picchu",26-35,Media(5-7h),Medio,Rápido,Baja,Buena,Media
"Art, Cultural, History",False,Great Wall of China,Colosseum,36-45,Corta(1-4h),Medio,Lento,Media,Buena,Media
Cultural,True,Machu Picchu,"Colosseum, Taj Mahal",18-25,Media(5-7h),Medio,Rápido,Media,Buena,Media
"Cultural, Nature",False,Colosseum,"Great Wall of China, Eiffel Tower",26-35,Corta(1-4h),Medio,Rápido,Media,Buena,Media
Nature,True,Colosseum,"Machu Picchu, Great Wall of China",36-45,Media(5-7h),Alto,Lento,Baja,Buena,Alta
"Art, Nature, Architecture",False,Taj Mahal,"Machu Picchu, Eiffel Tower, Great Wall of China",18-25,Media(5-7h),Alto,Lento,Alta,Excelente,Alta
Nature,True,Colosseum,"Great Wall of China, Machu Picchu",26-35,Media(5-7h),Medio,Normal,Media,Buena,Media
"Architecture, Art",False,Great Wall of China,Great Wall of China,18-25,Corta(1-4h),Bajo,Rápido,Media,Buena,Media
"Nature, Architecture",False,Machu Picchu,"Great Wall of China, Eiffel Tower, Colosseum",56+,Media(5-7h),Medio,Lento,Media,Buena,Media
"History, Nature",False,Colosseum,"Great Wall of China, Colosseum",18-25,Media(5-7h),Alto,Rápido,Baja,Excelente,Alta
"Cultural, Art",False,Machu Picchu,Eiffel Tower,46-55,Media(5-7h),Bajo,Lento,Media,Excelente,Media
Cultural,False,Great Wall of China,Colosseum,18-25,Corta(1-4h),Alto,Lento,Alta,Buena,Alta
"Nature, Architecture, History",False,Taj Mahal,Machu Picchu,56+,Media(5-7h),Medio,Normal,Media,Buena,Media
Art,True,Machu Picchu,"Eiffel Tower, Colosseum, Machu Picchu",56+,Media(5-7h),Medio,Lento,Media,Buena,Media
"Nature, History",True,Taj Mahal,Taj Mahal,56+,Larga(8-10h),Bajo,Normal,Media,Excelente,Media
Cultural,True,Colosseum,Eiffel Tower,18-25,Media(5-7h),Alto,Normal,Media,Buena,Alta
"Architecture, Art",True,Great Wall of China,"Machu Picchu, Great Wall of China",36-45,Media(5-7h),Medio,Lento,Alta,Buena,Media
"Art, Architecture",True,Machu Picchu,"Great Wall of China, Eiffel Tower",46-55,Corta(1-4h),Alto,Lento,Media,Excelente,Alta
Architecture,True,Machu Picchu,"Great Wall of China, Machu Picchu",26-35,Media(5-7h),Medio,Rápido,Alta,Excelente,Media
Cultural,True,Eiffel Tower,"Taj Mahal, Great Wall of China",18-25,Media(5-7h),Bajo,Normal,Media,Excelente,Media
"Cultural, Art, Architecture",True,Eiffel Tower,"Eiffel Tower, Great Wall of China, Machu Picchu",46-55,Corta(1-4h),Bajo,Lento,Media,Excelente,Media
Art,False,Eiffel Tower,Taj Mahal,46-55,Larga(8-10h),Alto,Rápido,Alta,Excelente,Alta
"History, Architecture",False,Machu Picchu,"Taj Mahal, Eiffel Tower",36-45,Corta(1-4h),Medio,Normal,Media,Buena,Media
"History, Nature",False,Taj Mahal,"Machu Picchu, Eiffel Tower, Colosseum",36-45,Corta(1-4h),Medio,Lento,Alta,Buena,Media
"Cultural, History",True,Great Wall of China,Great Wall of China,56+,Larga(8-10h),Medio,Normal,Alta,Excelente,Media
Nature,True,Eiffel Tower,Great Wall of China,18-25,Corta(1-4h),Medio,Lento,Media,Excelente,Media
"Architecture, Art",False,Machu Picchu,Taj Mahal,36-45,Corta(1-4h),Bajo,Rápido,Media,Buena,Media
"Art, Architecture",True,Colosseum,Taj Mahal,36-45,Larga(8-10h),Alto,Normal,Media,Excelente,Alta
"History, Nature, Architecture",False,Eiffel Tower,Eiffel Tower,36-45,Larga(8-10h),Alto,Lento,Media,Buena,Alta
"Nature, Cultural",False,Colosseum,Great Wall of China,56+,Corta(1-4h),Alto,Lento,Media,Buena,Alta
Cultural,False,Colosseum,"Taj Mahal, Colosseum",46-55,Corta(1-4h),Medio,Lento,Alta,Excelente,Media
"Architecture, History",False,Machu Picchu,Taj Mahal,36-45,Media(5-7h),Alto,Normal,Media,Excelente,Alta
"Cultural, Nature, History",True,Great Wall of China,"Colosseum, Machu Picchu",18-25,Corta(1-4h),Medio,Normal,Media,Excelente,Media
"Art, Nature",True,Eiffel Tower,"Great Wall of China, Colosseum, Taj Mahal",26-35,Media(5-7h),Medio,Normal,Alta,Excelente,Media
"Art, Nature",False,Machu Picchu,"Eiffel Tower, Great Wall of China",46-55,Larga(8-10h),Bajo,Lento,Media,Buena,Media
"Cultural, Architecture, History",False,Taj Mahal,"Eiffel Tower, Great Wall of China",46-55,Media(5-7h),Bajo,Normal,Baja,Buena,Media
"Cultural, Nature, History",False,Colosseum,Colosseum,36-45,Corta(1-4h),Alto,Lento,Media,Buena,Alta
Cultural,True,Machu Picchu,"Taj Mahal, Eiffel Tower",56+,Corta(1-4h),Medio,Normal,Media,Excelente,Media
"Architecture, Art, Nature",True,Eiffel Tower,"Eiffel Tower, Colosseum",26-35,Corta(1-4h),Medio,Rápido,Media,Excelente,Media
Cultural,True,Eiffel Tower,"Colosseum, Eiffel Tower, Taj Mahal",56+,Corta(1-4h),Medio,Rápido,Media,Buena,Media
"Nature, History",False,Machu Picchu,"Taj Mahal, Machu Picchu",26-35,Media(5-7h),Medio,Normal,Media,Regular,Media
Architecture,False,Machu Picchu,"Taj Mahal, Colosseum, Great Wall of China",26-35,Corta(1-4h),Medio,Lento,Media,Buena,Media
"Cultural, Architecture, Art",False,Machu Picchu,Eiffel Tower,36-45,Corta(1-4h),Alto,Rápido,Media,Buena,Alta
Art,True,Great Wall of China,"Taj Mahal, Great Wall of China, Machu Picchu",56+,Media(5-7h),Alto,Normal,Media,Excelente,Alta
"Cultural, History",True,Taj Mahal,"Machu Picchu, Eiffel Tower",56+,Larga(8-10h),Bajo,Normal,Media,Buena,Media
"Cultural, Nature, History",False,Eiffel Tower,"Taj Mahal, Great Wall of China, Eiffel Tower",26-35,Corta(1-4h),Medio,Rápido,Alta,Excelente,Media
History,False,Eiffel Tower,"Eiffel Tower, Colosseum",26-35,Media(5-7h),Medio,Lento,Media,Buena,Media
"Nature, Cultural, History",False,Colosseum,"Machu Picchu, Taj Mahal",56+,Corta(1-4h),Medio,Lento,Alta,Excelente,Media
Architecture,False,Colosseum,"Taj Mahal, Colosseum, Machu Picchu",46-55,Media(5-7h),Alto,Normal,Media,Buena,Alta
Art,False,Eiffel Tower,Great Wall of China,36-45,Media(5-7h),Alto,Rápido,Alta,Excelente,Alta
"Cultural, Architecture, History",False,Colosseum,"Eiffel Tower, Great Wall of China, Machu Picchu",46-55,Corta(1-4h),Medio,Rápido,Media,Buena,Media
Cultural,False,Colosseum,"Eiffel Tower, Great Wall of China",18-25,Corta(1-4h),Bajo,Rápido,Media,Excelente,Media
"Art, Architecture",True,Eiffel Tower,"Taj Mahal, Eiffel Tower",46-55,Corta(1-4h),Bajo,Lento,Media,Excelente,Media
"Cultural, Nature, Architecture",True,Eiffel Tower,Taj Mahal,46-55,Media(5-7h),Medio,Normal,Alta,Excelente,Media
"Architecture, Cultural, History",False,Taj Mahal,Taj Mahal,26-35,Media(5-7h),Medio,Rápido,Alta,Buena,Media
"Cultural, Architecture",False,Great Wall of China,"Taj Mahal, Eiffel Tower",56+,Media(5-7h),Medio,Lento,Alta,Excelente,Media
History,True,Machu Picchu,"Eiffel Tower, Taj Mahal, Colosseum",36-45,Media(5-7h),Bajo,Lento,Media,Excelente,Media
Art,False,Great Wall of China,"Great Wall of China, Taj Mahal, Machu Picchu",26-35,Larga(8-10h),Bajo,Lento,Baja,Excelente,Media
"Cultural, Art",False,Colosseum,"Eiffel Tower, Machu Picchu, Taj Mahal",36-45,Corta(1-4h),Bajo,Lento,Media,Buena,Media
"Cultural, Architecture, History",True,Great Wall of China,"Colosseum, Eiffel Tower, Taj Mahal",46-55,Media(5-7h),Alto,Normal,Media,Buena,Alta
"Architecture, Nature, History",True,Great Wall of China,"Great Wall of China, Machu Picchu",26-35,Media(5-7h),Alto,Rápido,Media,Buena,Alta
"Architecture, Nature, Art",True,Machu Picchu,"Eiffel Tower, Machu Picchu",36-45,Larga(8-10h),Alto,Lento,Media,Buena,Alta
Nature,False,Colosseum,Taj Mahal,56+,Corta(1-4h),Medio,Lento,Alta,Excelente,Media
"Cultural, History, Nature",False,Machu Picchu,"Colosseum, Machu Picchu",46-55,Media(5-7h),Alto,Lento,Media,Excelente,Alta
"History, Nature, Architecture",True,Machu Picchu,"Machu Picchu, Taj Mahal, Eiffel Tower",56+,Media(5-7h),Alto,Lento,Media,Excelente,Alta
Cultural,False,Taj Mahal,Great Wall of China,18-25,Corta(1-4h),Medio,Normal,Alta,Buena,Media
Cultural,True,Machu Picchu,"Machu Picchu, Colosseum, Eiffel Tower",18-25,Corta(1-4h),Bajo,Lento,Media,Excelente,Media
"Nature, Art, History",True,Machu Picchu,Colosseum,56+,Media(5-7h),Alto,Normal,Media,Regular,Alta
"Architecture, Art",True,Great Wall of China,Great Wall of China,36-45,Media(5-7h),Bajo,Rápido,Media,Excelente,Media
"Cultural, Nature, Architecture",True,Taj Mahal,"Colosseum, Eiffel Tower, Machu Picchu",26-35,Corta(1-4h),Medio,Normal,Media,Excelente,Media
Architecture,False,Eiffel Tower,"Taj Mahal, Eiffel Tower",56+,Corta(1-4h),Medio,Normal,Baja,Buena,Media
"History, Nature",False,Taj Mahal,"Machu Picchu, Colosseum, Great Wall of China",36-45,Media(5-7h),Bajo,Rápido,Alta,Excelente,Media
History,True,Eiffel Tower,"Machu Picchu, Colosseum",56+,Corta(1-4h),Bajo,Lento,Media,Excelente,Media
"Cultural, Nature, Architecture",False,Colosseum,"Machu Picchu, Great Wall of China, Colosseum",56+,Media(5-7h),Bajo,Lento,Media,Buena,Media
"Nature, History",False,Machu Picchu,Taj Mahal,36-45,Corta(1-4h),Alto,Lento,Media,Excelente,Alta
History,False,Eiffel Tower,Machu Picchu,18-25,Media(5-7h),Medio,Normal,Alta,Buena,Media
"History, Cultural, Nature",True,Eiffel Tower,"Colosseum, Eiffel Tower",56+,Media(5-7h),Alto,Lento,Alta,Buena,Alta
"History, Architecture, Art",True,Great Wall of China,"Machu Picchu, Colosseum, Taj Mahal",36-45,Media(5-7h),Medio,Lento,Media,Buena,Media
"Architecture, History, Nature",False,Eiffel Tower,Great Wall of China,26-35,Media(5-7h),Alto,Lento,Media,Buena,Alta
"Nature, History",True,Great Wall of China,"Eiffel Tower, Machu Picchu",26-35,Media(5-7h),Alto,Lento,Alta,Buena,Alta
"History, Architecture",False,Machu Picchu,"Machu Picchu, Colosseum, Taj Mahal",46-55,Corta(1-4h),Bajo,Lento,Alta,Excelente,Media
"History, Cultural, Nature",False,Great Wall of China,Taj Mahal,56+,Media(5-7h),Bajo,Rápido,Media,Excelente,Media
"Nature, Art",True,Colosseum,"Eiffel Tower, Taj Mahal",36-45,Media(5-7h),Alto,Normal,Media,Excelente,Alta
History,False,Eiffel Tower,"Great Wall of China, Colosseum, Machu Picchu",46-55,Media(5-7h),Medio,Rápido,Media,Excelente,Media
Art,False,Great Wall of China,"Eiffel Tower, Taj Mahal",26-35,Media(5-7h),Alto,Lento,Media,Excelente,Alta
"Cultural, Nature",True,Machu Picchu,"Colosseum, Machu Picchu, Taj Mahal",26-35,Larga(8-10h),Bajo,Lento,Alta,Buena,Media
"Nature, History, Architecture",True,Colosseum,"Great Wall of China, Eiffel Tower, Colosseum",36-45,Corta(1-4h),Alto,Rápido,Media,Buena,Alta
Cultural,False,Taj Mahal,"Great Wall of China, Eiffel Tower",56+,Media(5-7h),Alto,Normal,Alta,Buena,Alta
"Nature, Art",True,Great Wall of China,"Taj Mahal, Colosseum, Machu Picchu",26-35,Media(5-7h),Alto,Lento,Media,Buena,Alta
Cultural,True,Machu Picchu,"Taj Mahal, Machu Picchu, Colosseum",56+,Corta(1-4h),Alto,Lento,Media,Buena,Alta
"History, Art",True,Great Wall of China,Eiffel Tower,36-45,Larga(8-10h),Medio,Lento,Media,Buena,Media
"Nature, Architecture",False,Taj Mahal,"Colosseum, Machu Picchu",18-25,Media(5-7h),Alto,Normal,Media,Excelente,Alta
"Nature, History",True,Colosseum,"Machu Picchu, Great Wall of China",56+,Larga(8-10h),Bajo,Lento,Alta,Excelente,Media
Cultural,True,Taj Mahal,"Taj Mahal, Great Wall of China",36-45,Media(5-7h),Alto,Normal,Alta,Excelente,Alta
"Art, Nature, Cultural",True,Machu Picchu,"Taj Mahal, Colosseum",46-55,Corta(1-4h),Alto,Rápido,Alta,Excelente,Alta
Nature,False,Colosseum,Eiffel Tower,56+,Larga(8-10h),Medio,Normal,Media,Buena,Media
"Architecture, History, Nature",True,Great Wall of China,Machu Picchu,46-55,Media(5-7h),Medio,Rápido,Media,Buena,Media
"Art, Nature",True,Eiffel Tower,Taj Mahal,56+,Corta(1-4h),Medio,Rápido,Alta,Excelente,Media
"Nature, Art",False,Colosseum,"Eiffel Tower, Machu Picchu",56+,Corta(1-4h),Alto,Rápido,Baja,Excelente,Alta
"Nature, Art, Architecture",True,Great Wall of China,"Great Wall of China, Eiffel Tower",18-25,Corta(1-4h),Medio,Lento,Alta,Excelente,Media
"Architecture, Cultural",False,Taj Mahal,Eiffel Tower,56+,Media(5-7h),Bajo,Normal,Media,Excelente,Media
"Cultural, Nature, History",False,Eiffel Tower,"Colosseum, Machu Picchu, Taj Mahal",46-55,Media(5-7h),Medio,Lento,Media,Excelente,Media
"Art, Cultural, History",False,Great Wall of China,Colosseum,46-55,Media(5-7h),Medio,Rápido,Media,Excelente,Media
"History, Architecture, Cultural",False,Machu Picchu,"Eiffel Tower, Machu Picchu",56+,Media(5-7h),Alto,Lento,Alta,Excelente,Alta
"Art, Cultural, History",True,Colosseum,"Taj Mahal, Machu Picchu",56+,Media(5-7h),Medio,Rápido,Media,Buena,Media
"Architecture, Art",False,Great Wall of China,Taj Mahal,26-35,Larga(8-10h),Bajo,Normal,Alta,Excelente,Media
"Nature, Architecture",False,Machu Picchu,"Taj Mahal, Colosseum",26-35,Media(5-7h),Medio,Rápido,Media,Buena,Media
"Cultural, Architecture",False,Great Wall of China,Taj Mahal,36-45,Media(5-7h),Medio,Lento,Media,Excelente,Media
Nature,False,Taj Mahal,"Eiffel Tower, Great Wall of China",46-55,Media(5-7h),Alto,Lento,Media,Excelente,Alta
"Cultural, Architecture, Nature",True,Great Wall of China,Great Wall of China,46-55,Media(5-7h),Medio,Lento,Media,Buena,Media
"Art, Architecture",True,Taj Mahal,"Taj Mahal, Great Wall of China, Colosseum",26-35,Media(5-7h),Alto,Normal,Media,Buena,Alta
Cultural,False,Colosseum,Colosseum,26-35,Larga(8-10h),Medio,Lento,Media,Excelente,Media
"Art, History",False,Great Wall of China,"Great Wall of China, Eiffel Tower, Taj Mahal",56+,Media(5-7h),Bajo,Rápido,Media,Excelente,Media
"Cultural, Architecture",False,Eiffel Tower,Taj Mahal,56+,Corta(1-4h),Alto,Lento,Media,Excelente,Alta
Art,False,Great Wall of China,Great Wall of China,56+,Media(5-7h),Alto,Normal,Media,Excelente,Alta
"Nature, History",True,Eiffel Tower,"Taj Mahal, Eiffel Tower, Great Wall of China",56+,Corta(1-4h),Medio,Rápido,Media,Buena,Media
"Nature, Cultural",True,Eiffel Tower,"Great Wall of China, Taj Mahal, Colosseum",26-35,Corta(1-4h),Alto,Lento,Media,Excelente,Alta
"Nature, History",True,Colosseum,"Taj Mahal, Great Wall of China",46-55,Corta(1-4h),Bajo,Lento,Media,Buena,Media
"History, Nature, Cultural",False,Eiffel Tower,"Machu Picchu, Great Wall of China",26-35,Corta(1-4h),Medio,Lento,Alta,Buena,Media
"Nature, Architecture",False,Colosseum,Machu Picchu,56+,Media(5-7h),Alto,Lento,Media,Excelente,Alta
"Architecture, Nature, Cultural",False,Taj Mahal,"Eiffel Tower, Taj Mahal, Machu Picchu",56+,Corta(1-4h),Bajo,Normal,Baja,Buena,Media
Nature,True,Machu Picchu,"Taj Mahal, Machu Picchu",26-35,Larga(8-10h),Bajo,Rápido,Baja,Excelente,Media
"Architecture, Nature, Art",False,Eiffel Tower,Taj Mahal,56+,Corta(1-4h),Alto,Normal,Media,Excelente,Alta
"Architecture, History, Cultural",False,Great Wall of China,Colosseum,46-55,Larga(8-10h),Medio,Rápido,Alta,Buena,Media
Nature,False,Machu Picchu,"Great Wall of China, Machu Picchu, Eiffel Tower",46-55,Media(5-7h),Alto,Normal,Media,Excelente,Alta
"Art, Nature",False,Taj Mahal,Eiffel Tower,18-25,Corta(1-4h),Alto,Normal,Media,Buena,Alta
"Art, Cultural, Nature",False,Eiffel Tower,Machu Picchu,56+,Corta(1-4h),Medio,Rápido,Alta,Excelente,Media
Cultural,True,Great Wall of China,"Taj Mahal, Great Wall of China",56+,Larga(8-10h),Alto,Normal,Media,Buena,Alta
"Art, History, Cultural",False,Machu Picchu,"Eiffel Tower, Colosseum, Machu Picchu",46-55,Media(5-7h),Alto,Rápido,Media,Regular,Alta
History,False,Colosseum,"Colosseum, Machu Picchu, Eiffel Tower",26-35,Larga(8-10h),Medio,Normal,Media,Excelente,Media
"Architecture, Cultural",True,Machu Picchu,Eiffel Tower,46-55,Larga(8-10h),Bajo,Lento,Baja,Buena,Media
"Nature, Art, Architecture",True,Colosseum,"Taj Mahal, Colosseum",56+,Media(5-7h),Alto,Rápido,Alta,Buena,Alta
"Nature, Art, Cultural",False,Colosseum,"Colosseum, Machu Picchu",56+,Media(5-7h),Medio,Lento,Media,Regular,Media
"History, Architecture",False,Machu Picchu,"Machu Picchu, Eiffel Tower, Taj Mahal",56+,Media(5-7h),Medio,Lento,Alta,Excelente,Media
"Nature, Art, Architecture",False,Machu Picchu,Great Wall of China,18-25,Corta(1-4h),Medio,Normal,Alta,Buena,Media
Nature,False,Machu Picchu,"Great Wall of China, Colosseum",56+,Media(5-7h),Medio,Lento,Media,Buena,Media
"Nature, Architecture",False,Great Wall of China,Eiffel Tower,56+,Media(5-7h),Alto,Rápido,Baja,Buena,Alta
"Architecture, History",False,Machu Picchu,"Colosseum, Great Wall of China",36-45,Media(5-7h),Medio,Lento,Media,Regular,Media
"Nature, Architecture",False,Colosseum,Machu Picchu,56+,Media(5-7h),Medio,Normal,Media,Buena,Media
History,True,Great Wall of China,"Colosseum, Machu Picchu, Eiffel Tower",56+,Media(5-7h),Bajo,Normal,Media,Buena,Media
Architecture,True,Colosseum,"Machu Picchu, Colosseum, Eiffel Tower",26-35,Larga(8-10h),Medio,Lento,Media,Excelente,Media
"Architecture, Nature",True,Taj Mahal,"Great Wall of China, Machu Picchu",26-35,Larga(8-10h),Medio,Lento,Media,Buena,Media
"Art, Architecture",False,Machu Picchu,"Great Wall of China, Taj Mahal",36-45,Media(5-7h),Medio,Normal,Media,Regular,Media
"Cultural, Art, Nature",False,Taj Mahal,"Machu Picchu, Eiffel Tower, Great Wall of China",26-35,Media(5-7h),Alto,Normal,Alta,Regular,Alta
"Cultural, Nature, Architecture",True,Machu Picchu,Eiffel Tower,36-45,Media(5-7h),Medio,Normal,Media,Buena,Media
"History, Nature",False,Taj Mahal,Colosseum,46-55,Corta(1-4h),Bajo,Lento,Media,Excelente,Media
"Architecture, Cultural",False,Colosseum,"Great Wall of China, Colosseum",56+,Media(5-7h),Medio,Lento,Media,Excelente,Media
"Nature, Cultural, Architecture",True,Machu Picchu,Great Wall of China,56+,Media(5-7h),Medio,Lento,Alta,Buena,Media
Cultural,False,Machu Picchu,"Eiffel Tower, Taj Mahal, Machu Picchu",46-55,Larga(8-10h),Alto,Lento,Media,Excelente,Alta
"Cultural, History, Nature",True,Colosseum,Taj Mahal,56+,Larga(8-10h),Alto,Lento,Media,Buena,Alta
"Nature, History",False,Colosseum,"Great Wall of China, Colosseum, Taj Mahal",36-45,Corta(1-4h),Bajo,Normal,Media,Buena,Media
"Cultural, History, Nature",True,Great Wall of China,Colosseum,18-25,Media(5-7h),Alto,Lento,Media,Buena,Alta
Nature,False,Great Wall of China,"Eiffel Tower, Great Wall of China",56+,Media(5-7h),Medio,Lento,Media,Excelente,Media
"Cultural, Architecture, Art",False,Colosseum,"Taj Mahal, Eiffel Tower, Great Wall of China",36-45,Corta(1-4h),Alto,Lento,Media,Buena,Alta
"History, Cultural",False,Taj Mahal,"Great Wall of China, Machu Picchu, Eiffel Tower",18-25,Media(5-7h),Alto,Lento,Alta,Buena,Alta
"Nature, Art",True,Great Wall of China,"Great Wall of China, Eiffel Tower",18-25,Corta(1-4h),Alto,Lento,Alta,Buena,Alta
"Nature, Cultural",False,Great Wall of China,"Eiffel Tower, Taj Mahal",18-25,Larga(8-10h),Alto,Lento,Media,Buena,Alta
Cultural,False,Taj Mahal,Machu Picchu,18-25,Corta(1-4h),Medio,Rápido,Alta,Regular,Media
"Art, Architecture",False,Colosseum,Great Wall of China,36-45,Corta(1-4h),Bajo,Lento,Media,Buena,Media
"History, Cultural, Art",True,Eiffel Tower,"Eiffel Tower, Colosseum, Taj Mahal",36-45,Corta(1-4h),Medio,Lento,Media,Excelente,Media
"History, Nature",False,Eiffel Tower,Great Wall of China,56+,Media(5-7h),Alto,Normal,Media,Buena,Alta
"Architecture, Art",True,Taj Mahal,Colosseum,56+,Corta(1-4h),Alto,Normal,Media,Excelente,Alta
Nature,True,Great Wall of China,"Great Wall of China, Eiffel Tower, Taj Mahal",56+,Larga(8-10h),Alto,Normal,Media,Excelente,Alta
"History, Architecture",False,Machu Picchu,"Colosseum, Taj Mahal",46-55,Corta(1-4h),Medio,Lento,Media,Buena,Alta
"Nature, Architecture",True,Taj Mahal,"Great Wall of China, Machu Picchu",56+,Corta(1-4h),Medio,Normal,Media,Buena,Media
"Nature, Architecture, Cultural",False,Taj Mahal,"Taj Mahal, Eiffel Tower, Machu Picchu",26-35,Media(5-7h),Bajo,Normal,Alta,Buena,Media
Nature,False,Machu Picchu,Eiffel Tower,56+,Media(5-7h),Alto,Rápido,Media,Excelente,Alta
History,False,Machu Picchu,"Colosseum, Taj Mahal, Great Wall of China",26-35,Media(5-7h),Bajo,Normal,Alta,Buena,Media
"Art, Architecture",False,Eiffel Tower,Eiffel Tower,56+,Media(5-7h),Medio,Lento,Media,Buena,Media
"Nature, History, Cultural",True,Colosseum,Great Wall of China,36-45,Media(5-7h),Alto,Normal,Alta,Excelente,Alta
"Cultural, History, Nature",True,Machu Picchu,"Taj Mahal, Great Wall of China",56+,Larga(8-10h),Bajo,Lento,Media,Buena,Media
"Architecture, Nature, History",True,Taj Mahal,"Eiffel Tower, Great Wall of China",56+,Media(5-7h),Alto,Lento,Alta,Buena,Alta
"Nature, Architecture",True,Colosseum,"Colosseum, Great Wall of China",56+,Corta(1-4h),Medio,Lento,Media,Excelente,Media
"History, Cultural, Nature",False,Taj Mahal,"Taj Mahal, Machu Picchu, Eiffel Tower",56+,Media(5-7h),Medio,Normal,Media,Excelente,Media
"Nature, Cultural, History",False,Machu Picchu,"Taj Mahal, Great Wall of China, Eiffel Tower",26-35,Corta(1-4h),Alto,Lento,Media,Excelente,Alta
"Art, Nature",True,Great Wall of China,Taj Mahal,18-25,Media(5-7h),Alto,Rápido,Media,Excelente,Alta
"Art, Nature",True,Colosseum,Taj Mahal,56+,Media(5-7h),Bajo,Lento,Media,Buena,Media
Art,True,Taj Mahal,Machu Picchu,56+,Media(5-7h),Bajo,Rápido,Alta,Buena,Media
"Art, Architecture, History",False,Machu Picchu,Colosseum,56+,Media(5-7h),Medio,Rápido,Media,Excelente,Media
"Architecture, History",True,Taj Mahal,"Machu Picchu, Eiffel Tower",46-55,Media(5-7h),Alto,Rápido,Media,Buena,Alta
History,False,Great Wall of China,"Machu Picchu, Colosseum",26-35,Media(5-7h),Medio,Lento,Media,Excelente,Media
"Nature, Art, Architecture",False,Taj Mahal,Machu Picchu,36-45,Media(5-7h),Bajo,Lento,Media,Excelente,Media
Nature,True,Taj Mahal,Great Wall of China,46-55,Larga(8-10h),Medio,Lento,Media,Buena,Media
"History, Art",True,Taj Mahal,"Machu Picchu, Eiffel Tower, Great Wall of China",56+,Larga(8-10h),Bajo,Rápido,Media,Buena,Media
"Cultural, History, Nature",True,Machu Picchu,"Colosseum, Machu Picchu",36-45,Media(5-7h),Alto,Normal,Media,Excelente,Alta
History,True,Taj Mahal,"Machu Picchu, Colosseum, Eiffel Tower",56+,Media(5-7h),Bajo,Lento,Baja,Buena,Media
"Art, Nature",False,Machu Picchu,Colosseum,46-55,Media(5-7h),Alto,Normal,Alta,Excelente,Alta
Architecture,True,Colosseum,"Eiffel Tower, Colosseum",46-55,Media(5-7h),Alto,Normal,Media,Buena,Alta
"Art, Nature",True,Taj Mahal,"Eiffel Tower, Machu Picchu",18-25,Larga(8-10h),Alto,Normal,Alta,Excelente,Alta
Art,False,Machu Picchu,"Taj Mahal, Eiffel Tower",18-25,Corta(1-4h),Bajo,Lento,Media,Excelente,Media
"Art, Cultural",False,Great Wall of China,"Eiffel Tower, Taj Mahal, Colosseum",56+,Media(5-7h),Medio,Rápido,Media,Buena,Media
"Cultural, Architecture, History",False,Machu Picchu,"Great Wall of China, Colosseum",26-35,Corta(1-4h),Medio,Rápido,Media,Buena,Media
"Architecture, History, Nature",False,Machu Picchu,"Great Wall of China, Machu Picchu, Taj Mahal",26-35,Corta(1-4h),Medio,Lento,Media,Excelente,Media
"Art, Nature",True,Great Wall of China,"Eiffel Tower, Machu Picchu, Colosseum",56+,Media(5-7h),Medio,Lento,Media,Buena,Media
"Cultural, History",True,Great Wall of China,"Eiffel Tower, Taj Mahal",56+,Media(5-7h),Bajo,Normal,Alta,Buena,Media
Art,True,Colosseum,"Great Wall of China, Eiffel Tower, Taj Mahal",26-35,Larga(8-10h),Alto,Lento,Alta,Buena,Alta
Cultural,True,Colosseum,Great Wall of China,36-45,Larga(8-10h),Medio,Rápido,Media,Buena,Media
"Nature, Art",True,Colosseum,Eiffel Tower,56+,Media(5-7h),Medio,Rápido,Media,Buena,Media
"Nature, History, Art",False,Great Wall of China,"Eiffel Tower, Colosseum, Taj Mahal",36-45,Corta(1-4h),Medio,Lento,Media,Excelente,Media
"History, Nature, Art",False,Colosseum,"Eiffel Tower, Colosseum",36-45,Corta(1-4h),Bajo,Rápido,Media,Excelente,Media
"Architecture, History, Nature",True,Colosseum,"Great Wall of China, Machu Picchu",18-25,Media(5-7h),Alto,Lento,Media,Excelente,Alta
Architecture,False,Machu Picchu,"Machu Picchu, Taj Mahal, Colosseum",46-55,Corta(1-4h),Medio,Normal,Media,Buena,Media
Architecture,False,Eiffel Tower,Colosseum,46-55,Media(5-7h),Alto,Lento,Media,Buena,Alta
Art,True,Machu Picchu,"Great Wall of China, Machu Picchu",26-35,Corta(1-4h),Alto,Rápido,Media,Excelente,Alta
"History, Cultural, Architecture",False,Colosseum,"Eiffel Tower, Great Wall of China, Colosseum",36-45,Media(5-7h),Bajo,Rápido,Alta,Buena,Media
"History, Art, Nature",False,Machu Picchu,"Taj Mahal, Eiffel Tower",18-25,Corta(1-4h),Alto,Rápido,Media,Buena,Alta
"History, Nature, Art",False,Eiffel Tower,"Taj Mahal, Machu Picchu, Great Wall of China",46-55,Larga(8-10h),Alto,Lento,Media,Buena,Alta
"Art, History",True,Taj Mahal,"Taj Mahal, Machu Picchu, Great Wall of China",46-55,Corta(1-4h),Alto,Lento,Media,Excelente,Alta
"History, Architecture",True,Machu Picchu,Taj Mahal,36-45,Corta(1-4h),Alto,Normal,Alta,Excelente,Alta
"Art, Nature, Architecture",True,Colosseum,Great Wall of China,36-45,Media(5-7h),Medio,Rápido,Media,Regular,Media
Cultural,True,Colosseum,Eiffel Tower,46-55,Media(5-7h),Alto,Rápido,Media,Excelente,Alta
Nature,False,Taj Mahal,Machu Picchu,56+,Media(5-7h),Medio,Lento,Media,Buena,Media
"Art, Cultural, Architecture",True,Great Wall of China,Colosseum,36-45,Corta(1-4h),Bajo,Normal,Alta,Buena,Media
Nature,True,Colosseum,Taj Mahal,18-25,Larga(8-10h),Alto,Rápido,Media,Buena,Alta
"History, Nature, Cultural",False,Machu Picchu,"Taj Mahal, Colosseum, Eiffel Tower",56+,Larga(8-10h),Bajo,Rápido,Alta,Buena,Media
History,True,Great Wall of China,"Machu Picchu, Great Wall of China",18-25,Corta(1-4h),Bajo,Lento,Media,Buena,Media
Nature,False,Eiffel Tower,Great Wall of China,56+,Media(5-7h),Alto,Rápido,Alta,Excelente,Alta
History,False,Great Wall of China,"Taj Mahal, Great Wall of China, Eiffel Tower",36-45,Media(5-7h),Alto,Normal,Alta,Buena,Alta
Architecture,True,Machu Picchu,"Colosseum, Eiffel Tower, Taj Mahal",18-25,Corta(1-4h),Alto,Lento,Media,Excelente,Alta
"Cultural, History",True,Colosseum,"Taj Mahal, Machu Picchu",18-25,Media(5-7h),Medio,Lento,Alta,Buena,Media
"History, Cultural, Nature",False,Taj Mahal,"Eiffel Tower, Taj Mahal, Machu Picchu",36-45,Corta(1-4h),Bajo,Rápido,Media,Buena,Media
"Nature, Art, History",False,Machu Picchu,"Taj Mahal, Eiffel Tower, Great Wall of China",26-35,Corta(1-4h),Alto,Rápido,Media,Excelente,Alta
"Art, Architecture, History",True,Colosseum,Great Wall of China,36-45,Media(5-7h),Alto,Rápido,Alta,Regular,Alta
Cultural,True,Taj Mahal,"Colosseum, Taj Mahal, Eiffel Tower",46-55,Larga(8-10h),Medio,Lento,Media,Buena,Media
Architecture,True,Great Wall of China,Great Wall of China,18-25,Media(5-7h),Medio,Lento,Media,Buena,Media
"Cultural, Art",False,Machu Picchu,"Machu Picchu, Taj Mahal, Colosseum",26-35,Media(5-7h),Medio,Lento,Media,Excelente,Media
"Nature, Cultural",True,Colosseum,"Eiffel Tower, Taj Mahal",36-45,Media(5-7h),Medio,Rápido,Alta,Buena,Media
"Nature, History, Architecture",False,Great Wall of China,"Colosseum, Eiffel Tower",18-25,Corta(1-4h),Bajo,Rápido,Media,Buena,Media
Cultural,True,Machu Picchu,"Machu Picchu, Taj Mahal, Colosseum",56+,Media(5-7h),Medio,Lento,Media,Buena,Media
Nature,False,Machu Picchu,Eiffel Tower,36-45,Larga(8-10h),Alto,Normal,Media,Excelente,Alta
"Architecture, Cultural, Art",False,Colosseum,"Colosseum, Machu Picchu",56+,Media(5-7h),Medio,Normal,Media,Excelente,Media
History,False,Machu Picchu,"Machu Picchu, Great Wall of China, Eiffel Tower",36-45,Corta(1-4h),Bajo,Rápido,Alta,Buena,Media
Nature,False,Taj Mahal,Great Wall of China,26-35,Corta(1-4h),Bajo,Normal,Baja,Excelente,Media
"Nature, Cultural, Architecture",True,Eiffel Tower,Machu Picchu,36-45,Media(5-7h),Medio,Lento,Media,Buena,Media
History,False,Machu Picchu,"Great Wall of China, Taj Mahal, Colosseum",56+,Larga(8-10h),Medio,Lento,Media,Excelente,Media
"Cultural, Nature, Architecture",True,Machu Picchu,"Eiffel Tower, Machu Picchu, Great Wall of China",26-35,Corta(1-4h),Medio,Normal,Alta,Excelente,Media
"Nature, Architecture, Cultural",True,Great Wall of China,"Machu Picchu, Great Wall of China, Taj Mahal",46-55,Corta(1-4h),Bajo,Rápido,Media,Excelente,Media
Art,False,Colosseum,"Colosseum, Taj Mahal, Machu Picchu",46-55,Larga(8-10h),Bajo,Rápido,Alta,Excelente,Media
"Architecture, History",True,Great Wall of China,"Eiffel Tower, Machu Picchu, Great Wall of China",46-55,Media(5-7h),Bajo,Rápido,Alta,Excelente,Media
Nature,False,Machu Picchu,Eiffel Tower,26-35,Media(5-7h),Bajo,Rápido,Media,Buena,Media
"History, Nature",True,Colosseum,Taj Mahal,46-55,Media(5-7h),Medio,Normal,Media,Regular,Alta
"Architecture, Art, Nature",False,Colosseum,"Taj Mahal, Colosseum",46-55,Corta(1-4h),Alto,Normal,Alta,Buena,Alta
"Architecture, Art",False,Machu Picchu,"Eiffel Tower, Colosseum",46-55,Media(5-7h),Medio,Lento,Alta,Excelente,Alta
Cultural,False,Machu Picchu,"Colosseum, Eiffel Tower, Great Wall of China",18-25,Corta(1-4h),Alto,Rápido,Media,Buena,Alta
"Cultural, Architecture, History",False,Colosseum,"Eiffel Tower, Machu Picchu",26-35,Media(5-7h),Alto,Normal,Media,Buena,Alta
Art,True,Colosseum,"Great Wall of China, Machu Picchu",26-35,Media(5-7h),Bajo,Lento,Alta,Buena,Media
"Art, Cultural, Nature",False,Great Wall of China,Machu Picchu,26-35,Larga(8-10h),Alto,Rápido,Media,Buena,Alta
"Nature, Art, Architecture",True,Colosseum,"Machu Picchu, Taj Mahal, Colosseum",26-35,Media(5-7h),Bajo,Lento,Media,Excelente,Media
"History, Cultural, Nature",False,Taj Mahal,"Machu Picchu, Great Wall of China, Taj Mahal",36-45,Media(5-7h),Alto,Lento,Media,Excelente,Alta
"Architecture, Art, Cultural",True,Great Wall of China,"Machu Picchu, Great Wall of China, Eiffel Tower",26-35,Media(5-7h),Bajo,Normal,Media,Regular,Media
Nature,True,Colosseum,Eiffel Tower,26-35,Larga(8-10h),Bajo,Rápido,Media,Buena,Media
Art,False,Colosseum,"Colosseum, Eiffel Tower",46-55,Corta(1-4h),Medio,Lento,Media,Buena,Media
History,True,Machu Picchu,Great Wall of China,56+,Larga(8-10h),Bajo,Lento,Alta,Buena,Media
"Architecture, History",True,Machu Picchu,"Colosseum, Machu Picchu, Great Wall of China",56+,Media(5-7h),Alto,Rápido,Media,Buena,Alta
Cultural,True,Great Wall of China,"Taj Mahal, Eiffel Tower, Colosseum",46-55,Corta(1-4h),Alto,Lento,Media,Buena,Alta
History,False,Colosseum,"Eiffel Tower, Taj Mahal, Machu Picchu",36-45,Corta(1-4h),Bajo,Normal,Media,Regular,Media
"Architecture, Art",True,Taj Mahal,"Great Wall of China, Taj Mahal",36-45,Media(5-7h),Bajo,Rápido,Baja,Excelente,Media
"Architecture, Art",True,Eiffel Tower,Colosseum,18-25,Larga(8-10h),Bajo,Normal,Media,Buena,Media
Art,False,Eiffel Tower,Great Wall of China,36-45,Corta(1-4h),Medio,Rápido,Alta,Regular,Media
"Nature, Architecture, Art",True,Taj Mahal,"Taj Mahal, Machu Picchu",46-55,Media(5-7h),Alto,Normal,Media,Excelente,Alta
"Art, History",True,Eiffel Tower,"Taj Mahal, Eiffel Tower, Machu Picchu",18-25,Larga(8-10h),Medio,Rápido,Media,Buena,Media
Art,True,Colosseum,"Colosseum, Eiffel Tower, Taj Mahal",46-55,Corta(1-4h),Medio,Rápido,Baja,Buena,Media
Cultural,True,Colosseum,"Colosseum, Eiffel Tower, Machu Picchu",18-25,Media(5-7h),Medio,Normal,Media,Buena,Media
"Architecture, History, Art",True,Taj Mahal,"Great Wall of China, Eiffel Tower, Colosseum",18-25,Media(5-7h),Medio,Lento,Alta,Excelente,Media
"Architecture, Nature",True,Colosseum,"Great Wall of China, Taj Mahal",46-55,Larga(8-10h),Bajo,Lento,Alta,Excelente,Media
"Art, History",True,Machu Picchu,"Colosseum, Great Wall of China, Taj Mahal",18-25,Corta(1-4h),Medio,Rápido,Alta,Excelente,Media
History,False,Colosseum,Taj Mahal,56+,Larga(8-10h),Medio,Lento,Media,Buena,Media
Architecture,True,Great Wall of China,"Eiffel Tower, Great Wall of China",18-25,Corta(1-4h),Alto,Lento,Media,Regular,Alta
Architecture,False,Eiffel Tower,Machu Picchu,36-45,Media(5-7h),Bajo,Lento,Baja,Excelente,Media
History,False,Taj Mahal,Eiffel Tower,36-45,Media(5-7h),Medio,Rápido,Alta,Excelente,Media
"Nature, Cultural",False,Eiffel Tower,"Eiffel Tower, Machu Picchu, Great Wall of China",26-35,Media(5-7h),Medio,Rápido,Media,Buena,Media
"Architecture, History",True,Machu Picchu,Eiffel Tower,56+,Media(5-7h),Medio,Rápido,Media,Buena,Media
"Cultural, Nature, Art",True,Colosseum,"Great Wall of China, Eiffel Tower, Taj Mahal",56+,Larga(8-10h),Alto,Lento,Alta,Excelente,Alta
"Art, Architecture, Cultural",True,Taj Mahal,"Colosseum, Great Wall of China",46-55,Media(5-7h),Bajo,Normal,Media,Excelente,Media
History,False,Taj Mahal,"Colosseum, Eiffel Tower",36-45,Media(5-7h),Bajo,Normal,Alta,Buena,Media
"Architecture, Cultural, Art",False,Colosseum,"Colosseum, Great Wall of China",36-45,Corta(1-4h),Bajo,Lento,Media,Excelente,Media
"Art, History, Nature",False,Eiffel Tower,Great Wall of China,56+,Media(5-7h),Bajo,Lento,Alta,Buena,Media
"Nature, Cultural",True,Colosseum,"Great Wall of China, Taj Mahal, Eiffel Tower",56+,Media(5-7h),Alto,Rápido,Media,Regular,Alta
"Nature, Art, Architecture",True,Eiffel Tower,"Machu Picchu, Colosseum",46-55,Corta(1-4h),Medio,Lento,Alta,Excelente,Media
Cultural,True,Machu Picchu,"Colosseum, Eiffel Tower",18-25,Media(5-7h),Medio,Normal,Media,Buena,Media
History,False,Machu Picchu,Taj Mahal,56+,Corta(1-4h),Alto,Lento,Media,Buena,Alta
Cultural,False,Machu Picchu,"Great Wall of China, Machu Picchu",56+,Larga(8-10h),Alto,Lento,Media,Excelente,Alta
Art,False,Eiffel Tower,"Taj Mahal, Eiffel Tower, Machu Picchu",18-25,Media(5-7h),Alto,Rápido,Alta,Buena,Alta
Art,False,Machu Picchu,"Great Wall of China, Eiffel Tower, Colosseum",46-55,Corta(1-4h),Bajo,Normal,Alta,Buena,Media
History,True,Great Wall of China,Machu Picchu,46-55,Media(5-7h),Bajo,Normal,Media,Buena,Media
"Architecture, Art",True,Colosseum,Eiffel Tower,56+,Corta(1-4h),Medio,Lento,Media,Buena,Media
Cultural,True,Taj Mahal,"Taj Mahal, Great Wall of China",56+,Media(5-7h),Alto,Rápido,Alta,Excelente,Alta
Art,False,Great Wall of China,"Machu Picchu, Colosseum",26-35,Larga(8-10h),Alto,Lento,Media,Excelente,Alta
"Art, History, Architecture",True,Great Wall of China,"Great Wall of China, Taj Mahal",36-45,Media(5-7h),Medio,Lento,Media,Excelente,Media
"Nature, Architecture, Art",True,Taj Mahal,"Eiffel Tower, Colosseum",18-25,Media(5-7h),Medio,Normal,Media,Buena,Media
Architecture,True,Eiffel Tower,"Machu Picchu, Eiffel Tower, Colosseum",56+,Media(5-7h),Medio,Lento,Media,Buena,Media
Nature,False,Taj Mahal,"Eiffel Tower, Great Wall of China",18-25,Corta(1-4h),Medio,Normal,Baja,Buena,Alta
"Nature, Architecture, Art",False,Eiffel Tower,Colosseum,56+,Corta(1-4h),Medio,Lento,Alta,Excelente,Media
"Cultural, Art",False,Great Wall of China,"Machu Picchu, Colosseum, Great Wall of China",46-55,Corta(1-4h),Bajo,Normal,Media,Excelente,Media
History,True,Eiffel Tower,Eiffel Tower,56+,Corta(1-4h),Alto,Rápido,Media,Buena,Alta
"Cultural, Art",False,Taj Mahal,Great Wall of China,56+,Media(5-7h),Bajo,Lento,Media,Regular,Media
"Architecture, Art",True,Taj Mahal,"Colosseum, Eiffel Tower, Machu Picchu",46-55,Larga(8-10h),Alto,Lento,Media,Excelente,Alta
"History, Nature",False,Taj Mahal,"Machu Picchu, Colosseum",36-45,Corta(1-4h),Bajo,Lento,Media,Buena,Media
Cultural,False,Eiffel Tower,Taj Mahal,46-55,Media(5-7h),Alto,Lento,Alta,Buena,Alta
Cultural,True,Eiffel Tower,"Machu Picchu, Great Wall of China",46-55,Larga(8-10h),Bajo,Rápido,Media,Buena,Media
Nature,True,Colosseum,"Colosseum, Great Wall of China",18-25,Media(5-7h),Bajo,Normal,Media,Excelente,Media
Architecture,True,Colosseum,"Machu Picchu, Great Wall of China, Colosseum",46-55,Corta(1-4h),Bajo,Lento,Media,Buena,Media
"Cultural, Art, History",False,Eiffel Tower,"Eiffel Tower, Machu Picchu, Colosseum",36-45,Media(5-7h),Alto,Lento,Media,Excelente,Alta
"History, Art, Architecture",False,Eiffel Tower,"Machu Picchu, Colosseum",56+,Corta(1-4h),Alto,Rápido,Alta,Excelente,Alta
Art,False,Colosseum,"Taj Mahal, Great Wall of China",46-55,Larga(8-10h),Medio,Rápido,Media,Excelente,Media
"Nature, Architecture",True,Machu Picchu,"Eiffel Tower, Machu Picchu, Colosseum",56+,Media(5-7h),Alto,Lento,Alta,Buena,Alta
History,True,Machu Picchu,"Taj Mahal, Great Wall of China, Eiffel Tower",26-35,Corta(1-4h),Medio,Lento,Media,Buena,Media
"Art, Architecture",False,Great Wall of China,"Machu Picchu, Eiffel Tower",36-45,Corta(1-4h),Bajo,Lento,Media,Excelente,Media
"History, Art, Nature",True,Great Wall of China,"Machu Picchu, Eiffel Tower",36-45,Corta(1-4h),Medio,Lento,Media,Buena,Media
History,True,Eiffel Tower,Eiffel Tower,36-45,Media(5-7h),Medio,Lento,Alta,Excelente,Media
"Nature, Cultural",True,Machu Picchu,"Eiffel Tower, Colosseum, Taj Mahal",18-25,Corta(1-4h),Medio,Lento,Media,Buena,Media
"Cultural, History",False,Eiffel Tower,"Taj Mahal, Machu Picchu",56+,Larga(8-10h),Bajo,Lento,Media,Excelente,Media
History,True,Taj Mahal,"Eiffel Tower, Taj Mahal",46-55,Media(5-7h),Alto,Lento,Alta,Excelente,Alta
"Nature, Architecture",True,Taj Mahal,Machu Picchu,46-55,Larga(8-10h),Bajo,Normal,Media,Buena,Media
"Architecture, History",True,Taj Mahal,"Colosseum, Great Wall of China",36-45,Media(5-7h),Bajo,Lento,Alta,Buena,Media
History,False,Machu Picchu,"Machu Picchu, Great Wall of China",56+,Corta(1-4h),Bajo,Rápido,Media,Buena,Media
"Architecture, Art, Cultural",True,Taj Mahal,Great Wall of China,26-35,Corta(1-4h),Medio,Rápido,Alta,Excelente,Media
"History, Cultural",True,Taj Mahal,"Taj Mahal, Colosseum",18-25,Larga(8-10h),Medio,Lento,Media,Excelente,Media
"History, Cultural",False,Colosseum,Great Wall of China,56+,Media(5-7h),Bajo,Lento,Alta,Excelente,Media
Architecture,True,Colosseum,"Colosseum, Taj Mahal",18-25,Media(5-7h),Alto,Lento,Alta,Excelente,Alta
Art,True,Great Wall of China,Great Wall of China,26-35,Corta(1-4h),Bajo,Normal,Media,Buena,Media
Architecture,True,Great Wall of China,Taj Mahal,26-35,Corta(1-4h),Medio,Normal,Media,Excelente,Media
"Art, Cultural, Nature",True,Great Wall of China,"Taj Mahal, Great Wall of China",46-55,Media(5-7h),Medio,Rápido,Alta,Excelente,Media
"Art, Architecture",False,Great Wall of China,"Machu Picchu, Taj Mahal, Colosseum",56+,Corta(1-4h),Alto,Lento,Alta,Excelente,Alta
"Architecture, Nature, Art",False,Great Wall of China,Eiffel Tower,46-55,Media(5-7h),Bajo,Lento,Baja,Buena,Media
"Art, Cultural",False,Colosseum,"Machu Picchu, Eiffel Tower, Taj Mahal",56+,Corta(1-4h),Alto,Normal,Media,Excelente,Alta
Architecture,False,Colosseum,"Eiffel Tower, Machu Picchu, Colosseum",18-25,Corta(1-4h),Bajo,Rápido,Alta,Buena,Media
"History, Nature, Art",True,Great Wall of China,"Eiffel Tower, Machu Picchu, Colosseum",56+,Corta(1-4h),Alto,Rápido,Media,Buena,Alta
"Nature, History, Architecture",False,Machu Picchu,"Great Wall of China, Colosseum, Machu Picchu",46-55,Media(5-7h),Alto,Normal,Baja,Buena,Alta
"Architecture, Cultural, Nature",False,Colosseum,"Great Wall of China, Taj Mahal, Machu Picchu",36-45,Larga(8-10h),Medio,Lento,Alta,Buena,Media
"Nature, History",False,Great Wall of China,"Great Wall of China, Machu Picchu",36-45,Media(5-7h),Medio,Lento,Alta,Regular,Media
"History, Cultural",True,Taj Mahal,"Great Wall of China, Colosseum, Machu Picchu",46-55,Media(5-7h),Alto,Rápido,Media,Buena,Alta
Art,False,Machu Picchu,"Great Wall of China, Eiffel Tower",18-25,Media(5-7h),Alto,Rápido,Alta,Buena,Alta
Nature,False,Colosseum,"Great Wall of China, Taj Mahal, Colosseum",18-25,Corta(1-4h),Alto,Normal,Alta,Excelente,Alta
"Art, History",False,Colosseum,Colosseum,18-25,Media(5-7h),Medio,Lento,Media,Buena,Media
Art,False,Eiffel Tower,"Taj Mahal, Great Wall of China, Colosseum",26-35,Media(5-7h),Alto,Lento,Alta,Buena,Alta
"Architecture, History, Cultural",True,Colosseum,"Taj Mahal, Colosseum",36-45,Media(5-7h),Bajo,Lento,Media,Buena,Media
"Cultural, Nature, History",False,Machu Picchu,"Machu Picchu, Colosseum, Eiffel Tower",26-35,Media(5-7h),Alto,Lento,Media,Buena,Alta
"Architecture, Nature, Cultural",False,Great Wall of China,Eiffel Tower,36-45,Media(5-7h),Bajo,Normal,Media,Excelente,Media
"Cultural, History, Nature",True,Great Wall of China,"Colosseum, Taj Mahal, Eiffel Tower",46-55,Media(5-7h),Medio,Normal,Media,Excelente,Media
History,False,Great Wall of China,"Great Wall of China, Colosseum, Machu Picchu",26-35,Larga(8-10h),Alto,Rápido,Baja,Buena,Alta
"Art, History, Architecture",False,Great Wall of China,"Eiffel Tower, Great Wall of China",36-45,Corta(1-4h),Bajo,Rápido,Baja,Buena,Media
"Art, Architecture, Cultural",False,Machu Picchu,Taj Mahal,26-35,Corta(1-4h),Bajo,Lento,Media,Excelente,Media
"Architecture, Art",False,Machu Picchu,Colosseum,46-55,Media(5-7h),Bajo,Rápido,Media,Buena,Media
"Architecture, Art, History",False,Great Wall of China,Colosseum,26-35,Media(5-7h),Medio,Rápido,Media,Buena,Media
"Nature, Architecture",True,Machu Picchu,Eiffel Tower,26-35,Corta(1-4h),Medio,Lento,Media,Buena,Media
"Nature, History",False,Colosseum,Great Wall of China,46-55,Media(5-7h),Alto,Normal,Media,Buena,Alta
"Architecture, Cultural, Art",False,Great Wall of China,"Machu Picchu, Colosseum, Eiffel Tower",56+,Corta(1-4h),Medio,Lento,Media,Excelente,Media
Cultural,False,Great Wall of China,Taj Mahal,46-55,Corta(1-4h),Bajo,Rápido,Media,Excelente,Media
"Nature, Cultural, Art",False,Great Wall of China,"Eiffel Tower, Colosseum",26-35,Corta(1-4h),Medio,Lento,Media,Excelente,Media
Nature,True,Eiffel Tower,"Great Wall of China, Eiffel Tower, Colosseum",36-45,Larga(8-10h),Medio,Normal,Media,Buena,Media
Nature,True,Colosseum,"Machu Picchu, Taj Mahal",46-55,Media(5-7h),Alto,Rápido,Media,Buena,Alta
"Architecture, Art, History",True,Eiffel Tower,"Colosseum, Machu Picchu, Taj Mahal",46-55,Media(5-7h),Bajo,Normal,Media,Excelente,Media
History,True,Colosseum,"Machu Picchu, Eiffel Tower",56+,Media(5-7h),Medio,Normal,Media,Excelente,Media
"Architecture, Nature",True,Machu Picchu,"Taj Mahal, Eiffel Tower, Great Wall of China",18-25,Media(5-7h),Alto,Normal,Media,Regular,Alta
Cultural,False,Machu Picchu,"Eiffel Tower, Great Wall of China, Colosseum",18-25,Media(5-7h),Alto,Lento,Alta,Excelente,Alta
"History, Nature, Architecture",False,Eiffel Tower,"Eiffel Tower, Machu Picchu",56+,Corta(1-4h),Bajo,Lento,Alta,Buena,Media
History,True,Great Wall of China,"Colosseum, Eiffel Tower, Machu Picchu",26-35,Corta(1-4h),Alto,Lento,Media,Regular,Alta
"Cultural, Architecture, Art",True,Taj Mahal,Machu Picchu,36-45,Media(5-7h),Alto,Normal,Media,Regular,Alta
"History, Nature",True,Taj Mahal,"Eiffel Tower, Taj Mahal",56+,Larga(8-10h),Bajo,Rápido,Media,Excelente,Media
Art,True,Taj Mahal,"Taj Mahal, Great Wall of China",26-35,Media(5-7h),Alto,Rápido,Media,Buena,Alta
"History, Cultural",True,Taj Mahal,"Machu Picchu, Eiffel Tower",36-45,Media(5-7h),Bajo,Normal,Media,Buena,Media
History,False,Eiffel Tower,"Great Wall of China, Taj Mahal",36-45,Larga(8-10h),Bajo,Rápido,Media,Excelente,Media
Architecture,True,Great Wall of China,"Colosseum, Machu Picchu",26-35,Corta(1-4h),Alto,Lento,Media,Regular,Alta
Art,False,Great Wall of China,Machu Picchu,26-35,Larga(8-10h),Alto,Lento,Alta,Excelente,Alta
"Nature, Cultural, Architecture",False,Taj Mahal,"Machu Picchu, Taj Mahal, Eiffel Tower",56+,Corta(1-4h),Alto,Lento,Alta,Buena,Alta
"Nature, Art",True,Machu Picchu,Great Wall of China,36-45,Media(5-7h),Alto,Lento,Media,Excelente,Alta
"Nature, Art",False,Taj Mahal,"Taj Mahal, Eiffel Tower",26-35,Corta(1-4h),Medio,Lento,Alta,Excelente,Media
"Nature, Cultural, Architecture",False,Colosseum,"Colosseum, Taj Mahal, Great Wall of China",18-25,Corta(1-4h),Alto,Lento,Media,Buena,Alta
"Nature, Art, History",False,Great Wall of China,Eiffel Tower,46-55,Corta(1-4h),Medio,Rápido,Media,Excelente,Media
Architecture,True,Eiffel Tower,Taj Mahal,26-35,Corta(1-4h),Alto,Lento,Media,Regular,Alta
"Nature, History",True,Taj Mahal,"Colosseum, Taj Mahal",36-45,Media(5-7h),Medio,Lento,Media,Buena,Media
"Art, Architecture, History",True,Eiffel Tower,"Great Wall of China, Taj Mahal",36-45,Media(5-7h),Medio,Lento,Alta,Buena,Media
"Art, Cultural, History",False,Great Wall of China,"Eiffel Tower, Colosseum",46-55,Corta(1-4h),Medio,Rápido,Alta,Buena,Media
"Art, Cultural, Nature",True,Great Wall of China,Taj Mahal,36-45,Media(5-7h),Medio,Lento,Alta,Excelente,Media
"Nature, History",True,Machu Picchu,Machu Picchu,26-35,Media(5-7h),Alto,Lento,Alta,Buena,Alta
"Architecture, Nature, Art",True,Great Wall of China,"Taj Mahal, Colosseum, Eiffel Tower",56+,Media(5-7h),Alto,Normal,Media,Buena,Alta
"Art, Nature, Architecture",False,Machu Picchu,"Great Wall of China, Eiffel Tower, Colosseum",36-45,Media(5-7h),Alto,Lento,Media,Excelente,Alta
"History, Art",True,Taj Mahal,Machu Picchu,56+,Corta(1-4h),Alto,Normal,Media,Buena,Alta
Nature,True,Colosseum,"Eiffel Tower, Taj Mahal, Great Wall of China",46-55,Corta(1-4h),Bajo,Rápido,Baja,Excelente,Media
"Architecture, Art, History",True,Colosseum,Eiffel Tower,56+,Media(5-7h),Bajo,Rápido,Media,Buena,Media
Nature,False,Great Wall of China,"Eiffel Tower, Colosseum, Great Wall of China",18-25,Media(5-7h),Bajo,Lento,Alta,Buena,Media
"Nature, History",False,Machu Picchu,"Great Wall of China, Machu Picchu",36-45,Corta(1-4h),Bajo,Rápido,Alta,Excelente,Media
"Nature, Architecture, History",True,Colosseum,"Great Wall of China, Eiffel Tower",46-55,Larga(8-10h),Bajo,Lento,Alta,Buena,Media
"Nature, Architecture, Art",False,Eiffel Tower,"Machu Picchu, Great Wall of China, Taj Mahal",46-55,Corta(1-4h),Alto,Lento,Baja,Excelente,Alta
Architecture,True,Machu Picchu,"Machu Picchu, Taj Mahal",26-35,Corta(1-4h),Alto,Normal,Media,Buena,Alta
Cultural,False,Colosseum,Great Wall of China,26-35,Corta(1-4h),Bajo,Lento,Alta,Buena,Media
"Nature, Art",True,Eiffel Tower,Machu Picchu,26-35,Larga(8-10h),Medio,Normal,Media,Buena,Alta
"Art, Cultural, Architecture",False,Taj Mahal,Colosseum,26-35,Media(5-7h),Medio,Rápido,Media,Buena,Media
"Art, Cultural, Architecture",False,Eiffel Tower,"Taj Mahal, Great Wall of China, Machu Picchu",56+,Media(5-7h),Bajo,Lento,Media,Buena,Media
Cultural,False,Colosseum,"Eiffel Tower, Machu Picchu",46-55,Corta(1-4h),Alto,Rápido,Media,Excelente,Alta
Architecture,False,Great Wall of China,"Eiffel Tower, Great Wall of China",26-35,Corta(1-4h),Alto,Lento,Media,Buena,Alta
"History, Architecture, Art",False,Taj Mahal,Eiffel Tower,26-35,Media(5-7h),Medio,Normal,Baja,Buena,Media
Nature,True,Eiffel Tower,"Eiffel Tower, Great Wall of China, Taj Mahal",56+,Media(5-7h),Medio,Lento,Alta,Buena,Media
Cultural,False,Taj Mahal,Eiffel Tower,36-45,Corta(1-4h),Medio,Normal,Baja,Buena,Media
Cultural,False,Colosseum,"Colosseum, Taj Mahal",26-35,Corta(1-4h),Alto,Lento,Media,Buena,Alta
Art,False,Eiffel Tower,Colosseum,26-35,Media(5-7h),Alto,Normal,Media,Buena,Alta
Architecture,True,Eiffel Tower,"Colosseum, Machu Picchu",36-45,Larga(8-10h),Alto,Rápido,Media,Excelente,Alta
"Nature, Cultural",False,Great Wall of China,Eiffel Tower,46-55,Larga(8-10h),Bajo,Lento,Alta,Excelente,Media
"History, Nature",True,Taj Mahal,Eiffel Tower,26-35,Media(5-7h),Medio,Rápido,Alta,Excelente,Media
History,False,Colosseum,Great Wall of China,46-55,Media(5-7h),Alto,Lento,Baja,Regular,Alta
"Nature, Art, Cultural",True,Great Wall of China,"Colosseum, Great Wall of China, Machu Picchu",26-35,Media(5-7h),Medio,Rápido,Media,Excelente,Media
"Art, Architecture",False,Eiffel Tower,Colosseum,26-35,Media(5-7h),Alto,Lento,Media,Excelente,Alta
"Cultural, Art, History",True,Machu Picchu,Eiffel Tower,56+,Corta(1-4h),Medio,Lento,Alta,Excelente,Media
"Art, Nature, Cultural",True,Machu Picchu,"Great Wall of China, Machu Picchu, Colosseum",56+,Media(5-7h),Bajo,Lento,Media,Buena,Media
History,False,Eiffel Tower,Eiffel Tower,56+,Corta(1-4h),Bajo,Normal,Alta,Buena,Media
"Art, History",False,Eiffel Tower,Colosseum,56+,Media(5-7h),Medio,Normal,Alta,Buena,Media
Cultural,False,Great Wall of China,"Machu Picchu, Taj Mahal, Eiffel Tower",26-35,Larga(8-10h),Medio,Lento,Media,Excelente,Media
History,False,Great Wall of China,"Colosseum, Great Wall of China, Taj Mahal",18-25,Media(5-7h),Alto,Normal,Media,Buena,Alta
History,True,Great Wall of China,Great Wall of China,46-55,Corta(1-4h),Medio,Normal,Media,Buena,Media
"Nature, History",False,Machu Picchu,Machu Picchu,36-45,Corta(1-4h),Alto,Normal,Media,Excelente,Alta
"History, Nature, Architecture",False,Taj Mahal,Eiffel Tower,36-45,Corta(1-4h),Medio,Lento,Media,Buena,Media
Art,False,Eiffel Tower,"Great Wall of China, Machu Picchu",26-35,Corta(1-4h),Bajo,Normal,Baja,Buena,Media
Cultural,False,Machu Picchu,"Eiffel Tower, Machu Picchu",36-45,Larga(8-10h),Bajo,Rápido,Alta,Buena,Media
"Nature, Architecture",False,Taj Mahal,"Taj Mahal, Colosseum",36-45,Media(5-7h),Alto,Lento,Media,Buena,Alta
Architecture,True,Great Wall of China,"Taj Mahal, Great Wall of China, Colosseum",18-25,Media(5-7h),Alto,Lento,Media,Excelente,Alta
"Nature, Art, History",False,Machu Picchu,Eiffel Tower,26-35,Media(5-7h),Alto,Lento,Media,Excelente,Alta
Cultural,True,Great Wall of China,"Taj Mahal, Machu Picchu",46-55,Larga(8-10h),Bajo,Rápido,Media,Excelente,Media
"Cultural, Art, Architecture",True,Machu Picchu,Eiffel Tower,56+,Media(5-7h),Alto,Rápido,Media,Buena,Alta
"Nature, Architecture, Cultural",True,Machu Picchu,"Taj Mahal, Colosseum",26-35,Media(5-7h),Alto,Rápido,Alta,Buena,Alta
Architecture,True,Great Wall of China,"Eiffel Tower, Taj Mahal",18-25,Corta(1-4h),Medio,Lento,Media,Buena,Media
"Art, Nature, History",True,Taj Mahal,"Great Wall of China, Colosseum",26-35,Media(5-7h),Medio,Rápido,Media,Excelente,Media
"Nature, Cultural, Architecture",False,Colosseum,Great Wall of China,46-55,Media(5-7h),Alto,Normal,Media,Excelente,Alta
"History, Architecture, Cultural",False,Machu Picchu,"Taj Mahal, Eiffel Tower, Machu Picchu",56+,Media(5-7h),Medio,Normal,Media,Excelente,Media
Nature,True,Great Wall of China,"Colosseum, Eiffel Tower, Machu Picchu",56+,Media(5-7h),Alto,Lento,Media,Excelente,Alta
"Architecture, Art",True,Great Wall of China,Eiffel Tower,56+,Media(5-7h),Bajo,Lento,Media,Excelente,Media
"Nature, Art",False,Eiffel Tower,"Eiffel Tower, Great Wall of China",46-55,Larga(8-10h),Alto,Lento,Alta,Buena,Alta
"History, Nature",False,Great Wall of China,"Great Wall of China, Colosseum",36-45,Media(5-7h),Medio,Rápido,Media,Excelente,Media
Cultural,True,Eiffel Tower,"Machu Picchu, Taj Mahal, Great Wall of China",46-55,Corta(1-4h),Medio,Lento,Media,Buena,Media
"History, Art, Nature",True,Machu Picchu,"Colosseum, Eiffel Tower",26-35,Media(5-7h),Bajo,Lento,Media,Excelente,Media
Architecture,True,Taj Mahal,"Machu Picchu, Eiffel Tower",56+,Larga(8-10h),Medio,Lento,Media,Buena,Alta
"Nature, History, Cultural",False,Machu Picchu,"Taj Mahal, Great Wall of China, Machu Picchu",26-35,Larga(8-10h),Medio,Rápido,Media,Excelente,Media
"Nature, Architecture, Art",False,Taj Mahal,"Eiffel Tower, Colosseum",18-25,Corta(1-4h),Alto,Lento,Media,Regular,Alta
"Nature, Cultural",False,Taj Mahal,"Machu Picchu, Colosseum, Taj Mahal",46-55,Media(5-7h),Alto,Lento,Media,Buena,Alta
Cultural,False,Eiffel Tower,Taj Mahal,56+,Corta(1-4h),Medio,Lento,Alta,Regular,Media
"Cultural, History",True,Colosseum,Taj Mahal,36-45,Media(5-7h),Alto,Normal,Media,Buena,Alta
"Art, Architecture",False,Taj Mahal,Great Wall of China,18-25,Media(5-7h),Alto,Lento,Baja,Buena,Alta
"Architecture, Cultural, History",True,Machu Picchu,"Taj Mahal, Eiffel Tower",46-55,Media(5-7h),Alto,Lento,Media,Excelente,Alta
"Nature, Cultural",False,Eiffel Tower,"Colosseum, Eiffel Tower",26-35,Media(5-7h),Bajo,Lento,Media,Buena,Media
"History, Nature",False,Taj Mahal,"Eiffel Tower, Taj Mahal",36-45,Media(5-7h),Alto,Lento,Media,Buena,Alta
"Cultural, Art",False,Machu Picchu,"Eiffel Tower, Taj Mahal",26-35,Corta(1-4h),Alto,Lento,Media,Buena,Alta
"Art, Architecture",True,Taj Mahal,"Great Wall of China, Machu Picchu, Colosseum",56+,Corta(1-4h),Medio,Lento,Media,Buena,Media
"History, Cultural",False,Colosseum,"Eiffel Tower, Taj Mahal",46-55,Larga(8-10h),Alto,Normal,Media,Buena,Alta
Cultural,False,Taj Mahal,"Machu Picchu, Eiffel Tower, Great Wall of China",36-45,Corta(1-4h),Alto,Rápido,Alta,Buena,Alta
Nature,True,Eiffel Tower,"Taj Mahal, Great Wall of China",46-55,Larga(8-10h),Alto,Lento,Alta,Excelente,Alta
"Architecture, History",False,Taj Mahal,"Great Wall of China, Eiffel Tower",26-35,Corta(1-4h),Alto,Lento,Alta,Excelente,Alta
"Art, History",False,Eiffel Tower,"Colosseum, Eiffel Tower",56+,Media(5-7h),Alto,Normal,Alta,Excelente,Alta
Architecture,False,Taj Mahal,"Taj Mahal, Colosseum",56+,Media(5-7h),Alto,Normal,Alta,Excelente,Alta
Nature,False,Great Wall of China,"Great Wall of China, Machu Picchu, Taj Mahal",36-45,Corta(1-4h),Bajo,Lento,Media,Buena,Media
"Cultural, Art, Nature",True,Eiffel Tower,Colosseum,36-45,Media(5-7h),Alto,Lento,Media,Excelente,Alta
"Cultural, History",False,Colosseum,"Great Wall of China, Taj Mahal",46-55,Media(5-7h),Medio,Normal,Media,Regular,Media
"History, Architecture, Cultural",True,Taj Mahal,Taj Mahal,26-35,Media(5-7h),Bajo,Normal,Alta,Excelente,Media
"Cultural, Art, Nature",True,Colosseum,"Colosseum, Taj Mahal, Eiffel Tower",18-25,Media(5-7h),Alto,Lento,Alta,Excelente,Alta
"History, Cultural",False,Machu Picchu,"Eiffel Tower, Taj Mahal, Colosseum",46-55,Media(5-7h),Bajo,Lento,Media,Excelente,Media
History,False,Great Wall of China,"Machu Picchu, Eiffel Tower",46-55,Corta(1-4h),Alto,Rápido,Media,Excelente,Alta
"Nature, History, Architecture",True,Taj Mahal,Machu Picchu,56+,Media(5-7h),Bajo,Normal,Media,Excelente,Media
History,True,Taj Mahal,"Taj Mahal, Machu Picchu, Great Wall of China",36-45,Corta(1-4h),Alto,Normal,Media,Excelente,Alta
"Architecture, Cultural",True,Taj Mahal,"Great Wall of China, Eiffel Tower",26-35,Media(5-7h),Medio,Rápido,Media,Excelente,Media
History,False,Taj Mahal,"Eiffel Tower, Colosseum",56+,Larga(8-10h),Medio,Lento,Media,Excelente,Media
"Architecture, Cultural",True,Machu Picchu,Colosseum,56+,Corta(1-4h),Medio,Lento,Media,Buena,Media
"Art, Architecture, History",False,Taj Mahal,"Taj Mahal, Eiffel Tower",56+,Media(5-7h),Medio,Lento,Media,Excelente,Media
Art,True,Eiffel Tower,"Taj Mahal, Great Wall of China, Machu Picchu",56+,Corta(1-4h),Bajo,Lento,Media,Excelente,Media
"Nature, Architecture, Art",True,Colosseum,Taj Mahal,26-35,Media(5-7h),Medio,Rápido,Media,Excelente,Media
History,True,Great Wall of China,"Great Wall of China, Taj Mahal, Eiffel Tower",36-45,Media(5-7h),Alto,Normal,Media,Buena,Alta
"Art, Nature",False,Taj Mahal,"Colosseum, Taj Mahal, Machu Picchu",26-35,Corta(1-4h),Medio,Rápido,Alta,Excelente,Media
"History, Nature, Art",False,Great Wall of China,"Machu Picchu, Colosseum",26-35,Larga(8-10h),Alto,Lento,Media,Buena,Alta
"Nature, Architecture",False,Colosseum,"Taj Mahal, Colosseum",36-45,Corta(1-4h),Alto,Lento,Media,Excelente,Alta
"Art, History, Architecture",False,Great Wall of China,Eiffel Tower,36-45,Media(5-7h),Bajo,Lento,Alta,Buena,Media
Architecture,True,Eiffel Tower,Great Wall of China,36-45,Media(5-7h),Alto,Rápido,Alta,Buena,Alta
"Nature, History",True,Great Wall of China,"Eiffel Tower, Great Wall of China, Colosseum",26-35,Media(5-7h),Alto,Normal,Alta,Buena,Alta
"Cultural, Art, History",True,Machu Picchu,"Taj Mahal, Colosseum, Machu Picchu",18-25,Corta(1-4h),Bajo,Normal,Media,Excelente,Media
Nature,True,Machu Picchu,Great Wall of China,56+,Corta(1-4h),Alto,Normal,Alta,Excelente,Alta
"Cultural, Architecture",True,Machu Picchu,"Taj Mahal, Colosseum, Machu Picchu",46-55,Corta(1-4h),Medio,Normal,Media,Excelente,Media
Nature,True,Taj Mahal,"Machu Picchu, Eiffel Tower",26-35,Corta(1-4h),Alto,Rápido,Alta,Buena,Alta
"Nature, Architecture",False,Colosseum,Taj Mahal,36-45,Larga(8-10h),Alto,Normal,Media,Buena,Alta
Art,False,Machu Picchu,"Great Wall of China, Machu Picchu, Eiffel Tower",56+,Larga(8-10h),Medio,Normal,Media,Excelente,Alta
Nature,True,Great Wall of China,Taj Mahal,56+,Corta(1-4h),Bajo,Rápido,Media,Buena,Media
Cultural,True,Great Wall of China,Colosseum,26-35,Media(5-7h),Alto,Normal,Alta,Excelente,Alta
"History, Nature",True,Colosseum,Colosseum,46-55,Media(5-7h),Medio,Normal,Alta,Buena,Media
"Architecture, History, Art",True,Colosseum,Taj Mahal,46-55,Corta(1-4h),Medio,Normal,Alta,Buena,Media
"Architecture, Cultural",False,Machu Picchu,"Colosseum, Great Wall of China",46-55,Larga(8-10h),Bajo,Lento,Alta,Regular,Media
Nature,True,Eiffel Tower,Great Wall of China,36-45,Larga(8-10h),Alto,Normal,Media,Excelente,Alta
Architecture,False,Eiffel Tower,"Colosseum, Taj Mahal",56+,Larga(8-10h),Alto,Lento,Alta,Excelente,Alta
History,True,Colosseum,"Colosseum, Machu Picchu, Taj Mahal",18-25,Media(5-7h),Bajo,Lento,Media,Buena,Media
Nature,False,Taj Mahal,"Colosseum, Eiffel Tower",46-55,Media(5-7h),Bajo,Rápido,Alta,Buena,Media
"History, Nature, Architecture",False,Taj Mahal,Great Wall of China,36-45,Media(5-7h),Bajo,Lento,Alta,Excelente,Media
"History, Architecture, Cultural",False,Eiffel Tower,Colosseum,56+,Corta(1-4h),Medio,Lento,Alta,Buena,Media
Nature,False,Eiffel Tower,"Taj Mahal, Great Wall of China",56+,Media(5-7h),Medio,Rápido,Media,Buena,Media
"History, Architecture",True,Taj Mahal,Eiffel Tower,18-25,Corta(1-4h),Alto,Lento,Media,Buena,Alta
History,True,Eiffel Tower,Taj Mahal,56+,Corta(1-4h),Alto,Lento,Alta,Buena,Alta
"History, Cultural",False,Great Wall of China,"Colosseum, Machu Picchu, Eiffel Tower",36-45,Larga(8-10h),Medio,Lento,Media,Excelente,Media
"Nature, Architecture, Cultural",True,Great Wall of China,"Great Wall of China, Machu Picchu",46-55,Larga(8-10h),Medio,Lento,Media,Excelente,Media
Cultural,False,Taj Mahal,"Colosseum, Machu Picchu",26-35,Media(5-7h),Medio,Lento,Media,Excelente,Media
"Art, Architecture, Cultural",False,Colosseum,Machu Picchu,46-55,Larga(8-10h),Bajo,Lento,Media,Excelente,Media
"History, Architecture, Nature",True,Eiffel Tower,"Great Wall of China, Colosseum",26-35,Larga(8-10h),Medio,Rápido,Media,Buena,Media
History,True,Taj Mahal,"Machu Picchu, Taj Mahal",18-25,Media(5-7h),Alto,Lento,Media,Buena,Alta
Nature,False,Colosseum,"Colosseum, Great Wall of China",56+,Corta(1-4h),Alto,Normal,Media,Buena,Alta
"Cultural, Architecture, Nature",True,Machu Picchu,Eiffel Tower,56+,Media(5-7h),Bajo,Lento,Media,Buena,Media
Art,True,Colosseum,Eiffel Tower,36-45,Media(5-7h),Medio,Rápido,Media,Buena,Media
"Art, Architecture",False,Machu Picchu,"Great Wall of China, Colosseum, Eiffel Tower",36-45,Larga(8-10h),Alto,Normal,Alta,Buena,Alta
"Art, Nature, History",False,Great Wall of China,Colosseum,26-35,Media(5-7h),Alto,Rápido,Alta,Buena,Alta
"Architecture, Cultural",False,Colosseum,"Machu Picchu, Eiffel Tower, Colosseum",56+,Corta(1-4h),Medio,Lento,Media,Excelente,Media
"Nature, Architecture",False,Taj Mahal,"Colosseum, Machu Picchu, Great Wall of China",26-35,Corta(1-4h),Alto,Normal,Alta,Excelente,Alta
"Architecture, Nature",True,Eiffel Tower,Great Wall of China,46-55,Media(5-7h),Medio,Rápido,Media,Excelente,Media
"Nature, History",True,Taj Mahal,"Great Wall of China, Eiffel Tower",36-45,Media(5-7h),Bajo,Normal,Media,Excelente,Media
"Art, History",True,Great Wall of China,"Taj Mahal, Colosseum",46-55,Media(5-7h),Bajo,Lento,Media,Buena,Media
"Art, Nature, Architecture",False,Great Wall of China,"Colosseum, Great Wall of China",46-55,Larga(8-10h),Bajo,Normal,Alta,Buena,Media
"Art, History, Architecture",True,Colosseum,Colosseum,26-35,Corta(1-4h),Alto,Rápido,Media,Excelente,Alta
Cultural,False,Great Wall of China,Great Wall of China,36-45,Larga(8-10h),Medio,Lento,Alta,Buena,Media
"History, Art",False,Eiffel Tower,"Taj Mahal, Colosseum",26-35,Media(5-7h),Medio,Normal,Alta,Excelente,Media
"Nature, Cultural",False,Machu Picchu,"Machu Picchu, Great Wall of China, Taj Mahal",56+,Media(5-7h),Bajo,Rápido,Alta,Buena,Media
"History, Cultural",True,Taj Mahal,"Eiffel Tower, Machu Picchu, Taj Mahal",26-35,Media(5-7h),Medio,Lento,Baja,Excelente,Media
"Cultural, Nature",False,Eiffel Tower,"Colosseum, Machu Picchu, Eiffel Tower",26-35,Media(5-7h),Medio,Normal,Alta,Excelente,Media
"Architecture, Nature",False,Great Wall of China,"Machu Picchu, Taj Mahal, Great Wall of China",36-45,Corta(1-4h),Medio,Normal,Alta,Excelente,Media
"Architecture, Art",False,Eiffel Tower,"Machu Picchu, Eiffel Tower, Colosseum",26-35,Media(5-7h),Alto,Rápido,Media,Buena,Alta
"Cultural, Architecture, History",False,Eiffel Tower,Taj Mahal,56+,Corta(1-4h),Bajo,Rápido,Alta,Excelente,Media
"Architecture, Cultural, History",False,Colosseum,"Eiffel Tower, Machu Picchu, Taj Mahal",26-35,Corta(1-4h),Medio,Lento,Media,Excelente,Media
Architecture,True,Eiffel Tower,"Eiffel Tower, Taj Mahal",46-55,Corta(1-4h),Alto,Normal,Media,Excelente,Alta
Architecture,True,Taj Mahal,"Colosseum, Great Wall of China, Eiffel Tower",56+,Media(5-7h),Alto,Rápido,Alta,Buena,Alta
"Architecture, Nature",True,Great Wall of China,"Colosseum, Taj Mahal",56+,Corta(1-4h),Medio,Rápido,Media,Excelente,Media
Cultural,True,Taj Mahal,Great Wall of China,18-25,Media(5-7h),Medio,Rápido,Media,Excelente,Media
Cultural,True,Machu Picchu,Eiffel Tower,26-35,Corta(1-4h),Medio,Normal,Media,Buena,Media
"Art, Architecture, Cultural",False,Eiffel Tower,Colosseum,26-35,Media(5-7h),Medio,Lento,Alta,Buena,Media
"Nature, History, Art",False,Colosseum,Great Wall of China,56+,Larga(8-10h),Bajo,Rápido,Media,Excelente,Media
"Art, History",True,Great Wall of China,"Colosseum, Great Wall of China, Eiffel Tower",46-55,Media(5-7h),Alto,Rápido,Alta,Buena,Alta
"History, Nature, Art",True,Colosseum,Eiffel Tower,36-45,Media(5-7h),Alto,Lento,Media,Excelente,Alta
Nature,True,Taj Mahal,"Taj Mahal, Great Wall of China",56+,Corta(1-4h),Alto,Rápido,Media,Buena,Alta
"Nature, Architecture",False,Eiffel Tower,"Machu Picchu, Taj Mahal, Eiffel Tower",36-45,Media(5-7h),Medio,Normal,Media,Excelente,Media
"History, Art",False,Great Wall of China,Colosseum,36-45,Media(5-7h),Alto,Normal,Alta,Buena,Alta
"Architecture, Art, Nature",False,Colosseum,"Great Wall of China, Colosseum",36-45,Media(5-7h),Bajo,Lento,Baja,Buena,Media
"Cultural, Art",False,Great Wall of China,"Eiffel Tower, Taj Mahal, Great Wall of China",56+,Corta(1-4h),Alto,Rápido,Media,Buena,Alta
"Architecture, History, Art",True,Machu Picchu,Machu Picchu,46-55,Corta(1-4h),Medio,Normal,Alta,Excelente,Media
Nature,False,Taj Mahal,"Colosseum, Great Wall of China",56+,Corta(1-4h),Medio,Lento,Media,Buena,Media
"Nature, Architecture, Cultural",True,Eiffel Tower,"Great Wall of China, Colosseum",26-35,Corta(1-4h),Medio,Lento,Media,Buena,Media
Art,False,Great Wall of China,"Taj Mahal, Machu Picchu, Colosseum",46-55,Media(5-7h),Medio,Rápido,Alta,Excelente,Alta
"Art, Architecture, Cultural",False,Machu Picchu,"Machu Picchu, Taj Mahal, Colosseum",36-45,Corta(1-4h),Bajo,Rápido,Alta,Excelente,Media
History,False,Machu Picchu,"Eiffel Tower, Colosseum",36-45,Media(5-7h),Bajo,Rápido,Alta,Excelente,Media
"Nature, Cultural",False,Taj Mahal,Taj Mahal,56+,Media(5-7h),Bajo,Normal,Baja,Buena,Media
"Architecture, Nature",True,Eiffel Tower,Colosseum,56+,Corta(1-4h),Medio,Rápido,Alta,Excelente,Media
"Cultural, History, Nature",True,Taj Mahal,Eiffel Tower,36-45,Corta(1-4h),Medio,Lento,Media,Buena,Media
"Architecture, Cultural",False,Machu Picchu,"Colosseum, Eiffel Tower",56+,Corta(1-4h),Medio,Lento,Media,Excelente,Media
History,True,Machu Picchu,"Colosseum, Taj Mahal",36-45,Corta(1-4h),Alto,Lento,Media,Buena,Alta
Nature,False,Great Wall of China,"Taj Mahal, Machu Picchu, Colosseum",46-55,Media(5-7h),Medio,Rápido,Alta,Buena,Media
Art,False,Colosseum,Great Wall of China,26-35,Larga(8-10h),Medio,Rápido,Media,Excelente,Media
"History, Art",True,Machu Picchu,"Taj Mahal, Great Wall of China",18-25,Larga(8-10h),Medio,Lento,Media,Regular,Media
Cultural,True,Great Wall of China,"Machu Picchu, Colosseum, Eiffel Tower",18-25,Media(5-7h),Alto,Normal,Media,Buena,Alta
"Architecture, Cultural",False,Taj Mahal,"Taj Mahal, Colosseum",56+,Larga(8-10h),Bajo,Normal,Media,Buena,Media
"Cultural, Art",True,Great Wall of China,"Taj Mahal, Eiffel Tower, Great Wall of China",56+,Media(5-7h),Alto,Lento,Media,Excelente,Alta
"Architecture, Nature",True,Eiffel Tower,"Great Wall of China, Eiffel Tower",26-35,Larga(8-10h),Bajo,Lento,Media,Excelente,Media
"Nature, Cultural",True,Colosseum,"Machu Picchu, Great Wall of China, Eiffel Tower",56+,Corta(1-4h),Medio,Lento,Media,Buena,Media
"Cultural, Nature",True,Great Wall of China,"Taj Mahal, Great Wall of China, Colosseum",46-55,Corta(1-4h),Medio,Normal,Alta,Buena,Media
"Art, History, Cultural",False,Eiffel Tower,Great Wall of China,46-55,Corta(1-4h),Bajo,Lento,Media,Excelente,Media
Nature,False,Machu Picchu,"Eiffel Tower, Great Wall of China",56+,Media(5-7h),Alto,Lento,Alta,Excelente,Alta
"Art, Cultural, Architecture",False,Machu Picchu,Machu Picchu,36-45,Media(5-7h),Bajo,Lento,Media,Excelente,Media
Art,False,Colosseum,"Machu Picchu, Great Wall of China, Colosseum",56+,Larga(8-10h),Alto,Normal,Media,Buena,Alta
"Art, History",True,Great Wall of China,"Colosseum, Taj Mahal, Eiffel Tower",26-35,Larga(8-10h),Bajo,Rápido,Media,Buena,Media
"Nature, History",False,Eiffel Tower,"Eiffel Tower, Machu Picchu",46-55,Corta(1-4h),Medio,Lento,Media,Buena,Media
"Architecture, History, Art",False,Machu Picchu,"Eiffel Tower, Colosseum, Machu Picchu",56+,Corta(1-4h),Alto,Normal,Media,Excelente,Alta
"Nature, Art",False,Taj Mahal,"Great Wall of China, Machu Picchu",26-35,Larga(8-10h),Bajo,Lento,Alta,Excelente,Media
"History, Cultural",False,Colosseum,"Great Wall of China, Eiffel Tower",36-45,Media(5-7h),Medio,Normal,Media,Buena,Media
"Art, Nature",True,Machu Picchu,"Colosseum, Taj Mahal, Great Wall of China",56+,Media(5-7h),Medio,Normal,Media,Buena,Media
"Nature, Cultural, Art",True,Colosseum,"Taj Mahal, Colosseum, Machu Picchu",46-55,Corta(1-4h),Alto,Lento,Media,Buena,Alta
Art,True,Great Wall of China,Great Wall of China,18-25,Media(5-7h),Bajo,Lento,Media,Buena,Media
"History, Nature, Cultural",False,Taj Mahal,"Eiffel Tower, Great Wall of China",46-55,Corta(1-4h),Alto,Normal,Media,Excelente,Alta
"Nature, Cultural, Architecture",True,Taj Mahal,Great Wall of China,46-55,Corta(1-4h),Medio,Normal,Media,Excelente,Media
"Nature, Cultural",False,Colosseum,"Eiffel Tower, Taj Mahal, Colosseum",18-25,Media(5-7h),Alto,Lento,Baja,Buena,Alta
"Nature, Cultural, Architecture",False,Great Wall of China,"Taj Mahal, Colosseum",56+,Media(5-7h),Bajo,Lento,Alta,Excelente,Media
"History, Art",False,Eiffel Tower,"Machu Picchu, Great Wall of China, Taj Mahal",56+,Media(5-7h),Bajo,Lento,Alta,Buena,Media
"Cultural, History",True,Eiffel Tower,"Taj Mahal, Colosseum",26-35,Larga(8-10h),Alto,Normal,Media,Buena,Alta
Architecture,True,Machu Picchu,Machu Picchu,56+,Corta(1-4h),Bajo,Rápido,Alta,Excelente,Media
"Cultural, History, Nature",True,Great Wall of China,"Colosseum, Eiffel Tower",56+,Larga(8-10h),Bajo,Rápido,Media,Buena,Media
History,False,Great Wall of China,"Taj Mahal, Eiffel Tower",46-55,Media(5-7h),Medio,Rápido,Alta,Buena,Media
Nature,False,Colosseum,"Great Wall of China, Eiffel Tower",18-25,Media(5-7h),Alto,Normal,Alta,Excelente,Alta
"Art, Nature, History",True,Eiffel Tower,"Great Wall of China, Taj Mahal, Machu Picchu",26-35,Corta(1-4h),Alto,Lento,Media,Buena,Alta
"Cultural, Nature",True,Machu Picchu,"Colosseum, Taj Mahal, Machu Picchu",56+,Corta(1-4h),Alto,Rápido,Alta,Excelente,Alta
History,True,Colosseum,Great Wall of China,56+,Corta(1-4h),Alto,Lento,Baja,Buena,Alta
Art,True,Taj Mahal,Great Wall of China,26-35,Media(5-7h),Medio,Lento,Media,Buena,Media
"Cultural, History",True,Taj Mahal,"Taj Mahal, Great Wall of China",26-35,Larga(8-10h),Medio,Normal,Alta,Excelente,Media
Architecture,True,Machu Picchu,"Great Wall of China, Machu Picchu, Taj Mahal",56+,Media(5-7h),Medio,Normal,Alta,Buena,Media
"Cultural, Architecture",True,Taj Mahal,"Eiffel Tower, Great Wall of China",56+,Corta(1-4h),Bajo,Lento,Media,Excelente,Media
"History, Architecture, Art",False,Colosseum,"Eiffel Tower, Colosseum",46-55,Media(5-7h),Alto,Normal,Media,Excelente,Alta
"Architecture, History, Art",False,Taj Mahal,"Colosseum, Eiffel Tower",36-45,Larga(8-10h),Alto,Lento,Media,Buena,Alta
History,False,Machu Picchu,"Great Wall of China, Taj Mahal, Colosseum",26-35,Media(5-7h),Alto,Normal,Alta,Buena,Alta
Cultural,False,Machu Picchu,"Taj Mahal, Eiffel Tower",18-25,Media(5-7h),Bajo,Lento,Media,Excelente,Media
"Nature, Architecture",True,Machu Picchu,"Taj Mahal, Colosseum",26-35,Corta(1-4h),Medio,Lento,Media,Buena,Media
Cultural,True,Machu Picchu,"Taj Mahal, Colosseum, Eiffel Tower",36-45,Corta(1-4h),Alto,Lento,Media,Excelente,Alta
History,False,Colosseum,"Taj Mahal, Great Wall of China, Colosseum",56+,Corta(1-4h),Bajo,Normal,Media,Excelente,Media
"History, Nature, Architecture",True,Taj Mahal,"Machu Picchu, Taj Mahal",56+,Media(5-7h),Bajo,Lento,Alta,Buena,Media
"Architecture, Nature, Art",True,Taj Mahal,"Great Wall of China, Eiffel Tower, Taj Mahal",56+,Corta(1-4h),Alto,Normal,Alta,Excelente,Alta
"Art, History, Cultural",True,Colosseum,"Eiffel Tower, Taj Mahal",26-35,Corta(1-4h),Medio,Lento,Baja,Buena,Media
"Architecture, Cultural, History",True,Great Wall of China,"Great Wall of China, Eiffel Tower",26-35,Media(5-7h),Bajo,Normal,Alta,Buena,Media
Cultural,False,Colosseum,Great Wall of China,46-55,Media(5-7h),Medio,Rápido,Media,Buena,Media
"Nature, History, Cultural",True,Colosseum,"Machu Picchu, Taj Mahal, Colosseum",26-35,Corta(1-4h),Medio,Rápido,Baja,Buena,Media
"Architecture, Nature",False,Eiffel Tower,"Taj Mahal, Great Wall of China, Machu Picchu",56+,Larga(8-10h),Medio,Rápido,Media,Buena,Media
"Art, Cultural",False,Taj Mahal,"Eiffel Tower, Taj Mahal, Great Wall of China",56+,Media(5-7h),Bajo,Normal,Media,Buena,Media
History,True,Great Wall of China,"Eiffel Tower, Colosseum, Machu Picchu",18-25,Media(5-7h),Alto,Lento,Media,Excelente,Alta
"Cultural, Architecture",True,Colosseum,"Machu Picchu, Great Wall of China, Eiffel Tower",36-45,Corta(1-4h),Medio,Lento,Media,Buena,Media
"Architecture, History, Art",True,Great Wall of China,"Great Wall of China, Eiffel Tower, Machu Picchu",36-45,Media(5-7h),Medio,Lento,Media,Excelente,Media
Architecture,True,Great Wall of China,"Great Wall of China, Machu Picchu, Colosseum",46-55,Media(5-7h),Alto,Lento,Alta,Buena,Alta
"Cultural, Art",False,Colosseum,Machu Picchu,56+,Larga(8-10h),Bajo,Rápido,Media,Buena,Media
Architecture,True,Taj Mahal,Colosseum,56+,Corta(1-4h),Medio,Lento,Media,Buena,Media
"Nature, Architecture",False,Machu Picchu,Machu Picchu,18-25,Larga(8-10h),Medio,Rápido,Media,Excelente,Media
"Architecture, History",True,Eiffel Tower,"Machu Picchu, Colosseum",46-55,Larga(8-10h),Medio,Lento,Media,Excelente,Media
"Cultural, History, Architecture",False,Eiffel Tower,"Colosseum, Taj Mahal",56+,Corta(1-4h),Alto,Lento,Media,Buena,Alta
Art,True,Taj Mahal,"Taj Mahal, Eiffel Tower",36-45,Larga(8-10h),Medio,Rápido,Media,Buena,Media
"Architecture, Cultural",True,Machu Picchu,"Machu Picchu, Great Wall of China, Taj Mahal",56+,Corta(1-4h),Alto,Normal,Alta,Excelente,Alta
"Cultural, History",False,Colosseum,Eiffel Tower,56+,Media(5-7h),Bajo,Rápido,Media,Excelente,Media
Art,True,Taj Mahal,"Taj Mahal, Eiffel Tower, Machu Picchu",36-45,Media(5-7h),Medio,Lento,Media,Buena,Media
"Cultural, Architecture",True,Eiffel Tower,"Great Wall of China, Taj Mahal, Colosseum",56+,Media(5-7h),Bajo,Lento,Media,Excelente,Media
"Architecture, Cultural, History",True,Taj Mahal,"Eiffel Tower, Taj Mahal",18-25,Media(5-7h),Alto,Lento,Media,Excelente,Alta
Nature,True,Eiffel Tower,"Taj Mahal, Colosseum, Eiffel Tower",36-45,Corta(1-4h),Medio,Normal,Media,Excelente,Media
"History, Architecture",False,Colosseum,"Machu Picchu, Eiffel Tower",18-25,Media(5-7h),Medio,Lento,Media,Excelente,Media
"Architecture, Nature",True,Machu Picchu,"Taj Mahal, Colosseum, Eiffel Tower",46-55,Corta(1-4h),Medio,Rápido,Alta,Buena,Media
"Art, Nature, History",False,Taj Mahal,"Great Wall of China, Eiffel Tower, Colosseum",36-45,Media(5-7h),Bajo,Rápido,Media,Excelente,Media
"History, Nature",True,Great Wall of China,Colosseum,56+,Media(5-7h),Bajo,Normal,Media,Buena,Media
"History, Architecture",True,Colosseum,"Eiffel Tower, Taj Mahal, Machu Picchu",46-55,Media(5-7h),Medio,Lento,Media,Buena,Media
"History, Cultural, Architecture",False,Machu Picchu,"Colosseum, Eiffel Tower",56+,Corta(1-4h),Medio,Normal,Media,Excelente,Media
Art,True,Machu Picchu,"Machu Picchu, Colosseum, Taj Mahal",46-55,Larga(8-10h),Bajo,Rápido,Alta,Buena,Media
Art,True,Colosseum,Colosseum,56+,Media(5-7h),Medio,Lento,Media,Excelente,Media
"History, Art",False,Eiffel Tower,"Taj Mahal, Eiffel Tower",36-45,Media(5-7h),Alto,Lento,Alta,Regular,Alta
Art,True,Taj Mahal,"Taj Mahal, Eiffel Tower",18-25,Larga(8-10h),Bajo,Rápido,Media,Buena,Media
Art,True,Machu Picchu,"Machu Picchu, Taj Mahal",26-35,Media(5-7h),Medio,Rápido,Media,Excelente,Media
"Cultural, Art, History",True,Eiffel Tower,"Eiffel Tower, Great Wall of China",46-55,Corta(1-4h),Alto,Rápido,Alta,Buena,Alta
"Art, History, Architecture",True,Machu Picchu,"Eiffel Tower, Great Wall of China",36-45,Media(5-7h),Bajo,Lento,Baja,Buena,Media
"Nature, Architecture, History",True,Colosseum,"Machu Picchu, Colosseum",36-45,Corta(1-4h),Bajo,Rápido,Baja,Excelente,Media
"Art, History, Nature",False,Eiffel Tower,"Colosseum, Eiffel Tower, Great Wall of China",36-45,Corta(1-4h),Alto,Lento,Media,Excelente,Alta
Cultural,True,Machu Picchu,Great Wall of China,56+,Media(5-7h),Alto,Lento,Media,Buena,Alta
Art,True,Taj Mahal,Machu Picchu,56+,Media(5-7h),Bajo,Normal,Media,Buena,Media
History,True,Eiffel Tower,"Machu Picchu, Colosseum",26-35,Corta(1-4h),Alto,Lento,Media,Buena,Alta
"History, Architecture",False,Eiffel Tower,"Colosseum, Eiffel Tower, Great Wall of China",18-25,Corta(1-4h),Alto,Lento,Alta,Excelente,Alta
"Cultural, History",False,Machu Picchu,"Taj Mahal, Colosseum, Great Wall of China",56+,Corta(1-4h),Medio,Lento,Media,Buena,Media
"History, Art, Nature",False,Great Wall of China,"Machu Picchu, Eiffel Tower, Taj Mahal",18-25,Media(5-7h),Medio,Rápido,Media,Buena,Media
"Art, Cultural",True,Great Wall of China,Colosseum,36-45,Corta(1-4h),Bajo,Rápido,Media,Excelente,Media
Cultural,True,Great Wall of China,Taj Mahal,26-35,Media(5-7h),Alto,Lento,Alta,Buena,Alta
Architecture,False,Machu Picchu,Great Wall of China,56+,Corta(1-4h),Bajo,Normal,Media,Buena,Media
Cultural,True,Taj Mahal,Eiffel Tower,36-45,Corta(1-4h),Alto,Normal,Media,Buena,Alta
"Architecture, Nature, Cultural",True,Great Wall of China,"Taj Mahal, Eiffel Tower, Great Wall of China",56+,Media(5-7h),Alto,Normal,Media,Buena,Alta
Art,False,Taj Mahal,Great Wall of China,56+,Corta(1-4h),Medio,Lento,Media,Buena,Media
"Nature, Cultural, Architecture",False,Taj Mahal,"Taj Mahal, Machu Picchu, Great Wall of China",56+,Larga(8-10h),Medio,Rápido,Alta,Buena,Media
"Art, Architecture",False,Great Wall of China,"Taj Mahal, Machu Picchu",56+,Media(5-7h),Medio,Lento,Alta,Excelente,Media
"Architecture, Cultural",False,Taj Mahal,"Colosseum, Eiffel Tower, Great Wall of China",56+,Larga(8-10h),Alto,Rápido,Alta,Buena,Alta
"Art, Cultural",True,Eiffel Tower,Taj Mahal,46-55,Corta(1-4h),Medio,Rápido,Media,Excelente,Media
"Cultural, History",False,Taj Mahal,"Machu Picchu, Great Wall of China, Colosseum",36-45,Corta(1-4h),Medio,Normal,Alta,Buena,Media
"Nature, Art, Architecture",True,Colosseum,"Colosseum, Machu Picchu, Taj Mahal",26-35,Media(5-7h),Medio,Rápido,Alta,Buena,Media
"Architecture, History, Nature",True,Eiffel Tower,"Colosseum, Eiffel Tower",56+,Corta(1-4h),Medio,Normal,Alta,Buena,Media
Cultural,False,Eiffel Tower,Colosseum,18-25,Media(5-7h),Alto,Rápido,Alta,Buena,Alta
Art,False,Eiffel Tower,Machu Picchu,36-45,Corta(1-4h),Alto,Lento,Media,Excelente,Alta
"Architecture, Art, Cultural",True,Colosseum,Great Wall of China,56+,Corta(1-4h),Medio,Lento,Alta,Excelente,Media
History,True,Colosseum,"Colosseum, Taj Mahal, Great Wall of China",18-25,Media(5-7h),Medio,Lento,Media,Buena,Media
"Nature, Architecture",False,Great Wall of China,"Colosseum, Machu Picchu, Eiffel Tower",18-25,Media(5-7h),Alto,Lento,Media,Buena,Alta
"History, Architecture",True,Colosseum,Colosseum,18-25,Larga(8-10h),Medio,Lento,Alta,Buena,Media
Art,True,Eiffel Tower,"Machu Picchu, Taj Mahal, Great Wall of China",56+,Media(5-7h),Medio,Lento,Media,Buena,Media
Art,False,Colosseum,Great Wall of China,46-55,Larga(8-10h),Alto,Normal,Media,Excelente,Alta
Nature,True,Colosseum,"Eiffel Tower, Machu Picchu",56+,Media(5-7h),Alto,Lento,Media,Buena,Alta
Architecture,False,Machu Picchu,"Colosseum, Eiffel Tower, Machu Picchu",18-25,Media(5-7h),Alto,Normal,Media,Buena,Alta
Nature,True,Machu Picchu,"Taj Mahal, Great Wall of China, Eiffel Tower",56+,Corta(1-4h),Alto,Rápido,Alta,Buena,Alta
"Nature, Art, Architecture",True,Colosseum,"Great Wall of China, Taj Mahal",46-55,Corta(1-4h),Bajo,Normal,Media,Buena,Media
Nature,False,Great Wall of China,Colosseum,56+,Media(5-7h),Medio,Normal,Alta,Buena,Media
"Nature, History, Art",True,Eiffel Tower,"Machu Picchu, Colosseum",36-45,Larga(8-10h),Alto,Normal,Alta,Excelente,Alta
"Cultural, Architecture",True,Colosseum,Great Wall of China,26-35,Corta(1-4h),Medio,Normal,Media,Buena,Media
"Architecture, Art, History",False,Machu Picchu,"Taj Mahal, Great Wall of China",56+,Corta(1-4h),Alto,Rápido,Alta,Excelente,Alta
"Nature, History",True,Colosseum,Colosseum,56+,Larga(8-10h),Medio,Lento,Baja,Excelente,Media
Nature,True,Eiffel Tower,"Machu Picchu, Eiffel Tower",26-35,Media(5-7h),Alto,Normal,Media,Buena,Alta
Architecture,False,Colosseum,"Great Wall of China, Colosseum",56+,Corta(1-4h),Alto,Rápido,Media,Excelente,Alta
"Architecture, Nature, Art",True,Great Wall of China,"Colosseum, Taj Mahal, Machu Picchu",36-45,Media(5-7h),Alto,Lento,Media,Excelente,Alta
Architecture,False,Machu Picchu,"Eiffel Tower, Colosseum",18-25,Corta(1-4h),Alto,Rápido,Media,Buena,Alta
"Nature, History",True,Eiffel Tower,"Great Wall of China, Taj Mahal",46-55,Larga(8-10h),Alto,Rápido,Alta,Excelente,Alta
"Art, Architecture, History",False,Taj Mahal,"Taj Mahal, Colosseum",36-45,Media(5-7h),Medio,Rápido,Media,Buena,Media
Nature,True,Colosseum,"Eiffel Tower, Taj Mahal",46-55,Media(5-7h),Alto,Lento,Alta,Buena,Alta
Cultural,True,Colosseum,Eiffel Tower,56+,Corta(1-4h),Medio,Normal,Alta,Buena,Media
"Art, Cultural",True,Colosseum,"Eiffel Tower, Colosseum, Machu Picchu",46-55,Media(5-7h),Medio,Lento,Media,Buena,Media
"History, Cultural, Nature",True,Great Wall of China,"Eiffel Tower, Machu Picchu",18-25,Corta(1-4h),Alto,Normal,Media,Buena,Alta
"Cultural, Architecture",True,Machu Picchu,"Great Wall of China, Taj Mahal, Machu Picchu",56+,Media(5-7h),Bajo,Lento,Media,Buena,Media
"Architecture, Cultural",False,Machu Picchu,"Great Wall of China, Colosseum",18-25,Corta(1-4h),Bajo,Lento,Alta,Buena,Media
Cultural,False,Colosseum,"Great Wall of China, Eiffel Tower",26-35,Media(5-7h),Bajo,Rápido,Media,Buena,Media
Architecture,False,Eiffel Tower,"Taj Mahal, Machu Picchu, Great Wall of China",56+,Media(5-7h),Medio,Rápido,Media,Excelente,Media
"Art, Cultural, Nature",False,Colosseum,"Eiffel Tower, Colosseum",56+,Media(5-7h),Medio,Lento,Media,Buena,Media
Nature,False,Colosseum,"Colosseum, Machu Picchu, Taj Mahal",36-45,Larga(8-10h),Bajo,Lento,Media,Excelente,Media
Nature,False,Eiffel Tower,"Machu Picchu, Eiffel Tower, Taj Mahal",26-35,Media(5-7h),Bajo,Lento,Media,Buena,Media
"Cultural, Art, History",False,Eiffel Tower,Taj Mahal,46-55,Media(5-7h),Medio,Normal,Baja,Excelente,Media
Art,False,Colosseum,"Eiffel Tower, Colosseum",56+,Larga(8-10h),Bajo,Normal,Media,Excelente,Media
"History, Cultural, Architecture",True,Great Wall of China,"Colosseum, Eiffel Tower, Taj Mahal",26-35,Media(5-7h),Bajo,Lento,Media,Excelente,Media
"Architecture, History, Art",False,Colosseum,"Taj Mahal, Eiffel Tower, Colosseum",56+,Media(5-7h),Alto,Lento,Media,Excelente,Alta
Cultural,True,Great Wall of China,"Machu Picchu, Great Wall of China, Taj Mahal",46-55,Larga(8-10h),Bajo,Normal,Media,Buena,Media
"Art, Architecture",False,Taj Mahal,"Eiffel Tower, Taj Mahal",36-45,Media(5-7h),Alto,Rápido,Alta,Excelente,Alta
"Architecture, History",True,Machu Picchu,"Machu Picchu, Colosseum",56+,Media(5-7h),Bajo,Lento,Media,Buena,Media
"History, Cultural",True,Machu Picchu,"Machu Picchu, Eiffel Tower",46-55,Corta(1-4h),Alto,Rápido,Media,Excelente,Alta
"Nature, History, Cultural",False,Great Wall of China,"Great Wall of China, Taj Mahal, Colosseum",18-25,Media(5-7h),Alto,Lento,Media,Regular,Alta
"Cultural, Nature",True,Colosseum,"Great Wall of China, Taj Mahal",36-45,Media(5-7h),Alto,Normal,Alta,Buena,Alta
"History, Cultural",True,Machu Picchu,Great Wall of China,46-55,Media(5-7h),Bajo,Lento,Media,Buena,Media
"Art, Cultural, Nature",True,Colosseum,"Colosseum, Machu Picchu",36-45,Media(5-7h),Bajo,Lento,Media,Excelente,Media
"Architecture, Cultural, Art",True,Taj Mahal,Colosseum,36-45,Corta(1-4h),Medio,Lento,Media,Excelente,Media
"Architecture, History, Art",True,Taj Mahal,"Eiffel Tower, Great Wall of China",26-35,Corta(1-4h),Bajo,Lento,Media,Buena,Media
"Art, History",False,Machu Picchu,Colosseum,18-25,Corta(1-4h),Alto,Lento,Media,Buena,Alta
Cultural,False,Machu Picchu,Colosseum,26-35,Corta(1-4h),Medio,Normal,Media,Buena,Media
"Art, Nature, History",False,Colosseum,"Machu Picchu, Great Wall of China, Eiffel Tower",36-45,Media(5-7h),Bajo,Rápido,Alta,Excelente,Media
"Architecture, Nature",False,Eiffel Tower,Colosseum,26-35,Corta(1-4h),Alto,Lento,Alta,Excelente,Alta
"Art, Nature, History",False,Great Wall of China,"Taj Mahal, Eiffel Tower, Machu Picchu",36-45,Corta(1-4h),Medio,Normal,Alta,Excelente,Media
Architecture,False,Colosseum,"Eiffel Tower, Colosseum, Machu Picchu",18-25,Media(5-7h),Alto,Rápido,Alta,Excelente,Alta
"Nature, History",False,Eiffel Tower,Colosseum,46-55,Media(5-7h),Alto,Rápido,Media,Buena,Alta
Architecture,True,Taj Mahal,"Eiffel Tower, Taj Mahal, Colosseum",36-45,Media(5-7h),Alto,Lento,Alta,Buena,Alta
Art,False,Machu Picchu,"Colosseum, Great Wall of China, Taj Mahal",46-55,Media(5-7h),Alto,Normal,Media,Buena,Alta
Architecture,False,Taj Mahal,Eiffel Tower,46-55,Media(5-7h),Medio,Rápido,Media,Buena,Alta
History,False,Machu Picchu,Taj Mahal,46-55,Media(5-7h),Medio,Rápido,Media,Excelente,Media
History,True,Machu Picchu,"Colosseum, Eiffel Tower, Taj Mahal",46-55,Corta(1-4h),Alto,Lento,Media,Excelente,Alta
Art,False,Colosseum,Eiffel Tower,56+,Corta(1-4h),Medio,Lento,Media,Excelente,Media
"Nature, History",True,Colosseum,"Colosseum, Machu Picchu, Great Wall of China",26-35,Media(5-7h),Medio,Normal,Media,Buena,Media
"History, Nature, Art",True,Eiffel Tower,"Machu Picchu, Colosseum",56+,Corta(1-4h),Bajo,Normal,Baja,Buena,Media
"Architecture, Art, Cultural",True,Taj Mahal,Great Wall of China,36-45,Media(5-7h),Medio,Rápido,Media,Buena,Media
"History, Architecture, Nature",False,Great Wall of China,"Great Wall of China, Taj Mahal, Eiffel Tower",46-55,Media(5-7h),Alto,Normal,Baja,Buena,Alta
"Art, Nature",False,Taj Mahal,"Taj Mahal, Eiffel Tower, Machu Picchu",36-45,Media(5-7h),Bajo,Lento,Media,Buena,Media
Art,True,Taj Mahal,Colosseum,36-45,Media(5-7h),Medio,Normal,Media,Buena,Media
"Nature, Art",True,Taj Mahal,"Eiffel Tower, Colosseum",46-55,Larga(8-10h),Alto,Rápido,Alta,Buena,Alta
Art,False,Colosseum,"Taj Mahal, Machu Picchu, Colosseum",26-35,Larga(8-10h),Medio,Lento,Media,Buena,Media
"Art, Architecture, Nature",True,Great Wall of China,Eiffel Tower,46-55,Corta(1-4h),Bajo,Lento,Alta,Excelente,Media
History,False,Taj Mahal,Eiffel Tower,56+,Corta(1-4h),Alto,Normal,Media,Excelente,Alta
"Art, Architecture",False,Taj Mahal,"Taj Mahal, Machu Picchu",18-25,Media(5-7h),Medio,Rápido,Alta,Excelente,Alta
"Nature, History, Architecture",True,Colosseum,"Taj Mahal, Eiffel Tower, Machu Picchu",56+,Media(5-7h),Medio,Lento,Media,Buena,Media
"Architecture, Nature, Art",True,Eiffel Tower,Colosseum,36-45,Corta(1-4h),Medio,Rápido,Media,Buena,Media
Cultural,True,Great Wall of China,"Machu Picchu, Great Wall of China, Eiffel Tower",56+,Corta(1-4h),Bajo,Lento,Alta,Buena,Media
Cultural,True,Machu Picchu,"Taj Mahal, Colosseum",46-55,Media(5-7h),Alto,Normal,Media,Buena,Alta
Art,True,Eiffel Tower,Taj Mahal,56+,Media(5-7h),Alto,Lento,Media,Buena,Alta
"History, Architecture",False,Machu Picchu,Eiffel Tower,46-55,Larga(8-10h),Alto,Rápido,Media,Regular,Alta
Architecture,False,Machu Picchu,Colosseum,36-45,Corta(1-4h),Bajo,Lento,Alta,Buena,Media
"History, Architecture, Nature",False,Machu Picchu,"Taj Mahal, Machu Picchu",36-45,Corta(1-4h),Alto,Rápido,Media,Excelente,Alta
Cultural,True,Great Wall of China,"Colosseum, Machu Picchu",18-25,Larga(8-10h),Medio,Normal,Media,Excelente,Media
Art,True,Machu Picchu,Eiffel Tower,46-55,Media(5-7h),Alto,Normal,Media,Excelente,Alta
Art,False,Machu Picchu,"Colosseum, Great Wall of China",36-45,Corta(1-4h),Alto,Rápido,Media,Buena,Alta
History,True,Machu Picchu,Colosseum,18-25,Media(5-7h),Medio,Lento,Alta,Buena,Media
Art,False,Machu Picchu,"Great Wall of China, Colosseum",36-45,Corta(1-4h),Bajo,Lento,Media,Buena,Media
Cultural,True,Eiffel Tower,"Colosseum, Machu Picchu, Great Wall of China",56+,Media(5-7h),Medio,Lento,Baja,Excelente,Media
"Nature, History, Architecture",False,Great Wall of China,"Taj Mahal, Machu Picchu, Colosseum",46-55,Corta(1-4h),Medio,Lento,Media,Buena,Media
"Cultural, Architecture",True,Taj Mahal,Great Wall of China,26-35,Media(5-7h),Alto,Rápido,Alta,Regular,Alta
"Architecture, Nature",True,Taj Mahal,"Great Wall of China, Machu Picchu, Taj Mahal",56+,Media(5-7h),Medio,Lento,Media,Excelente,Media
"History, Cultural",True,Eiffel Tower,"Machu Picchu, Great Wall of China",56+,Media(5-7h),Alto,Normal,Alta,Excelente,Alta
"Nature, Art, History",False,Machu Picchu,"Colosseum, Eiffel Tower",56+,Larga(8-10h),Bajo,Normal,Media,Buena,Media
"Art, History",True,Taj Mahal,"Taj Mahal, Colosseum, Eiffel Tower",18-25,Corta(1-4h),Medio,Rápido,Alta,Excelente,Media
"Art, Nature",True,Eiffel Tower,"Taj Mahal, Great Wall of China",36-45,Media(5-7h),Alto,Normal,Alta,Excelente,Alta
"History, Architecture",False,Taj Mahal,"Machu Picchu, Great Wall of China, Colosseum",26-35,Larga(8-10h),Medio,Lento,Alta,Buena,Media
"Art, History",True,Great Wall of China,"Eiffel Tower, Machu Picchu",26-35,Media(5-7h),Medio,Lento,Media,Excelente,Media
"Nature, Architecture, History",True,Machu Picchu,"Machu Picchu, Colosseum, Eiffel Tower",56+,Corta(1-4h),Medio,Normal,Media,Excelente,Alta
"History, Cultural, Nature",True,Machu Picchu,Great Wall of China,46-55,Media(5-7h),Medio,Lento,Alta,Buena,Media
"Architecture, History, Cultural",True,Colosseum,Machu Picchu,26-35,Media(5-7h),Medio,Lento,Media,Buena,Media
Architecture,False,Machu Picchu,"Colosseum, Great Wall of China, Taj Mahal",26-35,Media(5-7h),Alto,Lento,Alta,Buena,Alta
Cultural,True,Eiffel Tower,Eiffel Tower,56+,Corta(1-4h),Medio,Normal,Alta,Buena,Media
Art,False,Eiffel Tower,Taj Mahal,46-55,Media(5-7h),Alto,Lento,Media,Excelente,Alta
"Art, Nature",False,Eiffel Tower,"Great Wall of China, Taj Mahal, Eiffel Tower",56+,Corta(1-4h),Bajo,Rápido,Media,Excelente,Media
"Cultural, Nature, Architecture",False,Great Wall of China,"Great Wall of China, Colosseum, Eiffel Tower",26-35,Media(5-7h),Medio,Normal,Media,Excelente,Media
"Nature, Cultural",True,Taj Mahal,"Taj Mahal, Great Wall of China, Eiffel Tower",26-35,Media(5-7h),Bajo,Rápido,Media,Buena,Media
"Architecture, Cultural, Nature",True,Eiffel Tower,"Colosseum, Machu Picchu, Taj Mahal",18-25,Larga(8-10h),Medio,Rápido,Alta,Buena,Media
"Architecture, Art",True,Machu Picchu,"Eiffel Tower, Great Wall of China",56+,Corta(1-4h),Bajo,Normal,Media,Excelente,Media
"Art, Cultural",True,Great Wall of China,"Eiffel Tower, Taj Mahal, Great Wall of China",56+,Media(5-7h),Medio,Rápido,Alta,Excelente,Media
"Art, Architecture, History",False,Eiffel Tower,Great Wall of China,36-45,Corta(1-4h),Medio,Lento,Alta,Excelente,Media
"Cultural, Art, Nature",False,Machu Picchu,"Great Wall of China, Colosseum, Machu Picchu",18-25,Media(5-7h),Medio,Lento,Media,Excelente,Media
Nature,True,Colosseum,"Colosseum, Great Wall of China",26-35,Corta(1-4h),Bajo,Normal,Alta,Excelente,Media
"Art, Nature",False,Great Wall of China,"Great Wall of China, Machu Picchu",56+,Media(5-7h),Bajo,Normal,Alta,Buena,Media
"Nature, Art, History",False,Machu Picchu,"Eiffel Tower, Colosseum",18-25,Corta(1-4h),Bajo,Rápido,Media,Excelente,Media
Architecture,True,Great Wall of China,"Colosseum, Great Wall of China",36-45,Corta(1-4h),Alto,Lento,Alta,Excelente,Alta
"Architecture, History",True,Eiffel Tower,"Great Wall of China, Taj Mahal",46-55,Larga(8-10h),Bajo,Lento,Media,Buena,Media
"Cultural, Art",False,Machu Picchu,"Machu Picchu, Great Wall of China",36-45,Larga(8-10h),Bajo,Normal,Alta,Regular,Media
Nature,False,Machu Picchu,Eiffel Tower,56+,Corta(1-4h),Bajo,Lento,Media,Buena,Media
"Art, History",True,Great Wall of China,Colosseum,36-45,Media(5-7h),Alto,Lento,Media,Regular,Alta
History,False,Great Wall of China,"Great Wall of China, Colosseum",56+,Larga(8-10h),Alto,Lento,Media,Buena,Alta
"Art, Cultural",True,Taj Mahal,"Colosseum, Taj Mahal",26-35,Media(5-7h),Alto,Rápido,Media,Excelente,Alta
History,True,Great Wall of China,"Taj Mahal, Colosseum",18-25,Larga(8-10h),Medio,Normal,Media,Buena,Media
Art,False,Great Wall of China,"Great Wall of China, Colosseum",56+,Corta(1-4h),Alto,Normal,Media,Buena,Alta
"Cultural, Architecture, History",True,Machu Picchu,"Colosseum, Taj Mahal, Great Wall of China",46-55,Corta(1-4h),Alto,Lento,Media,Buena,Alta
History,True,Great Wall of China,"Eiffel Tower, Colosseum",56+,Larga(8-10h),Medio,Lento,Alta,Excelente,Media
"History, Nature",True,Machu Picchu,Machu Picchu,26-35,Media(5-7h),Medio,Lento,Media,Buena,Media
Cultural,False,Machu Picchu,"Machu Picchu, Colosseum",26-35,Larga(8-10h),Medio,Rápido,Alta,Buena,Media
"Art, History, Nature",False,Colosseum,Eiffel Tower,18-25,Media(5-7h),Alto,Normal,Media,Buena,Alta
"Cultural, Nature, History",True,Taj Mahal,"Taj Mahal, Machu Picchu",18-25,Media(5-7h),Bajo,Lento,Media,Buena,Media
Nature,False,Great Wall of China,"Great Wall of China, Eiffel Tower",46-55,Larga(8-10h),Alto,Lento,Media,Buena,Alta
Art,False,Machu Picchu,Great Wall of China,46-55,Larga(8-10h),Bajo,Normal,Media,Buena,Media
"Architecture, Art, Nature",True,Colosseum,"Colosseum, Taj Mahal, Eiffel Tower",46-55,Corta(1-4h),Alto,Normal,Alta,Buena,Alta
Cultural,True,Machu Picchu,"Colosseum, Taj Mahal",56+,Media(5-7h),Bajo,Lento,Alta,Buena,Media
"Architecture, Nature",False,Machu Picchu,"Great Wall of China, Taj Mahal, Machu Picchu",56+,Media(5-7h),Bajo,Lento,Media,Excelente,Media
Cultural,False,Great Wall of China,Great Wall of China,46-55,Corta(1-4h),Medio,Rápido,Media,Buena,Media
Cultural,False,Machu Picchu,"Great Wall of China, Colosseum, Taj Mahal",18-25,Media(5-7h),Alto,Lento,Media,Excelente,Alta
Architecture,False,Colosseum,Eiffel Tower,26-35,Media(5-7h),Medio,Rápido,Alta,Excelente,Media
Architecture,False,Eiffel Tower,"Great Wall of China, Taj Mahal",26-35,Corta(1-4h),Alto,Lento,Alta,Buena,Alta
Architecture,True,Machu Picchu,"Colosseum, Eiffel Tower, Great Wall of China",56+,Larga(8-10h),Medio,Lento,Media,Buena,Media
Art,True,Taj Mahal,"Machu Picchu, Taj Mahal",26-35,Media(5-7h),Bajo,Normal,Alta,Excelente,Media
"Nature, Cultural",True,Machu Picchu,Great Wall of China,18-25,Corta(1-4h),Alto,Lento,Alta,Excelente,Alta
"Cultural, History, Art",False,Great Wall of China,Taj Mahal,36-45,Corta(1-4h),Medio,Lento,Media,Excelente,Media
Cultural,False,Great Wall of China,"Colosseum, Eiffel Tower",46-55,Corta(1-4h),Alto,Lento,Media,Excelente,Alta
"Art, Nature",False,Taj Mahal,"Taj Mahal, Great Wall of China",36-45,Media(5-7h),Bajo,Lento,Alta,Excelente,Media
"Nature, Cultural",True,Colosseum,"Eiffel Tower, Machu Picchu",46-55,Media(5-7h),Bajo,Normal,Media,Excelente,Media
History,True,Great Wall of China,Eiffel Tower,18-25,Corta(1-4h),Medio,Rápido,Media,Buena,Media
"Architecture, Cultural, Nature",False,Great Wall of China,"Colosseum, Machu Picchu, Taj Mahal",18-25,Media(5-7h),Alto,Rápido,Media,Excelente,Alta
"History, Architecture",True,Great Wall of China,Colosseum,18-25,Media(5-7h),Medio,Normal,Media,Excelente,Media
"Cultural, Architecture",False,Machu Picchu,"Colosseum, Great Wall of China, Taj Mahal",56+,Corta(1-4h),Medio,Rápido,Media,Excelente,Media
Nature,True,Machu Picchu,Eiffel Tower,26-35,Larga(8-10h),Bajo,Rápido,Alta,Excelente,Media
"Nature, Architecture, Cultural",True,Machu Picchu,"Colosseum, Great Wall of China, Machu Picchu",18-25,Corta(1-4h),Alto,Rápido,Media,Excelente,Alta
"Cultural, Nature, History",True,Machu Picchu,Machu Picchu,46-55,Larga(8-10h),Bajo,Lento,Media,Buena,Media
"History, Cultural, Architecture",False,Machu Picchu,Eiffel Tower,26-35,Media(5-7h),Medio,Lento,Alta,Buena,Media
"Nature, Art, Cultural",False,Eiffel Tower,"Colosseum, Eiffel Tower",36-45,Media(5-7h),Medio,Normal,Alta,Excelente,Media
Cultural,False,Colosseum,"Machu Picchu, Colosseum, Taj Mahal",36-45,Media(5-7h),Alto,Normal,Media,Buena,Alta
"Art, Cultural",False,Taj Mahal,Colosseum,26-35,Media(5-7h),Bajo,Lento,Alta,Excelente,Media
"Cultural, Architecture, Art",True,Eiffel Tower,"Taj Mahal, Colosseum",46-55,Media(5-7h),Bajo,Lento,Alta,Buena,Media
"Architecture, Art, History",False,Machu Picchu,"Eiffel Tower, Colosseum, Taj Mahal",46-55,Media(5-7h),Bajo,Lento,Media,Excelente,Media
"History, Architecture, Cultural",False,Great Wall of China,"Colosseum, Taj Mahal",56+,Media(5-7h),Bajo,Normal,Alta,Regular,Media
Nature,True,Taj Mahal,"Colosseum, Machu Picchu, Taj Mahal",26-35,Larga(8-10h),Alto,Rápido,Media,Buena,Alta
"Cultural, Architecture, History",False,Eiffel Tower,Colosseum,56+,Larga(8-10h),Medio,Normal,Media,Buena,Alta
"Cultural, Art",False,Colosseum,"Machu Picchu, Eiffel Tower, Colosseum",26-35,Media(5-7h),Bajo,Normal,Alta,Buena,Media
"Architecture, Nature, Art",True,Taj Mahal,Eiffel Tower,56+,Corta(1-4h),Alto,Normal,Media,Buena,Alta
Architecture,True,Great Wall of China,Eiffel Tower,56+,Corta(1-4h),Alto,Lento,Media,Buena,Alta
"Architecture, Art, Nature",False,Eiffel Tower,"Great Wall of China, Taj Mahal",46-55,Media(5-7h),Alto,Lento,Media,Buena,Alta
"Nature, Architecture",True,Eiffel Tower,"Eiffel Tower, Machu Picchu, Taj Mahal",56+,Larga(8-10h),Alto,Lento,Baja,Excelente,Alta
Cultural,True,Colosseum,"Eiffel Tower, Colosseum, Great Wall of China",36-45,Corta(1-4h),Bajo,Lento,Media,Buena,Media
"History, Nature, Cultural",True,Machu Picchu,"Great Wall of China, Colosseum",56+,Media(5-7h),Medio,Lento,Media,Excelente,Media
Art,False,Eiffel Tower,Machu Picchu,46-55,Media(5-7h),Medio,Rápido,Baja,Buena,Media
Cultural,True,Great Wall of China,Eiffel Tower,26-35,Media(5-7h),Medio,Normal,Media,Buena,Media
"History, Cultural, Nature",False,Colosseum,"Machu Picchu, Eiffel Tower, Taj Mahal",56+,Larga(8-10h),Bajo,Lento,Media,Excelente,Media
"Art, Cultural",True,Taj Mahal,"Great Wall of China, Machu Picchu",46-55,Media(5-7h),Medio,Lento,Media,Excelente,Alta
Art,False,Taj Mahal,Great Wall of China,36-45,Media(5-7h),Medio,Rápido,Media,Excelente,Media
"Art, Architecture, History",False,Eiffel Tower,Machu Picchu,26-35,Media(5-7h),Alto,Lento,Alta,Buena,Alta
"Art, Architecture",False,Taj Mahal,Great Wall of China,56+,Corta(1-4h),Medio,Normal,Media,Buena,Media
"Art, Cultural, History",False,Machu Picchu,"Eiffel Tower, Colosseum, Taj Mahal",18-25,Corta(1-4h),Bajo,Lento,Alta,Excelente,Media
"History, Cultural",False,Eiffel Tower,Taj Mahal,26-35,Larga(8-10h),Medio,Normal,Alta,Buena,Media
"Nature, Cultural",False,Eiffel Tower,"Colosseum, Eiffel Tower",26-35,Larga(8-10h),Alto,Lento,Alta,Buena,Alta
"Nature, History",False,Taj Mahal,"Great Wall of China, Eiffel Tower, Colosseum",26-35,Corta(1-4h),Medio,Lento,Media,Excelente,Media
"History, Architecture",False,Colosseum,Colosseum,26-35,Media(5-7h),Bajo,Lento,Media,Buena,Media
Art,False,Machu Picchu,"Great Wall of China, Machu Picchu, Colosseum",36-45,Corta(1-4h),Bajo,Rápido,Media,Buena,Media
"History, Architecture",False,Eiffel Tower,"Colosseum, Machu Picchu, Eiffel Tower",18-25,Corta(1-4h),Alto,Normal,Media,Excelente,Alta
"Cultural, Nature",False,Great Wall of China,Machu Picchu,18-25,Media(5-7h),Alto,Lento,Baja,Buena,Alta
"Architecture, Art",False,Colosseum,"Taj Mahal, Great Wall of China",56+,Larga(8-10h),Alto,Lento,Media,Buena,Alta
Nature,False,Great Wall of China,"Eiffel Tower, Taj Mahal, Great Wall of China",36-45,Media(5-7h),Bajo,Normal,Media,Buena,Media
"History, Art, Nature",True,Colosseum,Taj Mahal,18-25,Media(5-7h),Medio,Lento,Media,Buena,Media
"Architecture, Nature",False,Machu Picchu,Eiffel Tower,56+,Media(5-7h),Bajo,Normal,Alta,Buena,Media
Architecture,True,Machu Picchu,"Taj Mahal, Machu Picchu",56+,Media(5-7h),Medio,Normal,Media,Excelente,Media
"Art, Cultural",True,Taj Mahal,"Eiffel Tower, Taj Mahal, Machu Picchu",18-25,Corta(1-4h),Bajo,Normal,Media,Excelente,Media
"Architecture, Art, Nature",False,Eiffel Tower,Eiffel Tower,36-45,Media(5-7h),Medio,Rápido,Media,Excelente,Media
"Nature, History, Architecture",False,Eiffel Tower,Colosseum,26-35,Corta(1-4h),Medio,Lento,Alta,Buena,Media
"Nature, Cultural, History",True,Taj Mahal,Taj Mahal,46-55,Corta(1-4h),Medio,Normal,Alta,Excelente,Media
"Architecture, Nature",True,Machu Picchu,"Eiffel Tower, Colosseum, Machu Picchu",26-35,Corta(1-4h),Bajo,Normal,Media,Excelente,Media
"Architecture, Art",False,Taj Mahal,Taj Mahal,56+,Media(5-7h),Medio,Lento,Media,Buena,Media
"Cultural, Nature",False,Taj Mahal,Great Wall of China,56+,Corta(1-4h),Bajo,Lento,Baja,Regular,Media
"Art, Nature",False,Great Wall of China,"Eiffel Tower, Great Wall of China, Taj Mahal",46-55,Media(5-7h),Bajo,Lento,Media,Buena,Media
"History, Cultural",True,Eiffel Tower,"Machu Picchu, Taj Mahal, Colosseum",56+,Corta(1-4h),Medio,Lento,Alta,Excelente,Media
Cultural,True,Great Wall of China,"Eiffel Tower, Great Wall of China, Machu Picchu",18-25,Media(5-7h),Medio,Rápido,Media,Excelente,Media
"Art, Nature, Architecture",False,Eiffel Tower,"Machu Picchu, Taj Mahal",46-55,Media(5-7h),Medio,Normal,Media,Excelente,Media
"Nature, Cultural, Art",True,Eiffel Tower,Machu Picchu,36-45,Media(5-7h),Medio,Normal,Alta,Buena,Media
Nature,False,Taj Mahal,"Colosseum, Eiffel Tower",56+,Media(5-7h),Alto,Lento,Media,Excelente,Alta
"Art, History",False,Great Wall of China,"Great Wall of China, Taj Mahal",26-35,Media(5-7h),Bajo,Normal,Baja,Excelente,Media
"Cultural, Architecture, Art",True,Colosseum,"Great Wall of China, Colosseum",56+,Media(5-7h),Medio,Normal,Alta,Buena,Media
"Architecture, Art",False,Taj Mahal,Eiffel Tower,36-45,Corta(1-4h),Medio,Rápido,Alta,Excelente,Media
"Architecture, Nature, Art",False,Eiffel Tower,"Taj Mahal, Colosseum",36-45,Media(5-7h),Medio,Normal,Alta,Regular,Media
Art,False,Colosseum,"Eiffel Tower, Great Wall of China",56+,Corta(1-4h),Alto,Normal,Media,Buena,Alta
Cultural,True,Taj Mahal,"Machu Picchu, Great Wall of China",26-35,Corta(1-4h),Medio,Rápido,Alta,Excelente,Media
Nature,True,Taj Mahal,Machu Picchu,18-25,Media(5-7h),Alto,Normal,Alta,Buena,Alta
"Cultural, Architecture",True,Colosseum,"Great Wall of China, Colosseum, Machu Picchu",46-55,Larga(8-10h),Medio,Normal,Media,Buena,Media
Art,True,Machu Picchu,Colosseum,26-35,Media(5-7h),Medio,Rápido,Alta,Excelente,Media
"History, Art, Architecture",False,Taj Mahal,"Machu Picchu, Great Wall of China",56+,Media(5-7h),Bajo,Normal,Media,Excelente,Media
Art,False,Colosseum,"Great Wall of China, Taj Mahal",26-35,Larga(8-10h),Bajo,Rápido,Media,Regular,Media
"Cultural, Art",False,Eiffel Tower,Eiffel Tower,18-25,Media(5-7h),Alto,Normal,Media,Excelente,Alta
"History, Art",True,Machu Picchu,"Great Wall of China, Colosseum",18-25,Corta(1-4h),Bajo,Rápido,Media,Buena,Media
"Cultural, Art",True,Machu Picchu,"Great Wall of China, Eiffel Tower",56+,Corta(1-4h),Bajo,Lento,Alta,Excelente,Media
"Art, Nature, Architecture",True,Colosseum,"Eiffel Tower, Great Wall of China",26-35,Corta(1-4h),Bajo,Lento,Media,Regular,Media
"Art, Nature, Architecture",True,Colosseum,"Great Wall of China, Colosseum",18-25,Media(5-7h),Bajo,Rápido,Media,Buena,Media
Art,False,Colosseum,Great Wall of China,18-25,Media(5-7h),Alto,Lento,Media,Buena,Alta
"Art, Architecture",True,Eiffel Tower,"Machu Picchu, Taj Mahal",26-35,Corta(1-4h),Medio,Lento,Alta,Excelente,Media
"History, Cultural",True,Taj Mahal,"Eiffel Tower, Great Wall of China, Colosseum",56+,Larga(8-10h),Medio,Lento,Media,Excelente,Alta
"History, Art, Cultural",True,Taj Mahal,"Taj Mahal, Eiffel Tower, Great Wall of China",26-35,Media(5-7h),Medio,Rápido,Media,Buena,Media
Architecture,False,Taj Mahal,Taj Mahal,46-55,Media(5-7h),Bajo,Normal,Alta,Excelente,Media
"Cultural, Nature",True,Taj Mahal,"Machu Picchu, Eiffel Tower",36-45,Media(5-7h),Alto,Normal,Alta,Excelente,Alta
"Cultural, Nature",True,Great Wall of China,"Great Wall of China, Eiffel Tower",18-25,Media(5-7h),Bajo,Rápido,Alta,Buena,Media
Cultural,False,Eiffel Tower,"Machu Picchu, Great Wall of China",36-45,Media(5-7h),Bajo,Lento,Alta,Buena,Media
Nature,True,Great Wall of China,"Taj Mahal, Machu Picchu",56+,Media(5-7h),Medio,Rápido,Media,Regular,Media
"History, Nature, Architecture",True,Eiffel Tower,Great Wall of China,46-55,Larga(8-10h),Bajo,Lento,Media,Regular,Media
"Architecture, Nature",True,Eiffel Tower,"Eiffel Tower, Machu Picchu, Taj Mahal",56+,Media(5-7h),Alto,Lento,Media,Excelente,Alta
"Architecture, Cultural",True,Machu Picchu,Machu Picchu,46-55,Media(5-7h),Bajo,Lento,Media,Excelente,Media
Architecture,True,Colosseum,"Taj Mahal, Colosseum",18-25,Media(5-7h),Medio,Rápido,Media,Buena,Media
Art,False,Eiffel Tower,Machu Picchu,36-45,Media(5-7h),Alto,Normal,Alta,Excelente,Alta
"Nature, Architecture",True,Eiffel Tower,"Eiffel Tower, Taj Mahal",36-45,Corta(1-4h),Medio,Lento,Alta,Excelente,Media
"Nature, History, Cultural",True,Taj Mahal,Machu Picchu,36-45,Media(5-7h),Medio,Lento,Alta,Buena,Media
"Nature, Cultural, History",True,Taj Mahal,"Great Wall of China, Eiffel Tower",36-45,Corta(1-4h),Alto,Lento,Alta,Buena,Alta
"Cultural, Architecture",False,Machu Picchu,Taj Mahal,56+,Media(5-7h),Medio,Normal,Media,Excelente,Media
"History, Nature, Cultural",False,Machu Picchu,"Taj Mahal, Colosseum, Eiffel Tower",18-25,Media(5-7h),Medio,Normal,Alta,Buena,Media
"Art, Nature",True,Taj Mahal,Machu Picchu,56+,Media(5-7h),Medio,Rápido,Alta,Buena,Media
"Nature, Architecture",False,Eiffel Tower,"Colosseum, Eiffel Tower, Great Wall of China",56+,Corta(1-4h),Alto,Lento,Media,Buena,Alta
"Nature, Architecture",False,Colosseum,"Colosseum, Taj Mahal, Machu Picchu",18-25,Media(5-7h),Alto,Normal,Media,Buena,Alta
"Cultural, Art, Architecture",True,Eiffel Tower,"Colosseum, Taj Mahal, Eiffel Tower",56+,Corta(1-4h),Medio,Rápido,Media,Buena,Media
"Architecture, Art",True,Colosseum,"Great Wall of China, Colosseum",18-25,Media(5-7h),Medio,Lento,Alta,Excelente,Media
"Art, Nature",False,Colosseum,"Eiffel Tower, Machu Picchu, Colosseum",36-45,Larga(8-10h),Medio,Rápido,Media,Excelente,Media
"Art, History, Nature",True,Colosseum,Eiffel Tower,26-35,Larga(8-10h),Alto,Lento,Alta,Buena,Alta
"Art, Cultural, Architecture",True,Machu Picchu,"Colosseum, Eiffel Tower, Machu Picchu",26-35,Corta(1-4h),Medio,Rápido,Alta,Excelente,Media
"Architecture, History, Art",True,Taj Mahal,"Eiffel Tower, Great Wall of China, Colosseum",56+,Corta(1-4h),Bajo,Lento,Media,Buena,Media
"Nature, History",False,Colosseum,Great Wall of China,26-35,Media(5-7h),Alto,Normal,Media,Buena,Alta
"Cultural, History",False,Eiffel Tower,"Machu Picchu, Great Wall of China",46-55,Larga(8-10h),Medio,Lento,Media,Buena,Media
"History, Cultural, Nature",False,Taj Mahal,"Colosseum, Eiffel Tower, Machu Picchu",36-45,Larga(8-10h),Alto,Lento,Media,Excelente,Alta
Architecture,True,Taj Mahal,"Machu Picchu, Colosseum, Eiffel Tower",26-35,Media(5-7h),Alto,Lento,Media,Regular,Alta
Architecture,True,Machu Picchu,"Taj Mahal, Great Wall of China, Machu Picchu",46-55,Corta(1-4h),Bajo,Lento,Media,Buena,Media
History,False,Taj Mahal,"Machu Picchu, Eiffel Tower, Colosseum",56+,Media(5-7h),Medio,Lento,Media,Excelente,Media
"Cultural, Architecture, History",False,Great Wall of China,"Great Wall of China, Machu Picchu, Eiffel Tower",18-25,Media(5-7h),Bajo,Lento,Media,Buena,Media
Architecture,False,Great Wall of China,"Taj Mahal, Eiffel Tower, Great Wall of China",18-25,Media(5-7h),Medio,Normal,Media,Buena,Media
Nature,False,Colosseum,"Eiffel Tower, Colosseum",56+,Corta(1-4h),Medio,Lento,Media,Regular,Media
History,False,Machu Picchu,"Machu Picchu, Colosseum",26-35,Larga(8-10h),Medio,Lento,Media,Excelente,Media
Cultural,False,Great Wall of China,Machu Picchu,26-35,Media(5-7h),Bajo,Lento,Media,Excelente,Media
"Nature, Architecture",False,Taj Mahal,"Taj Mahal, Colosseum, Eiffel Tower",56+,Media(5-7h),Medio,Lento,Alta,Excelente,Alta
"Nature, Art, Architecture",True,Great Wall of China,"Great Wall of China, Eiffel Tower, Colosseum",56+,Larga(8-10h),Alto,Normal,Media,Buena,Alta
"Architecture, History",False,Eiffel Tower,"Taj Mahal, Machu Picchu",46-55,Media(5-7h),Bajo,Rápido,Alta,Buena,Media
"Architecture, Cultural",False,Eiffel Tower,"Eiffel Tower, Taj Mahal",26-35,Media(5-7h),Alto,Rápido,Media,Buena,Alta
"Cultural, Nature, History",True,Taj Mahal,"Taj Mahal, Great Wall of China",36-45,Media(5-7h),Alto,Rápido,Media,Excelente,Alta
"Nature, History, Cultural",False,Machu Picchu,"Great Wall of China, Eiffel Tower, Taj Mahal",18-25,Media(5-7h),Alto,Normal,Media,Buena,Alta
"Architecture, History, Cultural",True,Machu Picchu,Eiffel Tower,46-55,Larga(8-10h),Bajo,Lento,Baja,Buena,Media
"Nature, History, Architecture",True,Great Wall of China,"Colosseum, Machu Picchu, Eiffel Tower",56+,Corta(1-4h),Medio,Normal,Media,Excelente,Media
Art,True,Eiffel Tower,Colosseum,26-35,Media(5-7h),Alto,Rápido,Alta,Excelente,Alta
"Nature, Art, Cultural",True,Great Wall of China,"Great Wall of China, Colosseum",46-55,Larga(8-10h),Medio,Rápido,Media,Buena,Media
Art,True,Colosseum,"Taj Mahal, Great Wall of China",36-45,Media(5-7h),Bajo,Lento,Media,Excelente,Media
Cultural,False,Machu Picchu,"Colosseum, Great Wall of China, Eiffel Tower",56+,Media(5-7h),Medio,Rápido,Alta,Excelente,Media
Architecture,True,Colosseum,"Machu Picchu, Great Wall of China, Taj Mahal",56+,Media(5-7h),Medio,Normal,Baja,Buena,Media
"Architecture, History, Art",False,Machu Picchu,"Eiffel Tower, Machu Picchu",56+,Corta(1-4h),Medio,Lento,Baja,Buena,Media
"Cultural, Art",False,Machu Picchu,Taj Mahal,46-55,Corta(1-4h),Alto,Rápido,Media,Buena,Alta
Art,True,Machu Picchu,"Eiffel Tower, Great Wall of China",26-35,Larga(8-10h),Bajo,Normal,Alta,Regular,Media
"Cultural, Architecture",True,Eiffel Tower,Great Wall of China,26-35,Media(5-7h),Alto,Normal,Alta,Buena,Alta
"Art, Architecture",False,Eiffel Tower,"Eiffel Tower, Taj Mahal, Colosseum",46-55,Media(5-7h),Bajo,Normal,Media,Excelente,Media
"Nature, Art, History",False,Great Wall of China,"Eiffel Tower, Taj Mahal, Machu Picchu",56+,Media(5-7h),Alto,Rápido,Media,Buena,Alta
"Art, Cultural, Nature",True,Taj Mahal,"Colosseum, Taj Mahal",26-35,Larga(8-10h),Alto,Lento,Alta,Excelente,Alta
"Nature, Architecture, History",False,Colosseum,Great Wall of China,18-25,Media(5-7h),Alto,Normal,Media,Excelente,Alta
"Art, Cultural",False,Machu Picchu,Colosseum,46-55,Corta(1-4h),Alto,Rápido,Media,Buena,Alta
"Cultural, Architecture, Nature",True,Eiffel Tower,"Machu Picchu, Colosseum",18-25,Media(5-7h),Alto,Normal,Alta,Excelente,Alta
Art,True,Machu Picchu,"Taj Mahal, Colosseum, Great Wall of China",56+,Media(5-7h),Medio,Rápido,Media,Excelente,Media
"Nature, Art",True,Colosseum,"Great Wall of China, Taj Mahal",36-45,Media(5-7h),Medio,Rápido,Alta,Buena,Media
"Cultural, History, Architecture",True,Eiffel Tower,Eiffel Tower,26-35,Media(5-7h),Bajo,Normal,Media,Excelente,Media
Architecture,True,Eiffel Tower,"Colosseum, Taj Mahal, Great Wall of China",36-45,Media(5-7h),Bajo,Lento,Media,Buena,Media
"Nature, History, Architecture",True,Colosseum,"Machu Picchu, Taj Mahal",18-25,Larga(8-10h),Medio,Rápido,Baja,Excelente,Media
"Cultural, History",False,Eiffel Tower,"Machu Picchu, Eiffel Tower, Great Wall of China",36-45,Corta(1-4h),Bajo,Normal,Media,Buena,Media
Architecture,False,Taj Mahal,"Taj Mahal, Machu Picchu, Great Wall of China",56+,Media(5-7h),Medio,Lento,Baja,Buena,Media
Nature,False,Taj Mahal,"Colosseum, Eiffel Tower, Great Wall of China",56+,Media(5-7h),Alto,Normal,Media,Excelente,Alta
"Nature, History",True,Eiffel Tower,"Machu Picchu, Taj Mahal, Great Wall of China",56+,Larga(8-10h),Medio,Normal,Media,Excelente,Media
Architecture,False,Great Wall of China,"Great Wall of China, Taj Mahal",56+,Media(5-7h),Medio,Lento,Alta,Excelente,Media
Architecture,True,Colosseum,"Eiffel Tower, Colosseum, Taj Mahal",56+,Corta(1-4h),Alto,Normal,Media,Buena,Alta
"Nature, Architecture",False,Machu Picchu,Colosseum,26-35,Media(5-7h),Bajo,Rápido,Alta,Regular,Media
"Cultural, History, Nature",False,Eiffel Tower,"Great Wall of China, Taj Mahal, Eiffel Tower",36-45,Larga(8-10h),Medio,Lento,Media,Excelente,Media
Architecture,False,Machu Picchu,"Taj Mahal, Eiffel Tower, Great Wall of China",26-35,Larga(8-10h),Bajo,Rápido,Baja,Excelente,Media
Cultural,True,Eiffel Tower,Great Wall of China,36-45,Corta(1-4h),Alto,Rápido,Alta,Excelente,Alta
"Art, Nature",True,Taj Mahal,"Taj Mahal, Eiffel Tower",56+,Corta(1-4h),Bajo,Rápido,Media,Excelente,Media
"Nature, Architecture, Cultural",False,Machu Picchu,"Taj Mahal, Great Wall of China",36-45,Larga(8-10h),Medio,Lento,Media,Buena,Media
Architecture,True,Taj Mahal,Colosseum,56+,Larga(8-10h),Alto,Normal,Alta,Buena,Alta
Cultural,False,Machu Picchu,"Eiffel Tower, Taj Mahal",18-25,Media(5-7h),Alto,Lento,Media,Excelente,Alta
"Cultural, Nature",False,Taj Mahal,"Machu Picchu, Great Wall of China",56+,Corta(1-4h),Alto,Normal,Alta,Excelente,Alta
History,True,Colosseum,Machu Picchu,36-45,Larga(8-10h),Alto,Lento,Media,Excelente,Alta
"Nature, Art",True,Taj Mahal,"Machu Picchu, Colosseum",56+,Media(5-7h),Bajo,Normal,Media,Excelente,Media
"Architecture, History, Art",False,Great Wall of China,"Taj Mahal, Eiffel Tower, Great Wall of China",56+,Media(5-7h),Alto,Normal,Alta,Buena,Alta
"Architecture, Cultural, Nature",False,Colosseum,"Great Wall of China, Colosseum",18-25,Media(5-7h),Bajo,Normal,Alta,Excelente,Media
Art,True,Taj Mahal,Eiffel Tower,26-35,Corta(1-4h),Bajo,Normal,Media,Buena,Media
Nature,False,Great Wall of China,"Taj Mahal, Great Wall of China, Colosseum",46-55,Media(5-7h),Alto,Lento,Media,Buena,Alta
"Art, Cultural, Architecture",False,Taj Mahal,"Great Wall of China, Taj Mahal, Machu Picchu",18-25,Media(5-7h),Bajo,Rápido,Media,Buena,Media
"Nature, Art, History",True,Machu Picchu,Eiffel Tower,26-35,Media(5-7h),Medio,Rápido,Media,Excelente,Media
"History, Architecture",True,Colosseum,"Taj Mahal, Colosseum",56+,Larga(8-10h),Bajo,Normal,Baja,Excelente,Media
Nature,False,Machu Picchu,Machu Picchu,36-45,Larga(8-10h),Medio,Rápido,Alta,Buena,Media
Cultural,True,Great Wall of China,"Eiffel Tower, Colosseum, Great Wall of China",46-55,Larga(8-10h),Bajo,Lento,Alta,Buena,Media
"Nature, Art, Cultural",True,Eiffel Tower,"Taj Mahal, Eiffel Tower, Colosseum",56+,Media(5-7h),Alto,Rápido,Alta,Regular,Alta
Nature,True,Great Wall of China,"Taj Mahal, Great Wall of China, Eiffel Tower",46-55,Media(5-7h),Medio,Lento,Alta,Buena,Media
"Architecture, Nature",False,Colosseum,"Eiffel Tower, Great Wall of China",18-25,Larga(8-10h),Bajo,Rápido,Media,Excelente,Media
Nature,True,Colosseum,"Machu Picchu, Taj Mahal",46-55,Corta(1-4h),Alto,Rápido,Media,Buena,Alta
"Art, Architecture",True,Great Wall of China,"Colosseum, Eiffel Tower",56+,Corta(1-4h),Medio,Normal,Alta,Excelente,Media
"Architecture, Art",True,Taj Mahal,"Great Wall of China, Eiffel Tower, Taj Mahal",56+,Corta(1-4h),Medio,Lento,Media,Buena,Media
Art,True,Eiffel Tower,Eiffel Tower,56+,Larga(8-10h),Medio,Rápido,Media,Buena,Alta
"Nature, Architecture",False,Eiffel Tower,"Taj Mahal, Machu Picchu",26-35,Media(5-7h),Alto,Lento,Media,Regular,Alta
"Art, Architecture",True,Taj Mahal,"Eiffel Tower, Taj Mahal",26-35,Media(5-7h),Medio,Lento,Media,Buena,Media
"Architecture, History, Nature",False,Great Wall of China,Taj Mahal,36-45,Media(5-7h),Bajo,Rápido,Media,Excelente,Media
"History, Art",False,Colosseum,"Machu Picchu, Great Wall of China",26-35,Media(5-7h),Alto,Rápido,Alta,Buena,Alta
"Architecture, History",False,Eiffel Tower,Eiffel Tower,46-55,Corta(1-4h),Alto,Normal,Media,Buena,Alta
"History, Nature",True,Taj Mahal,"Great Wall of China, Colosseum",46-55,Larga(8-10h),Alto,Rápido,Alta,Excelente,Alta
"History, Cultural, Art",False,Taj Mahal,"Great Wall of China, Taj Mahal",56+,Media(5-7h),Medio,Normal,Media,Buena,Media
Art,False,Machu Picchu,"Taj Mahal, Eiffel Tower, Machu Picchu",26-35,Media(5-7h),Medio,Normal,Media,Excelente,Media
"History, Cultural",True,Taj Mahal,"Great Wall of China, Eiffel Tower",26-35,Corta(1-4h),Alto,Normal,Alta,Buena,Alta
"History, Architecture, Art",False,Colosseum,"Colosseum, Great Wall of China",36-45,Media(5-7h),Alto,Lento,Media,Excelente,Alta
"History, Architecture, Nature",False,Taj Mahal,Taj Mahal,36-45,Media(5-7h),Medio,Lento,Media,Buena,Media
"Art, Architecture, History",False,Taj Mahal,Eiffel Tower,56+,Media(5-7h),Bajo,Normal,Media,Excelente,Media
"Architecture, Cultural",False,Colosseum,"Taj Mahal, Eiffel Tower, Colosseum",56+,Media(5-7h),Alto,Normal,Alta,Excelente,Alta
"Cultural, Nature",False,Eiffel Tower,Colosseum,36-45,Corta(1-4h),Alto,Lento,Media,Excelente,Alta
"Architecture, Art",False,Taj Mahal,Machu Picchu,36-45,Corta(1-4h),Medio,Lento,Media,Excelente,Media
"Nature, Art",True,Colosseum,Machu Picchu,36-45,Media(5-7h),Bajo,Rápido,Alta,Excelente,Media
Art,False,Eiffel Tower,"Taj Mahal, Great Wall of China, Colosseum",56+,Corta(1-4h),Alto,Rápido,Baja,Regular,Alta
"Architecture, History, Nature",True,Eiffel Tower,Colosseum,36-45,Media(5-7h),Alto,Lento,Media,Regular,Alta
Architecture,True,Great Wall of China,Taj Mahal,18-25,Media(5-7h),Medio,Lento,Media,Excelente,Media
Cultural,False,Eiffel Tower,"Taj Mahal, Colosseum, Eiffel Tower",56+,Larga(8-10h),Alto,Rápido,Media,Buena,Alta
"Art, Architecture",False,Taj Mahal,"Machu Picchu, Eiffel Tower, Colosseum",56+,Media(5-7h),Medio,Lento,Media,Buena,Media
"Art, History, Nature",True,Great Wall of China,"Taj Mahal, Great Wall of China",18-25,Media(5-7h),Medio,Normal,Media,Excelente,Media
"History, Cultural, Nature",True,Taj Mahal,"Colosseum, Eiffel Tower",18-25,Media(5-7h),Alto,Normal,Media,Excelente,Alta
"History, Art",True,Machu Picchu,"Eiffel Tower, Machu Picchu, Colosseum",46-55,Media(5-7h),Medio,Lento,Media,Excelente,Media
"Cultural, Nature, History",True,Taj Mahal,"Great Wall of China, Eiffel Tower, Machu Picchu",18-25,Media(5-7h),Bajo,Lento,Media,Buena,Media
"Architecture, Cultural",True,Taj Mahal,Machu Picchu,46-55,Media(5-7h),Bajo,Lento,Media,Buena,Media
History,False,Great Wall of China,"Colosseum, Great Wall of China",36-45,Media(5-7h),Medio,Lento,Media,Buena,Media
"Nature, Art",True,Colosseum,"Colosseum, Machu Picchu",18-25,Media(5-7h),Medio,Normal,Media,Excelente,Media
"Architecture, Cultural, History",False,Colosseum,"Colosseum, Great Wall of China",46-55,Corta(1-4h),Medio,Rápido,Media,Excelente,Media
"Architecture, Nature",True,Machu Picchu,"Colosseum, Eiffel Tower, Machu Picchu",36-45,Corta(1-4h),Alto,Lento,Alta,Buena,Alta
"History, Architecture, Art",True,Eiffel Tower,"Machu Picchu, Taj Mahal",46-55,Media(5-7h),Alto,Normal,Alta,Excelente,Alta
"History, Architecture, Nature",True,Great Wall of China,Colosseum,56+,Larga(8-10h),Bajo,Normal,Media,Buena,Media
"Nature, Cultural, Art",True,Great Wall of China,"Great Wall of China, Eiffel Tower",26-35,Corta(1-4h),Alto,Rápido,Media,Buena,Alta
"Architecture, History, Cultural",False,Great Wall of China,"Colosseum, Machu Picchu",26-35,Media(5-7h),Alto,Normal,Alta,Excelente,Alta
Nature,True,Great Wall of China,Taj Mahal,18-25,Larga(8-10h),Medio,Lento,Alta,Buena,Media
Cultural,True,Great Wall of China,"Colosseum, Machu Picchu, Eiffel Tower",56+,Media(5-7h),Medio,Rápido,Media,Buena,Media
"Nature, Art",False,Machu Picchu,"Machu Picchu, Taj Mahal",46-55,Media(5-7h),Alto,Rápido,Media,Buena,Alta
"Nature, Cultural",False,Machu Picchu,"Eiffel Tower, Great Wall of China",26-35,Media(5-7h),Alto,Normal,Alta,Buena,Alta
"Nature, Art",True,Colosseum,"Machu Picchu, Eiffel Tower",36-45,Media(5-7h),Alto,Lento,Media,Buena,Alta
"Nature, Art",False,Taj Mahal,"Colosseum, Great Wall of China",26-35,Media(5-7h),Medio,Rápido,Media,Buena,Media
History,False,Great Wall of China,Colosseum,26-35,Corta(1-4h),Medio,Rápido,Alta,Excelente,Media
"History, Art",False,Machu Picchu,"Great Wall of China, Machu Picchu, Eiffel Tower",36-45,Corta(1-4h),Alto,Normal,Media,Buena,Alta
Cultural,False,Eiffel Tower,"Colosseum, Taj Mahal, Eiffel Tower",56+,Media(5-7h),Bajo,Lento,Alta,Excelente,Media
"History, Nature",False,Taj Mahal,"Taj Mahal, Eiffel Tower",36-45,Media(5-7h),Bajo,Rápido,Alta,Regular,Media
Architecture,True,Machu Picchu,"Eiffel Tower, Colosseum",46-55,Media(5-7h),Alto,Rápido,Media,Excelente,Alta
"History, Nature, Architecture",False,Machu Picchu,"Machu Picchu, Taj Mahal, Colosseum",56+,Corta(1-4h),Alto,Normal,Alta,Excelente,Alta
"Cultural, Nature, Architecture",False,Eiffel Tower,"Eiffel Tower, Machu Picchu, Taj Mahal",26-35,Media(5-7h),Alto,Lento,Alta,Buena,Alta
"Cultural, Nature, Art",True,Great Wall of China,"Machu Picchu, Colosseum",46-55,Corta(1-4h),Alto,Normal,Alta,Excelente,Alta
"Art, Architecture",False,Eiffel Tower,"Colosseum, Eiffel Tower, Machu Picchu",26-35,Larga(8-10h),Medio,Rápido,Alta,Buena,Media
"Nature, Art",True,Great Wall of China,"Machu Picchu, Eiffel Tower, Colosseum",18-25,Corta(1-4h),Bajo,Normal,Media,Buena,Media
"Art, History, Cultural",True,Machu Picchu,"Colosseum, Taj Mahal",56+,Media(5-7h),Medio,Normal,Alta,Excelente,Media
Cultural,True,Colosseum,"Great Wall of China, Machu Picchu",56+,Media(5-7h),Bajo,Normal,Media,Excelente,Media
Cultural,True,Colosseum,Colosseum,18-25,Corta(1-4h),Bajo,Lento,Media,Buena,Media
Nature,True,Machu Picchu,"Eiffel Tower, Taj Mahal",46-55,Media(5-7h),Alto,Normal,Baja,Excelente,Alta
Architecture,True,Great Wall of China,Eiffel Tower,56+,Media(5-7h),Bajo,Rápido,Media,Excelente,Media
History,False,Taj Mahal,"Eiffel Tower, Machu Picchu, Colosseum",18-25,Corta(1-4h),Medio,Lento,Baja,Buena,Media
"Nature, Architecture, History",True,Colosseum,"Colosseum, Eiffel Tower",26-35,Media(5-7h),Bajo,Lento,Media,Excelente,Media
"Art, History, Nature",False,Great Wall of China,Taj Mahal,18-25,Corta(1-4h),Medio,Lento,Alta,Buena,Media
"History, Architecture",True,Eiffel Tower,"Taj Mahal, Eiffel Tower, Machu Picchu",26-35,Corta(1-4h),Alto,Lento,Alta,Excelente,Alta
"History, Architecture, Art",True,Taj Mahal,"Machu Picchu, Colosseum, Taj Mahal",46-55,Media(5-7h),Bajo,Rápido,Alta,Buena,Media
"Cultural, Nature, History",True,Colosseum,Eiffel Tower,46-55,Media(5-7h),Alto,Normal,Alta,Buena,Alta
Cultural,True,Machu Picchu,Colosseum,56+,Media(5-7h),Medio,Rápido,Media,Excelente,Media
"Architecture, Nature",True,Colosseum,"Machu Picchu, Colosseum, Great Wall of China",26-35,Media(5-7h),Alto,Lento,Media,Excelente,Alta
Architecture,False,Machu Picchu,"Machu Picchu, Colosseum, Eiffel Tower",18-25,Media(5-7h),Medio,Normal,Media,Excelente,Alta
"Architecture, Cultural",False,Colosseum,"Great Wall of China, Taj Mahal",26-35,Media(5-7h),Alto,Normal,Media,Excelente,Alta
"Art, Nature",False,Eiffel Tower,Eiffel Tower,36-45,Corta(1-4h),Bajo,Lento,Media,Excelente,Media
"Cultural, Nature",False,Eiffel Tower,"Great Wall of China, Machu Picchu, Colosseum",56+,Larga(8-10h),Medio,Rápido,Baja,Excelente,Media
"Architecture, History",True,Colosseum,"Eiffel Tower, Great Wall of China, Taj Mahal",36-45,Media(5-7h),Alto,Rápido,Media,Buena,Alta
Art,True,Eiffel Tower,Taj Mahal,56+,Media(5-7h),Medio,Normal,Alta,Excelente,Media
"History, Cultural, Art",True,Machu Picchu,"Great Wall of China, Eiffel Tower, Machu Picchu",26-35,Media(5-7h),Bajo,Normal,Media,Excelente,Media
Art,False,Eiffel Tower,Colosseum,18-25,Corta(1-4h),Medio,Rápido,Media,Excelente,Media
"Architecture, History, Cultural",False,Great Wall of China,"Colosseum, Taj Mahal, Great Wall of China",46-55,Larga(8-10h),Alto,Rápido,Media,Buena,Alta
History,False,Colosseum,Great Wall of China,36-45,Corta(1-4h),Alto,Lento,Alta,Regular,Alta
"Architecture, Nature",False,Machu Picchu,"Machu Picchu, Great Wall of China",18-25,Media(5-7h),Alto,Normal,Media,Excelente,Alta
"History, Architecture, Art",False,Colosseum,Machu Picchu,56+,Corta(1-4h),Alto,Lento,Media,Excelente,Alta
"Art, Nature",False,Great Wall of China,"Colosseum, Machu Picchu, Taj Mahal",46-55,Corta(1-4h),Bajo,Rápido,Media,Excelente,Media
"Cultural, History",True,Taj Mahal,"Colosseum, Machu Picchu, Great Wall of China",46-55,Corta(1-4h),Alto,Normal,Media,Buena,Alta
"Cultural, Architecture",False,Machu Picchu,Eiffel Tower,46-55,Media(5-7h),Alto,Lento,Alta,Excelente,Alta
"Nature, Cultural, Architecture",True,Machu Picchu,"Colosseum, Taj Mahal",36-45,Media(5-7h),Medio,Lento,Baja,Excelente,Media
Architecture,False,Taj Mahal,"Colosseum, Great Wall of China, Eiffel Tower",18-25,Corta(1-4h),Medio,Lento,Media,Excelente,Media
"Nature, Architecture, Art",False,Great Wall of China,"Eiffel Tower, Machu Picchu, Colosseum",36-45,Corta(1-4h),Alto,Lento,Baja,Excelente,Alta
"Art, History",True,Eiffel Tower,"Machu Picchu, Great Wall of China",36-45,Corta(1-4h),Bajo,Normal,Alta,Excelente,Media
Architecture,True,Colosseum,"Machu Picchu, Colosseum, Taj Mahal",46-55,Corta(1-4h),Medio,Lento,Alta,Excelente,Media
"Architecture, Nature",True,Machu Picchu,Great Wall of China,56+,Media(5-7h),Alto,Lento,Alta,Excelente,Alta
"History, Architecture, Cultural",False,Colosseum,"Eiffel Tower, Taj Mahal",36-45,Media(5-7h),Medio,Normal,Media,Excelente,Media
"Architecture, Art, Nature",True,Eiffel Tower,Taj Mahal,56+,Media(5-7h),Alto,Lento,Media,Excelente,Alta
Architecture,False,Machu Picchu,"Machu Picchu, Great Wall of China, Taj Mahal",46-55,Corta(1-4h),Alto,Normal,Alta,Buena,Alta
"Art, Nature",True,Machu Picchu,"Colosseum, Eiffel Tower",46-55,Larga(8-10h),Alto,Normal,Media,Excelente,Alta
"Architecture, History",False,Machu Picchu,"Taj Mahal, Eiffel Tower, Machu Picchu",36-45,Media(5-7h),Alto,Lento,Media,Buena,Alta
Art,True,Eiffel Tower,"Machu Picchu, Colosseum",56+,Corta(1-4h),Bajo,Rápido,Media,Buena,Media
"History, Nature",True,Machu Picchu,"Great Wall of China, Machu Picchu, Taj Mahal",46-55,Media(5-7h),Bajo,Normal,Media,Buena,Media
"Nature, Cultural",True,Colosseum,"Taj Mahal, Colosseum, Eiffel Tower",36-45,Corta(1-4h),Alto,Normal,Media,Regular,Alta
"Nature, Architecture, History",True,Great Wall of China,"Great Wall of China, Machu Picchu, Colosseum",36-45,Larga(8-10h),Alto,Normal,Media,Buena,Alta
Architecture,False,Great Wall of China,Great Wall of China,56+,Larga(8-10h),Bajo,Rápido,Alta,Excelente,Media
"Nature, History",False,Taj Mahal,"Taj Mahal, Eiffel Tower",46-55,Larga(8-10h),Medio,Lento,Alta,Excelente,Media
"Nature, History",True,Machu Picchu,Machu Picchu,26-35,Larga(8-10h),Medio,Rápido,Media,Excelente,Media
"Architecture, Nature, Art",True,Colosseum,"Colosseum, Great Wall of China",56+,Media(5-7h),Bajo,Rápido,Media,Excelente,Media
"History, Nature",True,Machu Picchu,"Taj Mahal, Great Wall of China, Eiffel Tower",18-25,Corta(1-4h),Medio,Rápido,Alta,Excelente,Media
"Nature, Cultural, Art",True,Great Wall of China,"Machu Picchu, Great Wall of China",18-25,Media(5-7h),Medio,Lento,Media,Buena,Media
"Architecture, History",True,Great Wall of China,"Colosseum, Taj Mahal, Eiffel Tower",26-35,Media(5-7h),Alto,Normal,Baja,Excelente,Alta
"Art, History, Nature",True,Colosseum,"Eiffel Tower, Taj Mahal, Machu Picchu",46-55,Media(5-7h),Alto,Lento,Media,Buena,Alta
"Architecture, Art, History",False,Great Wall of China,"Colosseum, Great Wall of China",36-45,Media(5-7h),Bajo,Lento,Media,Excelente,Media
"History, Nature",True,Machu Picchu,"Great Wall of China, Taj Mahal, Eiffel Tower",18-25,Media(5-7h),Medio,Lento,Media,Buena,Media
Architecture,True,Great Wall of China,"Machu Picchu, Great Wall of China",56+,Larga(8-10h),Alto,Normal,Alta,Excelente,Alta
History,False,Taj Mahal,Great Wall of China,46-55,Corta(1-4h),Alto,Lento,Alta,Buena,Alta
Nature,False,Machu Picchu,"Great Wall of China, Colosseum, Taj Mahal",18-25,Media(5-7h),Bajo,Rápido,Alta,Excelente,Media
"Art, Architecture, Cultural",True,Colosseum,"Colosseum, Eiffel Tower, Machu Picchu",26-35,Corta(1-4h),Bajo,Lento,Media,Buena,Media
"Architecture, Art, Cultural",True,Great Wall of China,"Colosseum, Great Wall of China, Eiffel Tower",56+,Corta(1-4h),Medio,Rápido,Baja,Excelente,Media
"Art, Architecture, History",True,Taj Mahal,"Machu Picchu, Colosseum, Eiffel Tower",56+,Corta(1-4h),Bajo,Normal,Media,Regular,Media
"Art, Cultural",False,Colosseum,Taj Mahal,36-45,Media(5-7h),Alto,Lento,Media,Excelente,Alta
"Cultural, Art",True,Great Wall of China,Taj Mahal,18-25,Corta(1-4h),Alto,Lento,Baja,Buena,Alta
"Cultural, Architecture, Nature",False,Great Wall of China,"Great Wall of China, Colosseum, Eiffel Tower",56+,Corta(1-4h),Medio,Lento,Alta,Regular,Media
"Architecture, History",False,Taj Mahal,"Machu Picchu, Colosseum",36-45,Corta(1-4h),Medio,Lento,Media,Excelente,Media
"Architecture, Cultural",False,Great Wall of China,Taj Mahal,56+,Larga(8-10h),Medio,Lento,Alta,Regular,Media
"Architecture, History, Nature",False,Machu Picchu,"Taj Mahal, Colosseum",46-55,Corta(1-4h),Bajo,Rápido,Media,Buena,Media
"Art, Architecture, Cultural",False,Great Wall of China,"Taj Mahal, Colosseum, Machu Picchu",18-25,Larga(8-10h),Bajo,Normal,Baja,Buena,Media
"Nature, Cultural, Architecture",False,Eiffel Tower,"Eiffel Tower, Taj Mahal, Machu Picchu",26-35,Media(5-7h),Alto,Rápido,Media,Excelente,Alta
Art,True,Eiffel Tower,Colosseum,46-55,Corta(1-4h),Bajo,Lento,Alta,Excelente,Media
"Art, Nature, Architecture",False,Great Wall of China,"Machu Picchu, Eiffel Tower",26-35,Media(5-7h),Alto,Lento,Media,Buena,Alta
"History, Art",False,Taj Mahal,Colosseum,26-35,Media(5-7h),Medio,Lento,Alta,Buena,Media
"History, Art",False,Machu Picchu,"Taj Mahal, Eiffel Tower",56+,Corta(1-4h),Medio,Rápido,Media,Regular,Media
"History, Architecture, Art",True,Machu Picchu,"Colosseum, Great Wall of China",26-35,Corta(1-4h),Alto,Rápido,Media,Buena,Alta
"History, Art, Architecture",False,Colosseum,Taj Mahal,56+,Media(5-7h),Alto,Lento,Alta,Excelente,Alta
"Art, Architecture",True,Taj Mahal,"Taj Mahal, Machu Picchu",26-35,Corta(1-4h),Bajo,Lento,Media,Buena,Media
Art,False,Colosseum,"Great Wall of China, Machu Picchu",56+,Larga(8-10h),Bajo,Lento,Media,Excelente,Media
"Cultural, Nature, Art",True,Colosseum,"Machu Picchu, Eiffel Tower, Colosseum",56+,Media(5-7h),Alto,Normal,Media,Buena,Alta
"Cultural, Art",True,Eiffel Tower,"Taj Mahal, Great Wall of China",18-25,Media(5-7h),Medio,Normal,Media,Buena,Media
"History, Cultural, Nature",True,Great Wall of China,"Eiffel Tower, Great Wall of China",36-45,Larga(8-10h),Bajo,Normal,Media,Excelente,Media
History,False,Taj Mahal,"Great Wall of China, Colosseum, Taj Mahal",56+,Media(5-7h),Medio,Lento,Media,Regular,Media
"Nature, History",True,Taj Mahal,Taj Mahal,18-25,Media(5-7h),Bajo,Lento,Media,Excelente,Media
Cultural,False,Great Wall of China,"Great Wall of China, Eiffel Tower, Machu Picchu",18-25,Media(5-7h),Medio,Lento,Media,Buena,Media
Art,True,Colosseum,"Great Wall of China, Eiffel Tower, Colosseum",56+,Larga(8-10h),Bajo,Normal,Alta,Buena,Media
Architecture,True,Eiffel Tower,"Colosseum, Eiffel Tower, Great Wall of China",46-55,Corta(1-4h),Bajo,Lento,Media,Excelente,Media
"Art, Architecture",True,Eiffel Tower,"Taj Mahal, Colosseum, Eiffel Tower",26-35,Larga(8-10h),Alto,Normal,Alta,Buena,Alta
Cultural,True,Great Wall of China,"Machu Picchu, Eiffel Tower, Great Wall of China",56+,Media(5-7h),Medio,Lento,Media,Buena,Media
Art,False,Taj Mahal,Taj Mahal,56+,Media(5-7h),Medio,Lento,Media,Buena,Media
"Architecture, Art, Cultural",True,Taj Mahal,Taj Mahal,26-35,Larga(8-10h),Alto,Rápido,Alta,Buena,Alta
"Art, Nature, History",True,Machu Picchu,"Machu Picchu, Great Wall of China, Colosseum",46-55,Media(5-7h),Medio,Rápido,Alta,Buena,Media
Nature,False,Colosseum,"Taj Mahal, Machu Picchu, Great Wall of China",26-35,Media(5-7h),Alto,Normal,Alta,Excelente,Alta
"Nature, History, Art",False,Taj Mahal,"Eiffel Tower, Colosseum, Taj Mahal",46-55,Larga(8-10h),Bajo,Rápido,Alta,Buena,Media
Architecture,True,Great Wall of China,"Machu Picchu, Great Wall of China, Eiffel Tower",36-45,Media(5-7h),Medio,Normal,Media,Regular,Media
"Art, Nature",False,Great Wall of China,"Taj Mahal, Great Wall of China",18-25,Media(5-7h),Alto,Rápido,Media,Buena,Alta
Cultural,True,Eiffel Tower,Eiffel Tower,26-35,Media(5-7h),Bajo,Rápido,Media,Excelente,Media
"Architecture, Nature, Cultural",True,Eiffel Tower,Taj Mahal,56+,Media(5-7h),Medio,Normal,Media,Buena,Media
"Nature, Architecture",True,Machu Picchu,"Great Wall of China, Taj Mahal",46-55,Media(5-7h),Alto,Lento,Alta,Excelente,Alta
Art,True,Taj Mahal,Eiffel Tower,56+,Larga(8-10h),Alto,Rápido,Alta,Buena,Alta
Nature,True,Machu Picchu,"Colosseum, Machu Picchu, Great Wall of China",26-35,Corta(1-4h),Medio,Lento,Media,Buena,Media
Architecture,False,Colosseum,Colosseum,56+,Larga(8-10h),Bajo,Rápido,Alta,Regular,Media
"Nature, Art",False,Colosseum,"Great Wall of China, Machu Picchu, Eiffel Tower",46-55,Corta(1-4h),Medio,Rápido,Baja,Buena,Media
"Art, Architecture",True,Machu Picchu,"Machu Picchu, Great Wall of China",36-45,Media(5-7h),Bajo,Normal,Media,Excelente,Media
"Art, History, Nature",True,Machu Picchu,"Eiffel Tower, Machu Picchu",36-45,Larga(8-10h),Alto,Rápido,Media,Excelente,Alta
"History, Cultural",False,Taj Mahal,"Colosseum, Taj Mahal, Great Wall of China",46-55,Media(5-7h),Alto,Rápido,Media,Excelente,Alta
"Cultural, Architecture",True,Colosseum,"Machu Picchu, Great Wall of China, Eiffel Tower",26-35,Larga(8-10h),Bajo,Lento,Media,Excelente,Media
"Architecture, Art",False,Great Wall of China,"Taj Mahal, Machu Picchu, Colosseum",36-45,Larga(8-10h),Medio,Normal,Alta,Excelente,Media
"Architecture, Art",True,Colosseum,"Eiffel Tower, Machu Picchu, Great Wall of China",36-45,Corta(1-4h),Medio,Lento,Alta,Buena,Media
"Architecture, Art",True,Eiffel Tower,"Eiffel Tower, Great Wall of China",56+,Media(5-7h),Alto,Normal,Media,Excelente,Alta
Art,False,Eiffel Tower,"Taj Mahal, Colosseum, Eiffel Tower",56+,Media(5-7h),Bajo,Rápido,Media,Excelente,Media
"Cultural, History, Architecture",False,Machu Picchu,"Machu Picchu, Taj Mahal",46-55,Media(5-7h),Alto,Normal,Alta,Excelente,Alta
Art,False,Taj Mahal,"Colosseum, Eiffel Tower",36-45,Corta(1-4h),Bajo,Rápido,Media,Buena,Media
Art,True,Eiffel Tower,Eiffel Tower,56+,Larga(8-10h),Bajo,Normal,Media,Buena,Media
"History, Cultural, Art",True,Great Wall of China,"Taj Mahal, Machu Picchu, Colosseum",46-55,Larga(8-10h),Medio,Lento,Alta,Regular,Media
Art,False,Taj Mahal,Taj Mahal,46-55,Media(5-7h),Medio,Rápido,Alta,Excelente,Media
History,False,Taj Mahal,"Eiffel Tower, Colosseum",18-25,Media(5-7h),Alto,Lento,Media,Excelente,Alta
History,True,Colosseum,"Taj Mahal, Colosseum",56+,Corta(1-4h),Alto,Lento,Baja,Excelente,Alta
"Art, Architecture, Cultural",False,Machu Picchu,Machu Picchu,18-25,Media(5-7h),Medio,Rápido,Media,Excelente,Media
Art,False,Eiffel Tower,"Colosseum, Machu Picchu",26-35,Larga(8-10h),Medio,Lento,Media,Buena,Media
"Art, History, Cultural",True,Taj Mahal,Colosseum,56+,Media(5-7h),Medio,Lento,Alta,Buena,Media
"History, Art",True,Colosseum,Colosseum,26-35,Larga(8-10h),Alto,Lento,Media,Buena,Alta
Architecture,False,Colosseum,"Colosseum, Great Wall of China, Taj Mahal",46-55,Media(5-7h),Medio,Lento,Media,Excelente,Media
Cultural,True,Great Wall of China,"Machu Picchu, Taj Mahal, Colosseum",18-25,Corta(1-4h),Alto,Lento,Alta,Buena,Alta
"Cultural, Art",False,Great Wall of China,Taj Mahal,26-35,Larga(8-10h),Alto,Normal,Media,Buena,Alta
"Architecture, Art, Nature",True,Machu Picchu,"Colosseum, Eiffel Tower, Great Wall of China",26-35,Corta(1-4h),Bajo,Rápido,Media,Buena,Media
"Cultural, Art, Architecture",False,Eiffel Tower,Eiffel Tower,26-35,Media(5-7h),Bajo,Rápido,Media,Buena,Media
Architecture,True,Taj Mahal,"Taj Mahal, Eiffel Tower",56+,Corta(1-4h),Alto,Lento,Media,Buena,Alta
"Nature, Art, History",True,Machu Picchu,"Machu Picchu, Colosseum, Great Wall of China",56+,Corta(1-4h),Bajo,Normal,Media,Excelente,Media
Nature,False,Colosseum,"Taj Mahal, Great Wall of China",46-55,Larga(8-10h),Bajo,Lento,Media,Buena,Media
"History, Nature",False,Machu Picchu,"Taj Mahal, Colosseum",36-45,Corta(1-4h),Medio,Lento,Alta,Excelente,Media
"Cultural, Art, Architecture",False,Machu Picchu,Great Wall of China,36-45,Media(5-7h),Alto,Lento,Alta,Buena,Alta
Architecture,True,Machu Picchu,"Machu Picchu, Taj Mahal, Eiffel Tower",36-45,Corta(1-4h),Alto,Normal,Alta,Buena,Alta
Architecture,True,Great Wall of China,Eiffel Tower,26-35,Media(5-7h),Medio,Rápido,Media,Buena,Media
"Cultural, Nature",False,Colosseum,Great Wall of China,36-45,Corta(1-4h),Medio,Lento,Media,Buena,Media
"Architecture, Art, History",True,Machu Picchu,"Machu Picchu, Eiffel Tower",18-25,Larga(8-10h),Medio,Lento,Alta,Excelente,Alta
Art,False,Taj Mahal,"Great Wall of China, Machu Picchu",26-35,Media(5-7h),Bajo,Lento,Media,Buena,Media
Cultural,True,Taj Mahal,"Great Wall of China, Taj Mahal",18-25,Corta(1-4h),Medio,Lento,Alta,Regular,Media
Architecture,True,Taj Mahal,Taj Mahal,56+,Corta(1-4h),Alto,Lento,Alta,Regular,Alta
Art,False,Colosseum,"Great Wall of China, Eiffel Tower, Colosseum",56+,Corta(1-4h),Alto,Normal,Media,Buena,Alta
Art,False,Eiffel Tower,"Great Wall of China, Taj Mahal",26-35,Media(5-7h),Bajo,Lento,Media,Buena,Media
Art,False,Machu Picchu,"Eiffel Tower, Machu Picchu, Taj Mahal",26-35,Media(5-7h),Alto,Normal,Media,Buena,Alta
"Art, Cultural",True,Eiffel Tower,Eiffel Tower,26-35,Media(5-7h),Medio,Normal,Baja,Excelente,Media
"Cultural, Architecture, Art",True,Great Wall of China,"Eiffel Tower, Machu Picchu",46-55,Larga(8-10h),Alto,Rápido,Alta,Excelente,Alta
"History, Architecture, Cultural",True,Machu Picchu,"Colosseum, Great Wall of China",18-25,Corta(1-4h),Medio,Rápido,Alta,Excelente,Media
"Art, History, Nature",True,Great Wall of China,"Taj Mahal, Great Wall of China",46-55,Corta(1-4h),Medio,Lento,Media,Buena,Media
"History, Architecture",False,Eiffel Tower,"Taj Mahal, Eiffel Tower, Machu Picchu",56+,Media(5-7h),Medio,Normal,Media,Excelente,Alta
Art,False,Eiffel Tower,"Machu Picchu, Taj Mahal, Colosseum",26-35,Corta(1-4h),Medio,Lento,Media,Excelente,Media
History,True,Great Wall of China,"Taj Mahal, Eiffel Tower, Great Wall of China",56+,Corta(1-4h),Alto,Rápido,Media,Buena,Alta
Nature,False,Machu Picchu,"Eiffel Tower, Taj Mahal, Colosseum",56+,Larga(8-10h),Alto,Normal,Media,Buena,Alta
"Art, Cultural",True,Colosseum,"Machu Picchu, Taj Mahal, Great Wall of China",36-45,Media(5-7h),Medio,Rápido,Alta,Excelente,Media
History,True,Machu Picchu,"Colosseum, Taj Mahal",56+,Corta(1-4h),Alto,Lento,Media,Excelente,Alta
Art,True,Machu Picchu,"Colosseum, Taj Mahal",46-55,Media(5-7h),Bajo,Rápido,Alta,Buena,Media
Art,False,Eiffel Tower,Great Wall of China,36-45,Corta(1-4h),Alto,Lento,Baja,Buena,Alta
Art,False,Taj Mahal,"Colosseum, Great Wall of China, Eiffel Tower",26-35,Media(5-7h),Alto,Lento,Alta,Excelente,Alta
"Nature, Art",False,Taj Mahal,"Machu Picchu, Taj Mahal",36-45,Media(5-7h),Alto,Normal,Media,Excelente,Alta
"Nature, Art, Architecture",False,Eiffel Tower,Colosseum,36-45,Media(5-7h),Medio,Rápido,Media,Excelente,Media
Nature,True,Eiffel Tower,Colosseum,36-45,Media(5-7h),Alto,Rápido,Baja,Excelente,Alta
Nature,True,Eiffel Tower,"Machu Picchu, Eiffel Tower, Great Wall of China",56+,Media(5-7h),Alto,Rápido,Media,Excelente,Alta
"History, Nature, Cultural",False,Great Wall of China,"Colosseum, Machu Picchu",36-45,Corta(1-4h),Medio,Normal,Media,Excelente,Media
"Nature, Cultural",True,Machu Picchu,"Eiffel Tower, Taj Mahal",56+,Media(5-7h),Alto,Normal,Media,Excelente,Alta
Art,False,Taj Mahal,Machu Picchu,18-25,Corta(1-4h),Bajo,Rápido,Alta,Regular,Media
"Cultural, Nature",False,Taj Mahal,"Great Wall of China, Eiffel Tower",26-35,Larga(8-10h),Medio,Normal,Media,Buena,Media
Architecture,False,Great Wall of China,"Eiffel Tower, Great Wall of China",46-55,Corta(1-4h),Medio,Normal,Media,Excelente,Media
Architecture,True,Great Wall of China,"Eiffel Tower, Great Wall of China",56+,Corta(1-4h),Medio,Lento,Alta,Excelente,Media
Art,False,Great Wall of China,"Colosseum, Machu Picchu, Great Wall of China",36-45,Larga(8-10h),Alto,Lento,Alta,Buena,Alta
"History, Cultural, Nature",True,Colosseum,"Great Wall of China, Colosseum, Machu Picchu",56+,Corta(1-4h),Bajo,Lento,Alta,Buena,Media
"History, Nature, Architecture",True,Colosseum,Great Wall of China,56+,Media(5-7h),Bajo,Lento,Media,Excelente,Media
"Architecture, Cultural",True,Colosseum,"Colosseum, Eiffel Tower",46-55,Corta(1-4h),Medio,Lento,Alta,Buena,Media
"Cultural, Nature",True,Machu Picchu,Eiffel Tower,46-55,Corta(1-4h),Bajo,Lento,Media,Excelente,Media
"Cultural, Nature",True,Great Wall of China,"Great Wall of China, Machu Picchu, Taj Mahal",46-55,Larga(8-10h),Alto,Normal,Media,Excelente,Alta
Cultural,False,Great Wall of China,Eiffel Tower,18-25,Media(5-7h),Alto,Lento,Media,Excelente,Alta
"Nature, History",True,Eiffel Tower,"Taj Mahal, Great Wall of China, Machu Picchu",36-45,Larga(8-10h),Bajo,Normal,Media,Excelente,Media
"History, Cultural",False,Colosseum,Eiffel Tower,26-35,Corta(1-4h),Medio,Rápido,Media,Buena,Media
"Art, Cultural, Nature",True,Colosseum,Colosseum,36-45,Corta(1-4h),Alto,Normal,Media,Regular,Alta
"Architecture, History",False,Taj Mahal,"Colosseum, Taj Mahal",46-55,Media(5-7h),Medio,Rápido,Media,Buena,Media
"Cultural, History, Architecture",True,Great Wall of China,Colosseum,46-55,Media(5-7h),Bajo,Rápido,Media,Excelente,Media
"History, Cultural",False,Eiffel Tower,"Great Wall of China, Machu Picchu",46-55,Corta(1-4h),Bajo,Normal,Alta,Buena,Media
"Cultural, Architecture, History",False,Colosseum,"Colosseum, Great Wall of China",56+,Media(5-7h),Medio,Normal,Alta,Excelente,Media
"Architecture, Nature, Art",False,Machu Picchu,"Colosseum, Eiffel Tower",36-45,Media(5-7h),Medio,Normal,Media,Excelente,Media
"Cultural, Nature, Architecture",False,Great Wall of China,"Eiffel Tower, Machu Picchu, Taj Mahal",56+,Media(5-7h),Alto,Rápido,Media,Excelente,Alta
"Cultural, History",True,Taj Mahal,"Great Wall of China, Eiffel Tower",36-45,Media(5-7h),Alto,Rápido,Alta,Buena,Alta
"Cultural, Nature",False,Taj Mahal,Great Wall of China,18-25,Corta(1-4h),Bajo,Lento,Alta,Buena,Media
"Art, Nature, Architecture",False,Eiffel Tower,"Great Wall of China, Machu Picchu",56+,Corta(1-4h),Medio,Normal,Media,Excelente,Media
"Cultural, Architecture, History",False,Colosseum,"Eiffel Tower, Machu Picchu",26-35,Corta(1-4h),Medio,Lento,Media,Excelente,Alta
"Nature, Cultural",False,Colosseum,Colosseum,18-25,Media(5-7h),Bajo,Normal,Media,Buena,Media
"Cultural, Architecture, History",False,Eiffel Tower,"Eiffel Tower, Great Wall of China",56+,Larga(8-10h),Alto,Lento,Alta,Excelente,Alta
"Nature, Cultural, Architecture",True,Machu Picchu,"Colosseum, Taj Mahal",36-45,Corta(1-4h),Medio,Lento,Alta,Excelente,Media
"Nature, Architecture, Cultural",True,Eiffel Tower,"Colosseum, Machu Picchu, Great Wall of China",46-55,Media(5-7h),Alto,Rápido,Media,Excelente,Alta
"Art, Cultural",True,Great Wall of China,Colosseum,46-55,Larga(8-10h),Bajo,Normal,Media,Excelente,Media
"Architecture, Art, Cultural",False,Machu Picchu,"Great Wall of China, Taj Mahal",46-55,Media(5-7h),Medio,Rápido,Media,Buena,Media
"Art, History, Nature",True,Eiffel Tower,"Eiffel Tower, Colosseum, Taj Mahal",26-35,Larga(8-10h),Medio,Rápido,Media,Regular,Media
Architecture,True,Colosseum,"Colosseum, Great Wall of China",26-35,Larga(8-10h),Medio,Normal,Media,Excelente,Media
History,True,Great Wall of China,"Eiffel Tower, Great Wall of China",26-35,Media(5-7h),Medio,Normal,Media,Regular,Media
"Art, Architecture, Nature",True,Taj Mahal,Taj Mahal,56+,Media(5-7h),Bajo,Lento,Alta,Excelente,Media
Nature,False,Colosseum,"Eiffel Tower, Machu Picchu",56+,Larga(8-10h),Medio,Lento,Media,Excelente,Media
History,True,Machu Picchu,"Great Wall of China, Colosseum, Machu Picchu",56+,Corta(1-4h),Medio,Rápido,Media,Buena,Media
"History, Nature",True,Eiffel Tower,"Great Wall of China, Colosseum, Eiffel Tower",26-35,Corta(1-4h),Medio,Lento,Media,Excelente,Media
"Art, History, Cultural",True,Great Wall of China,Colosseum,36-45,Media(5-7h),Bajo,Lento,Media,Buena,Media
"Cultural, History, Art",False,Taj Mahal,"Eiffel Tower, Taj Mahal, Great Wall of China",46-55,Corta(1-4h),Medio,Rápido,Media,Buena,Media
"Cultural, Nature",True,Machu Picchu,Great Wall of China,36-45,Corta(1-4h),Medio,Rápido,Media,Excelente,Media
Cultural,False,Eiffel Tower,Colosseum,56+,Larga(8-10h),Medio,Normal,Alta,Buena,Alta
Art,True,Eiffel Tower,"Colosseum, Great Wall of China",18-25,Corta(1-4h),Alto,Normal,Alta,Buena,Alta
"Nature, Art, Architecture",False,Eiffel Tower,"Colosseum, Great Wall of China, Eiffel Tower",36-45,Corta(1-4h),Medio,Rápido,Media,Buena,Media
"History, Art, Cultural",False,Machu Picchu,"Taj Mahal, Colosseum",46-55,Corta(1-4h),Medio,Rápido,Media,Buena,Media
"Cultural, Architecture",False,Colosseum,Machu Picchu,26-35,Media(5-7h),Medio,Lento,Alta,Buena,Media
Nature,False,Eiffel Tower,"Great Wall of China, Taj Mahal",46-55,Media(5-7h),Alto,Rápido,Alta,Excelente,Alta
Nature,True,Great Wall of China,Great Wall of China,36-45,Media(5-7h),Medio,Rápido,Alta,Buena,Media
Cultural,True,Eiffel Tower,"Taj Mahal, Great Wall of China",26-35,Media(5-7h),Medio,Lento,Media,Excelente,Media
"History, Cultural",True,Machu Picchu,"Colosseum, Eiffel Tower",36-45,Corta(1-4h),Bajo,Rápido,Media,Excelente,Media
"Art, Nature, History",False,Taj Mahal,"Eiffel Tower, Colosseum",46-55,Larga(8-10h),Bajo,Lento,Media,Buena,Media
"Architecture, Art",True,Taj Mahal,Taj Mahal,46-55,Corta(1-4h),Alto,Rápido,Alta,Buena,Alta
"Art, Cultural, History",False,Machu Picchu,"Taj Mahal, Great Wall of China",36-45,Corta(1-4h),Alto,Normal,Media,Excelente,Alta
"Nature, Art, Architecture",True,Taj Mahal,"Eiffel Tower, Colosseum, Great Wall of China",26-35,Corta(1-4h),Alto,Rápido,Alta,Buena,Alta
Cultural,False,Machu Picchu,"Machu Picchu, Colosseum",36-45,Larga(8-10h),Alto,Lento,Baja,Buena,Alta
Art,True,Eiffel Tower,"Eiffel Tower, Great Wall of China",56+,Media(5-7h),Medio,Normal,Media,Excelente,Media
Cultural,False,Taj Mahal,"Taj Mahal, Eiffel Tower, Machu Picchu",46-55,Corta(1-4h),Medio,Rápido,Alta,Buena,Media
"Architecture, Cultural",False,Eiffel Tower,"Eiffel Tower, Taj Mahal, Great Wall of China",36-45,Corta(1-4h),Alto,Normal,Media,Buena,Alta
Nature,False,Colosseum,"Machu Picchu, Taj Mahal",56+,Media(5-7h),Bajo,Rápido,Media,Excelente,Media
"Cultural, History",True,Taj Mahal,"Taj Mahal, Colosseum",56+,Larga(8-10h),Medio,Rápido,Media,Excelente,Alta
History,True,Eiffel Tower,"Colosseum, Great Wall of China, Eiffel Tower",36-45,Media(5-7h),Medio,Rápido,Media,Excelente,Media
Art,False,Great Wall of China,"Great Wall of China, Taj Mahal",36-45,Media(5-7h),Medio,Lento,Alta,Excelente,Media
"Nature, History",False,Colosseum,"Great Wall of China, Taj Mahal, Colosseum",46-55,Media(5-7h),Medio,Rápido,Alta,Buena,Media
Cultural,False,Colosseum,Colosseum,36-45,Larga(8-10h),Medio,Rápido,Media,Buena,Media
"History, Nature",False,Taj Mahal,Eiffel Tower,56+,Larga(8-10h),Alto,Normal,Media,Buena,Alta
Architecture,False,Colosseum,Colosseum,56+,Corta(1-4h),Alto,Rápido,Alta,Buena,Alta
"History, Nature, Cultural",False,Colosseum,Colosseum,18-25,Media(5-7h),Bajo,Lento,Media,Buena,Media
"Architecture, History",True,Great Wall of China,Machu Picchu,36-45,Media(5-7h),Bajo,Normal,Alta,Buena,Media
Nature,True,Eiffel Tower,Great Wall of China,18-25,Larga(8-10h),Medio,Lento,Media,Excelente,Alta
"Architecture, Cultural, History",True,Eiffel Tower,"Eiffel Tower, Machu Picchu",46-55,Media(5-7h),Medio,Rápido,Alta,Buena,Media
History,False,Taj Mahal,"Eiffel Tower, Great Wall of China, Taj Mahal",56+,Corta(1-4h),Alto,Rápido,Media,Buena,Alta
"Nature, Cultural, History",True,Eiffel Tower,Taj Mahal,36-45,Larga(8-10h),Bajo,Rápido,Media,Excelente,Media
Cultural,True,Machu Picchu,"Eiffel Tower, Colosseum",26-35,Media(5-7h),Medio,Normal,Media,Buena,Media
History,True,Eiffel Tower,Taj Mahal,18-25,Media(5-7h),Bajo,Rápido,Alta,Buena,Media
"Art, Cultural",True,Eiffel Tower,"Colosseum, Taj Mahal",46-55,Larga(8-10h),Medio,Normal,Alta,Excelente,Media
History,True,Eiffel Tower,Great Wall of China,46-55,Media(5-7h),Alto,Lento,Media,Buena,Alta
"History, Art, Architecture",True,Colosseum,"Colosseum, Taj Mahal",56+,Media(5-7h),Alto,Normal,Media,Regular,Alta
"History, Art",False,Great Wall of China,Eiffel Tower,26-35,Media(5-7h),Bajo,Rápido,Alta,Excelente,Media
"Architecture, History, Nature",False,Machu Picchu,Taj Mahal,18-25,Media(5-7h),Bajo,Normal,Media,Excelente,Media
Nature,False,Machu Picchu,Eiffel Tower,56+,Corta(1-4h),Alto,Rápido,Alta,Buena,Alta
"Cultural, Art, Architecture",True,Eiffel Tower,"Eiffel Tower, Machu Picchu",36-45,Corta(1-4h),Alto,Normal,Alta,Buena,Alta
"Architecture, Art",False,Taj Mahal,"Colosseum, Taj Mahal",36-45,Larga(8-10h),Medio,Rápido,Media,Excelente,Media
Cultural,False,Colosseum,Great Wall of China,18-25,Corta(1-4h),Bajo,Lento,Media,Buena,Media
"Art, Nature",False,Machu Picchu,Taj Mahal,46-55,Larga(8-10h),Medio,Lento,Media,Buena,Media
"Cultural, Architecture",True,Eiffel Tower,"Taj Mahal, Colosseum, Eiffel Tower",46-55,Larga(8-10h),Bajo,Rápido,Media,Buena,Media
"Architecture, Cultural",True,Great Wall of China,"Eiffel Tower, Great Wall of China",56+,Larga(8-10h),Medio,Rápido,Alta,Buena,Media
Cultural,True,Eiffel Tower,Taj Mahal,46-55,Media(5-7h),Bajo,Normal,Media,Excelente,Media
"Cultural, Architecture, Nature",False,Colosseum,"Machu Picchu, Eiffel Tower",46-55,Larga(8-10h),Medio,Lento,Media,Buena,Media
History,False,Taj Mahal,Colosseum,46-55,Larga(8-10h),Alto,Lento,Alta,Excelente,Alta
Nature,True,Great Wall of China,"Colosseum, Taj Mahal, Great Wall of China",46-55,Media(5-7h),Alto,Lento,Media,Regular,Alta
Architecture,False,Great Wall of China,"Machu Picchu, Colosseum",18-25,Larga(8-10h),Medio,Rápido,Alta,Excelente,Media
"Art, Architecture",True,Great Wall of China,Great Wall of China,56+,Larga(8-10h),Alto,Lento,Baja,Buena,Alta
"Nature, Architecture",True,Great Wall of China,Great Wall of China,36-45,Media(5-7h),Bajo,Lento,Media,Buena,Media
"Nature, Art",True,Great Wall of China,"Colosseum, Taj Mahal",26-35,Larga(8-10h),Alto,Rápido,Baja,Buena,Alta
"History, Art",True,Machu Picchu,"Machu Picchu, Eiffel Tower, Taj Mahal",36-45,Media(5-7h),Alto,Lento,Baja,Buena,Alta
"History, Nature",True,Taj Mahal,"Colosseum, Eiffel Tower",56+,Corta(1-4h),Alto,Normal,Media,Excelente,Alta
"History, Art, Architecture",True,Great Wall of China,"Great Wall of China, Taj Mahal, Colosseum",56+,Corta(1-4h),Bajo,Rápido,Alta,Excelente,Media
"Nature, Architecture, Cultural",True,Taj Mahal,"Great Wall of China, Colosseum",18-25,Media(5-7h),Medio,Rápido,Alta,Buena,Media
"History, Nature, Architecture",True,Great Wall of China,"Great Wall of China, Taj Mahal",26-35,Media(5-7h),Alto,Normal,Alta,Excelente,Alta
"Nature, History, Architecture",True,Great Wall of China,"Taj Mahal, Colosseum, Machu Picchu",46-55,Media(5-7h),Medio,Lento,Media,Excelente,Media
"Nature, Architecture",True,Machu Picchu,Machu Picchu,56+,Corta(1-4h),Medio,Rápido,Alta,Excelente,Media
"Nature, Art",True,Colosseum,"Eiffel Tower, Machu Picchu",56+,Larga(8-10h),Medio,Normal,Alta,Excelente,Media
Art,False,Eiffel Tower,"Great Wall of China, Taj Mahal, Colosseum",26-35,Media(5-7h),Medio,Lento,Media,Excelente,Media
"Cultural, History, Art",False,Taj Mahal,"Colosseum, Taj Mahal, Machu Picchu",18-25,Media(5-7h),Bajo,Lento,Media,Buena,Media
History,False,Great Wall of China,Machu Picchu,18-25,Corta(1-4h),Alto,Normal,Media,Buena,Alta
"Cultural, Art",False,Machu Picchu,"Great Wall of China, Colosseum, Eiffel Tower",56+,Larga(8-10h),Bajo,Rápido,Alta,Excelente,Media
Nature,True,Colosseum,"Eiffel Tower, Machu Picchu, Great Wall of China",26-35,Media(5-7h),Medio,Lento,Media,Excelente,Media
"Cultural, Art, History",True,Taj Mahal,"Machu Picchu, Taj Mahal, Colosseum",46-55,Media(5-7h),Alto,Lento,Media,Excelente,Alta
Art,False,Taj Mahal,Machu Picchu,56+,Corta(1-4h),Bajo,Lento,Media,Excelente,Media
"History, Cultural, Architecture",True,Eiffel Tower,"Colosseum, Great Wall of China, Taj Mahal",36-45,Larga(8-10h),Alto,Lento,Media,Buena,Alta
"Nature, Architecture, History",True,Taj Mahal,"Eiffel Tower, Machu Picchu",36-45,Media(5-7h),Alto,Normal,Media,Buena,Alta
"Architecture, Art",True,Taj Mahal,"Eiffel Tower, Taj Mahal, Machu Picchu",56+,Media(5-7h),Alto,Lento,Baja,Buena,Alta
"Nature, Art, History",True,Eiffel Tower,Great Wall of China,18-25,Corta(1-4h),Medio,Lento,Media,Excelente,Media
Architecture,False,Machu Picchu,Colosseum,18-25,Media(5-7h),Medio,Lento,Media,Excelente,Media
"Architecture, Cultural",False,Colosseum,"Taj Mahal, Colosseum",36-45,Media(5-7h),Alto,Lento,Alta,Buena,Alta
Nature,False,Eiffel Tower,"Taj Mahal, Machu Picchu",36-45,Corta(1-4h),Medio,Lento,Media,Excelente,Media
"Nature, Cultural, Architecture",False,Eiffel Tower,"Taj Mahal, Eiffel Tower, Machu Picchu",56+,Larga(8-10h),Medio,Normal,Alta,Excelente,Media
"Art, History",True,Taj Mahal,Great Wall of China,56+,Corta(1-4h),Medio,Lento,Media,Excelente,Media
History,True,Eiffel Tower,Great Wall of China,56+,Media(5-7h),Alto,Rápido,Media,Buena,Alta
"Architecture, Cultural, Nature",True,Machu Picchu,Eiffel Tower,56+,Media(5-7h),Bajo,Lento,Alta,Excelente,Media
"Art, Nature, Cultural",True,Great Wall of China,"Great Wall of China, Eiffel Tower, Taj Mahal",36-45,Corta(1-4h),Alto,Lento,Alta,Buena,Alta
Art,True,Machu Picchu,"Eiffel Tower, Machu Picchu, Colosseum",56+,Media(5-7h),Alto,Lento,Media,Excelente,Alta
"Architecture, Art, Cultural",False,Colosseum,Colosseum,36-45,Corta(1-4h),Medio,Lento,Media,Buena,Media
History,False,Colosseum,"Eiffel Tower, Taj Mahal",56+,Corta(1-4h),Bajo,Lento,Media,Excelente,Media
Cultural,True,Machu Picchu,Colosseum,36-45,Larga(8-10h),Medio,Lento,Alta,Excelente,Media
Nature,False,Machu Picchu,"Machu Picchu, Great Wall of China",56+,Larga(8-10h),Bajo,Rápido,Alta,Buena,Media
"Art, Architecture",False,Eiffel Tower,Colosseum,36-45,Larga(8-10h),Bajo,Rápido,Media,Regular,Media
"Art, History, Nature",False,Eiffel Tower,Eiffel Tower,46-55,Corta(1-4h),Alto,Normal,Media,Buena,Alta
"Nature, Art, Cultural",True,Taj Mahal,Great Wall of China,26-35,Media(5-7h),Medio,Rápido,Alta,Regular,Media
"Nature, Architecture, Art",True,Eiffel Tower,Eiffel Tower,36-45,Larga(8-10h),Medio,Lento,Alta,Excelente,Media
"Art, Nature, Architecture",False,Colosseum,"Machu Picchu, Taj Mahal",36-45,Media(5-7h),Bajo,Lento,Alta,Excelente,Media
History,False,Colosseum,"Taj Mahal, Colosseum",36-45,Media(5-7h),Bajo,Normal,Media,Excelente,Media
Cultural,True,Colosseum,Eiffel Tower,18-25,Corta(1-4h),Medio,Normal,Alta,Buena,Media
History,False,Machu Picchu,"Machu Picchu, Great Wall of China, Colosseum",36-45,Corta(1-4h),Alto,Normal,Media,Excelente,Alta
Architecture,False,Colosseum,"Taj Mahal, Machu Picchu",26-35,Media(5-7h),Medio,Normal,Alta,Buena,Media
"Art, Architecture, Cultural",True,Eiffel Tower,"Eiffel Tower, Machu Picchu, Taj Mahal",18-25,Media(5-7h),Medio,Rápido,Alta,Buena,Alta
"Nature, Art, Cultural",False,Machu Picchu,"Machu Picchu, Colosseum, Eiffel Tower",56+,Corta(1-4h),Bajo,Normal,Media,Buena,Media
"History, Architecture",False,Great Wall of China,Taj Mahal,46-55,Media(5-7h),Bajo,Lento,Alta,Buena,Media
Nature,False,Colosseum,Great Wall of China,18-25,Corta(1-4h),Medio,Normal,Baja,Excelente,Alta
"History, Cultural, Nature",False,Colosseum,"Great Wall of China, Eiffel Tower",56+,Corta(1-4h),Medio,Lento,Media,Buena,Media
"Architecture, Art",False,Machu Picchu,"Colosseum, Great Wall of China",36-45,Media(5-7h),Alto,Lento,Alta,Excelente,Alta
"Cultural, History",True,Colosseum,Colosseum,56+,Corta(1-4h),Bajo,Lento,Alta,Excelente,Media
Architecture,False,Eiffel Tower,Colosseum,56+,Larga(8-10h),Alto,Lento,Alta,Buena,Alta
"History, Art, Nature",False,Colosseum,"Colosseum, Great Wall of China",36-45,Larga(8-10h),Medio,Lento,Media,Buena,Media
History,False,Eiffel Tower,Eiffel Tower,36-45,Corta(1-4h),Bajo,Rápido,Alta,Buena,Media
Cultural,True,Machu Picchu,Taj Mahal,46-55,Larga(8-10h),Bajo,Rápido,Baja,Excelente,Media
"History, Art, Nature",True,Colosseum,Great Wall of China,46-55,Corta(1-4h),Medio,Lento,Alta,Excelente,Media
"Architecture, Nature",True,Eiffel Tower,Colosseum,26-35,Corta(1-4h),Medio,Rápido,Media,Buena,Media
"Cultural, Nature, History",True,Great Wall of China,"Taj Mahal, Colosseum, Eiffel Tower",26-35,Corta(1-4h),Bajo,Normal,Alta,Buena,Media
"Art, Cultural, Architecture",False,Colosseum,"Eiffel Tower, Taj Mahal, Great Wall of China",56+,Media(5-7h),Medio,Rápido,Media,Buena,Media
Nature,True,Great Wall of China,"Great Wall of China, Machu Picchu, Colosseum",56+,Larga(8-10h),Bajo,Lento,Alta,Excelente,Media
"History, Cultural, Architecture",True,Great Wall of China,"Taj Mahal, Colosseum, Machu Picchu",46-55,Corta(1-4h),Medio,Lento,Media,Excelente,Media
"Nature, History, Cultural",False,Taj Mahal,Taj Mahal,26-35,Media(5-7h),Medio,Lento,Alta,Buena,Media
"Cultural, Architecture, History",False,Machu Picchu,Colosseum,26-35,Media(5-7h),Medio,Rápido,Alta,Buena,Media
Cultural,True,Machu Picchu,"Eiffel Tower, Machu Picchu, Great Wall of China",36-45,Media(5-7h),Alto,Lento,Alta,Buena,Alta
"Art, Cultural, Nature",True,Machu Picchu,"Colosseum, Taj Mahal",56+,Media(5-7h),Medio,Lento,Media,Buena,Media
Architecture,True,Taj Mahal,"Eiffel Tower, Great Wall of China",36-45,Corta(1-4h),Alto,Lento,Baja,Buena,Alta
History,False,Machu Picchu,Great Wall of China,46-55,Media(5-7h),Medio,Rápido,Media,Excelente,Media
"Cultural, Nature",False,Colosseum,"Colosseum, Machu Picchu",56+,Larga(8-10h),Alto,Lento,Media,Regular,Alta
"Nature, Cultural, History",True,Eiffel Tower,Colosseum,56+,Corta(1-4h),Bajo,Normal,Alta,Buena,Media
"Nature, Cultural, Architecture",True,Colosseum,"Taj Mahal, Machu Picchu, Eiffel Tower",36-45,Media(5-7h),Bajo,Normal,Media,Buena,Media
History,True,Machu Picchu,Taj Mahal,36-45,Corta(1-4h),Bajo,Rápido,Alta,Buena,Media
"Nature, Cultural",False,Eiffel Tower,"Eiffel Tower, Taj Mahal, Machu Picchu",56+,Media(5-7h),Alto,Lento,Media,Buena,Alta
"Architecture, History, Nature",False,Eiffel Tower,"Machu Picchu, Taj Mahal, Great Wall of China",56+,Corta(1-4h),Bajo,Normal,Media,Excelente,Media
"Architecture, History",False,Eiffel Tower,"Eiffel Tower, Machu Picchu",46-55,Corta(1-4h),Bajo,Normal,Media,Excelente,Media
"Cultural, Architecture",True,Eiffel Tower,"Machu Picchu, Eiffel Tower",36-45,Media(5-7h),Bajo,Lento,Media,Buena,Media
"Cultural, Architecture",False,Eiffel Tower,"Colosseum, Great Wall of China, Taj Mahal",56+,Corta(1-4h),Bajo,Rápido,Media,Buena,Media
Cultural,False,Colosseum,"Eiffel Tower, Colosseum",18-25,Media(5-7h),Alto,Normal,Media,Buena,Alta
Nature,False,Machu Picchu,Taj Mahal,56+,Corta(1-4h),Alto,Lento,Media,Excelente,Alta
Nature,True,Eiffel Tower,"Taj Mahal, Eiffel Tower, Colosseum",56+,Corta(1-4h),Alto,Lento,Alta,Buena,Alta
History,True,Colosseum,"Taj Mahal, Great Wall of China",26-35,Media(5-7h),Bajo,Rápido,Media,Excelente,Media
History,False,Colosseum,"Eiffel Tower, Machu Picchu",36-45,Corta(1-4h),Alto,Rápido,Baja,Buena,Alta
"Nature, Art",True,Taj Mahal,"Eiffel Tower, Machu Picchu, Taj Mahal",46-55,Media(5-7h),Bajo,Normal,Media,Buena,Media
"History, Nature, Architecture",True,Colosseum,"Taj Mahal, Colosseum",56+,Corta(1-4h),Alto,Lento,Media,Buena,Alta
"Architecture, History, Nature",True,Colosseum,"Eiffel Tower, Great Wall of China",56+,Corta(1-4h),Alto,Lento,Alta,Excelente,Alta
"Nature, Architecture, History",False,Great Wall of China,Taj Mahal,26-35,Media(5-7h),Bajo,Normal,Alta,Regular,Media
"Cultural, History",True,Eiffel Tower,Machu Picchu,56+,Media(5-7h),Medio,Normal,Media,Buena,Media
Nature,True,Colosseum,"Machu Picchu, Colosseum, Eiffel Tower",46-55,Media(5-7h),Bajo,Rápido,Media,Buena,Media
"Nature, History",False,Great Wall of China,Great Wall of China,46-55,Media(5-7h),Alto,Normal,Media,Excelente,Alta
Cultural,True,Machu Picchu,Colosseum,46-55,Media(5-7h),Bajo,Lento,Alta,Excelente,Media
"Nature, Art, History",True,Taj Mahal,Eiffel Tower,46-55,Media(5-7h),Bajo,Normal,Media,Buena,Media
"Nature, History, Architecture",False,Eiffel Tower,"Eiffel Tower, Colosseum",26-35,Media(5-7h),Bajo,Lento,Media,Excelente,Media
Cultural,True,Colosseum,Colosseum,36-45,Larga(8-10h),Alto,Lento,Media,Excelente,Alta
"History, Nature, Architecture",True,Machu Picchu,Machu Picchu,26-35,Larga(8-10h),Alto,Rápido,Media,Excelente,Alta
"Architecture, Nature, Cultural",True,Colosseum,"Machu Picchu, Taj Mahal, Great Wall of China",18-25,Corta(1-4h),Bajo,Lento,Media,Regular,Media
History,True,Machu Picchu,"Great Wall of China, Taj Mahal, Eiffel Tower",46-55,Media(5-7h),Alto,Normal,Media,Buena,Alta
Architecture,False,Colosseum,"Great Wall of China, Eiffel Tower, Colosseum",56+,Media(5-7h),Medio,Lento,Media,Excelente,Media
"Cultural, Nature, Art",True,Great Wall of China,"Taj Mahal, Eiffel Tower",18-25,Media(5-7h),Medio,Rápido,Alta,Buena,Media
Architecture,True,Taj Mahal,"Taj Mahal, Great Wall of China",46-55,Media(5-7h),Medio,Rápido,Alta,Excelente,Media
"Nature, Art",True,Great Wall of China,Eiffel Tower,46-55,Media(5-7h),Bajo,Lento,Media,Buena,Media
Art,False,Machu Picchu,"Eiffel Tower, Great Wall of China",26-35,Corta(1-4h),Alto,Rápido,Alta,Excelente,Alta
"History, Nature, Cultural",True,Colosseum,"Eiffel Tower, Machu Picchu",56+,Media(5-7h),Alto,Rápido,Alta,Buena,Alta
History,True,Great Wall of China,"Taj Mahal, Colosseum, Great Wall of China",36-45,Media(5-7h),Alto,Normal,Alta,Buena,Alta
"Nature, Architecture",False,Machu Picchu,"Great Wall of China, Machu Picchu",18-25,Corta(1-4h),Alto,Lento,Alta,Excelente,Alta
"History, Architecture, Art",True,Great Wall of China,Colosseum,56+,Corta(1-4h),Alto,Lento,Media,Buena,Alta
"Art, Cultural",True,Great Wall of China,"Colosseum, Machu Picchu, Great Wall of China",56+,Corta(1-4h),Medio,Lento,Media,Buena,Media
Nature,False,Great Wall of China,"Great Wall of China, Colosseum",26-35,Media(5-7h),Medio,Normal,Baja,Excelente,Media
"History, Architecture",True,Taj Mahal,"Machu Picchu, Colosseum",56+,Corta(1-4h),Bajo,Lento,Baja,Buena,Media
History,False,Great Wall of China,"Colosseum, Eiffel Tower, Taj Mahal",56+,Corta(1-4h),Medio,Rápido,Media,Regular,Media
"Nature, History, Architecture",False,Colosseum,"Colosseum, Taj Mahal, Machu Picchu",26-35,Media(5-7h),Alto,Normal,Media,Buena,Alta
"Art, Cultural, Architecture",True,Machu Picchu,"Colosseum, Eiffel Tower, Machu Picchu",36-45,Media(5-7h),Bajo,Normal,Media,Excelente,Media
"Art, History",True,Colosseum,"Eiffel Tower, Colosseum",56+,Media(5-7h),Alto,Rápido,Media,Buena,Alta
"Architecture, History, Art",False,Machu Picchu,"Taj Mahal, Great Wall of China",36-45,Media(5-7h),Bajo,Lento,Alta,Regular,Media
"History, Cultural, Nature",False,Taj Mahal,"Taj Mahal, Machu Picchu, Eiffel Tower",26-35,Corta(1-4h),Bajo,Lento,Alta,Buena,Media
"Architecture, Cultural",False,Machu Picchu,"Machu Picchu, Colosseum, Taj Mahal",36-45,Corta(1-4h),Alto,Normal,Media,Buena,Alta
"Architecture, Nature",True,Machu Picchu,Machu Picchu,18-25,Corta(1-4h),Alto,Normal,Alta,Buena,Alta
"Art, History",True,Great Wall of China,"Great Wall of China, Colosseum",56+,Media(5-7h),Alto,Lento,Media,Buena,Alta
"History, Nature",False,Taj Mahal,"Taj Mahal, Machu Picchu",46-55,Media(5-7h),Alto,Lento,Alta,Buena,Alta
"Architecture, History",True,Colosseum,"Eiffel Tower, Machu Picchu, Colosseum",18-25,Corta(1-4h),Bajo,Rápido,Alta,Excelente,Media
Nature,False,Great Wall of China,"Machu Picchu, Taj Mahal, Eiffel Tower",46-55,Media(5-7h),Medio,Rápido,Baja,Excelente,Media
"Cultural, Art",False,Taj Mahal,"Colosseum, Taj Mahal",36-45,Media(5-7h),Medio,Lento,Alta,Excelente,Media
"History, Architecture",True,Machu Picchu,"Eiffel Tower, Taj Mahal",56+,Media(5-7h),Medio,Normal,Alta,Buena,Media
History,False,Machu Picchu,"Colosseum, Great Wall of China",56+,Media(5-7h),Bajo,Rápido,Media,Buena,Media
"History, Art",False,Taj Mahal,"Colosseum, Machu Picchu, Taj Mahal",56+,Media(5-7h),Alto,Rápido,Media,Excelente,Alta
"Cultural, History, Art",False,Great Wall of China,"Colosseum, Taj Mahal",36-45,Media(5-7h),Alto,Lento,Media,Buena,Alta
"Nature, Art, Cultural",True,Colosseum,"Great Wall of China, Eiffel Tower, Taj Mahal",18-25,Corta(1-4h),Medio,Lento,Media,Buena,Media
Nature,True,Colosseum,"Machu Picchu, Taj Mahal, Great Wall of China",56+,Corta(1-4h),Alto,Normal,Media,Excelente,Alta
Art,False,Great Wall of China,Machu Picchu,36-45,Corta(1-4h),Alto,Normal,Alta,Buena,Alta
Nature,True,Taj Mahal,"Colosseum, Machu Picchu",56+,Larga(8-10h),Alto,Rápido,Alta,Regular,Alta
"Nature, Art, Cultural",True,Taj Mahal,Great Wall of China,18-25,Corta(1-4h),Bajo,Rápido,Media,Buena,Media
Architecture,False,Great Wall of China,"Taj Mahal, Eiffel Tower, Machu Picchu",36-45,Media(5-7h),Medio,Lento,Media,Excelente,Media
Art,False,Eiffel Tower,"Eiffel Tower, Great Wall of China",56+,Media(5-7h),Medio,Lento,Media,Excelente,Media
Art,True,Taj Mahal,"Colosseum, Great Wall of China, Eiffel Tower",26-35,Corta(1-4h),Medio,Lento,Media,Excelente,Media
"Architecture, Cultural",False,Taj Mahal,"Eiffel Tower, Taj Mahal",36-45,Larga(8-10h),Bajo,Rápido,Media,Buena,Media
Art,True,Eiffel Tower,Taj Mahal,56+,Media(5-7h),Bajo,Lento,Alta,Buena,Media
History,True,Taj Mahal,"Eiffel Tower, Taj Mahal, Great Wall of China",46-55,Media(5-7h),Alto,Rápido,Media,Excelente,Alta
Art,True,Great Wall of China,"Machu Picchu, Colosseum, Taj Mahal",56+,Corta(1-4h),Alto,Normal,Media,Excelente,Alta
Art,False,Colosseum,Taj Mahal,46-55,Larga(8-10h),Medio,Normal,Media,Buena,Media
Architecture,True,Colosseum,"Colosseum, Great Wall of China",26-35,Corta(1-4h),Medio,Normal,Media,Excelente,Media
Architecture,False,Colosseum,"Machu Picchu, Taj Mahal, Colosseum",26-35,Media(5-7h),Bajo,Lento,Media,Regular,Media
"History, Cultural",False,Eiffel Tower,"Colosseum, Taj Mahal",36-45,Media(5-7h),Medio,Rápido,Alta,Excelente,Media
Art,True,Great Wall of China,"Machu Picchu, Great Wall of China, Taj Mahal",36-45,Media(5-7h),Medio,Rápido,Media,Buena,Media
Nature,True,Great Wall of China,"Colosseum, Great Wall of China",56+,Corta(1-4h),Bajo,Normal,Media,Excelente,Media
"Architecture, Nature",False,Machu Picchu,"Eiffel Tower, Taj Mahal, Great Wall of China",36-45,Media(5-7h),Medio,Lento,Media,Excelente,Media
"History, Art, Nature",False,Machu Picchu,Great Wall of China,56+,Media(5-7h),Medio,Normal,Media,Buena,Media
Art,False,Taj Mahal,"Machu Picchu, Eiffel Tower, Taj Mahal",56+,Media(5-7h),Alto,Lento,Alta,Buena,Alta
"Cultural, Nature",True,Great Wall of China,"Machu Picchu, Eiffel Tower",26-35,Media(5-7h),Bajo,Rápido,Media,Buena,Media
"Cultural, Nature, Architecture",False,Machu Picchu,"Machu Picchu, Colosseum, Taj Mahal",56+,Media(5-7h),Alto,Normal,Alta,Buena,Alta
"Nature, Architecture, History",False,Colosseum,Colosseum,56+,Corta(1-4h),Medio,Lento,Alta,Buena,Media
"History, Cultural, Art",True,Great Wall of China,"Great Wall of China, Taj Mahal",26-35,Media(5-7h),Medio,Lento,Alta,Buena,Media
"Architecture, Art, History",False,Great Wall of China,Machu Picchu,36-45,Larga(8-10h),Medio,Lento,Media,Excelente,Media
Architecture,False,Taj Mahal,"Eiffel Tower, Colosseum",46-55,Corta(1-4h),Medio,Rápido,Media,Excelente,Media
Art,True,Taj Mahal,Colosseum,26-35,Larga(8-10h),Alto,Lento,Media,Buena,Alta
"Architecture, History, Nature",True,Taj Mahal,"Machu Picchu, Eiffel Tower",36-45,Media(5-7h),Alto,Lento,Media,Excelente,Alta
"History, Nature, Architecture",False,Taj Mahal,Machu Picchu,56+,Media(5-7h),Bajo,Normal,Baja,Buena,Media
"Architecture, Cultural",False,Great Wall of China,"Taj Mahal, Great Wall of China",56+,Larga(8-10h),Bajo,Rápido,Media,Excelente,Media
Cultural,False,Great Wall of China,"Colosseum, Taj Mahal, Machu Picchu",36-45,Media(5-7h),Medio,Lento,Media,Buena,Media
Architecture,True,Eiffel Tower,"Eiffel Tower, Colosseum, Great Wall of China",56+,Corta(1-4h),Bajo,Lento,Alta,Buena,Media
"History, Cultural, Nature",False,Great Wall of China,Great Wall of China,26-35,Media(5-7h),Alto,Rápido,Media,Buena,Alta
Nature,False,Great Wall of China,"Great Wall of China, Machu Picchu, Colosseum",18-25,Corta(1-4h),Medio,Lento,Media,Excelente,Media
"History, Art, Architecture",False,Machu Picchu,Taj Mahal,56+,Media(5-7h),Medio,Lento,Media,Buena,Media
"Art, Nature",False,Colosseum,"Eiffel Tower, Taj Mahal, Colosseum",36-45,Media(5-7h),Bajo,Rápido,Alta,Buena,Media
Cultural,False,Great Wall of China,"Great Wall of China, Taj Mahal",36-45,Corta(1-4h),Bajo,Rápido,Media,Buena,Media
"Architecture, Nature",True,Taj Mahal,Eiffel Tower,46-55,Corta(1-4h),Medio,Rápido,Media,Regular,Media
"Art, Cultural",True,Great Wall of China,"Great Wall of China, Colosseum",56+,Corta(1-4h),Medio,Rápido,Media,Buena,Media
"History, Architecture, Nature",False,Colosseum,"Eiffel Tower, Great Wall of China, Colosseum",36-45,Media(5-7h),Bajo,Rápido,Media,Excelente,Media
"History, Nature",False,Great Wall of China,Eiffel Tower,46-55,Corta(1-4h),Medio,Lento,Media,Buena,Media
Nature,True,Eiffel Tower,Taj Mahal,46-55,Larga(8-10h),Alto,Normal,Media,Excelente,Alta
"Nature, Architecture",False,Colosseum,"Taj Mahal, Eiffel Tower, Colosseum",36-45,Media(5-7h),Alto,Lento,Media,Excelente,Alta
"Cultural, History",True,Machu Picchu,"Machu Picchu, Taj Mahal, Eiffel Tower",36-45,Corta(1-4h),Medio,Rápido,Alta,Regular,Alta
"Cultural, Art, Nature",True,Taj Mahal,"Colosseum, Machu Picchu, Great Wall of China",56+,Corta(1-4h),Medio,Lento,Media,Excelente,Media
"Cultural, Nature, Art",True,Taj Mahal,"Machu Picchu, Eiffel Tower",56+,Media(5-7h),Alto,Normal,Media,Excelente,Alta
Cultural,False,Taj Mahal,Great Wall of China,26-35,Media(5-7h),Bajo,Lento,Alta,Buena,Media
"Architecture, Cultural, Nature",False,Great Wall of China,"Machu Picchu, Great Wall of China, Colosseum",46-55,Media(5-7h),Medio,Lento,Media,Buena,Media
Architecture,False,Machu Picchu,Taj Mahal,18-25,Media(5-7h),Medio,Lento,Media,Excelente,Media
"Nature, Art",True,Taj Mahal,"Eiffel Tower, Taj Mahal",56+,Corta(1-4h),Alto,Rápido,Alta,Excelente,Alta
"Art, Architecture",False,Machu Picchu,"Machu Picchu, Great Wall of China",26-35,Larga(8-10h),Bajo,Lento,Media,Buena,Media
History,False,Great Wall of China,Colosseum,26-35,Media(5-7h),Bajo,Lento,Media,Excelente,Media
Architecture,True,Colosseum,"Taj Mahal, Colosseum, Eiffel Tower",36-45,Media(5-7h),Medio,Normal,Alta,Excelente,Media
"Cultural, Art",False,Eiffel Tower,Colosseum,18-25,Media(5-7h),Medio,Normal,Media,Excelente,Media
History,True,Eiffel Tower,Great Wall of China,46-55,Media(5-7h),Medio,Normal,Alta,Buena,Media
Nature,True,Eiffel Tower,"Eiffel Tower, Great Wall of China, Taj Mahal",18-25,Media(5-7h),Alto,Normal,Media,Buena,Alta
"Art, Architecture",True,Great Wall of China,"Great Wall of China, Taj Mahal, Colosseum",18-25,Corta(1-4h),Bajo,Rápido,Media,Buena,Media
Cultural,False,Great Wall of China,"Eiffel Tower, Colosseum, Taj Mahal",26-35,Media(5-7h),Medio,Lento,Media,Regular,Media
"History, Nature, Architecture",True,Colosseum,"Great Wall of China, Machu Picchu, Colosseum",56+,Media(5-7h),Medio,Lento,Media,Excelente,Media
"Architecture, Art",False,Great Wall of China,Taj Mahal,46-55,Larga(8-10h),Bajo,Lento,Media,Excelente,Media
Architecture,False,Eiffel Tower,"Colosseum, Eiffel Tower",36-45,Corta(1-4h),Alto,Lento,Media,Buena,Alta
History,False,Taj Mahal,Colosseum,36-45,Larga(8-10h),Bajo,Normal,Alta,Buena,Media
"Architecture, Nature, Cultural",False,Colosseum,"Taj Mahal, Eiffel Tower, Great Wall of China",46-55,Corta(1-4h),Bajo,Rápido,Baja,Excelente,Media
Cultural,False,Great Wall of China,"Machu Picchu, Taj Mahal",46-55,Media(5-7h),Alto,Lento,Alta,Buena,Alta
"Architecture, Cultural",True,Great Wall of China,Machu Picchu,18-25,Larga(8-10h),Medio,Normal,Alta,Excelente,Media
"Art, Cultural, History",True,Eiffel Tower,Machu Picchu,26-35,Media(5-7h),Medio,Normal,Media,Buena,Media
"Architecture, Art",True,Eiffel Tower,"Taj Mahal, Machu Picchu",26-35,Media(5-7h),Medio,Rápido,Alta,Buena,Media
Art,True,Taj Mahal,Eiffel Tower,26-35,Media(5-7h),Alto,Lento,Media,Excelente,Alta
Architecture,False,Great Wall of China,Machu Picchu,36-45,Media(5-7h),Bajo,Rápido,Alta,Excelente,Media
"Architecture, Nature, History",True,Machu Picchu,Colosseum,18-25,Media(5-7h),Alto,Rápido,Alta,Buena,Alta
"Nature, History",True,Machu Picchu,"Colosseum, Eiffel Tower",36-45,Larga(8-10h),Alto,Normal,Media,Excelente,Alta
"History, Nature",True,Eiffel Tower,"Colosseum, Taj Mahal",56+,Media(5-7h),Bajo,Rápido,Media,Excelente,Media
"Art, Architecture, Nature",True,Eiffel Tower,"Machu Picchu, Colosseum",18-25,Corta(1-4h),Alto,Lento,Media,Excelente,Alta
"History, Cultural",True,Colosseum,Great Wall of China,18-25,Larga(8-10h),Medio,Lento,Media,Excelente,Media
"Cultural, Art",True,Great Wall of China,"Taj Mahal, Great Wall of China, Machu Picchu",36-45,Media(5-7h),Alto,Rápido,Media,Buena,Alta
"Architecture, Cultural",True,Great Wall of China,"Taj Mahal, Eiffel Tower, Colosseum",18-25,Media(5-7h),Alto,Normal,Alta,Buena,Alta
"Nature, Cultural, Art",False,Taj Mahal,Taj Mahal,18-25,Larga(8-10h),Alto,Normal,Alta,Buena,Alta
Architecture,False,Colosseum,"Great Wall of China, Eiffel Tower, Taj Mahal",18-25,Media(5-7h),Alto,Lento,Media,Buena,Alta
"Cultural, Nature, History",True,Eiffel Tower,"Taj Mahal, Great Wall of China, Colosseum",26-35,Media(5-7h),Medio,Rápido,Media,Buena,Alta
"Art, Architecture",False,Machu Picchu,"Great Wall of China, Eiffel Tower, Taj Mahal",46-55,Media(5-7h),Medio,Lento,Media,Excelente,Media
"History, Architecture, Cultural",True,Machu Picchu,"Machu Picchu, Great Wall of China, Colosseum",26-35,Media(5-7h),Alto,Normal,Media,Excelente,Alta
"Cultural, Art, History",True,Machu Picchu,Machu Picchu,46-55,Larga(8-10h),Alto,Rápido,Media,Buena,Alta
"Architecture, Cultural",True,Colosseum,Great Wall of China,26-35,Media(5-7h),Alto,Normal,Media,Buena,Alta
"Cultural, History",True,Great Wall of China,"Taj Mahal, Great Wall of China, Colosseum",56+,Media(5-7h),Alto,Normal,Media,Buena,Alta
Architecture,False,Eiffel Tower,Machu Picchu,26-35,Media(5-7h),Bajo,Rápido,Media,Buena,Media
"Architecture, Nature",False,Colosseum,Eiffel Tower,36-45,Corta(1-4h),Bajo,Lento,Media,Buena,Media
Cultural,True,Eiffel Tower,"Colosseum, Taj Mahal, Great Wall of China",56+,Corta(1-4h),Bajo,Normal,Media,Excelente,Media
Nature,False,Machu Picchu,Machu Picchu,18-25,Media(5-7h),Medio,Lento,Media,Buena,Media
"Cultural, Art",False,Great Wall of China,"Taj Mahal, Great Wall of China, Machu Picchu",46-55,Corta(1-4h),Bajo,Normal,Media,Regular,Media
Nature,False,Taj Mahal,"Taj Mahal, Machu Picchu",46-55,Corta(1-4h),Alto,Lento,Media,Excelente,Alta
"Cultural, Architecture",True,Colosseum,Taj Mahal,46-55,Larga(8-10h),Alto,Lento,Alta,Excelente,Alta
"Architecture, Cultural, History",True,Taj Mahal,"Eiffel Tower, Colosseum, Taj Mahal",56+,Corta(1-4h),Alto,Lento,Media,Excelente,Alta
"Art, Cultural, Architecture",False,Great Wall of China,Great Wall of China,26-35,Media(5-7h),Bajo,Lento,Media,Regular,Media
Cultural,True,Colosseum,Great Wall of China,26-35,Larga(8-10h),Medio,Lento,Media,Excelente,Media
"History, Nature",False,Eiffel Tower,"Great Wall of China, Eiffel Tower, Taj Mahal",56+,Corta(1-4h),Alto,Rápido,Alta,Excelente,Alta
"Art, Architecture, History",False,Great Wall of China,"Eiffel Tower, Colosseum, Taj Mahal",26-35,Media(5-7h),Medio,Lento,Media,Buena,Media
"Architecture, Art",False,Great Wall of China,"Eiffel Tower, Machu Picchu",18-25,Corta(1-4h),Medio,Rápido,Media,Excelente,Media
Nature,False,Eiffel Tower,"Colosseum, Taj Mahal, Great Wall of China",56+,Corta(1-4h),Alto,Lento,Media,Buena,Alta
"Nature, Architecture, Cultural",False,Machu Picchu,"Great Wall of China, Taj Mahal, Colosseum",46-55,Corta(1-4h),Medio,Rápido,Media,Excelente,Alta
"History, Nature",True,Taj Mahal,"Great Wall of China, Eiffel Tower",36-45,Larga(8-10h),Alto,Normal,Baja,Excelente,Alta
Cultural,True,Machu Picchu,"Machu Picchu, Eiffel Tower, Great Wall of China",56+,Corta(1-4h),Alto,Normal,Media,Excelente,Alta
"Art, History, Architecture",True,Eiffel Tower,Machu Picchu,56+,Media(5-7h),Medio,Rápido,Media,Buena,Media
"Nature, Cultural",True,Taj Mahal,Machu Picchu,46-55,Media(5-7h),Alto,Rápido,Media,Buena,Alta
History,True,Machu Picchu,"Eiffel Tower, Machu Picchu",18-25,Media(5-7h),Alto,Rápido,Media,Excelente,Alta
"History, Art",False,Machu Picchu,Machu Picchu,56+,Corta(1-4h),Alto,Rápido,Media,Buena,Alta
"Art, Nature, Architecture",False,Colosseum,Eiffel Tower,18-25,Media(5-7h),Alto,Rápido,Alta,Excelente,Alta
"Art, Architecture",False,Colosseum,"Colosseum, Eiffel Tower",46-55,Media(5-7h),Bajo,Lento,Alta,Buena,Media
"Architecture, Art, Nature",True,Eiffel Tower,"Colosseum, Eiffel Tower, Great Wall of China",26-35,Corta(1-4h),Bajo,Rápido,Media,Buena,Media
Nature,False,Great Wall of China,"Eiffel Tower, Great Wall of China",36-45,Media(5-7h),Medio,Lento,Alta,Buena,Media
Art,False,Colosseum,"Eiffel Tower, Machu Picchu",56+,Corta(1-4h),Bajo,Rápido,Alta,Buena,Media
"Cultural, Nature, Art",True,Colosseum,Machu Picchu,18-25,Media(5-7h),Alto,Rápido,Alta,Buena,Alta
Nature,True,Machu Picchu,"Colosseum, Taj Mahal",56+,Corta(1-4h),Medio,Normal,Media,Buena,Media
"History, Nature, Art",True,Machu Picchu,"Taj Mahal, Machu Picchu",36-45,Corta(1-4h),Medio,Lento,Media,Excelente,Media
"Cultural, Art, Nature",True,Great Wall of China,Taj Mahal,26-35,Larga(8-10h),Bajo,Normal,Alta,Excelente,Media
"History, Nature, Art",True,Colosseum,"Eiffel Tower, Machu Picchu, Taj Mahal",56+,Media(5-7h),Bajo,Rápido,Media,Excelente,Media
History,True,Great Wall of China,"Great Wall of China, Colosseum",56+,Corta(1-4h),Alto,Lento,Media,Excelente,Alta
"Art, Nature, History",False,Machu Picchu,"Machu Picchu, Great Wall of China",36-45,Media(5-7h),Bajo,Normal,Media,Excelente,Media
"Art, Cultural",True,Eiffel Tower,"Eiffel Tower, Machu Picchu, Taj Mahal",18-25,Corta(1-4h),Bajo,Lento,Media,Excelente,Media
Architecture,False,Eiffel Tower,"Colosseum, Taj Mahal",18-25,Corta(1-4h),Bajo,Lento,Alta,Excelente,Media
"Architecture, Nature",True,Taj Mahal,"Machu Picchu, Colosseum, Great Wall of China",18-25,Larga(8-10h),Bajo,Normal,Alta,Buena,Media
Architecture,True,Machu Picchu,"Eiffel Tower, Colosseum, Taj Mahal",36-45,Larga(8-10h),Alto,Lento,Media,Buena,Alta
"Architecture, History, Nature",False,Taj Mahal,"Machu Picchu, Taj Mahal, Colosseum",18-25,Media(5-7h),Bajo,Rápido,Alta,Buena,Media
"Architecture, Nature",False,Machu Picchu,"Colosseum, Taj Mahal, Machu Picchu",36-45,Larga(8-10h),Alto,Lento,Alta,Excelente,Alta
"Nature, Cultural, Art",True,Machu Picchu,"Colosseum, Machu Picchu",56+,Larga(8-10h),Alto,Lento,Alta,Buena,Alta
"History, Cultural",True,Great Wall of China,Machu Picchu,46-55,Corta(1-4h),Bajo,Lento,Alta,Excelente,Media
"Art, Cultural",False,Machu Picchu,"Machu Picchu, Taj Mahal",18-25,Media(5-7h),Bajo,Rápido,Media,Buena,Media
Architecture,False,Taj Mahal,"Colosseum, Taj Mahal, Machu Picchu",56+,Larga(8-10h),Alto,Rápido,Media,Buena,Alta
"Nature, Cultural, Art",False,Taj Mahal,"Eiffel Tower, Great Wall of China, Machu Picchu",26-35,Media(5-7h),Alto,Rápido,Alta,Excelente,Alta
Art,False,Machu Picchu,Colosseum,46-55,Corta(1-4h),Medio,Normal,Media,Excelente,Media
"History, Nature",False,Eiffel Tower,"Eiffel Tower, Colosseum, Taj Mahal",56+,Corta(1-4h),Alto,Rápido,Media,Buena,Alta
"History, Architecture, Art",False,Colosseum,"Machu Picchu, Taj Mahal, Great Wall of China",26-35,Corta(1-4h),Medio,Lento,Alta,Buena,Media
"Nature, Cultural",True,Taj Mahal,Taj Mahal,46-55,Corta(1-4h),Bajo,Normal,Media,Excelente,Media
"Art, Architecture",True,Machu Picchu,Colosseum,36-45,Media(5-7h),Medio,Lento,Media,Buena,Media
"Art, History, Cultural",False,Colosseum,"Taj Mahal, Great Wall of China, Eiffel Tower",56+,Corta(1-4h),Alto,Rápido,Media,Buena,Alta
Art,False,Taj Mahal,"Colosseum, Great Wall of China",56+,Corta(1-4h),Medio,Lento,Media,Excelente,Media
"Nature, Art, Cultural",True,Great Wall of China,"Taj Mahal, Eiffel Tower, Machu Picchu",18-25,Media(5-7h),Medio,Lento,Media,Excelente,Media
Cultural,False,Machu Picchu,"Eiffel Tower, Great Wall of China, Taj Mahal",18-25,Media(5-7h),Alto,Normal,Baja,Buena,Alta
"Art, Cultural, History",True,Taj Mahal,"Eiffel Tower, Machu Picchu",26-35,Corta(1-4h),Medio,Rápido,Media,Buena,Media
Cultural,False,Colosseum,"Colosseum, Machu Picchu, Great Wall of China",36-45,Corta(1-4h),Alto,Normal,Media,Regular,Alta
"History, Cultural, Nature",False,Great Wall of China,"Colosseum, Taj Mahal",36-45,Corta(1-4h),Alto,Normal,Media,Excelente,Alta
"Art, Nature",True,Machu Picchu,"Colosseum, Machu Picchu",56+,Corta(1-4h),Alto,Lento,Media,Excelente,Alta
Art,False,Colosseum,"Taj Mahal, Eiffel Tower",18-25,Media(5-7h),Alto,Rápido,Alta,Excelente,Alta
"Art, Cultural, History",True,Eiffel Tower,Colosseum,18-25,Corta(1-4h),Medio,Rápido,Alta,Excelente,Media
"Art, Cultural",True,Machu Picchu,Taj Mahal,46-55,Larga(8-10h),Alto,Normal,Media,Buena,Alta
"Art, Nature",True,Colosseum,"Machu Picchu, Colosseum, Taj Mahal",56+,Corta(1-4h),Bajo,Normal,Media,Excelente,Media
"Nature, Art",True,Taj Mahal,Colosseum,56+,Media(5-7h),Medio,Lento,Alta,Excelente,Media
"Nature, Cultural",False,Colosseum,"Colosseum, Great Wall of China",26-35,Corta(1-4h),Medio,Lento,Baja,Buena,Media
Art,False,Eiffel Tower,Machu Picchu,18-25,Media(5-7h),Medio,Rápido,Media,Buena,Media
"Cultural, Architecture, History",True,Eiffel Tower,Machu Picchu,46-55,Corta(1-4h),Medio,Lento,Media,Buena,Media
"Architecture, Nature",False,Eiffel Tower,"Great Wall of China, Eiffel Tower, Taj Mahal",18-25,Larga(8-10h),Alto,Normal,Media,Buena,Alta
"Cultural, Architecture",True,Taj Mahal,"Eiffel Tower, Colosseum, Great Wall of China",56+,Larga(8-10h),Medio,Lento,Media,Buena,Media
"Art, Architecture",True,Great Wall of China,Eiffel Tower,36-45,Media(5-7h),Medio,Lento,Media,Buena,Media
History,True,Machu Picchu,Colosseum,36-45,Larga(8-10h),Alto,Lento,Alta,Excelente,Alta
"Cultural, History, Art",False,Taj Mahal,"Colosseum, Machu Picchu, Great Wall of China",56+,Media(5-7h),Alto,Lento,Alta,Excelente,Alta
Cultural,True,Machu Picchu,Taj Mahal,36-45,Media(5-7h),Alto,Rápido,Media,Buena,Alta
"Nature, History",True,Eiffel Tower,"Machu Picchu, Colosseum",56+,Larga(8-10h),Bajo,Normal,Media,Regular,Media
Architecture,True,Colosseum,"Great Wall of China, Colosseum, Eiffel Tower",26-35,Corta(1-4h),Medio,Rápido,Alta,Excelente,Media
"Nature, History",True,Colosseum,"Great Wall of China, Taj Mahal",36-45,Larga(8-10h),Alto,Lento,Baja,Buena,Alta
"Architecture, Nature, Cultural",True,Colosseum,Machu Picchu,56+,Corta(1-4h),Bajo,Lento,Media,Excelente,Media
Cultural,False,Colosseum,"Great Wall of China, Colosseum",18-25,Larga(8-10h),Medio,Lento,Media,Excelente,Media
Architecture,True,Taj Mahal,"Eiffel Tower, Machu Picchu",26-35,Media(5-7h),Medio,Lento,Media,Regular,Alta
Cultural,False,Great Wall of China,Colosseum,36-45,Media(5-7h),Medio,Lento,Alta,Buena,Media
Nature,True,Eiffel Tower,"Great Wall of China, Machu Picchu, Taj Mahal",18-25,Corta(1-4h),Medio,Normal,Media,Excelente,Media
"History, Cultural",False,Taj Mahal,Colosseum,56+,Media(5-7h),Bajo,Lento,Media,Buena,Media
"History, Art",True,Machu Picchu,Great Wall of China,26-35,Media(5-7h),Medio,Normal,Media,Buena,Media
"Architecture, History, Nature",True,Machu Picchu,Colosseum,26-35,Corta(1-4h),Alto,Rápido,Media,Buena,Alta
"Art, Cultural, History",False,Taj Mahal,"Taj Mahal, Eiffel Tower",56+,Media(5-7h),Alto,Lento,Media,Excelente,Alta
Art,True,Colosseum,"Taj Mahal, Colosseum, Machu Picchu",18-25,Media(5-7h),Alto,Rápido,Media,Buena,Alta
"Nature, Art",False,Great Wall of China,Great Wall of China,26-35,Media(5-7h),Alto,Rápido,Media,Excelente,Alta
"History, Nature, Art",False,Eiffel Tower,"Great Wall of China, Taj Mahal",26-35,Corta(1-4h),Medio,Normal,Media,Excelente,Media
Art,True,Eiffel Tower,Great Wall of China,46-55,Media(5-7h),Bajo,Rápido,Media,Excelente,Media
"Cultural, Nature",True,Great Wall of China,"Colosseum, Eiffel Tower, Great Wall of China",18-25,Corta(1-4h),Alto,Rápido,Media,Excelente,Alta
"Art, History",True,Great Wall of China,"Colosseum, Taj Mahal, Machu Picchu",46-55,Media(5-7h),Bajo,Lento,Media,Excelente,Media
"Architecture, Nature, Art",True,Taj Mahal,"Taj Mahal, Colosseum",46-55,Corta(1-4h),Medio,Rápido,Media,Buena,Alta
Nature,True,Taj Mahal,"Machu Picchu, Eiffel Tower",36-45,Corta(1-4h),Medio,Lento,Alta,Excelente,Media
Architecture,True,Machu Picchu,"Eiffel Tower, Great Wall of China, Machu Picchu",36-45,Corta(1-4h),Medio,Rápido,Media,Excelente,Alta
"Architecture, Art, Nature",False,Great Wall of China,Colosseum,18-25,Media(5-7h),Alto,Rápido,Media,Excelente,Alta
"Cultural, History",True,Taj Mahal,"Great Wall of China, Taj Mahal",56+,Corta(1-4h),Medio,Rápido,Alta,Excelente,Media
"History, Architecture, Cultural",True,Taj Mahal,"Taj Mahal, Eiffel Tower",56+,Media(5-7h),Bajo,Rápido,Media,Regular,Media
Cultural,True,Taj Mahal,"Great Wall of China, Colosseum, Eiffel Tower",18-25,Media(5-7h),Alto,Lento,Media,Excelente,Alta
"History, Architecture",True,Taj Mahal,Great Wall of China,56+,Larga(8-10h),Medio,Rápido,Alta,Buena,Media
"Nature, Cultural, Architecture",True,Machu Picchu,"Machu Picchu, Eiffel Tower, Great Wall of China",26-35,Media(5-7h),Bajo,Rápido,Media,Excelente,Media
"Cultural, Architecture",False,Colosseum,"Great Wall of China, Taj Mahal, Machu Picchu",18-25,Media(5-7h),Medio,Rápido,Media,Excelente,Media
"Art, Nature, History",False,Great Wall of China,Eiffel Tower,18-25,Corta(1-4h),Medio,Rápido,Media,Buena,Media
"History, Art, Architecture",False,Eiffel Tower,"Colosseum, Machu Picchu",26-35,Media(5-7h),Medio,Rápido,Alta,Excelente,Media
"Cultural, Architecture",False,Great Wall of China,"Eiffel Tower, Taj Mahal",26-35,Media(5-7h),Medio,Normal,Media,Buena,Media
"Architecture, Art, Cultural",True,Taj Mahal,"Taj Mahal, Great Wall of China",36-45,Media(5-7h),Medio,Rápido,Alta,Excelente,Alta
Nature,True,Great Wall of China,"Colosseum, Taj Mahal, Great Wall of China",18-25,Media(5-7h),Medio,Normal,Alta,Excelente,Media
"History, Nature",True,Eiffel Tower,Colosseum,36-45,Corta(1-4h),Medio,Rápido,Alta,Excelente,Media
"Cultural, Art",True,Machu Picchu,Great Wall of China,26-35,Corta(1-4h),Medio,Normal,Alta,Buena,Media
Art,False,Machu Picchu,"Taj Mahal, Machu Picchu",36-45,Corta(1-4h),Alto,Rápido,Media,Excelente,Alta
"Nature, Cultural",False,Taj Mahal,Machu Picchu,46-55,Media(5-7h),Alto,Lento,Baja,Buena,Alta
Cultural,False,Eiffel Tower,"Taj Mahal, Colosseum",56+,Media(5-7h),Bajo,Rápido,Alta,Excelente,Media
"History, Nature",True,Great Wall of China,"Eiffel Tower, Machu Picchu",26-35,Media(5-7h),Alto,Lento,Media,Buena,Alta
Art,False,Great Wall of China,"Great Wall of China, Eiffel Tower",18-25,Corta(1-4h),Alto,Normal,Alta,Buena,Alta
"Cultural, Architecture",False,Great Wall of China,"Colosseum, Great Wall of China",56+,Media(5-7h),Medio,Normal,Media,Buena,Media
Art,True,Machu Picchu,"Machu Picchu, Taj Mahal, Colosseum",26-35,Corta(1-4h),Alto,Rápido,Alta,Buena,Alta
"Architecture, Cultural",False,Machu Picchu,"Colosseum, Machu Picchu",36-45,Media(5-7h),Alto,Lento,Media,Buena,Alta
Architecture,True,Machu Picchu,"Taj Mahal, Machu Picchu, Eiffel Tower",26-35,Media(5-7h),Medio,Lento,Media,Regular,Alta
Art,True,Colosseum,"Eiffel Tower, Colosseum, Machu Picchu",26-35,Corta(1-4h),Medio,Rápido,Media,Buena,Media
"Nature, History",True,Taj Mahal,Colosseum,26-35,Media(5-7h),Bajo,Lento,Media,Excelente,Media
"Art, Architecture, Nature",True,Eiffel Tower,"Great Wall of China, Taj Mahal",36-45,Larga(8-10h),Bajo,Lento,Alta,Excelente,Media
Cultural,True,Taj Mahal,Machu Picchu,36-45,Media(5-7h),Medio,Lento,Media,Buena,Media
"History, Architecture, Art",False,Colosseum,"Great Wall of China, Machu Picchu, Eiffel Tower",18-25,Media(5-7h),Bajo,Lento,Alta,Buena,Media
"Cultural, Architecture, Nature",True,Machu Picchu,"Machu Picchu, Great Wall of China",46-55,Media(5-7h),Bajo,Lento,Media,Buena,Media
"History, Cultural, Art",False,Machu Picchu,"Great Wall of China, Taj Mahal, Eiffel Tower",46-55,Media(5-7h),Alto,Rápido,Media,Excelente,Alta
"Architecture, History",False,Taj Mahal,"Great Wall of China, Taj Mahal, Eiffel Tower",46-55,Media(5-7h),Medio,Normal,Media,Excelente,Media
"Architecture, Art, Nature",False,Great Wall of China,"Taj Mahal, Colosseum, Machu Picchu",18-25,Media(5-7h),Medio,Normal,Media,Buena,Media
"History, Nature, Architecture",True,Taj Mahal,"Colosseum, Taj Mahal, Machu Picchu",56+,Media(5-7h),Bajo,Lento,Media,Buena,Media
"Nature, Cultural",False,Eiffel Tower,Taj Mahal,56+,Corta(1-4h),Bajo,Lento,Media,Excelente,Media
"Nature, Architecture",False,Eiffel Tower,"Colosseum, Taj Mahal, Machu Picchu",26-35,Media(5-7h),Alto,Normal,Alta,Buena,Alta
Architecture,False,Machu Picchu,"Eiffel Tower, Great Wall of China, Colosseum",26-35,Larga(8-10h),Alto,Lento,Media,Buena,Alta
Nature,True,Great Wall of China,"Great Wall of China, Machu Picchu, Taj Mahal",56+,Corta(1-4h),Alto,Lento,Media,Buena,Alta
"Architecture, Art",True,Great Wall of China,"Great Wall of China, Eiffel Tower, Colosseum",18-25,Corta(1-4h),Alto,Lento,Media,Excelente,Alta
Art,False,Machu Picchu,"Eiffel Tower, Machu Picchu",46-55,Media(5-7h),Medio,Rápido,Alta,Excelente,Media
Nature,False,Machu Picchu,"Colosseum, Great Wall of China, Eiffel Tower",36-45,Media(5-7h),Medio,Lento,Media,Excelente,Media
Architecture,False,Colosseum,"Taj Mahal, Machu Picchu",18-25,Media(5-7h),Bajo,Normal,Baja,Buena,Media
"Cultural, Nature, History",True,Machu Picchu,"Colosseum, Eiffel Tower, Taj Mahal",26-35,Media(5-7h),Bajo,Lento,Media,Buena,Media
"Nature, Art",True,Taj Mahal,Eiffel Tower,18-25,Media(5-7h),Bajo,Lento,Media,Buena,Media
"Architecture, Nature",True,Eiffel Tower,Great Wall of China,56+,Media(5-7h),Alto,Normal,Alta,Excelente,Alta
"Nature, History, Cultural",True,Taj Mahal,"Colosseum, Machu Picchu, Eiffel Tower",18-25,Media(5-7h),Medio,Rápido,Media,Excelente,Media
"Nature, Architecture",True,Taj Mahal,Eiffel Tower,18-25,Larga(8-10h),Medio,Lento,Media,Buena,Media
Architecture,True,Great Wall of China,Taj Mahal,56+,Media(5-7h),Medio,Lento,Media,Buena,Alta
Art,False,Great Wall of China,"Colosseum, Taj Mahal",56+,Larga(8-10h),Medio,Normal,Alta,Buena,Alta
Architecture,False,Taj Mahal,"Taj Mahal, Eiffel Tower",18-25,Media(5-7h),Medio,Lento,Media,Excelente,Media
"History, Art",True,Great Wall of China,Taj Mahal,36-45,Media(5-7h),Alto,Lento,Media,Buena,Alta
"Architecture, Cultural, History",True,Colosseum,"Colosseum, Taj Mahal, Great Wall of China",26-35,Media(5-7h),Alto,Lento,Baja,Buena,Alta
"Nature, Architecture",True,Eiffel Tower,Taj Mahal,46-55,Corta(1-4h),Bajo,Lento,Media,Buena,Media
Art,False,Eiffel Tower,"Colosseum, Machu Picchu, Great Wall of China",56+,Media(5-7h),Bajo,Normal,Media,Buena,Media
"Architecture, History",True,Colosseum,"Eiffel Tower, Taj Mahal",46-55,Corta(1-4h),Medio,Normal,Baja,Regular,Media
"Architecture, Art",False,Eiffel Tower,"Great Wall of China, Eiffel Tower",26-35,Media(5-7h),Alto,Rápido,Media,Buena,Alta
"Art, History, Architecture",False,Great Wall of China,"Colosseum, Great Wall of China",56+,Media(5-7h),Bajo,Lento,Alta,Buena,Media
History,False,Colosseum,"Great Wall of China, Taj Mahal",46-55,Media(5-7h),Bajo,Lento,Baja,Regular,Media
"Nature, Art, History",False,Machu Picchu,Taj Mahal,56+,Media(5-7h),Alto,Lento,Alta,Buena,Alta
"Cultural, Art, History",False,Eiffel Tower,"Great Wall of China, Colosseum",36-45,Media(5-7h),Alto,Rápido,Media,Excelente,Alta
"Architecture, Cultural, History",False,Colosseum,"Machu Picchu, Taj Mahal",56+,Media(5-7h),Bajo,Rápido,Alta,Buena,Media
"Cultural, Nature",False,Colosseum,"Great Wall of China, Eiffel Tower, Colosseum",46-55,Media(5-7h),Alto,Lento,Baja,Excelente,Alta
Art,True,Great Wall of China,"Eiffel Tower, Great Wall of China, Colosseum",26-35,Corta(1-4h),Bajo,Rápido,Alta,Regular,Media
Nature,False,Eiffel Tower,"Great Wall of China, Colosseum, Eiffel Tower",46-55,Media(5-7h),Alto,Lento,Media,Excelente,Alta
History,False,Taj Mahal,"Taj Mahal, Machu Picchu",36-45,Larga(8-10h),Bajo,Normal,Media,Buena,Media
"Architecture, Art",False,Eiffel Tower,"Great Wall of China, Taj Mahal",36-45,Media(5-7h),Medio,Rápido,Media,Excelente,Media
"Art, Cultural, Architecture",False,Taj Mahal,"Great Wall of China, Eiffel Tower, Machu Picchu",56+,Larga(8-10h),Medio,Normal,Alta,Excelente,Media
"History, Art",False,Great Wall of China,"Colosseum, Great Wall of China, Taj Mahal",26-35,Corta(1-4h),Medio,Normal,Media,Regular,Media
"Cultural, Architecture, History",True,Eiffel Tower,"Machu Picchu, Eiffel Tower, Great Wall of China",36-45,Corta(1-4h),Medio,Normal,Media,Excelente,Media
Architecture,True,Colosseum,Machu Picchu,36-45,Larga(8-10h),Medio,Lento,Alta,Excelente,Media
"Architecture, History",False,Great Wall of China,"Eiffel Tower, Machu Picchu",56+,Media(5-7h),Alto,Rápido,Media,Buena,Alta
Art,False,Eiffel Tower,"Eiffel Tower, Great Wall of China",18-25,Media(5-7h),Bajo,Rápido,Alta,Buena,Media
"Art, Cultural",True,Colosseum,"Eiffel Tower, Taj Mahal",56+,Media(5-7h),Bajo,Normal,Media,Buena,Media
Art,False,Eiffel Tower,Machu Picchu,56+,Media(5-7h),Alto,Lento,Baja,Excelente,Alta
"Art, History",False,Eiffel Tower,"Taj Mahal, Eiffel Tower",18-25,Media(5-7h),Bajo,Normal,Media,Excelente,Media
"Nature, Art, Architecture",False,Colosseum,Eiffel Tower,46-55,Corta(1-4h),Medio,Lento,Media,Buena,Media
Cultural,True,Eiffel Tower,"Great Wall of China, Taj Mahal, Colosseum",18-25,Media(5-7h),Alto,Lento,Alta,Buena,Alta
"Art, History, Cultural",True,Taj Mahal,"Colosseum, Taj Mahal, Great Wall of China",26-35,Corta(1-4h),Alto,Rápido,Media,Excelente,Alta
"History, Architecture, Art",True,Colosseum,Machu Picchu,26-35,Larga(8-10h),Medio,Normal,Media,Buena,Media
Cultural,True,Taj Mahal,"Eiffel Tower, Machu Picchu, Great Wall of China",46-55,Media(5-7h),Bajo,Lento,Alta,Excelente,Media
Nature,False,Eiffel Tower,"Eiffel Tower, Taj Mahal, Machu Picchu",26-35,Corta(1-4h),Alto,Normal,Media,Buena,Alta
"History, Cultural",True,Colosseum,"Great Wall of China, Taj Mahal, Colosseum",18-25,Media(5-7h),Bajo,Normal,Media,Excelente,Media
"Nature, Architecture",True,Taj Mahal,"Taj Mahal, Eiffel Tower, Great Wall of China",26-35,Media(5-7h),Alto,Normal,Media,Buena,Alta
Art,False,Colosseum,Taj Mahal,56+,Corta(1-4h),Medio,Normal,Alta,Excelente,Media
"Architecture, History",False,Colosseum,Taj Mahal,36-45,Larga(8-10h),Medio,Lento,Media,Buena,Media
Nature,False,Machu Picchu,Eiffel Tower,46-55,Media(5-7h),Bajo,Normal,Media,Excelente,Media
"Art, Cultural, History",True,Taj Mahal,"Colosseum, Machu Picchu, Taj Mahal",18-25,Larga(8-10h),Alto,Rápido,Media,Buena,Alta
"Cultural, History",False,Taj Mahal,Machu Picchu,36-45,Corta(1-4h),Alto,Rápido,Media,Buena,Alta
"Art, Cultural, Architecture",True,Eiffel Tower,"Eiffel Tower, Great Wall of China, Colosseum",18-25,Media(5-7h),Medio,Rápido,Media,Excelente,Media
Architecture,False,Colosseum,Eiffel Tower,46-55,Media(5-7h),Bajo,Lento,Media,Buena,Media
"History, Art",False,Machu Picchu,Eiffel Tower,18-25,Media(5-7h),Alto,Rápido,Media,Buena,Alta
"Architecture, Nature, Art",False,Machu Picchu,"Colosseum, Great Wall of China, Machu Picchu",18-25,Media(5-7h),Alto,Rápido,Alta,Buena,Alta
Cultural,False,Machu Picchu,"Eiffel Tower, Taj Mahal",18-25,Corta(1-4h),Alto,Lento,Media,Excelente,Alta
"Cultural, Nature",False,Machu Picchu,"Taj Mahal, Great Wall of China, Eiffel Tower",36-45,Media(5-7h),Medio,Rápido,Alta,Excelente,Media
"History, Architecture, Nature",False,Machu Picchu,"Eiffel Tower, Colosseum, Machu Picchu",36-45,Media(5-7h),Alto,Lento,Alta,Regular,Alta
"Art, Architecture",True,Great Wall of China,"Colosseum, Eiffel Tower",56+,Media(5-7h),Bajo,Normal,Alta,Excelente,Media
"Nature, History",False,Taj Mahal,Great Wall of China,36-45,Media(5-7h),Bajo,Lento,Baja,Buena,Media
"Nature, Architecture",False,Great Wall of China,Machu Picchu,46-55,Media(5-7h),Medio,Lento,Media,Buena,Media
"History, Architecture",False,Great Wall of China,"Machu Picchu, Colosseum, Eiffel Tower",26-35,Corta(1-4h),Alto,Normal,Alta,Excelente,Alta
"Art, History",False,Machu Picchu,"Eiffel Tower, Colosseum",56+,Corta(1-4h),Bajo,Lento,Alta,Excelente,Media
Nature,True,Machu Picchu,"Colosseum, Eiffel Tower",56+,Corta(1-4h),Bajo,Normal,Alta,Buena,Media
Art,False,Colosseum,"Great Wall of China, Taj Mahal",36-45,Media(5-7h),Medio,Normal,Media,Excelente,Alta
Architecture,True,Great Wall of China,"Machu Picchu, Colosseum, Taj Mahal",18-25,Media(5-7h),Bajo,Normal,Alta,Buena,Media
"History, Art, Architecture",True,Colosseum,Machu Picchu,56+,Larga(8-10h),Bajo,Rápido,Alta,Excelente,Media
"Cultural, History",True,Machu Picchu,"Taj Mahal, Machu Picchu, Great Wall of China",56+,Corta(1-4h),Alto,Lento,Media,Excelente,Alta
Art,False,Machu Picchu,"Colosseum, Eiffel Tower, Great Wall of China",36-45,Corta(1-4h),Medio,Rápido,Media,Excelente,Media
History,True,Taj Mahal,"Machu Picchu, Great Wall of China, Taj Mahal",18-25,Corta(1-4h),Alto,Lento,Baja,Excelente,Alta
History,False,Colosseum,Taj Mahal,56+,Media(5-7h),Medio,Lento,Media,Excelente,Media
"Cultural, History, Architecture",True,Eiffel Tower,"Machu Picchu, Great Wall of China",56+,Media(5-7h),Bajo,Normal,Alta,Buena,Media
Art,True,Colosseum,"Taj Mahal, Colosseum, Machu Picchu",46-55,Larga(8-10h),Alto,Rápido,Media,Excelente,Alta
Art,True,Colosseum,"Great Wall of China, Taj Mahal",36-45,Corta(1-4h),Alto,Rápido,Media,Excelente,Alta
"Nature, Architecture, History",False,Taj Mahal,"Taj Mahal, Great Wall of China",26-35,Corta(1-4h),Bajo,Lento,Alta,Buena,Media
"Art, Architecture, Cultural",True,Eiffel Tower,"Great Wall of China, Machu Picchu",36-45,Larga(8-10h),Bajo,Rápido,Baja,Excelente,Media
Architecture,True,Colosseum,"Machu Picchu, Great Wall of China",26-35,Corta(1-4h),Medio,Normal,Alta,Buena,Media
"Nature, Art, Architecture",False,Great Wall of China,Colosseum,26-35,Corta(1-4h),Alto,Normal,Media,Buena,Alta
"History, Nature",False,Colosseum,Great Wall of China,36-45,Corta(1-4h),Alto,Lento,Alta,Buena,Alta
Art,True,Great Wall of China,Eiffel Tower,46-55,Media(5-7h),Alto,Lento,Alta,Excelente,Alta
"Nature, Cultural",True,Eiffel Tower,"Machu Picchu, Eiffel Tower, Taj Mahal",46-55,Corta(1-4h),Alto,Lento,Alta,Excelente,Alta
"Cultural, History, Art",False,Machu Picchu,"Colosseum, Taj Mahal, Eiffel Tower",56+,Media(5-7h),Medio,Lento,Alta,Regular,Media
History,True,Colosseum,Colosseum,26-35,Corta(1-4h),Medio,Normal,Alta,Excelente,Media
Cultural,True,Machu Picchu,"Colosseum, Machu Picchu, Eiffel Tower",26-35,Media(5-7h),Alto,Normal,Media,Excelente,Alta
Nature,True,Taj Mahal,"Machu Picchu, Eiffel Tower",46-55,Corta(1-4h),Medio,Rápido,Alta,Buena,Media
Art,True,Great Wall of China,"Machu Picchu, Eiffel Tower",36-45,Media(5-7h),Medio,Lento,Media,Buena,Media
"Nature, Cultural, Architecture",False,Eiffel Tower,"Machu Picchu, Eiffel Tower, Taj Mahal",56+,Media(5-7h),Alto,Rápido,Media,Excelente,Alta
"Art, Nature, Cultural",True,Eiffel Tower,"Eiffel Tower, Colosseum",36-45,Larga(8-10h),Medio,Rápido,Media,Excelente,Alta
"Art, Cultural, Architecture",True,Taj Mahal,"Machu Picchu, Eiffel Tower",18-25,Media(5-7h),Alto,Lento,Media,Buena,Alta
"Architecture, Cultural",False,Machu Picchu,"Great Wall of China, Taj Mahal, Machu Picchu",46-55,Media(5-7h),Alto,Rápido,Baja,Buena,Alta
History,True,Colosseum,"Great Wall of China, Colosseum",26-35,Corta(1-4h),Medio,Lento,Media,Regular,Media
"Art, Architecture, Nature",False,Eiffel Tower,Great Wall of China,26-35,Corta(1-4h),Bajo,Lento,Media,Buena,Media
Art,False,Colosseum,Great Wall of China,26-35,Media(5-7h),Alto,Rápido,Alta,Excelente,Alta
"Nature, Cultural, Art",True,Colosseum,"Machu Picchu, Colosseum, Taj Mahal",56+,Media(5-7h),Alto,Rápido,Alta,Excelente,Alta
"Architecture, Cultural",False,Machu Picchu,"Colosseum, Great Wall of China, Machu Picchu",26-35,Corta(1-4h),Bajo,Normal,Alta,Excelente,Media
"Architecture, Art, Cultural",True,Machu Picchu,"Taj Mahal, Great Wall of China",56+,Corta(1-4h),Medio,Rápido,Media,Buena,Media
Nature,False,Colosseum,Great Wall of China,26-35,Larga(8-10h),Bajo,Rápido,Media,Buena,Media
Art,False,Colosseum,"Colosseum, Taj Mahal, Great Wall of China",46-55,Larga(8-10h),Medio,Rápido,Media,Buena,Alta
"Nature, History, Architecture",False,Machu Picchu,"Machu Picchu, Eiffel Tower",26-35,Corta(1-4h),Medio,Normal,Alta,Excelente,Media
Art,True,Taj Mahal,"Eiffel Tower, Colosseum, Machu Picchu",26-35,Media(5-7h),Bajo,Lento,Media,Excelente,Media
Art,False,Great Wall of China,Eiffel Tower,56+,Media(5-7h),Alto,Rápido,Baja,Buena,Alta
"Nature, Architecture",True,Great Wall of China,"Great Wall of China, Eiffel Tower",46-55,Corta(1-4h),Bajo,Normal,Alta,Buena,Media
"Nature, Art",True,Machu Picchu,"Machu Picchu, Eiffel Tower",56+,Larga(8-10h),Alto,Lento,Alta,Buena,Alta
"Nature, Cultural, Architecture",False,Colosseum,Great Wall of China,56+,Corta(1-4h),Bajo,Normal,Media,Buena,Media
"Architecture, Cultural",False,Eiffel Tower,Taj Mahal,46-55,Larga(8-10h),Alto,Rápido,Baja,Excelente,Alta
Cultural,True,Colosseum,"Machu Picchu, Colosseum, Great Wall of China",36-45,Media(5-7h),Alto,Normal,Media,Buena,Alta
Nature,False,Colosseum,Colosseum,56+,Media(5-7h),Medio,Normal,Media,Excelente,Media
Nature,True,Colosseum,Great Wall of China,46-55,Larga(8-10h),Alto,Lento,Media,Buena,Alta
"History, Architecture, Cultural",True,Great Wall of China,"Colosseum, Great Wall of China, Eiffel Tower",46-55,Larga(8-10h),Bajo,Lento,Media,Regular,Media
"Art, History, Architecture",True,Great Wall of China,"Eiffel Tower, Machu Picchu, Colosseum",26-35,Larga(8-10h),Alto,Normal,Alta,Excelente,Alta
"Cultural, History, Nature",True,Colosseum,Taj Mahal,46-55,Media(5-7h),Bajo,Lento,Alta,Buena,Media
"Nature, History",True,Taj Mahal,Eiffel Tower,26-35,Media(5-7h),Medio,Rápido,Alta,Excelente,Media
"Cultural, History, Architecture",True,Colosseum,Eiffel Tower,36-45,Media(5-7h),Alto,Normal,Alta,Regular,Alta
Cultural,True,Great Wall of China,"Great Wall of China, Eiffel Tower, Colosseum",18-25,Corta(1-4h),Bajo,Lento,Media,Buena,Media
"Nature, Art, Architecture",True,Eiffel Tower,"Colosseum, Taj Mahal, Eiffel Tower",26-35,Media(5-7h),Alto,Lento,Alta,Regular,Alta
"History, Architecture",True,Eiffel Tower,Eiffel Tower,26-35,Media(5-7h),Bajo,Rápido,Media,Buena,Media
"Art, Architecture",True,Colosseum,"Eiffel Tower, Taj Mahal, Colosseum",46-55,Larga(8-10h),Alto,Rápido,Media,Excelente,Alta
"Nature, Architecture, History",False,Machu Picchu,Great Wall of China,46-55,Media(5-7h),Medio,Normal,Media,Excelente,Media
"Cultural, Art, Nature",True,Taj Mahal,"Eiffel Tower, Colosseum",56+,Larga(8-10h),Alto,Lento,Baja,Excelente,Alta
"History, Nature, Architecture",True,Eiffel Tower,"Colosseum, Taj Mahal",56+,Corta(1-4h),Medio,Rápido,Alta,Excelente,Alta
"Cultural, Nature",True,Machu Picchu,"Colosseum, Taj Mahal",46-55,Media(5-7h),Medio,Rápido,Media,Excelente,Media
History,True,Eiffel Tower,"Machu Picchu, Colosseum, Eiffel Tower",46-55,Media(5-7h),Alto,Lento,Media,Excelente,Alta
"History, Nature, Architecture",False,Machu Picchu,"Great Wall of China, Machu Picchu, Colosseum",36-45,Media(5-7h),Bajo,Normal,Media,Buena,Media
Cultural,True,Colosseum,Eiffel Tower,18-25,Corta(1-4h),Medio,Rápido,Media,Buena,Media
"Nature, Cultural",False,Eiffel Tower,"Taj Mahal, Eiffel Tower",26-35,Corta(1-4h),Alto,Normal,Baja,Excelente,Alta
"Cultural, History, Architecture",False,Great Wall of China,"Eiffel Tower, Taj Mahal",46-55,Larga(8-10h),Alto,Lento,Media,Excelente,Alta
Architecture,False,Eiffel Tower,"Taj Mahal, Machu Picchu, Colosseum",18-25,Larga(8-10h),Bajo,Normal,Alta,Buena,Media
Cultural,False,Colosseum,"Eiffel Tower, Colosseum",46-55,Media(5-7h),Medio,Normal,Alta,Excelente,Media
"Art, Architecture, History",True,Great Wall of China,Eiffel Tower,26-35,Corta(1-4h),Alto,Lento,Media,Buena,Alta
History,False,Colosseum,"Great Wall of China, Eiffel Tower, Colosseum",18-25,Media(5-7h),Alto,Lento,Baja,Buena,Alta
"Cultural, Art",False,Eiffel Tower,"Machu Picchu, Eiffel Tower, Colosseum",46-55,Corta(1-4h),Alto,Lento,Alta,Buena,Alta
Cultural,True,Colosseum,Colosseum,46-55,Media(5-7h),Medio,Normal,Media,Buena,Media
"Art, Cultural",False,Taj Mahal,Great Wall of China,18-25,Corta(1-4h),Bajo,Lento,Media,Buena,Media
"Art, Cultural, Architecture",False,Taj Mahal,"Eiffel Tower, Machu Picchu, Great Wall of China",56+,Larga(8-10h),Bajo,Rápido,Media,Buena,Media
"Nature, Art",False,Great Wall of China,"Great Wall of China, Machu Picchu, Colosseum",36-45,Media(5-7h),Alto,Lento,Media,Buena,Alta
"Architecture, History",False,Great Wall of China,"Machu Picchu, Taj Mahal, Eiffel Tower",26-35,Corta(1-4h),Bajo,Normal,Alta,Buena,Media
"Nature, Architecture",True,Taj Mahal,"Taj Mahal, Great Wall of China, Machu Picchu",46-55,Media(5-7h),Alto,Lento,Media,Buena,Alta
"History, Architecture, Art",False,Eiffel Tower,Eiffel Tower,46-55,Media(5-7h),Alto,Lento,Alta,Buena,Alta
"Architecture, Cultural",False,Machu Picchu,Eiffel Tower,36-45,Corta(1-4h),Bajo,Lento,Media,Buena,Media
"History, Architecture",False,Great Wall of China,"Taj Mahal, Colosseum, Eiffel Tower",36-45,Media(5-7h),Bajo,Lento,Media,Buena,Media
"Art, Cultural, Nature",True,Colosseum,"Taj Mahal, Great Wall of China, Eiffel Tower",18-25,Media(5-7h),Bajo,Rápido,Media,Regular,Media
"Cultural, Art",False,Machu Picchu,"Great Wall of China, Taj Mahal, Machu Picchu",46-55,Media(5-7h),Bajo,Lento,Media,Excelente,Media
"Art, Architecture",False,Great Wall of China,"Taj Mahal, Eiffel Tower, Machu Picchu",56+,Media(5-7h),Alto,Lento,Media,Excelente,Alta
"Cultural, Nature",False,Colosseum,"Colosseum, Taj Mahal",46-55,Corta(1-4h),Alto,Normal,Media,Excelente,Alta
"Nature, History, Cultural",True,Colosseum,"Machu Picchu, Great Wall of China",46-55,Corta(1-4h),Alto,Rápido,Media,Buena,Alta
History,False,Colosseum,"Taj Mahal, Colosseum",18-25,Corta(1-4h),Bajo,Lento,Alta,Buena,Media
Architecture,False,Great Wall of China,"Machu Picchu, Great Wall of China, Eiffel Tower",36-45,Media(5-7h),Medio,Lento,Media,Buena,Media
"Art, Architecture, History",True,Taj Mahal,Colosseum,46-55,Media(5-7h),Alto,Lento,Baja,Excelente,Alta
"Cultural, Art, Nature",False,Colosseum,Eiffel Tower,26-35,Larga(8-10h),Alto,Lento,Alta,Buena,Alta
"Nature, Art, History",False,Taj Mahal,Eiffel Tower,26-35,Media(5-7h),Medio,Lento,Baja,Buena,Media
"History, Cultural, Architecture",True,Colosseum,"Eiffel Tower, Colosseum",36-45,Larga(8-10h),Alto,Lento,Alta,Excelente,Alta
"History, Cultural, Nature",False,Eiffel Tower,"Great Wall of China, Taj Mahal",26-35,Corta(1-4h),Alto,Lento,Media,Buena,Alta
"Art, Nature, History",True,Colosseum,"Eiffel Tower, Machu Picchu, Taj Mahal",26-35,Corta(1-4h),Alto,Rápido,Alta,Buena,Alta
Architecture,True,Colosseum,"Eiffel Tower, Machu Picchu, Great Wall of China",36-45,Media(5-7h),Medio,Lento,Alta,Buena,Media
"History, Art",False,Great Wall of China,Colosseum,18-25,Media(5-7h),Alto,Lento,Media,Excelente,Alta
Nature,False,Taj Mahal,"Colosseum, Great Wall of China, Eiffel Tower",46-55,Corta(1-4h),Alto,Lento,Alta,Excelente,Alta
Cultural,False,Great Wall of China,"Machu Picchu, Taj Mahal, Eiffel Tower",56+,Media(5-7h),Alto,Lento,Media,Excelente,Alta
History,True,Taj Mahal,Taj Mahal,56+,Media(5-7h),Bajo,Lento,Media,Excelente,Media
Nature,False,Great Wall of China,Machu Picchu,26-35,Media(5-7h),Alto,Normal,Alta,Buena,Alta
"History, Art, Nature",False,Eiffel Tower,"Great Wall of China, Machu Picchu, Eiffel Tower",26-35,Media(5-7h),Alto,Normal,Media,Excelente,Alta
Architecture,True,Machu Picchu,Colosseum,36-45,Media(5-7h),Medio,Lento,Baja,Buena,Media
"Nature, History, Art",False,Great Wall of China,"Eiffel Tower, Machu Picchu",56+,Media(5-7h),Alto,Normal,Alta,Buena,Alta
Art,True,Colosseum,Eiffel Tower,26-35,Media(5-7h),Bajo,Normal,Media,Buena,Media
Cultural,False,Eiffel Tower,"Great Wall of China, Machu Picchu, Eiffel Tower",56+,Media(5-7h),Medio,Lento,Media,Buena,Media
"History, Art, Nature",False,Taj Mahal,Machu Picchu,36-45,Larga(8-10h),Alto,Lento,Media,Excelente,Alta
"Cultural, Architecture, Nature",False,Taj Mahal,"Machu Picchu, Great Wall of China, Colosseum",36-45,Larga(8-10h),Alto,Lento,Baja,Buena,Alta
"Art, Architecture, Cultural",True,Machu Picchu,"Eiffel Tower, Taj Mahal",36-45,Media(5-7h),Alto,Normal,Media,Buena,Alta
Nature,False,Great Wall of China,"Colosseum, Great Wall of China, Eiffel Tower",18-25,Corta(1-4h),Bajo,Normal,Alta,Buena,Media
"Architecture, Art, History",False,Eiffel Tower,"Machu Picchu, Eiffel Tower",46-55,Corta(1-4h),Alto,Normal,Alta,Excelente,Alta
"Art, Cultural, Nature",False,Eiffel Tower,"Colosseum, Taj Mahal, Machu Picchu",26-35,Media(5-7h),Alto,Lento,Media,Buena,Alta
"Architecture, Nature",True,Great Wall of China,"Great Wall of China, Machu Picchu, Colosseum",46-55,Larga(8-10h),Medio,Rápido,Media,Buena,Media
History,False,Machu Picchu,"Eiffel Tower, Machu Picchu, Great Wall of China",46-55,Media(5-7h),Bajo,Rápido,Alta,Excelente,Media
"Cultural, Art",False,Eiffel Tower,"Great Wall of China, Colosseum",56+,Larga(8-10h),Medio,Lento,Alta,Buena,Media
"Architecture, Art, Nature",False,Taj Mahal,"Eiffel Tower, Colosseum, Machu Picchu",56+,Corta(1-4h),Medio,Lento,Media,Excelente,Media
Art,False,Eiffel Tower,"Taj Mahal, Colosseum",18-25,Media(5-7h),Bajo,Lento,Media,Excelente,Media
"Nature, Cultural, Architecture",True,Colosseum,"Great Wall of China, Machu Picchu",26-35,Media(5-7h),Medio,Rápido,Media,Excelente,Alta
"Art, Nature, History",True,Colosseum,"Eiffel Tower, Great Wall of China",36-45,Media(5-7h),Bajo,Normal,Media,Buena,Media
"Cultural, Architecture, Nature",False,Taj Mahal,Taj Mahal,36-45,Media(5-7h),Alto,Rápido,Media,Buena,Alta
"Art, History",False,Machu Picchu,"Taj Mahal, Colosseum",26-35,Media(5-7h),Alto,Rápido,Alta,Excelente,Alta
Cultural,True,Great Wall of China,"Colosseum, Eiffel Tower",26-35,Media(5-7h),Bajo,Lento,Alta,Buena,Media
"History, Nature",False,Machu Picchu,Colosseum,46-55,Media(5-7h),Medio,Normal,Media,Buena,Media
"Architecture, Nature, Art",False,Eiffel Tower,"Machu Picchu, Great Wall of China",26-35,Media(5-7h),Alto,Lento,Alta,Excelente,Alta
"Nature, Cultural",True,Eiffel Tower,Taj Mahal,36-45,Corta(1-4h),Alto,Rápido,Media,Regular,Alta
"Cultural, Architecture",False,Colosseum,"Colosseum, Great Wall of China, Eiffel Tower",18-25,Corta(1-4h),Alto,Lento,Media,Buena,Alta
History,False,Taj Mahal,"Machu Picchu, Great Wall of China, Eiffel Tower",26-35,Media(5-7h),Alto,Rápido,Media,Buena,Alta
"Nature, History",True,Taj Mahal,"Machu Picchu, Eiffel Tower",36-45,Corta(1-4h),Medio,Rápido,Media,Buena,Media
"Art, Nature",False,Machu Picchu,Great Wall of China,56+,Corta(1-4h),Bajo,Lento,Media,Buena,Media
"Architecture, Art",True,Taj Mahal,"Taj Mahal, Colosseum",26-35,Larga(8-10h),Alto,Normal,Alta,Excelente,Alta
"Architecture, History",False,Colosseum,Eiffel Tower,18-25,Media(5-7h),Medio,Lento,Alta,Excelente,Media
"Art, History",False,Great Wall of China,"Eiffel Tower, Taj Mahal",26-35,Larga(8-10h),Medio,Lento,Media,Excelente,Media
Art,False,Machu Picchu,Machu Picchu,18-25,Corta(1-4h),Bajo,Rápido,Alta,Buena,Media
"Architecture, History",True,Colosseum,"Great Wall of China, Colosseum, Machu Picchu",26-35,Media(5-7h),Medio,Rápido,Alta,Excelente,Media
"Art, History, Cultural",False,Great Wall of China,"Colosseum, Eiffel Tower",56+,Media(5-7h),Alto,Lento,Baja,Buena,Alta
"Art, Architecture, Nature",True,Machu Picchu,"Colosseum, Taj Mahal",46-55,Corta(1-4h),Medio,Normal,Media,Excelente,Media
Nature,True,Colosseum,"Machu Picchu, Colosseum",18-25,Corta(1-4h),Bajo,Lento,Media,Excelente,Media
"Nature, Architecture, Art",True,Taj Mahal,Taj Mahal,26-35,Media(5-7h),Alto,Rápido,Media,Excelente,Alta
"Nature, Cultural, Art",True,Taj Mahal,"Colosseum, Great Wall of China",26-35,Corta(1-4h),Medio,Normal,Media,Excelente,Media
"Art, History, Cultural",True,Taj Mahal,Machu Picchu,26-35,Media(5-7h),Alto,Rápido,Media,Buena,Alta
Cultural,False,Machu Picchu,"Great Wall of China, Colosseum",56+,Corta(1-4h),Alto,Lento,Baja,Buena,Alta
"Nature, Architecture",True,Great Wall of China,"Colosseum, Taj Mahal",46-55,Media(5-7h),Bajo,Rápido,Media,Buena,Media
Architecture,False,Machu Picchu,Taj Mahal,56+,Larga(8-10h),Alto,Normal,Media,Buena,Alta
"Cultural, History, Architecture",True,Eiffel Tower,"Colosseum, Great Wall of China",56+,Media(5-7h),Alto,Normal,Media,Buena,Alta
Art,True,Machu Picchu,Machu Picchu,56+,Corta(1-4h),Medio,Normal,Media,Excelente,Media
"History, Architecture, Cultural",True,Machu Picchu,"Colosseum, Machu Picchu",46-55,Corta(1-4h),Medio,Rápido,Media,Buena,Media
Cultural,False,Eiffel Tower,"Great Wall of China, Machu Picchu, Taj Mahal",36-45,Media(5-7h),Bajo,Normal,Media,Buena,Media
Art,False,Great Wall of China,"Machu Picchu, Taj Mahal, Eiffel Tower",26-35,Larga(8-10h),Bajo,Lento,Media,Excelente,Media
History,False,Machu Picchu,"Eiffel Tower, Great Wall of China, Taj Mahal",26-35,Larga(8-10h),Bajo,Rápido,Media,Buena,Media
Architecture,True,Eiffel Tower,"Eiffel Tower, Taj Mahal",36-45,Media(5-7h),Medio,Lento,Alta,Excelente,Media
"Art, Nature",False,Machu Picchu,"Machu Picchu, Taj Mahal, Great Wall of China",36-45,Media(5-7h),Medio,Rápido,Media,Buena,Media
"Nature, Architecture",False,Great Wall of China,"Great Wall of China, Machu Picchu, Eiffel Tower",56+,Corta(1-4h),Alto,Normal,Alta,Buena,Alta
"Cultural, History",True,Great Wall of China,Colosseum,18-25,Media(5-7h),Alto,Lento,Media,Buena,Alta
"History, Nature, Architecture",True,Colosseum,"Great Wall of China, Eiffel Tower",36-45,Corta(1-4h),Medio,Normal,Media,Excelente,Media
History,True,Eiffel Tower,"Eiffel Tower, Machu Picchu",56+,Corta(1-4h),Bajo,Normal,Baja,Regular,Media
"Art, Cultural",False,Eiffel Tower,"Eiffel Tower, Machu Picchu",56+,Media(5-7h),Medio,Rápido,Media,Excelente,Media
Architecture,False,Machu Picchu,"Great Wall of China, Taj Mahal",46-55,Media(5-7h),Bajo,Rápido,Media,Excelente,Media
"Art, Cultural, Nature",False,Eiffel Tower,Machu Picchu,46-55,Media(5-7h),Alto,Lento,Alta,Excelente,Alta
Nature,True,Colosseum,"Great Wall of China, Eiffel Tower, Taj Mahal",26-35,Corta(1-4h),Alto,Normal,Media,Buena,Alta
"Cultural, Nature, History",True,Machu Picchu,"Machu Picchu, Great Wall of China, Taj Mahal",26-35,Corta(1-4h),Bajo,Normal,Media,Excelente,Media
"History, Cultural",False,Eiffel Tower,Great Wall of China,56+,Media(5-7h),Medio,Lento,Media,Buena,Media
"Cultural, History, Art",False,Great Wall of China,Machu Picchu,26-35,Larga(8-10h),Alto,Lento,Media,Buena,Alta
"History, Cultural, Art",True,Great Wall of China,Taj Mahal,36-45,Media(5-7h),Bajo,Rápido,Media,Buena,Media
Nature,True,Machu Picchu,"Machu Picchu, Eiffel Tower",56+,Corta(1-4h),Medio,Lento,Media,Buena,Media
"Cultural, History",False,Colosseum,"Colosseum, Machu Picchu, Great Wall of China",26-35,Corta(1-4h),Medio,Normal,Media,Excelente,Media
"Cultural, Architecture",True,Colosseum,"Eiffel Tower, Machu Picchu, Colosseum",46-55,Media(5-7h),Alto,Normal,Media,Buena,Alta
Nature,False,Colosseum,"Machu Picchu, Colosseum, Great Wall of China",36-45,Corta(1-4h),Medio,Rápido,Media,Excelente,Media
"Art, History",True,Machu Picchu,Machu Picchu,46-55,Corta(1-4h),Alto,Normal,Alta,Excelente,Alta
Nature,True,Machu Picchu,"Taj Mahal, Great Wall of China",26-35,Media(5-7h),Medio,Lento,Media,Excelente,Media
"Architecture, History",True,Machu Picchu,"Great Wall of China, Eiffel Tower",36-45,Media(5-7h),Medio,Lento,Media,Buena,Media
"Art, History, Nature",False,Machu Picchu,Colosseum,46-55,Larga(8-10h),Medio,Normal,Alta,Excelente,Media
History,True,Colosseum,Colosseum,56+,Larga(8-10h),Alto,Lento,Alta,Excelente,Alta
"Art, Cultural, Architecture",True,Colosseum,"Eiffel Tower, Machu Picchu",18-25,Media(5-7h),Medio,Rápido,Alta,Buena,Alta
Art,False,Great Wall of China,"Taj Mahal, Eiffel Tower",46-55,Media(5-7h),Alto,Lento,Alta,Buena,Alta
Cultural,True,Machu Picchu,Taj Mahal,46-55,Corta(1-4h),Bajo,Lento,Media,Excelente,Media
Cultural,False,Machu Picchu,"Eiffel Tower, Taj Mahal",46-55,Corta(1-4h),Alto,Lento,Media,Excelente,Alta
History,True,Eiffel Tower,"Colosseum, Eiffel Tower",56+,Larga(8-10h),Medio,Lento,Media,Excelente,Media
Cultural,True,Eiffel Tower,"Machu Picchu, Great Wall of China, Taj Mahal",26-35,Media(5-7h),Medio,Lento,Alta,Buena,Alta
"Cultural, Architecture, Art",True,Machu Picchu,"Colosseum, Eiffel Tower",46-55,Media(5-7h),Medio,Normal,Alta,Excelente,Media
Cultural,False,Great Wall of China,"Taj Mahal, Great Wall of China",56+,Media(5-7h),Medio,Normal,Media,Excelente,Media
Art,True,Colosseum,"Eiffel Tower, Colosseum",18-25,Corta(1-4h),Medio,Lento,Alta,Regular,Media
Architecture,False,Taj Mahal,Colosseum,26-35,Media(5-7h),Bajo,Lento,Alta,Regular,Media
"Architecture, History",True,Eiffel Tower,"Colosseum, Great Wall of China, Eiffel Tower",26-35,Larga(8-10h),Alto,Lento,Media,Excelente,Alta
"History, Art, Architecture",True,Taj Mahal,"Eiffel Tower, Great Wall of China",46-55,Corta(1-4h),Medio,Lento,Media,Buena,Media
Cultural,True,Colosseum,"Eiffel Tower, Taj Mahal",36-45,Corta(1-4h),Medio,Lento,Alta,Buena,Media
"Architecture, History",False,Eiffel Tower,"Machu Picchu, Taj Mahal",26-35,Corta(1-4h),Alto,Lento,Alta,Buena,Alta
"Architecture, Art, Nature",False,Great Wall of China,"Great Wall of China, Taj Mahal",56+,Media(5-7h),Medio,Normal,Media,Regular,Media
"Art, Nature, Cultural",False,Great Wall of China,Machu Picchu,36-45,Media(5-7h),Medio,Rápido,Media,Excelente,Media
"History, Art",True,Eiffel Tower,"Colosseum, Great Wall of China, Machu Picchu",18-25,Larga(8-10h),Alto,Normal,Media,Buena,Alta
"Cultural, Nature, History",True,Eiffel Tower,"Machu Picchu, Great Wall of China",18-25,Media(5-7h),Alto,Lento,Media,Excelente,Alta
"Cultural, Nature, Architecture",True,Eiffel Tower,Taj Mahal,36-45,Media(5-7h),Alto,Normal,Alta,Buena,Alta
"Art, Architecture",False,Machu Picchu,"Taj Mahal, Eiffel Tower",56+,Media(5-7h),Bajo,Lento,Media,Buena,Media
History,True,Colosseum,"Colosseum, Taj Mahal, Eiffel Tower",18-25,Larga(8-10h),Alto,Normal,Media,Excelente,Alta
"History, Art, Architecture",True,Taj Mahal,"Taj Mahal, Great Wall of China, Colosseum",26-35,Corta(1-4h),Alto,Rápido,Media,Buena,Alta
"Nature, Cultural, Art",True,Colosseum,"Taj Mahal, Machu Picchu",46-55,Media(5-7h),Medio,Rápido,Media,Excelente,Media
Nature,True,Taj Mahal,"Taj Mahal, Colosseum, Great Wall of China",36-45,Corta(1-4h),Alto,Normal,Media,Buena,Alta
"Art, Nature",True,Machu Picchu,"Machu Picchu, Colosseum, Taj Mahal",56+,Media(5-7h),Medio,Normal,Alta,Buena,Media
Cultural,True,Colosseum,"Machu Picchu, Colosseum, Taj Mahal",56+,Media(5-7h),Medio,Normal,Alta,Excelente,Media
"History, Nature",True,Machu Picchu,"Taj Mahal, Eiffel Tower, Machu Picchu",56+,Media(5-7h),Medio,Normal,Media,Buena,Media
"Art, Cultural",True,Eiffel Tower,"Taj Mahal, Colosseum, Great Wall of China",18-25,Media(5-7h),Medio,Normal,Media,Excelente,Media
Cultural,True,Colosseum,"Colosseum, Machu Picchu, Taj Mahal",56+,Corta(1-4h),Medio,Lento,Media,Buena,Media
"Art, History",False,Colosseum,"Colosseum, Eiffel Tower",56+,Corta(1-4h),Medio,Rápido,Media,Buena,Media
"History, Art",False,Eiffel Tower,"Great Wall of China, Colosseum",26-35,Corta(1-4h),Alto,Lento,Media,Excelente,Alta
Art,True,Colosseum,"Machu Picchu, Great Wall of China, Colosseum",26-35,Larga(8-10h),Bajo,Rápido,Media,Excelente,Media
Art,False,Great Wall of China,Taj Mahal,18-25,Media(5-7h),Alto,Normal,Media,Buena,Alta
Nature,False,Great Wall of China,"Machu Picchu, Great Wall of China",36-45,Larga(8-10h),Alto,Lento,Media,Buena,Alta
"Nature, Architecture",True,Taj Mahal,"Machu Picchu, Colosseum, Taj Mahal",18-25,Media(5-7h),Bajo,Lento,Alta,Buena,Media
"Nature, Cultural",True,Taj Mahal,"Eiffel Tower, Taj Mahal",46-55,Media(5-7h),Medio,Rápido,Baja,Excelente,Media
"Cultural, History",True,Eiffel Tower,"Eiffel Tower, Machu Picchu",36-45,Larga(8-10h),Alto,Rápido,Media,Buena,Alta
Nature,True,Great Wall of China,"Taj Mahal, Colosseum, Eiffel Tower",36-45,Corta(1-4h),Alto,Normal,Media,Excelente,Alta
"Architecture, Cultural",True,Colosseum,"Colosseum, Great Wall of China, Taj Mahal",26-35,Corta(1-4h),Bajo,Lento,Media,Excelente,Media
Architecture,True,Eiffel Tower,"Colosseum, Great Wall of China",26-35,Media(5-7h),Bajo,Lento,Media,Buena,Media
"Cultural, Nature",True,Eiffel Tower,"Great Wall of China, Colosseum, Taj Mahal",56+,Corta(1-4h),Medio,Normal,Media,Excelente,Alta
History,False,Machu Picchu,"Eiffel Tower, Colosseum",36-45,Media(5-7h),Bajo,Lento,Alta,Buena,Media
"History, Architecture, Nature",True,Machu Picchu,Taj Mahal,36-45,Media(5-7h),Medio,Rápido,Baja,Excelente,Media
Architecture,False,Great Wall of China,"Taj Mahal, Colosseum",36-45,Media(5-7h),Medio,Lento,Media,Excelente,Media
"Art, Cultural",True,Eiffel Tower,"Machu Picchu, Great Wall of China",46-55,Media(5-7h),Alto,Rápido,Alta,Excelente,Alta
"Nature, History",True,Great Wall of China,"Colosseum, Eiffel Tower, Great Wall of China",26-35,Larga(8-10h),Bajo,Rápido,Media,Buena,Media
Art,True,Great Wall of China,"Eiffel Tower, Machu Picchu",26-35,Media(5-7h),Bajo,Normal,Media,Buena,Media
"Architecture, Art",False,Eiffel Tower,"Machu Picchu, Great Wall of China, Eiffel Tower",18-25,Media(5-7h),Bajo,Rápido,Alta,Buena,Media
Cultural,True,Machu Picchu,Machu Picchu,46-55,Larga(8-10h),Medio,Normal,Alta,Excelente,Media
Architecture,True,Eiffel Tower,"Colosseum, Taj Mahal",56+,Media(5-7h),Medio,Lento,Media,Excelente,Media
"History, Architecture, Art",True,Machu Picchu,Great Wall of China,56+,Corta(1-4h),Alto,Lento,Media,Excelente,Alta
"Cultural, Nature, History",True,Eiffel Tower,"Eiffel Tower, Machu Picchu, Taj Mahal",36-45,Media(5-7h),Medio,Normal,Media,Buena,Media
"Architecture, Art, Cultural",True,Eiffel Tower,"Eiffel Tower, Machu Picchu, Taj Mahal",56+,Corta(1-4h),Alto,Normal,Media,Excelente,Alta
History,False,Great Wall of China,"Eiffel Tower, Colosseum",56+,Corta(1-4h),Alto,Normal,Alta,Buena,Alta
Nature,False,Colosseum,"Taj Mahal, Machu Picchu",56+,Media(5-7h),Bajo,Normal,Alta,Excelente,Media
"Nature, Cultural, History",True,Machu Picchu,"Great Wall of China, Machu Picchu, Colosseum",56+,Media(5-7h),Medio,Lento,Alta,Excelente,Media
History,True,Colosseum,Machu Picchu,26-35,Media(5-7h),Alto,Normal,Alta,Buena,Alta
Cultural,True,Machu Picchu,"Great Wall of China, Eiffel Tower, Taj Mahal",46-55,Media(5-7h),Medio,Rápido,Media,Excelente,Alta
"Cultural, Architecture",False,Machu Picchu,"Taj Mahal, Machu Picchu, Eiffel Tower",46-55,Larga(8-10h),Alto,Lento,Media,Buena,Alta
"Architecture, Cultural",False,Taj Mahal,Colosseum,36-45,Media(5-7h),Medio,Lento,Alta,Buena,Media
"Cultural, Architecture",True,Taj Mahal,"Colosseum, Machu Picchu",18-25,Corta(1-4h),Alto,Lento,Alta,Excelente,Alta
"Architecture, Nature",False,Great Wall of China,"Machu Picchu, Taj Mahal",56+,Media(5-7h),Medio,Lento,Media,Buena,Media
"Nature, History, Art",True,Great Wall of China,Eiffel Tower,56+,Media(5-7h),Bajo,Normal,Alta,Buena,Media
"Nature, Art",False,Eiffel Tower,"Machu Picchu, Taj Mahal",26-35,Media(5-7h),Medio,Lento,Media,Excelente,Alta
Art,True,Eiffel Tower,"Eiffel Tower, Taj Mahal",36-45,Corta(1-4h),Medio,Lento,Alta,Buena,Media
Cultural,True,Great Wall of China,Eiffel Tower,18-25,Media(5-7h),Medio,Lento,Alta,Excelente,Media
"Cultural, Nature",True,Great Wall of China,"Colosseum, Taj Mahal, Machu Picchu",56+,Corta(1-4h),Medio,Lento,Media,Buena,Media
"Cultural, Art",False,Machu Picchu,"Taj Mahal, Eiffel Tower",26-35,Media(5-7h),Medio,Lento,Media,Buena,Media
"Nature, Art",False,Taj Mahal,"Great Wall of China, Taj Mahal",26-35,Corta(1-4h),Medio,Rápido,Media,Buena,Media
"Art, Nature, History",False,Machu Picchu,"Great Wall of China, Taj Mahal, Colosseum",36-45,Media(5-7h),Medio,Rápido,Alta,Buena,Media
History,False,Colosseum,"Great Wall of China, Machu Picchu",26-35,Media(5-7h),Alto,Lento,Alta,Excelente,Alta
"Art, Cultural",False,Taj Mahal,"Eiffel Tower, Taj Mahal",36-45,Larga(8-10h),Medio,Normal,Alta,Buena,Media
Nature,False,Taj Mahal,"Machu Picchu, Great Wall of China",46-55,Larga(8-10h),Alto,Lento,Alta,Excelente,Alta
Cultural,True,Taj Mahal,"Great Wall of China, Machu Picchu",18-25,Media(5-7h),Alto,Rápido,Media,Excelente,Alta
"Cultural, Nature",False,Machu Picchu,Taj Mahal,18-25,Corta(1-4h),Bajo,Lento,Alta,Buena,Media
Art,False,Colosseum,"Great Wall of China, Eiffel Tower",36-45,Media(5-7h),Medio,Normal,Media,Excelente,Media
"Cultural, Art",False,Eiffel Tower,Taj Mahal,18-25,Larga(8-10h),Medio,Lento,Media,Excelente,Media
"Art, Nature, History",False,Eiffel Tower,"Machu Picchu, Eiffel Tower, Taj Mahal",18-25,Media(5-7h),Alto,Normal,Media,Buena,Alta
Cultural,False,Great Wall of China,"Colosseum, Taj Mahal, Machu Picchu",46-55,Corta(1-4h),Alto,Lento,Media,Buena,Alta
"Cultural, Art, History",False,Eiffel Tower,"Great Wall of China, Machu Picchu, Colosseum",26-35,Corta(1-4h),Medio,Lento,Alta,Excelente,Media
"History, Nature",True,Taj Mahal,Colosseum,26-35,Media(5-7h),Alto,Rápido,Media,Excelente,Alta
"Cultural, Nature, History",True,Taj Mahal,"Great Wall of China, Taj Mahal",26-35,Media(5-7h),Medio,Normal,Media,Buena,Media
"Art, Nature, History",False,Taj Mahal,"Eiffel Tower, Great Wall of China",36-45,Media(5-7h),Alto,Normal,Media,Excelente,Alta
Cultural,False,Great Wall of China,"Eiffel Tower, Colosseum",18-25,Corta(1-4h),Alto,Normal,Media,Excelente,Alta
"Art, Cultural",False,Great Wall of China,"Great Wall of China, Machu Picchu, Colosseum",26-35,Media(5-7h),Bajo,Normal,Media,Buena,Media
"Art, Nature",False,Machu Picchu,"Eiffel Tower, Taj Mahal, Colosseum",46-55,Media(5-7h),Alto,Rápido,Media,Buena,Alta
"Art, Cultural",False,Great Wall of China,"Eiffel Tower, Taj Mahal",18-25,Media(5-7h),Bajo,Normal,Media,Excelente,Media
Art,True,Eiffel Tower,"Great Wall of China, Taj Mahal, Machu Picchu",56+,Media(5-7h),Bajo,Lento,Alta,Buena,Media
"Cultural, Architecture",False,Eiffel Tower,"Great Wall of China, Colosseum",36-45,Media(5-7h),Medio,Rápido,Alta,Buena,Media
"Architecture, History",False,Taj Mahal,"Machu Picchu, Eiffel Tower",46-55,Corta(1-4h),Alto,Lento,Media,Excelente,Alta
"History, Art, Nature",True,Eiffel Tower,"Machu Picchu, Colosseum",46-55,Media(5-7h),Alto,Rápido,Alta,Excelente,Alta
"Cultural, Nature",True,Eiffel Tower,"Machu Picchu, Taj Mahal",18-25,Corta(1-4h),Medio,Lento,Media,Buena,Alta
"Nature, Architecture",True,Machu Picchu,"Eiffel Tower, Colosseum, Great Wall of China",46-55,Media(5-7h),Medio,Rápido,Media,Buena,Media
"History, Cultural",True,Machu Picchu,"Great Wall of China, Colosseum",36-45,Media(5-7h),Bajo,Lento,Baja,Buena,Media
History,False,Great Wall of China,"Eiffel Tower, Machu Picchu",36-45,Corta(1-4h),Alto,Normal,Media,Excelente,Alta
"Architecture, Cultural, Nature",False,Colosseum,"Machu Picchu, Eiffel Tower, Great Wall of China",46-55,Larga(8-10h),Alto,Lento,Media,Buena,Alta
"Nature, Cultural, History",True,Taj Mahal,Eiffel Tower,26-35,Corta(1-4h),Alto,Lento,Media,Excelente,Alta
"Art, Nature, Architecture",True,Colosseum,"Machu Picchu, Great Wall of China",56+,Media(5-7h),Alto,Normal,Media,Excelente,Alta
"Nature, Cultural, Architecture",True,Colosseum,Colosseum,56+,Corta(1-4h),Medio,Lento,Media,Excelente,Media
"Cultural, Art, History",True,Taj Mahal,"Colosseum, Machu Picchu",36-45,Corta(1-4h),Medio,Lento,Media,Buena,Media
"Nature, Architecture, Cultural",True,Eiffel Tower,Colosseum,56+,Media(5-7h),Alto,Lento,Media,Excelente,Alta
"Nature, Art",False,Eiffel Tower,"Taj Mahal, Machu Picchu, Colosseum",46-55,Corta(1-4h),Bajo,Rápido,Media,Buena,Media
"Cultural, Nature",True,Great Wall of China,Taj Mahal,56+,Media(5-7h),Bajo,Rápido,Alta,Excelente,Media
Nature,True,Eiffel Tower,Eiffel Tower,36-45,Corta(1-4h),Alto,Lento,Media,Excelente,Alta
"Architecture, History, Art",True,Eiffel Tower,"Machu Picchu, Great Wall of China, Eiffel Tower",46-55,Corta(1-4h),Medio,Rápido,Media,Excelente,Media
"History, Art, Nature",True,Colosseum,"Taj Mahal, Machu Picchu, Eiffel Tower",36-45,Larga(8-10h),Bajo,Normal,Alta,Excelente,Media
Cultural,False,Machu Picchu,"Great Wall of China, Eiffel Tower, Machu Picchu",36-45,Corta(1-4h),Medio,Normal,Alta,Excelente,Media
"Art, Cultural",True,Great Wall of China,"Eiffel Tower, Taj Mahal, Colosseum",56+,Media(5-7h),Medio,Rápido,Media,Buena,Media
"Cultural, Nature, Architecture",False,Taj Mahal,Great Wall of China,36-45,Larga(8-10h),Alto,Normal,Media,Excelente,Alta
Architecture,False,Taj Mahal,"Eiffel Tower, Colosseum",18-25,Corta(1-4h),Alto,Normal,Media,Excelente,Alta
Nature,True,Great Wall of China,Great Wall of China,36-45,Corta(1-4h),Alto,Rápido,Alta,Excelente,Alta
"Cultural, Nature",False,Colosseum,Great Wall of China,26-35,Media(5-7h),Bajo,Normal,Media,Buena,Media
Architecture,True,Great Wall of China,Great Wall of China,36-45,Larga(8-10h),Medio,Lento,Media,Buena,Media
"Art, Cultural, Architecture",False,Colosseum,"Taj Mahal, Colosseum",18-25,Corta(1-4h),Medio,Lento,Alta,Excelente,Media
Architecture,True,Colosseum,"Taj Mahal, Great Wall of China",56+,Larga(8-10h),Bajo,Rápido,Media,Excelente,Media
Art,False,Eiffel Tower,Taj Mahal,46-55,Media(5-7h),Alto,Rápido,Media,Buena,Alta
Nature,True,Machu Picchu,Machu Picchu,46-55,Media(5-7h),Medio,Lento,Media,Buena,Media
Cultural,True,Great Wall of China,Great Wall of China,56+,Media(5-7h),Medio,Lento,Alta,Excelente,Media
"Architecture, Nature, Cultural",False,Eiffel Tower,"Great Wall of China, Machu Picchu",56+,Corta(1-4h),Medio,Rápido,Baja,Regular,Media
"History, Nature, Art",False,Eiffel Tower,"Eiffel Tower, Taj Mahal, Machu Picchu",36-45,Corta(1-4h),Alto,Lento,Alta,Buena,Alta
Nature,True,Great Wall of China,"Machu Picchu, Eiffel Tower",56+,Corta(1-4h),Medio,Lento,Alta,Excelente,Media
"Nature, Art, Cultural",True,Great Wall of China,"Taj Mahal, Eiffel Tower, Great Wall of China",56+,Media(5-7h),Medio,Lento,Alta,Excelente,Media
"Cultural, Architecture, History",True,Machu Picchu,Eiffel Tower,46-55,Media(5-7h),Alto,Normal,Media,Buena,Alta
"History, Architecture, Cultural",False,Great Wall of China,Colosseum,56+,Media(5-7h),Bajo,Lento,Media,Excelente,Media
"Art, History",False,Machu Picchu,"Machu Picchu, Eiffel Tower, Great Wall of China",56+,Media(5-7h),Bajo,Normal,Media,Buena,Media
"Architecture, Nature, History",False,Great Wall of China,"Eiffel Tower, Machu Picchu",46-55,Corta(1-4h),Alto,Rápido,Media,Buena,Alta
Architecture,True,Great Wall of China,Eiffel Tower,56+,Media(5-7h),Alto,Lento,Alta,Buena,Alta
Art,False,Machu Picchu,"Great Wall of China, Machu Picchu, Eiffel Tower",56+,Media(5-7h),Alto,Rápido,Media,Buena,Alta
"Architecture, Cultural, Art",True,Great Wall of China,"Machu Picchu, Colosseum, Great Wall of China",36-45,Media(5-7h),Bajo,Lento,Media,Buena,Media
"History, Cultural",True,Taj Mahal,"Colosseum, Eiffel Tower",26-35,Media(5-7h),Alto,Lento,Alta,Regular,Alta
Architecture,False,Taj Mahal,"Great Wall of China, Machu Picchu",26-35,Media(5-7h),Alto,Rápido,Alta,Excelente,Alta
"Architecture, Nature",False,Machu Picchu,"Eiffel Tower, Colosseum, Machu Picchu",26-35,Media(5-7h),Alto,Rápido,Media,Buena,Alta
"Nature, Architecture, Art",True,Great Wall of China,"Colosseum, Machu Picchu, Taj Mahal",18-25,Corta(1-4h),Medio,Lento,Alta,Buena,Media
"Nature, Cultural, History",True,Machu Picchu,"Colosseum, Taj Mahal",56+,Corta(1-4h),Alto,Lento,Alta,Buena,Alta
"Art, Architecture",False,Eiffel Tower,Taj Mahal,46-55,Larga(8-10h),Bajo,Rápido,Media,Buena,Media
History,False,Colosseum,"Great Wall of China, Taj Mahal",36-45,Media(5-7h),Medio,Rápido,Media,Buena,Media
Cultural,False,Machu Picchu,Great Wall of China,36-45,Media(5-7h),Medio,Normal,Alta,Buena,Media
"Nature, Art, Cultural",False,Great Wall of China,Colosseum,18-25,Media(5-7h),Bajo,Lento,Media,Buena,Media
"Cultural, History, Art",False,Eiffel Tower,"Eiffel Tower, Great Wall of China, Colosseum",56+,Media(5-7h),Bajo,Rápido,Alta,Buena,Media
"History, Architecture, Art",True,Eiffel Tower,"Great Wall of China, Colosseum, Taj Mahal",26-35,Media(5-7h),Bajo,Lento,Media,Excelente,Media
"Cultural, Nature",False,Great Wall of China,"Taj Mahal, Eiffel Tower, Machu Picchu",46-55,Media(5-7h),Medio,Lento,Alta,Buena,Media
History,False,Eiffel Tower,"Taj Mahal, Colosseum, Machu Picchu",56+,Corta(1-4h),Bajo,Rápido,Media,Regular,Media
"Nature, Cultural, History",True,Taj Mahal,"Great Wall of China, Eiffel Tower, Machu Picchu",36-45,Corta(1-4h),Bajo,Normal,Alta,Excelente,Media
"History, Art",False,Machu Picchu,"Colosseum, Machu Picchu, Taj Mahal",36-45,Corta(1-4h),Alto,Lento,Media,Buena,Alta
Art,False,Colosseum,"Taj Mahal, Colosseum",46-55,Corta(1-4h),Medio,Normal,Media,Regular,Media
History,True,Taj Mahal,"Great Wall of China, Eiffel Tower, Colosseum",26-35,Media(5-7h),Alto,Normal,Media,Buena,Alta
"Architecture, Art, Nature",False,Machu Picchu,"Taj Mahal, Machu Picchu, Eiffel Tower",56+,Larga(8-10h),Medio,Lento,Alta,Buena,Media
"History, Art, Cultural",False,Machu Picchu,"Machu Picchu, Colosseum, Eiffel Tower",18-25,Corta(1-4h),Alto,Lento,Alta,Buena,Alta
"Cultural, Nature, Architecture",False,Colosseum,Eiffel Tower,46-55,Media(5-7h),Medio,Lento,Alta,Buena,Media
"Architecture, Cultural, History",False,Colosseum,"Machu Picchu, Taj Mahal, Colosseum",18-25,Media(5-7h),Medio,Normal,Alta,Buena,Media
"Cultural, Art",False,Great Wall of China,"Machu Picchu, Taj Mahal",18-25,Larga(8-10h),Medio,Rápido,Baja,Buena,Media
Cultural,True,Great Wall of China,Great Wall of China,36-45,Corta(1-4h),Bajo,Normal,Media,Buena,Media
"History, Architecture, Nature",False,Great Wall of China,"Eiffel Tower, Machu Picchu, Colosseum",26-35,Media(5-7h),Medio,Normal,Alta,Excelente,Alta
Nature,False,Eiffel Tower,"Taj Mahal, Great Wall of China",56+,Media(5-7h),Bajo,Normal,Media,Regular,Media
"Cultural, Architecture",False,Colosseum,Eiffel Tower,36-45,Larga(8-10h),Medio,Normal,Media,Excelente,Media
Cultural,True,Taj Mahal,"Taj Mahal, Great Wall of China, Colosseum",56+,Corta(1-4h),Medio,Normal,Media,Buena,Media
"Cultural, Nature",True,Machu Picchu,Eiffel Tower,36-45,Media(5-7h),Medio,Normal,Alta,Buena,Media
Cultural,True,Eiffel Tower,"Eiffel Tower, Colosseum, Taj Mahal",56+,Corta(1-4h),Alto,Rápido,Alta,Excelente,Alta
"History, Architecture",False,Great Wall of China,"Great Wall of China, Eiffel Tower",46-55,Media(5-7h),Alto,Rápido,Alta,Buena,Alta
"Nature, Cultural, Architecture",False,Great Wall of China,Machu Picchu,56+,Corta(1-4h),Medio,Lento,Alta,Excelente,Media
"Architecture, History, Nature",True,Colosseum,Eiffel Tower,26-35,Corta(1-4h),Alto,Lento,Alta,Excelente,Alta
"History, Nature",False,Great Wall of China,Machu Picchu,56+,Corta(1-4h),Alto,Normal,Baja,Buena,Alta
Architecture,False,Machu Picchu,"Eiffel Tower, Colosseum, Machu Picchu",26-35,Media(5-7h),Alto,Lento,Media,Buena,Alta
"Architecture, History",False,Taj Mahal,"Great Wall of China, Eiffel Tower, Machu Picchu",46-55,Larga(8-10h),Alto,Normal,Media,Excelente,Alta
"Architecture, Art",True,Colosseum,"Great Wall of China, Colosseum, Machu Picchu",36-45,Corta(1-4h),Medio,Lento,Alta,Excelente,Media
Cultural,False,Great Wall of China,"Great Wall of China, Machu Picchu, Eiffel Tower",18-25,Larga(8-10h),Medio,Rápido,Media,Buena,Media
Art,False,Colosseum,Eiffel Tower,56+,Larga(8-10h),Alto,Rápido,Alta,Excelente,Alta
Cultural,True,Taj Mahal,"Machu Picchu, Great Wall of China, Taj Mahal",26-35,Corta(1-4h),Alto,Rápido,Media,Excelente,Alta
"Cultural, Art, Architecture",True,Machu Picchu,Great Wall of China,26-35,Corta(1-4h),Medio,Lento,Media,Buena,Media
Cultural,True,Eiffel Tower,Taj Mahal,18-25,Corta(1-4h),Bajo,Normal,Media,Buena,Media
"Cultural, History",True,Great Wall of China,"Colosseum, Taj Mahal, Great Wall of China",56+,Media(5-7h),Bajo,Lento,Alta,Buena,Media
"Nature, Art, Architecture",False,Taj Mahal,"Eiffel Tower, Machu Picchu",56+,Media(5-7h),Medio,Rápido,Media,Buena,Media
"History, Architecture, Nature",True,Machu Picchu,Colosseum,18-25,Media(5-7h),Bajo,Lento,Media,Buena,Media
History,True,Colosseum,Great Wall of China,56+,Corta(1-4h),Medio,Normal,Alta,Buena,Media
Nature,True,Taj Mahal,"Great Wall of China, Colosseum, Eiffel Tower",56+,Corta(1-4h),Bajo,Lento,Alta,Regular,Media
"Nature, Art",True,Machu Picchu,"Colosseum, Eiffel Tower",26-35,Corta(1-4h),Alto,Rápido,Media,Excelente,Alta
"Cultural, Architecture",False,Eiffel Tower,"Colosseum, Great Wall of China",26-35,Larga(8-10h),Alto,Normal,Alta,Excelente,Alta
"Art, History",False,Eiffel Tower,Colosseum,46-55,Media(5-7h),Medio,Normal,Media,Buena,Media
"Cultural, History, Art",False,Great Wall of China,"Great Wall of China, Eiffel Tower",56+,Media(5-7h),Medio,Lento,Media,Regular,Media
"Nature, Art, History",True,Eiffel Tower,"Colosseum, Machu Picchu, Great Wall of China",46-55,Media(5-7h),Medio,Rápido,Media,Buena,Media
"History, Cultural, Art",True,Colosseum,"Great Wall of China, Taj Mahal, Eiffel Tower",56+,Media(5-7h),Bajo,Rápido,Media,Buena,Media
"Cultural, Architecture, History",True,Great Wall of China,Eiffel Tower,18-25,Media(5-7h),Bajo,Rápido,Media,Buena,Media
"Architecture, Nature",True,Machu Picchu,"Colosseum, Machu Picchu",56+,Media(5-7h),Medio,Rápido,Media,Excelente,Media
"Art, Architecture, Cultural",True,Colosseum,"Machu Picchu, Great Wall of China",46-55,Media(5-7h),Medio,Rápido,Alta,Buena,Media
"History, Cultural, Architecture",False,Eiffel Tower,"Great Wall of China, Machu Picchu, Colosseum",36-45,Corta(1-4h),Bajo,Lento,Alta,Buena,Media
"Nature, Cultural",True,Eiffel Tower,"Taj Mahal, Great Wall of China",46-55,Media(5-7h),Bajo,Lento,Media,Excelente,Media
"History, Architecture",True,Great Wall of China,Taj Mahal,56+,Media(5-7h),Bajo,Normal,Alta,Buena,Media
"Art, Nature",False,Eiffel Tower,"Eiffel Tower, Colosseum, Great Wall of China",46-55,Larga(8-10h),Alto,Lento,Media,Buena,Alta
"Architecture, History",True,Great Wall of China,"Eiffel Tower, Great Wall of China, Machu Picchu",26-35,Media(5-7h),Alto,Rápido,Media,Excelente,Alta
"Cultural, Art, Architecture",True,Eiffel Tower,Eiffel Tower,56+,Corta(1-4h),Bajo,Normal,Media,Excelente,Media
Art,True,Taj Mahal,"Eiffel Tower, Taj Mahal",56+,Larga(8-10h),Bajo,Lento,Media,Excelente,Media
"History, Cultural",False,Eiffel Tower,Colosseum,46-55,Media(5-7h),Bajo,Lento,Alta,Excelente,Media
"Architecture, Art, History",True,Great Wall of China,"Great Wall of China, Taj Mahal",36-45,Corta(1-4h),Medio,Normal,Media,Buena,Media
"Architecture, History, Nature",False,Machu Picchu,"Eiffel Tower, Machu Picchu",56+,Media(5-7h),Medio,Normal,Media,Excelente,Media
"Cultural, Architecture",False,Taj Mahal,"Taj Mahal, Great Wall of China, Colosseum",46-55,Media(5-7h),Alto,Normal,Media,Buena,Alta
"Art, Architecture, Nature",True,Colosseum,Eiffel Tower,46-55,Media(5-7h),Alto,Normal,Alta,Excelente,Alta
"Nature, Cultural",False,Great Wall of China,Taj Mahal,36-45,Corta(1-4h),Medio,Lento,Media,Buena,Alta
Cultural,True,Eiffel Tower,"Eiffel Tower, Taj Mahal, Great Wall of China",56+,Larga(8-10h),Alto,Lento,Media,Buena,Alta
"Nature, Cultural, Architecture",True,Great Wall of China,"Great Wall of China, Colosseum",26-35,Media(5-7h),Medio,Lento,Media,Excelente,Media
"Art, Architecture",False,Taj Mahal,"Machu Picchu, Great Wall of China",56+,Media(5-7h),Bajo,Rápido,Alta,Buena,Media
"Cultural, Nature",False,Machu Picchu,"Colosseum, Taj Mahal",26-35,Corta(1-4h),Medio,Rápido,Media,Excelente,Media
Nature,False,Machu Picchu,"Colosseum, Great Wall of China",36-45,Corta(1-4h),Bajo,Lento,Alta,Buena,Media
"History, Art, Architecture",True,Eiffel Tower,Colosseum,56+,Media(5-7h),Bajo,Lento,Media,Buena,Media
"Cultural, Nature",True,Colosseum,Machu Picchu,56+,Corta(1-4h),Bajo,Lento,Media,Excelente,Media
Cultural,True,Eiffel Tower,Machu Picchu,46-55,Larga(8-10h),Alto,Rápido,Media,Buena,Alta
"History, Architecture, Nature",True,Eiffel Tower,"Colosseum, Great Wall of China",56+,Corta(1-4h),Alto,Rápido,Alta,Buena,Alta
"History, Cultural, Nature",True,Great Wall of China,"Taj Mahal, Great Wall of China",26-35,Larga(8-10h),Alto,Lento,Media,Buena,Alta
"Nature, Art",False,Colosseum,Great Wall of China,26-35,Media(5-7h),Bajo,Normal,Media,Buena,Media
Cultural,True,Taj Mahal,"Colosseum, Machu Picchu, Taj Mahal",18-25,Larga(8-10h),Bajo,Normal,Alta,Buena,Media
Art,True,Great Wall of China,"Taj Mahal, Machu Picchu, Eiffel Tower",36-45,Media(5-7h),Bajo,Rápido,Media,Buena,Media
"Nature, Cultural",False,Great Wall of China,"Colosseum, Taj Mahal",56+,Media(5-7h),Medio,Lento,Media,Buena,Media
Nature,False,Machu Picchu,"Colosseum, Machu Picchu, Eiffel Tower",46-55,Corta(1-4h),Medio,Normal,Media,Excelente,Media
"Art, Nature, Architecture",False,Colosseum,"Taj Mahal, Eiffel Tower",36-45,Corta(1-4h),Bajo,Lento,Media,Excelente,Media
Architecture,False,Machu Picchu,Taj Mahal,36-45,Media(5-7h),Medio,Normal,Media,Buena,Media
"Art, Cultural",True,Great Wall of China,"Eiffel Tower, Colosseum",56+,Larga(8-10h),Alto,Rápido,Alta,Regular,Alta
Cultural,True,Taj Mahal,"Taj Mahal, Colosseum",18-25,Media(5-7h),Alto,Lento,Alta,Excelente,Alta
"Art, Cultural",True,Taj Mahal,"Colosseum, Taj Mahal, Great Wall of China",56+,Corta(1-4h),Alto,Rápido,Media,Buena,Alta
"Cultural, Architecture",True,Great Wall of China,Eiffel Tower,56+,Media(5-7h),Alto,Rápido,Alta,Buena,Alta
"Nature, Art",True,Great Wall of China,"Great Wall of China, Colosseum, Taj Mahal",56+,Media(5-7h),Bajo,Normal,Media,Excelente,Media
"Architecture, Art",False,Great Wall of China,"Machu Picchu, Great Wall of China",18-25,Media(5-7h),Bajo,Lento,Media,Buena,Media
Nature,False,Taj Mahal,"Taj Mahal, Colosseum, Eiffel Tower",18-25,Corta(1-4h),Alto,Normal,Alta,Buena,Alta
Cultural,False,Eiffel Tower,"Colosseum, Taj Mahal, Eiffel Tower",36-45,Media(5-7h),Alto,Rápido,Baja,Buena,Alta
Art,True,Eiffel Tower,Taj Mahal,46-55,Media(5-7h),Medio,Normal,Media,Excelente,Media
"Nature, Architecture, Art",True,Eiffel Tower,"Machu Picchu, Colosseum",46-55,Larga(8-10h),Alto,Normal,Media,Excelente,Alta
"Nature, Art",True,Eiffel Tower,"Machu Picchu, Great Wall of China, Colosseum",46-55,Media(5-7h),Bajo,Normal,Media,Buena,Media
Nature,False,Great Wall of China,"Machu Picchu, Great Wall of China, Taj Mahal",46-55,Media(5-7h),Bajo,Normal,Media,Excelente,Media
Architecture,False,Eiffel Tower,"Taj Mahal, Machu Picchu",18-25,Corta(1-4h),Alto,Lento,Alta,Buena,Alta
History,False,Colosseum,Taj Mahal,56+,Larga(8-10h),Bajo,Rápido,Alta,Buena,Media
"Nature, Art",False,Colosseum,"Taj Mahal, Eiffel Tower, Machu Picchu",18-25,Media(5-7h),Medio,Lento,Baja,Buena,Media
"Art, Cultural, Architecture",True,Eiffel Tower,"Colosseum, Taj Mahal",46-55,Corta(1-4h),Medio,Rápido,Alta,Excelente,Alta
"Nature, Art",True,Eiffel Tower,Great Wall of China,26-35,Corta(1-4h),Alto,Normal,Alta,Buena,Alta
"Art, Cultural, Nature",True,Machu Picchu,"Machu Picchu, Taj Mahal",18-25,Media(5-7h),Alto,Lento,Alta,Excelente,Alta
History,True,Machu Picchu,"Machu Picchu, Colosseum, Taj Mahal",46-55,Media(5-7h),Alto,Normal,Baja,Buena,Alta
"Architecture, Cultural, Nature",True,Great Wall of China,"Colosseum, Taj Mahal, Machu Picchu",18-25,Larga(8-10h),Bajo,Lento,Alta,Excelente,Media
"Nature, Cultural, Architecture",True,Eiffel Tower,Eiffel Tower,56+,Corta(1-4h),Medio,Rápido,Media,Excelente,Media
"Art, Architecture",True,Taj Mahal,Machu Picchu,56+,Corta(1-4h),Medio,Lento,Media,Buena,Media
Nature,True,Great Wall of China,"Great Wall of China, Colosseum, Eiffel Tower",46-55,Corta(1-4h),Bajo,Lento,Alta,Buena,Media
"Nature, Architecture",False,Great Wall of China,Machu Picchu,26-35,Media(5-7h),Bajo,Lento,Media,Excelente,Media
"History, Art, Architecture",True,Taj Mahal,"Colosseum, Great Wall of China, Machu Picchu",56+,Corta(1-4h),Medio,Normal,Media,Excelente,Media
"Art, Cultural, Nature",True,Great Wall of China,Colosseum,36-45,Corta(1-4h),Bajo,Lento,Alta,Excelente,Media
"Art, Cultural, History",False,Great Wall of China,Great Wall of China,18-25,Corta(1-4h),Alto,Rápido,Alta,Excelente,Alta
"Art, History",False,Eiffel Tower,"Machu Picchu, Eiffel Tower, Taj Mahal",46-55,Media(5-7h),Alto,Normal,Media,Excelente,Alta
"Art, Architecture",False,Great Wall of China,"Taj Mahal, Colosseum",56+,Corta(1-4h),Alto,Normal,Media,Buena,Alta
"Nature, Architecture, Art",True,Eiffel Tower,"Great Wall of China, Machu Picchu",46-55,Media(5-7h),Alto,Rápido,Media,Buena,Alta
"Cultural, Architecture",True,Great Wall of China,Colosseum,18-25,Media(5-7h),Medio,Rápido,Alta,Regular,Media
"Nature, History",False,Great Wall of China,"Taj Mahal, Great Wall of China, Machu Picchu",46-55,Larga(8-10h),Medio,Rápido,Media,Buena,Media
"Cultural, Nature, Art",True,Great Wall of China,Great Wall of China,56+,Media(5-7h),Bajo,Lento,Media,Excelente,Media
"Cultural, Architecture, Nature",True,Machu Picchu,"Eiffel Tower, Machu Picchu",46-55,Media(5-7h),Medio,Lento,Media,Buena,Media
"Art, History, Cultural",False,Great Wall of China,"Eiffel Tower, Great Wall of China",56+,Media(5-7h),Medio,Rápido,Media,Buena,Media
Art,True,Eiffel Tower,"Machu Picchu, Colosseum, Taj Mahal",56+,Corta(1-4h),Alto,Normal,Media,Buena,Alta
"Cultural, History, Art",False,Great Wall of China,"Great Wall of China, Eiffel Tower",56+,Media(5-7h),Bajo,Lento,Baja,Buena,Media
Nature,False,Colosseum,"Eiffel Tower, Colosseum, Great Wall of China",46-55,Media(5-7h),Medio,Lento,Media,Buena,Media
"Cultural, Art",False,Eiffel Tower,Taj Mahal,36-45,Media(5-7h),Bajo,Normal,Media,Buena,Media
History,False,Taj Mahal,"Colosseum, Great Wall of China",26-35,Media(5-7h),Alto,Lento,Alta,Buena,Alta
"Art, Cultural, Nature",True,Great Wall of China,Eiffel Tower,56+,Media(5-7h),Bajo,Rápido,Media,Buena,Media
"History, Art",False,Colosseum,"Eiffel Tower, Taj Mahal",36-45,Media(5-7h),Alto,Normal,Alta,Excelente,Alta
"Art, Architecture",True,Great Wall of China,"Taj Mahal, Great Wall of China",26-35,Corta(1-4h),Bajo,Rápido,Alta,Buena,Media
"Art, Nature",False,Taj Mahal,"Colosseum, Great Wall of China, Taj Mahal",46-55,Media(5-7h),Bajo,Normal,Alta,Buena,Media
"Architecture, Nature, History",False,Taj Mahal,Colosseum,36-45,Corta(1-4h),Alto,Normal,Media,Excelente,Alta
"History, Cultural",True,Great Wall of China,"Machu Picchu, Colosseum",46-55,Larga(8-10h),Medio,Rápido,Media,Buena,Media
"Cultural, History",False,Colosseum,"Machu Picchu, Colosseum",36-45,Media(5-7h),Alto,Rápido,Media,Buena,Alta
"Cultural, History, Art",True,Taj Mahal,Colosseum,46-55,Corta(1-4h),Medio,Normal,Media,Excelente,Media
"Nature, Architecture",True,Colosseum,Eiffel Tower,46-55,Media(5-7h),Medio,Lento,Alta,Excelente,Media
History,True,Eiffel Tower,Colosseum,26-35,Corta(1-4h),Alto,Rápido,Media,Excelente,Alta
Architecture,False,Colosseum,Taj Mahal,26-35,Media(5-7h),Medio,Normal,Alta,Buena,Media
History,True,Great Wall of China,"Taj Mahal, Eiffel Tower, Machu Picchu",36-45,Media(5-7h),Medio,Normal,Media,Buena,Media
"History, Architecture",True,Machu Picchu,Taj Mahal,26-35,Corta(1-4h),Bajo,Normal,Media,Buena,Media
"History, Cultural",True,Great Wall of China,Great Wall of China,36-45,Corta(1-4h),Alto,Rápido,Media,Buena,Alta
"Cultural, History, Architecture",True,Machu Picchu,"Colosseum, Eiffel Tower, Taj Mahal",46-55,Corta(1-4h),Alto,Normal,Media,Buena,Alta
"History, Cultural, Art",False,Great Wall of China,Taj Mahal,18-25,Corta(1-4h),Medio,Normal,Media,Excelente,Media
"Art, Cultural, Architecture",False,Taj Mahal,"Machu Picchu, Taj Mahal",56+,Media(5-7h),Bajo,Lento,Media,Buena,Media
"History, Architecture, Cultural",False,Taj Mahal,"Colosseum, Eiffel Tower",18-25,Media(5-7h),Medio,Normal,Media,Buena,Media
History,True,Eiffel Tower,"Machu Picchu, Taj Mahal",36-45,Corta(1-4h),Medio,Lento,Media,Buena,Media
Cultural,False,Great Wall of China,"Great Wall of China, Colosseum, Machu Picchu",36-45,Corta(1-4h),Alto,Lento,Media,Excelente,Alta
"Cultural, Art, Nature",True,Machu Picchu,Great Wall of China,26-35,Corta(1-4h),Alto,Rápido,Media,Buena,Alta
"Cultural, Architecture, Art",True,Machu Picchu,"Eiffel Tower, Great Wall of China",46-55,Corta(1-4h),Alto,Normal,Alta,Excelente,Alta
"Architecture, Nature, Cultural",False,Taj Mahal,"Taj Mahal, Machu Picchu",56+,Media(5-7h),Medio,Normal,Media,Excelente,Media
History,True,Eiffel Tower,"Machu Picchu, Great Wall of China",18-25,Media(5-7h),Alto,Lento,Baja,Buena,Alta
"Architecture, Cultural, History",True,Eiffel Tower,"Machu Picchu, Eiffel Tower",56+,Media(5-7h),Medio,Lento,Alta,Regular,Media
"Art, Cultural, History",True,Taj Mahal,"Machu Picchu, Great Wall of China",56+,Media(5-7h),Medio,Lento,Media,Buena,Media
"Architecture, Art",False,Colosseum,"Machu Picchu, Great Wall of China",56+,Media(5-7h),Medio,Rápido,Media,Buena,Media
Cultural,True,Machu Picchu,"Colosseum, Eiffel Tower",46-55,Corta(1-4h),Alto,Normal,Alta,Buena,Alta
Cultural,True,Great Wall of China,Colosseum,18-25,Larga(8-10h),Medio,Rápido,Alta,Buena,Media
"Art, Cultural, History",True,Colosseum,Machu Picchu,56+,Media(5-7h),Medio,Rápido,Media,Buena,Media
"Nature, Cultural, History",True,Eiffel Tower,Taj Mahal,26-35,Corta(1-4h),Medio,Lento,Alta,Buena,Media
Architecture,True,Great Wall of China,"Eiffel Tower, Colosseum, Great Wall of China",26-35,Media(5-7h),Bajo,Rápido,Alta,Buena,Media
"Nature, Cultural",False,Eiffel Tower,"Taj Mahal, Machu Picchu",36-45,Larga(8-10h),Medio,Normal,Baja,Excelente,Media
"Cultural, Architecture",True,Machu Picchu,"Great Wall of China, Machu Picchu",56+,Media(5-7h),Medio,Rápido,Media,Buena,Media
"History, Architecture",True,Machu Picchu,"Machu Picchu, Colosseum",46-55,Media(5-7h),Medio,Lento,Alta,Excelente,Media
Architecture,False,Eiffel Tower,Taj Mahal,46-55,Media(5-7h),Bajo,Lento,Alta,Buena,Media
History,True,Taj Mahal,"Taj Mahal, Colosseum, Eiffel Tower",36-45,Corta(1-4h),Medio,Lento,Media,Buena,Media
History,True,Eiffel Tower,Eiffel Tower,26-35,Corta(1-4h),Bajo,Rápido,Media,Excelente,Media
"History, Art",True,Taj Mahal,"Great Wall of China, Eiffel Tower",26-35,Corta(1-4h),Medio,Normal,Media,Buena,Media
"Cultural, Nature",True,Colosseum,"Colosseum, Eiffel Tower",56+,Media(5-7h),Alto,Normal,Media,Excelente,Alta
"Nature, Architecture, Art",False,Machu Picchu,Taj Mahal,56+,Corta(1-4h),Alto,Normal,Media,Regular,Alta
"Cultural, Nature",False,Taj Mahal,Machu Picchu,26-35,Media(5-7h),Bajo,Rápido,Media,Regular,Media
"Art, Nature, Cultural",False,Machu Picchu,"Taj Mahal, Great Wall of China, Colosseum",26-35,Larga(8-10h),Alto,Rápido,Media,Excelente,Alta
"History, Nature, Cultural",False,Great Wall of China,"Colosseum, Eiffel Tower",36-45,Larga(8-10h),Bajo,Lento,Media,Buena,Media
Cultural,False,Great Wall of China,"Taj Mahal, Great Wall of China, Colosseum",56+,Corta(1-4h),Medio,Lento,Media,Excelente,Media
Architecture,False,Taj Mahal,"Machu Picchu, Taj Mahal, Eiffel Tower",36-45,Corta(1-4h),Bajo,Lento,Alta,Buena,Media
"Architecture, Art",False,Colosseum,Great Wall of China,56+,Corta(1-4h),Bajo,Lento,Media,Buena,Media
Nature,True,Taj Mahal,"Taj Mahal, Great Wall of China, Colosseum",26-35,Larga(8-10h),Alto,Lento,Alta,Buena,Alta
"Architecture, History, Art",False,Eiffel Tower,"Taj Mahal, Eiffel Tower",36-45,Larga(8-10h),Alto,Normal,Media,Buena,Alta
"Architecture, History",True,Eiffel Tower,"Great Wall of China, Machu Picchu, Taj Mahal",46-55,Media(5-7h),Bajo,Rápido,Media,Buena,Media
Nature,False,Great Wall of China,Colosseum,36-45,Media(5-7h),Bajo,Lento,Alta,Buena,Media
History,True,Eiffel Tower,Machu Picchu,56+,Media(5-7h),Alto,Lento,Alta,Excelente,Alta
History,True,Eiffel Tower,"Colosseum, Taj Mahal",36-45,Media(5-7h),Alto,Lento,Media,Buena,Alta
"Architecture, Nature",True,Great Wall of China,"Great Wall of China, Machu Picchu, Colosseum",36-45,Media(5-7h),Alto,Rápido,Media,Excelente,Alta
"History, Cultural, Nature",True,Great Wall of China,"Eiffel Tower, Great Wall of China, Colosseum",18-25,Larga(8-10h),Medio,Lento,Media,Regular,Media
"History, Cultural, Architecture",False,Great Wall of China,"Great Wall of China, Colosseum",18-25,Corta(1-4h),Medio,Normal,Media,Buena,Media
"History, Art",False,Machu Picchu,"Great Wall of China, Taj Mahal",56+,Corta(1-4h),Bajo,Normal,Media,Buena,Media
"Art, Cultural, Nature",False,Machu Picchu,"Machu Picchu, Colosseum, Taj Mahal",36-45,Corta(1-4h),Bajo,Normal,Media,Buena,Media
Cultural,False,Machu Picchu,"Machu Picchu, Great Wall of China, Eiffel Tower",36-45,Corta(1-4h),Alto,Normal,Alta,Buena,Alta
Cultural,True,Taj Mahal,Eiffel Tower,18-25,Larga(8-10h),Alto,Lento,Media,Regular,Alta
"Art, Nature",False,Colosseum,"Eiffel Tower, Taj Mahal",26-35,Media(5-7h),Alto,Lento,Alta,Excelente,Alta
"Nature, Architecture, Art",True,Great Wall of China,"Great Wall of China, Machu Picchu",36-45,Media(5-7h),Bajo,Lento,Alta,Excelente,Media
"History, Cultural",True,Machu Picchu,"Machu Picchu, Eiffel Tower",18-25,Media(5-7h),Medio,Rápido,Alta,Excelente,Media
"Architecture, History",True,Colosseum,"Machu Picchu, Colosseum",56+,Corta(1-4h),Bajo,Rápido,Media,Excelente,Media
"Nature, Art, History",False,Eiffel Tower,Eiffel Tower,26-35,Corta(1-4h),Bajo,Rápido,Baja,Buena,Media
"Nature, Art",True,Machu Picchu,"Eiffel Tower, Great Wall of China",56+,Media(5-7h),Medio,Lento,Media,Buena,Media
Art,False,Eiffel Tower,"Colosseum, Machu Picchu, Taj Mahal",56+,Media(5-7h),Bajo,Lento,Media,Buena,Media
Art,False,Great Wall of China,"Taj Mahal, Machu Picchu",46-55,Corta(1-4h),Medio,Normal,Media,Excelente,Alta
"Cultural, Nature, Art",False,Machu Picchu,"Taj Mahal, Machu Picchu, Colosseum",46-55,Larga(8-10h),Bajo,Rápido,Media,Buena,Media
History,True,Taj Mahal,"Machu Picchu, Colosseum, Great Wall of China",56+,Media(5-7h),Medio,Rápido,Media,Regular,Media
"History, Nature",True,Colosseum,"Machu Picchu, Eiffel Tower, Colosseum",56+,Media(5-7h),Bajo,Normal,Baja,Buena,Media
Art,False,Great Wall of China,"Taj Mahal, Great Wall of China",56+,Media(5-7h),Alto,Lento,Alta,Excelente,Alta
"Art, History",False,Great Wall of China,"Colosseum, Great Wall of China",56+,Corta(1-4h),Medio,Normal,Alta,Buena,Media
"Cultural, Nature",False,Machu Picchu,"Colosseum, Eiffel Tower",18-25,Larga(8-10h),Bajo,Lento,Alta,Excelente,Media
Architecture,False,Machu Picchu,"Great Wall of China, Taj Mahal, Machu Picchu",56+,Media(5-7h),Bajo,Normal,Media,Buena,Media
"Architecture, Art, History",True,Great Wall of China,"Eiffel Tower, Taj Mahal",56+,Larga(8-10h),Bajo,Lento,Media,Excelente,Media
Art,False,Great Wall of China,Eiffel Tower,26-35,Media(5-7h),Alto,Lento,Media,Buena,Alta
History,False,Great Wall of China,Eiffel Tower,56+,Media(5-7h),Medio,Normal,Media,Excelente,Media
"History, Cultural",True,Great Wall of China,"Colosseum, Eiffel Tower",36-45,Media(5-7h),Bajo,Lento,Baja,Buena,Media
"Art, Architecture",False,Colosseum,"Machu Picchu, Great Wall of China, Colosseum",18-25,Media(5-7h),Alto,Normal,Media,Excelente,Alta
"Nature, Art",False,Machu Picchu,Taj Mahal,26-35,Media(5-7h),Bajo,Normal,Media,Excelente,Media
"Nature, History",True,Great Wall of China,Taj Mahal,56+,Corta(1-4h),Alto,Lento,Alta,Excelente,Alta
"Cultural, Nature, Architecture",True,Colosseum,Eiffel Tower,46-55,Media(5-7h),Bajo,Lento,Media,Excelente,Media
"Cultural, Nature, Architecture",True,Machu Picchu,Eiffel Tower,26-35,Media(5-7h),Alto,Lento,Alta,Buena,Alta
Art,False,Colosseum,"Taj Mahal, Eiffel Tower, Colosseum",18-25,Corta(1-4h),Alto,Rápido,Media,Excelente,Alta
"Architecture, Art",True,Colosseum,Colosseum,18-25,Media(5-7h),Alto,Normal,Media,Excelente,Alta
"Art, Cultural, Nature",True,Taj Mahal,Eiffel Tower,56+,Media(5-7h),Medio,Rápido,Baja,Buena,Media
"Architecture, Art, Cultural",True,Great Wall of China,"Machu Picchu, Great Wall of China",56+,Larga(8-10h),Medio,Lento,Media,Regular,Media
Art,False,Taj Mahal,Machu Picchu,56+,Media(5-7h),Alto,Rápido,Alta,Buena,Alta
"Architecture, Art, Cultural",True,Colosseum,"Eiffel Tower, Taj Mahal, Machu Picchu",56+,Media(5-7h),Bajo,Lento,Media,Buena,Media
"Cultural, History, Nature",True,Great Wall of China,"Great Wall of China, Eiffel Tower, Taj Mahal",18-25,Corta(1-4h),Alto,Rápido,Media,Buena,Alta
"Cultural, History, Architecture",True,Taj Mahal,Taj Mahal,56+,Media(5-7h),Bajo,Normal,Media,Buena,Media
"Cultural, Nature, Art",False,Colosseum,"Machu Picchu, Colosseum",56+,Media(5-7h),Alto,Rápido,Alta,Buena,Alta
Architecture,False,Colosseum,"Taj Mahal, Colosseum",36-45,Media(5-7h),Alto,Rápido,Media,Buena,Alta
"Architecture, Art",False,Great Wall of China,Machu Picchu,18-25,Corta(1-4h),Medio,Rápido,Media,Excelente,Media
Nature,False,Eiffel Tower,"Taj Mahal, Eiffel Tower, Great Wall of China",56+,Corta(1-4h),Alto,Lento,Media,Buena,Alta
"History, Art, Nature",True,Eiffel Tower,"Taj Mahal, Machu Picchu",26-35,Media(5-7h),Alto,Lento,Alta,Buena,Alta
"History, Cultural, Architecture",True,Colosseum,"Eiffel Tower, Colosseum",56+,Corta(1-4h),Medio,Rápido,Media,Buena,Media
"History, Cultural",False,Taj Mahal,"Machu Picchu, Colosseum, Eiffel Tower",26-35,Corta(1-4h),Medio,Lento,Media,Excelente,Media
"Nature, History",True,Machu Picchu,"Taj Mahal, Great Wall of China",26-35,Larga(8-10h),Medio,Lento,Alta,Excelente,Media
"Cultural, Architecture",True,Eiffel Tower,"Eiffel Tower, Taj Mahal, Great Wall of China",46-55,Media(5-7h),Alto,Normal,Alta,Excelente,Alta
Architecture,True,Machu Picchu,"Machu Picchu, Colosseum, Eiffel Tower",26-35,Media(5-7h),Alto,Lento,Media,Excelente,Alta
"Art, Nature, Cultural",False,Great Wall of China,Great Wall of China,18-25,Media(5-7h),Medio,Lento,Media,Excelente,Media
"History, Art",False,Taj Mahal,"Taj Mahal, Great Wall of China, Machu Picchu",56+,Media(5-7h),Alto,Lento,Media,Excelente,Alta
"Architecture, Art, Cultural",True,Machu Picchu,Machu Picchu,46-55,Corta(1-4h),Alto,Normal,Alta,Buena,Alta
History,False,Eiffel Tower,Taj Mahal,56+,Corta(1-4h),Medio,Normal,Media,Buena,Media
"History, Architecture",False,Machu Picchu,"Taj Mahal, Eiffel Tower, Machu Picchu",56+,Larga(8-10h),Alto,Normal,Media,Buena,Alta
Architecture,False,Colosseum,Great Wall of China,18-25,Corta(1-4h),Bajo,Rápido,Alta,Buena,Media
Art,True,Machu Picchu,"Great Wall of China, Colosseum, Machu Picchu",56+,Media(5-7h),Medio,Rápido,Media,Excelente,Media
"Architecture, Nature, History",True,Colosseum,"Great Wall of China, Taj Mahal, Eiffel Tower",56+,Corta(1-4h),Medio,Lento,Media,Buena,Alta
"Architecture, Cultural, Art",True,Great Wall of China,Taj Mahal,46-55,Larga(8-10h),Medio,Rápido,Media,Excelente,Media
Art,True,Colosseum,Colosseum,56+,Corta(1-4h),Bajo,Rápido,Media,Buena,Media
"Cultural, Nature",True,Taj Mahal,"Great Wall of China, Eiffel Tower",36-45,Larga(8-10h),Bajo,Rápido,Media,Buena,Media
Architecture,False,Colosseum,"Taj Mahal, Eiffel Tower",46-55,Media(5-7h),Alto,Normal,Media,Excelente,Alta
"Architecture, Nature, Cultural",False,Taj Mahal,Machu Picchu,56+,Media(5-7h),Medio,Normal,Media,Buena,Media
"Cultural, Nature",False,Machu Picchu,"Eiffel Tower, Machu Picchu, Taj Mahal",26-35,Corta(1-4h),Medio,Rápido,Alta,Buena,Media
Architecture,True,Machu Picchu,"Great Wall of China, Colosseum",18-25,Corta(1-4h),Bajo,Lento,Alta,Buena,Media
History,True,Great Wall of China,"Great Wall of China, Taj Mahal",36-45,Larga(8-10h),Bajo,Lento,Media,Buena,Media
Art,False,Taj Mahal,"Colosseum, Great Wall of China",26-35,Media(5-7h),Bajo,Normal,Media,Buena,Media
"Cultural, Architecture, History",True,Eiffel Tower,"Colosseum, Great Wall of China, Machu Picchu",56+,Corta(1-4h),Alto,Normal,Media,Buena,Alta
"Art, Cultural, Architecture",False,Taj Mahal,"Machu Picchu, Eiffel Tower",36-45,Larga(8-10h),Alto,Lento,Media,Buena,Alta
Architecture,False,Taj Mahal,Eiffel Tower,56+,Media(5-7h),Bajo,Rápido,Alta,Excelente,Media
Nature,True,Great Wall of China,"Great Wall of China, Eiffel Tower",46-55,Media(5-7h),Medio,Lento,Media,Excelente,Media
"Cultural, History",False,Eiffel Tower,"Taj Mahal, Colosseum",36-45,Media(5-7h),Medio,Normal,Media,Buena,Media
"Architecture, Cultural",True,Eiffel Tower,"Taj Mahal, Eiffel Tower",18-25,Media(5-7h),Alto,Rápido,Alta,Buena,Alta
Cultural,True,Eiffel Tower,Great Wall of China,36-45,Media(5-7h),Alto,Lento,Alta,Buena,Alta
"Nature, Art",True,Taj Mahal,"Eiffel Tower, Colosseum",36-45,Media(5-7h),Medio,Normal,Media,Buena,Media
"Cultural, Art, Architecture",True,Colosseum,"Taj Mahal, Great Wall of China, Machu Picchu",46-55,Corta(1-4h),Alto,Rápido,Media,Excelente,Alta
Art,True,Eiffel Tower,"Taj Mahal, Colosseum, Machu Picchu",56+,Media(5-7h),Alto,Normal,Media,Excelente,Alta
Architecture,True,Eiffel Tower,"Great Wall of China, Taj Mahal, Eiffel Tower",56+,Larga(8-10h),Medio,Normal,Media,Excelente,Media
"Art, History, Nature",True,Great Wall of China,"Eiffel Tower, Colosseum, Taj Mahal",56+,Corta(1-4h),Medio,Normal,Media,Excelente,Media
Nature,True,Eiffel Tower,Colosseum,56+,Corta(1-4h),Bajo,Lento,Media,Excelente,Media
Architecture,False,Eiffel Tower,"Taj Mahal, Eiffel Tower, Machu Picchu",46-55,Media(5-7h),Alto,Rápido,Media,Buena,Alta
"Nature, Architecture, Art",True,Great Wall of China,"Machu Picchu, Taj Mahal, Great Wall of China",56+,Media(5-7h),Alto,Normal,Media,Buena,Alta
"Cultural, History, Architecture",False,Machu Picchu,Machu Picchu,56+,Media(5-7h),Alto,Normal,Media,Buena,Alta
"Nature, Cultural",False,Machu Picchu,"Colosseum, Machu Picchu, Great Wall of China",56+,Corta(1-4h),Alto,Lento,Media,Buena,Alta
Architecture,True,Machu Picchu,"Eiffel Tower, Great Wall of China",26-35,Corta(1-4h),Medio,Lento,Media,Buena,Media
Nature,True,Taj Mahal,Great Wall of China,56+,Media(5-7h),Alto,Lento,Media,Excelente,Alta
"Nature, Art, Cultural",False,Machu Picchu,"Eiffel Tower, Great Wall of China, Colosseum",36-45,Media(5-7h),Alto,Lento,Alta,Excelente,Alta
"Cultural, Art, Architecture",False,Great Wall of China,"Great Wall of China, Machu Picchu, Colosseum",56+,Media(5-7h),Medio,Normal,Alta,Buena,Media
"History, Architecture, Nature",True,Eiffel Tower,"Eiffel Tower, Colosseum, Taj Mahal",18-25,Media(5-7h),Alto,Lento,Alta,Excelente,Alta
"Architecture, Cultural, Art",False,Eiffel Tower,"Great Wall of China, Taj Mahal, Colosseum",36-45,Media(5-7h),Medio,Rápido,Media,Excelente,Media
History,False,Taj Mahal,Colosseum,18-25,Media(5-7h),Alto,Rápido,Media,Excelente,Alta
"Architecture, Nature, History",True,Eiffel Tower,Machu Picchu,18-25,Corta(1-4h),Alto,Rápido,Alta,Buena,Alta
Cultural,False,Eiffel Tower,"Colosseum, Great Wall of China, Taj Mahal",56+,Media(5-7h),Alto,Lento,Media,Excelente,Alta
"Nature, History, Art",False,Machu Picchu,"Machu Picchu, Taj Mahal, Eiffel Tower",26-35,Media(5-7h),Alto,Rápido,Media,Excelente,Alta
"Architecture, Cultural",False,Machu Picchu,"Taj Mahal, Great Wall of China",26-35,Corta(1-4h),Medio,Rápido,Media,Excelente,Media
"Art, Architecture",False,Machu Picchu,"Machu Picchu, Great Wall of China",26-35,Media(5-7h),Bajo,Rápido,Alta,Excelente,Media
Nature,True,Taj Mahal,"Eiffel Tower, Taj Mahal, Machu Picchu",46-55,Media(5-7h),Bajo,Normal,Alta,Buena,Media
"Art, Cultural",True,Great Wall of China,Eiffel Tower,56+,Media(5-7h),Medio,Rápido,Media,Buena,Media
"Nature, Architecture",True,Taj Mahal,Machu Picchu,36-45,Media(5-7h),Alto,Rápido,Media,Buena,Alta
"Art, Cultural",False,Eiffel Tower,Machu Picchu,26-35,Corta(1-4h),Alto,Rápido,Media,Buena,Alta
"History, Architecture",True,Taj Mahal,"Great Wall of China, Colosseum",36-45,Larga(8-10h),Alto,Lento,Alta,Excelente,Alta
"Architecture, History",True,Machu Picchu,Eiffel Tower,56+,Media(5-7h),Medio,Normal,Baja,Excelente,Alta
"Nature, History, Architecture",True,Great Wall of China,"Eiffel Tower, Taj Mahal, Great Wall of China",26-35,Corta(1-4h),Bajo,Lento,Media,Buena,Media
Art,True,Eiffel Tower,Great Wall of China,56+,Corta(1-4h),Medio,Rápido,Media,Buena,Media
Architecture,True,Machu Picchu,Eiffel Tower,46-55,Corta(1-4h),Alto,Lento,Alta,Buena,Alta
Architecture,False,Great Wall of China,"Colosseum, Taj Mahal, Machu Picchu",46-55,Media(5-7h),Alto,Lento,Media,Buena,Alta
"Cultural, Art, Nature",False,Colosseum,"Eiffel Tower, Colosseum, Machu Picchu",56+,Media(5-7h),Medio,Lento,Media,Buena,Media
Art,False,Great Wall of China,Machu Picchu,36-45,Corta(1-4h),Medio,Normal,Media,Buena,Media
"Art, Architecture, History",False,Colosseum,"Machu Picchu, Colosseum",36-45,Media(5-7h),Bajo,Normal,Media,Buena,Media
Art,True,Taj Mahal,"Machu Picchu, Eiffel Tower, Colosseum",26-35,Media(5-7h),Alto,Lento,Media,Buena,Alta
"Cultural, Architecture, Nature",True,Taj Mahal,"Taj Mahal, Great Wall of China, Eiffel Tower",56+,Larga(8-10h),Medio,Lento,Media,Excelente,Media
"Art, Cultural, History",False,Machu Picchu,"Great Wall of China, Taj Mahal",18-25,Media(5-7h),Medio,Rápido,Alta,Buena,Alta
Cultural,True,Great Wall of China,"Great Wall of China, Colosseum, Machu Picchu",36-45,Media(5-7h),Alto,Lento,Alta,Buena,Alta
"Cultural, Architecture",False,Taj Mahal,"Eiffel Tower, Colosseum, Machu Picchu",46-55,Larga(8-10h),Medio,Normal,Media,Excelente,Media
"Art, Architecture, Cultural",False,Eiffel Tower,"Machu Picchu, Great Wall of China",26-35,Corta(1-4h),Bajo,Rápido,Media,Buena,Media
History,True,Colosseum,"Taj Mahal, Eiffel Tower",26-35,Larga(8-10h),Medio,Normal,Alta,Buena,Media
"Art, History, Nature",False,Taj Mahal,Eiffel Tower,56+,Corta(1-4h),Medio,Normal,Media,Excelente,Media
Nature,False,Machu Picchu,"Eiffel Tower, Colosseum",26-35,Media(5-7h),Bajo,Rápido,Media,Buena,Media
History,True,Colosseum,"Taj Mahal, Colosseum, Machu Picchu",46-55,Media(5-7h),Alto,Lento,Media,Buena,Alta
Cultural,True,Taj Mahal,"Colosseum, Great Wall of China, Eiffel Tower",46-55,Corta(1-4h),Bajo,Lento,Media,Excelente,Media
"Architecture, Art",True,Great Wall of China,Taj Mahal,46-55,Media(5-7h),Alto,Lento,Alta,Excelente,Alta
"Art, Nature, Architecture",True,Great Wall of China,"Taj Mahal, Great Wall of China",46-55,Media(5-7h),Bajo,Lento,Alta,Excelente,Media
"Cultural, Architecture",False,Machu Picchu,Eiffel Tower,56+,Media(5-7h),Alto,Rápido,Baja,Excelente,Alta
Cultural,True,Taj Mahal,Machu Picchu,36-45,Media(5-7h),Alto,Rápido,Media,Excelente,Alta
"Art, Cultural, History",False,Eiffel Tower,"Colosseum, Great Wall of China, Taj Mahal",36-45,Media(5-7h),Medio,Normal,Media,Excelente,Media
"Nature, Cultural, Art",True,Colosseum,Colosseum,36-45,Media(5-7h),Alto,Normal,Alta,Excelente,Alta
"Art, History, Architecture",False,Taj Mahal,"Eiffel Tower, Machu Picchu, Great Wall of China",56+,Corta(1-4h),Medio,Normal,Media,Excelente,Media
"Cultural, Nature, Architecture",True,Machu Picchu,Machu Picchu,56+,Larga(8-10h),Medio,Lento,Media,Excelente,Media
"History, Nature, Cultural",False,Taj Mahal,"Great Wall of China, Machu Picchu",26-35,Media(5-7h),Medio,Normal,Media,Excelente,Alta
"Architecture, Nature",True,Eiffel Tower,"Great Wall of China, Machu Picchu",56+,Larga(8-10h),Medio,Normal,Media,Excelente,Media
"Architecture, History, Cultural",False,Machu Picchu,"Machu Picchu, Colosseum, Great Wall of China",56+,Larga(8-10h),Medio,Normal,Alta,Excelente,Media
"History, Nature, Cultural",True,Machu Picchu,"Great Wall of China, Eiffel Tower",36-45,Media(5-7h),Bajo,Normal,Media,Excelente,Media
History,True,Colosseum,Taj Mahal,36-45,Larga(8-10h),Medio,Lento,Media,Excelente,Media
"Cultural, Nature",True,Machu Picchu,"Eiffel Tower, Taj Mahal, Colosseum",46-55,Larga(8-10h),Bajo,Normal,Media,Buena,Media
"Cultural, Architecture",False,Eiffel Tower,Machu Picchu,26-35,Media(5-7h),Bajo,Normal,Alta,Excelente,Media
Nature,True,Machu Picchu,"Great Wall of China, Colosseum",56+,Media(5-7h),Medio,Normal,Media,Excelente,Alta
"Architecture, Art",False,Eiffel Tower,Machu Picchu,46-55,Corta(1-4h),Medio,Normal,Alta,Regular,Media
History,False,Taj Mahal,"Machu Picchu, Great Wall of China",36-45,Media(5-7h),Alto,Lento,Alta,Buena,Alta
"History, Architecture, Cultural",False,Eiffel Tower,"Eiffel Tower, Machu Picchu",56+,Corta(1-4h),Alto,Rápido,Media,Buena,Alta
"History, Nature",True,Machu Picchu,"Eiffel Tower, Colosseum",56+,Media(5-7h),Alto,Rápido,Media,Buena,Alta
"History, Art, Architecture",False,Eiffel Tower,Taj Mahal,18-25,Larga(8-10h),Alto,Normal,Media,Regular,Alta
"Architecture, Art, History",True,Eiffel Tower,"Machu Picchu, Taj Mahal",46-55,Media(5-7h),Medio,Lento,Alta,Excelente,Alta
"Cultural, Architecture, Nature",False,Taj Mahal,"Machu Picchu, Eiffel Tower, Colosseum",18-25,Media(5-7h),Bajo,Lento,Alta,Excelente,Media
"History, Cultural, Architecture",False,Great Wall of China,Colosseum,36-45,Media(5-7h),Bajo,Rápido,Alta,Excelente,Media
"Cultural, Nature, Art",True,Taj Mahal,Machu Picchu,18-25,Media(5-7h),Alto,Lento,Media,Excelente,Alta
Nature,False,Taj Mahal,"Taj Mahal, Eiffel Tower",36-45,Media(5-7h),Medio,Normal,Media,Buena,Media
"Nature, Architecture",False,Machu Picchu,Machu Picchu,36-45,Corta(1-4h),Alto,Normal,Media,Buena,Alta
Art,True,Colosseum,"Taj Mahal, Eiffel Tower, Machu Picchu",56+,Media(5-7h),Alto,Normal,Media,Buena,Alta
History,True,Eiffel Tower,Eiffel Tower,18-25,Media(5-7h),Bajo,Lento,Alta,Buena,Media
"Nature, Cultural, Art",False,Eiffel Tower,Great Wall of China,18-25,Media(5-7h),Alto,Rápido,Media,Excelente,Alta
"Nature, Cultural, Art",True,Eiffel Tower,Machu Picchu,56+,Corta(1-4h),Alto,Normal,Media,Buena,Alta
Art,True,Colosseum,"Taj Mahal, Great Wall of China, Colosseum",36-45,Media(5-7h),Medio,Rápido,Baja,Excelente,Media
Nature,True,Machu Picchu,"Machu Picchu, Eiffel Tower",26-35,Media(5-7h),Bajo,Rápido,Baja,Buena,Media
"Nature, Architecture",True,Taj Mahal,"Machu Picchu, Eiffel Tower",56+,Corta(1-4h),Medio,Lento,Alta,Buena,Media
"Cultural, Nature, History",False,Taj Mahal,Taj Mahal,26-35,Media(5-7h),Alto,Rápido,Media,Buena,Alta
History,False,Great Wall of China,"Eiffel Tower, Colosseum",18-25,Larga(8-10h),Medio,Lento,Media,Buena,Alta
History,False,Machu Picchu,"Machu Picchu, Taj Mahal, Great Wall of China",56+,Larga(8-10h),Medio,Lento,Media,Excelente,Media
"Cultural, Architecture, Art",True,Machu Picchu,"Taj Mahal, Colosseum",36-45,Media(5-7h),Alto,Rápido,Media,Excelente,Alta
History,True,Eiffel Tower,"Machu Picchu, Taj Mahal, Great Wall of China",36-45,Media(5-7h),Medio,Rápido,Media,Excelente,Media
"Cultural, History",False,Colosseum,"Eiffel Tower, Machu Picchu",26-35,Corta(1-4h),Bajo,Normal,Media,Excelente,Media
Art,True,Colosseum,"Great Wall of China, Machu Picchu, Taj Mahal",46-55,Media(5-7h),Medio,Lento,Media,Buena,Media
History,True,Machu Picchu,"Machu Picchu, Colosseum, Eiffel Tower",56+,Corta(1-4h),Medio,Lento,Alta,Excelente,Media
"Nature, Architecture",True,Great Wall of China,"Eiffel Tower, Taj Mahal, Great Wall of China",46-55,Media(5-7h),Alto,Lento,Baja,Excelente,Alta
Nature,True,Taj Mahal,Eiffel Tower,26-35,Corta(1-4h),Medio,Rápido,Alta,Excelente,Media
"Cultural, Nature",True,Colosseum,Taj Mahal,46-55,Media(5-7h),Bajo,Lento,Alta,Buena,Media
Nature,True,Taj Mahal,"Colosseum, Eiffel Tower",36-45,Media(5-7h),Bajo,Lento,Media,Excelente,Media
"Cultural, Art",True,Taj Mahal,Taj Mahal,56+,Media(5-7h),Bajo,Lento,Media,Buena,Media
"Architecture, Nature",True,Colosseum,Taj Mahal,26-35,Larga(8-10h),Alto,Lento,Media,Buena,Alta
Architecture,True,Machu Picchu,Taj Mahal,36-45,Larga(8-10h),Alto,Lento,Alta,Buena,Alta
Architecture,False,Great Wall of China,"Great Wall of China, Taj Mahal, Colosseum",26-35,Corta(1-4h),Medio,Rápido,Media,Excelente,Alta
History,False,Eiffel Tower,"Great Wall of China, Colosseum, Eiffel Tower",46-55,Media(5-7h),Bajo,Rápido,Media,Excelente,Media
"Architecture, Nature",False,Taj Mahal,Taj Mahal,56+,Larga(8-10h),Medio,Lento,Media,Excelente,Media
"Architecture, Nature",True,Taj Mahal,Colosseum,56+,Media(5-7h),Bajo,Lento,Media,Excelente,Media
Nature,False,Eiffel Tower,"Machu Picchu, Taj Mahal",36-45,Corta(1-4h),Medio,Lento,Media,Excelente,Media
"History, Art",False,Eiffel Tower,"Great Wall of China, Eiffel Tower, Taj Mahal",46-55,Media(5-7h),Alto,Rápido,Media,Excelente,Alta
"History, Cultural",False,Colosseum,"Colosseum, Taj Mahal",56+,Larga(8-10h),Alto,Lento,Alta,Buena,Alta
"Nature, Cultural, History",False,Machu Picchu,"Eiffel Tower, Colosseum, Great Wall of China",26-35,Larga(8-10h),Bajo,Normal,Media,Buena,Media
"Architecture, Art, Nature",False,Machu Picchu,Machu Picchu,56+,Media(5-7h),Medio,Normal,Media,Buena,Media
"History, Nature",False,Eiffel Tower,"Machu Picchu, Taj Mahal, Great Wall of China",56+,Media(5-7h),Alto,Lento,Media,Buena,Alta
Cultural,False,Machu Picchu,"Eiffel Tower, Great Wall of China",26-35,Corta(1-4h),Medio,Normal,Media,Buena,Media
"Nature, Cultural",False,Great Wall of China,Great Wall of China,36-45,Media(5-7h),Alto,Normal,Baja,Regular,Alta
Art,False,Taj Mahal,"Colosseum, Taj Mahal, Machu Picchu",26-35,Corta(1-4h),Alto,Rápido,Alta,Excelente,Alta
Cultural,True,Great Wall of China,Taj Mahal,56+,Corta(1-4h),Alto,Normal,Media,Excelente,Alta
"Cultural, History",False,Taj Mahal,"Taj Mahal, Eiffel Tower",36-45,Media(5-7h),Medio,Lento,Alta,Excelente,Media
"Architecture, Cultural, History",True,Machu Picchu,"Eiffel Tower, Great Wall of China",46-55,Media(5-7h),Alto,Normal,Alta,Excelente,Alta
"Architecture, History",False,Eiffel Tower,Eiffel Tower,36-45,Larga(8-10h),Medio,Lento,Media,Excelente,Media
"Architecture, Nature",True,Machu Picchu,Colosseum,36-45,Corta(1-4h),Bajo,Normal,Alta,Buena,Media
"Cultural, Nature",False,Great Wall of China,"Great Wall of China, Taj Mahal, Eiffel Tower",36-45,Media(5-7h),Medio,Rápido,Media,Buena,Media
"Art, Nature",False,Machu Picchu,"Taj Mahal, Great Wall of China, Colosseum",56+,Corta(1-4h),Alto,Normal,Alta,Buena,Alta
"Art, Architecture",False,Colosseum,Taj Mahal,26-35,Media(5-7h),Bajo,Lento,Media,Regular,Media
Art,True,Machu Picchu,Machu Picchu,56+,Media(5-7h),Bajo,Lento,Alta,Excelente,Media
"Cultural, Architecture",False,Taj Mahal,"Colosseum, Eiffel Tower",18-25,Corta(1-4h),Bajo,Rápido,Alta,Excelente,Media
"Architecture, Art, History",True,Taj Mahal,"Machu Picchu, Great Wall of China",36-45,Larga(8-10h),Alto,Normal,Media,Excelente,Alta
"Art, Nature",True,Great Wall of China,Eiffel Tower,56+,Corta(1-4h),Alto,Normal,Media,Buena,Alta
"Cultural, Architecture",True,Machu Picchu,"Colosseum, Eiffel Tower, Taj Mahal",18-25,Media(5-7h),Bajo,Rápido,Media,Excelente,Media
"Nature, Architecture",True,Machu Picchu,Great Wall of China,36-45,Media(5-7h),Medio,Normal,Baja,Buena,Alta
"Architecture, Art, Nature",True,Machu Picchu,"Colosseum, Machu Picchu, Taj Mahal",18-25,Corta(1-4h),Alto,Normal,Alta,Buena,Alta
Art,False,Taj Mahal,"Eiffel Tower, Taj Mahal",46-55,Media(5-7h),Alto,Rápido,Alta,Buena,Alta
"Architecture, Art",False,Machu Picchu,Eiffel Tower,36-45,Media(5-7h),Medio,Normal,Media,Excelente,Media
"Art, History",True,Colosseum,"Colosseum, Taj Mahal, Machu Picchu",56+,Larga(8-10h),Bajo,Lento,Alta,Buena,Media
"Cultural, History",True,Taj Mahal,"Machu Picchu, Colosseum, Eiffel Tower",26-35,Larga(8-10h),Medio,Rápido,Media,Buena,Media
Cultural,True,Great Wall of China,"Eiffel Tower, Taj Mahal",56+,Larga(8-10h),Medio,Rápido,Alta,Buena,Media
Nature,True,Great Wall of China,Colosseum,56+,Corta(1-4h),Medio,Lento,Media,Buena,Media
"Architecture, Nature",True,Colosseum,"Taj Mahal, Great Wall of China, Eiffel Tower",46-55,Corta(1-4h),Alto,Rápido,Media,Excelente,Alta
"Architecture, History, Nature",True,Colosseum,"Eiffel Tower, Machu Picchu",26-35,Media(5-7h),Medio,Lento,Alta,Buena,Media
Art,True,Great Wall of China,"Machu Picchu, Eiffel Tower, Colosseum",26-35,Corta(1-4h),Medio,Rápido,Media,Buena,Media
History,False,Taj Mahal,"Taj Mahal, Machu Picchu, Great Wall of China",26-35,Media(5-7h),Medio,Lento,Alta,Regular,Media
"Nature, History, Architecture",True,Machu Picchu,"Colosseum, Machu Picchu",18-25,Media(5-7h),Medio,Lento,Media,Excelente,Media
Art,True,Colosseum,"Taj Mahal, Eiffel Tower",56+,Larga(8-10h),Bajo,Rápido,Alta,Excelente,Media
"Art, Cultural",True,Great Wall of China,Eiffel Tower,56+,Corta(1-4h),Medio,Lento,Media,Excelente,Alta
"Nature, Art, History",True,Colosseum,"Eiffel Tower, Machu Picchu, Great Wall of China",56+,Media(5-7h),Bajo,Rápido,Media,Buena,Media
Cultural,False,Great Wall of China,Colosseum,18-25,Media(5-7h),Bajo,Lento,Media,Excelente,Media
"Cultural, Architecture, Art",False,Great Wall of China,"Colosseum, Machu Picchu",26-35,Corta(1-4h),Medio,Lento,Media,Buena,Media
Nature,True,Machu Picchu,"Eiffel Tower, Colosseum, Great Wall of China",26-35,Corta(1-4h),Bajo,Normal,Media,Buena,Media
"Art, Nature, History",True,Taj Mahal,Great Wall of China,26-35,Corta(1-4h),Medio,Rápido,Media,Buena,Media
"Art, Cultural",False,Machu Picchu,Eiffel Tower,26-35,Media(5-7h),Medio,Rápido,Baja,Excelente,Media
Cultural,True,Machu Picchu,"Eiffel Tower, Great Wall of China",46-55,Larga(8-10h),Alto,Normal,Media,Excelente,Alta
"Architecture, Cultural",False,Great Wall of China,Machu Picchu,46-55,Media(5-7h),Alto,Rápido,Alta,Buena,Alta
"Nature, Art, Cultural",True,Colosseum,Eiffel Tower,26-35,Media(5-7h),Bajo,Lento,Alta,Regular,Media
"Architecture, Cultural",False,Eiffel Tower,"Taj Mahal, Colosseum, Eiffel Tower",26-35,Corta(1-4h),Alto,Rápido,Media,Regular,Alta
"History, Cultural",True,Eiffel Tower,Machu Picchu,26-35,Media(5-7h),Bajo,Normal,Media,Excelente,Media
Architecture,False,Taj Mahal,"Great Wall of China, Colosseum, Taj Mahal",46-55,Corta(1-4h),Medio,Lento,Alta,Excelente,Media
"Nature, Art, Cultural",True,Eiffel Tower,"Taj Mahal, Machu Picchu",36-45,Media(5-7h),Alto,Rápido,Media,Excelente,Alta
History,False,Great Wall of China,"Taj Mahal, Great Wall of China",18-25,Media(5-7h),Bajo,Normal,Alta,Excelente,Media
"Nature, Architecture, History",False,Eiffel Tower,"Machu Picchu, Colosseum",56+,Corta(1-4h),Bajo,Lento,Media,Excelente,Media
"Architecture, History, Nature",False,Taj Mahal,Eiffel Tower,36-45,Corta(1-4h),Medio,Normal,Media,Buena,Media
"Architecture, Cultural",False,Great Wall of China,"Taj Mahal, Colosseum",36-45,Media(5-7h),Medio,Normal,Media,Buena,Media
"Architecture, Cultural",False,Colosseum,"Eiffel Tower, Colosseum, Machu Picchu",36-45,Corta(1-4h),Alto,Lento,Alta,Excelente,Alta
History,False,Machu Picchu,Colosseum,26-35,Corta(1-4h),Alto,Normal,Media,Excelente,Alta
Architecture,True,Colosseum,"Great Wall of China, Eiffel Tower, Colosseum",26-35,Larga(8-10h),Alto,Normal,Media,Buena,Alta
"Architecture, Cultural, Art",False,Eiffel Tower,"Eiffel Tower, Machu Picchu",56+,Media(5-7h),Medio,Normal,Media,Excelente,Media
"Nature, Architecture, Art",False,Great Wall of China,"Machu Picchu, Eiffel Tower",36-45,Larga(8-10h),Alto,Lento,Media,Buena,Alta
"History, Cultural, Architecture",True,Great Wall of China,Great Wall of China,56+,Corta(1-4h),Bajo,Normal,Alta,Buena,Media
"Art, History",False,Taj Mahal,"Eiffel Tower, Machu Picchu, Taj Mahal",56+,Media(5-7h),Bajo,Lento,Media,Regular,Media
History,True,Machu Picchu,"Great Wall of China, Eiffel Tower, Taj Mahal",36-45,Larga(8-10h),Bajo,Normal,Alta,Buena,Media
"Art, Architecture",False,Machu Picchu,"Great Wall of China, Taj Mahal",36-45,Media(5-7h),Alto,Normal,Media,Excelente,Alta
Cultural,False,Machu Picchu,Colosseum,36-45,Corta(1-4h),Alto,Normal,Media,Buena,Alta
"Architecture, Nature, Cultural",True,Colosseum,"Colosseum, Eiffel Tower, Machu Picchu",56+,Media(5-7h),Medio,Normal,Media,Buena,Media
"History, Art, Nature",False,Machu Picchu,Colosseum,18-25,Larga(8-10h),Medio,Lento,Media,Buena,Media
Nature,True,Eiffel Tower,Great Wall of China,56+,Corta(1-4h),Alto,Normal,Alta,Regular,Alta
"Cultural, History, Nature",False,Colosseum,"Taj Mahal, Machu Picchu, Great Wall of China",26-35,Media(5-7h),Bajo,Normal,Media,Buena,Media
"Architecture, Nature, Cultural",True,Machu Picchu,"Colosseum, Eiffel Tower, Taj Mahal",56+,Media(5-7h),Medio,Normal,Media,Excelente,Media
"Cultural, Nature, Architecture",True,Taj Mahal,Taj Mahal,56+,Larga(8-10h),Alto,Rápido,Media,Buena,Alta
"Nature, Architecture, Cultural",False,Machu Picchu,Great Wall of China,26-35,Corta(1-4h),Bajo,Normal,Media,Buena,Media
"Art, Architecture",True,Great Wall of China,"Great Wall of China, Eiffel Tower, Taj Mahal",56+,Corta(1-4h),Medio,Lento,Alta,Buena,Media
"Nature, Art",True,Taj Mahal,Machu Picchu,56+,Corta(1-4h),Alto,Lento,Media,Excelente,Alta
History,False,Taj Mahal,Eiffel Tower,56+,Corta(1-4h),Bajo,Rápido,Alta,Buena,Media
Cultural,True,Great Wall of China,Eiffel Tower,56+,Media(5-7h),Bajo,Lento,Alta,Buena,Media
Art,False,Colosseum,Machu Picchu,18-25,Media(5-7h),Bajo,Lento,Media,Buena,Media
"Cultural, Art, Architecture",True,Colosseum,Great Wall of China,36-45,Media(5-7h),Medio,Normal,Media,Regular,Media
Cultural,True,Eiffel Tower,Great Wall of China,56+,Corta(1-4h),Bajo,Lento,Alta,Excelente,Media
"Architecture, Cultural, History",False,Eiffel Tower,"Machu Picchu, Colosseum",46-55,Corta(1-4h),Alto,Lento,Media,Excelente,Alta
"Architecture, Cultural, Nature",False,Taj Mahal,"Taj Mahal, Machu Picchu",56+,Corta(1-4h),Bajo,Normal,Baja,Buena,Media
"History, Art",False,Eiffel Tower,"Taj Mahal, Great Wall of China, Machu Picchu",36-45,Larga(8-10h),Bajo,Lento,Media,Excelente,Media
"Cultural, Nature",False,Machu Picchu,Eiffel Tower,26-35,Larga(8-10h),Bajo,Lento,Alta,Buena,Media
"History, Architecture, Art",True,Great Wall of China,Machu Picchu,26-35,Media(5-7h),Alto,Normal,Media,Excelente,Alta
Nature,True,Eiffel Tower,"Great Wall of China, Taj Mahal, Eiffel Tower",56+,Larga(8-10h),Medio,Rápido,Alta,Buena,Media
"Art, Nature",False,Great Wall of China,Taj Mahal,46-55,Media(5-7h),Alto,Rápido,Media,Buena,Alta
"Cultural, Nature",False,Great Wall of China,"Taj Mahal, Colosseum",18-25,Media(5-7h),Medio,Lento,Media,Excelente,Alta
Nature,False,Eiffel Tower,"Eiffel Tower, Great Wall of China",26-35,Corta(1-4h),Bajo,Lento,Media,Buena,Media
"Cultural, Architecture",False,Great Wall of China,Eiffel Tower,26-35,Larga(8-10h),Bajo,Lento,Media,Excelente,Media
Nature,False,Eiffel Tower,"Eiffel Tower, Great Wall of China",56+,Corta(1-4h),Bajo,Rápido,Media,Buena,Media
"Nature, Art, Architecture",False,Great Wall of China,"Taj Mahal, Eiffel Tower",46-55,Corta(1-4h),Medio,Normal,Media,Excelente,Media
Art,False,Eiffel Tower,"Taj Mahal, Eiffel Tower, Great Wall of China",36-45,Media(5-7h),Alto,Normal,Media,Excelente,Alta
"Architecture, Cultural",True,Machu Picchu,"Colosseum, Taj Mahal",26-35,Corta(1-4h),Bajo,Lento,Media,Excelente,Media
"Nature, Cultural, Architecture",False,Machu Picchu,"Machu Picchu, Taj Mahal, Eiffel Tower",46-55,Media(5-7h),Bajo,Lento,Alta,Excelente,Media
"Art, Nature",False,Colosseum,"Colosseum, Eiffel Tower",46-55,Larga(8-10h),Alto,Rápido,Media,Buena,Alta
Cultural,False,Great Wall of China,Machu Picchu,36-45,Larga(8-10h),Medio,Lento,Media,Buena,Media
"Cultural, Art, Nature",True,Eiffel Tower,"Eiffel Tower, Great Wall of China",36-45,Larga(8-10h),Alto,Lento,Media,Buena,Alta
"Cultural, Nature, History",False,Machu Picchu,"Great Wall of China, Eiffel Tower, Colosseum",46-55,Larga(8-10h),Medio,Normal,Alta,Regular,Media
"Architecture, Cultural, History",False,Eiffel Tower,"Machu Picchu, Taj Mahal",46-55,Media(5-7h),Alto,Lento,Media,Excelente,Alta
"Nature, Architecture, History",False,Eiffel Tower,"Machu Picchu, Great Wall of China, Eiffel Tower",26-35,Media(5-7h),Medio,Rápido,Alta,Excelente,Media
"Art, Cultural, History",True,Taj Mahal,Machu Picchu,56+,Corta(1-4h),Medio,Lento,Alta,Excelente,Media
Nature,False,Taj Mahal,"Machu Picchu, Colosseum, Taj Mahal",18-25,Corta(1-4h),Medio,Lento,Media,Buena,Media
Nature,False,Machu Picchu,"Taj Mahal, Machu Picchu",56+,Corta(1-4h),Medio,Lento,Media,Buena,Media
"History, Nature, Cultural",False,Taj Mahal,Great Wall of China,26-35,Media(5-7h),Medio,Lento,Media,Excelente,Media
Nature,False,Colosseum,"Machu Picchu, Taj Mahal",36-45,Larga(8-10h),Alto,Normal,Media,Excelente,Alta
"History, Nature",True,Taj Mahal,Machu Picchu,26-35,Media(5-7h),Bajo,Lento,Alta,Buena,Media
"Architecture, History, Art",True,Taj Mahal,"Machu Picchu, Colosseum",18-25,Media(5-7h),Medio,Rápido,Media,Buena,Media
"Architecture, Art",False,Machu Picchu,"Eiffel Tower, Great Wall of China, Taj Mahal",56+,Media(5-7h),Medio,Lento,Media,Regular,Media
History,False,Taj Mahal,"Eiffel Tower, Great Wall of China",18-25,Corta(1-4h),Medio,Rápido,Media,Excelente,Media
"Art, Architecture, Cultural",False,Colosseum,"Taj Mahal, Great Wall of China, Machu Picchu",26-35,Media(5-7h),Bajo,Lento,Alta,Buena,Media
"Art, Nature",False,Great Wall of China,"Taj Mahal, Colosseum, Machu Picchu",26-35,Larga(8-10h),Bajo,Lento,Alta,Buena,Media
"History, Art, Cultural",False,Taj Mahal,"Eiffel Tower, Great Wall of China, Machu Picchu",26-35,Corta(1-4h),Alto,Rápido,Media,Excelente,Alta
"Architecture, Cultural",True,Taj Mahal,"Eiffel Tower, Colosseum, Great Wall of China",26-35,Media(5-7h),Bajo,Rápido,Media,Excelente,Media
"Architecture, Cultural",False,Colosseum,"Machu Picchu, Colosseum",46-55,Media(5-7h),Medio,Rápido,Media,Excelente,Media
"Art, Nature",False,Taj Mahal,"Great Wall of China, Colosseum",26-35,Media(5-7h),Bajo,Normal,Media,Buena,Media
Nature,False,Machu Picchu,Eiffel Tower,46-55,Corta(1-4h),Medio,Normal,Alta,Excelente,Alta
"Cultural, Art, Nature",True,Machu Picchu,"Colosseum, Eiffel Tower, Machu Picchu",36-45,Larga(8-10h),Alto,Rápido,Media,Excelente,Alta
"Architecture, Nature",False,Great Wall of China,Great Wall of China,36-45,Media(5-7h),Medio,Lento,Media,Buena,Media
"Art, Architecture",True,Eiffel Tower,"Eiffel Tower, Taj Mahal, Great Wall of China",26-35,Corta(1-4h),Medio,Normal,Alta,Excelente,Media
"History, Nature, Cultural",True,Colosseum,Eiffel Tower,26-35,Corta(1-4h),Alto,Lento,Media,Buena,Alta
"Nature, Cultural, Art",True,Taj Mahal,Taj Mahal,46-55,Corta(1-4h),Alto,Lento,Media,Excelente,Alta
Nature,False,Machu Picchu,"Great Wall of China, Machu Picchu, Colosseum",46-55,Larga(8-10h),Bajo,Lento,Alta,Buena,Media
"Nature, Architecture",False,Taj Mahal,"Machu Picchu, Eiffel Tower",46-55,Media(5-7h),Medio,Normal,Alta,Excelente,Media
Nature,True,Taj Mahal,"Machu Picchu, Taj Mahal",36-45,Media(5-7h),Bajo,Normal,Alta,Excelente,Media
"Art, History, Architecture",False,Great Wall of China,"Colosseum, Machu Picchu, Great Wall of China",18-25,Corta(1-4h),Alto,Lento,Alta,Buena,Alta
Nature,True,Machu Picchu,"Great Wall of China, Taj Mahal",18-25,Media(5-7h),Medio,Lento,Alta,Buena,Media
"Nature, History",True,Great Wall of China,"Colosseum, Machu Picchu, Taj Mahal",18-25,Corta(1-4h),Bajo,Normal,Media,Excelente,Media
"Cultural, Art",True,Great Wall of China,"Machu Picchu, Taj Mahal, Eiffel Tower",46-55,Larga(8-10h),Bajo,Normal,Media,Excelente,Media
"Art, History, Architecture",False,Great Wall of China,"Eiffel Tower, Machu Picchu, Colosseum",18-25,Larga(8-10h),Medio,Lento,Media,Excelente,Media
"History, Nature",True,Great Wall of China,Eiffel Tower,26-35,Media(5-7h),Bajo,Rápido,Alta,Buena,Media
"History, Architecture, Art",True,Eiffel Tower,"Colosseum, Eiffel Tower",18-25,Corta(1-4h),Medio,Lento,Alta,Buena,Media
"Architecture, Art",True,Colosseum,"Machu Picchu, Eiffel Tower, Taj Mahal",18-25,Corta(1-4h),Medio,Normal,Media,Buena,Media
Nature,False,Colosseum,Taj Mahal,26-35,Media(5-7h),Alto,Rápido,Media,Excelente,Alta
Art,True,Eiffel Tower,"Colosseum, Great Wall of China",46-55,Larga(8-10h),Medio,Normal,Media,Regular,Media
"Nature, History",False,Colosseum,"Colosseum, Taj Mahal, Machu Picchu",36-45,Larga(8-10h),Alto,Normal,Media,Buena,Alta
Nature,True,Taj Mahal,"Taj Mahal, Great Wall of China, Machu Picchu",36-45,Media(5-7h),Medio,Normal,Media,Buena,Media
"History, Nature",True,Machu Picchu,"Great Wall of China, Colosseum, Taj Mahal",26-35,Media(5-7h),Bajo,Lento,Media,Buena,Media
"Art, Cultural",True,Eiffel Tower,"Taj Mahal, Colosseum",26-35,Media(5-7h),Alto,Lento,Alta,Excelente,Alta
"Cultural, Architecture, Art",False,Eiffel Tower,"Great Wall of China, Eiffel Tower, Machu Picchu",26-35,Media(5-7h),Alto,Lento,Alta,Regular,Alta
"Architecture, History",True,Colosseum,Colosseum,56+,Larga(8-10h),Alto,Rápido,Media,Excelente,Alta
History,True,Taj Mahal,"Taj Mahal, Colosseum, Great Wall of China",26-35,Media(5-7h),Medio,Rápido,Baja,Buena,Media
"History, Nature",False,Great Wall of China,"Machu Picchu, Colosseum, Eiffel Tower",46-55,Corta(1-4h),Medio,Normal,Media,Buena,Media
"Architecture, Nature",False,Taj Mahal,"Great Wall of China, Eiffel Tower, Machu Picchu",36-45,Media(5-7h),Bajo,Normal,Media,Buena,Media
Cultural,True,Great Wall of China,Machu Picchu,46-55,Larga(8-10h),Alto,Lento,Media,Buena,Alta
Cultural,True,Machu Picchu,Taj Mahal,18-25,Corta(1-4h),Medio,Normal,Media,Excelente,Media
"Cultural, Art, Architecture",False,Eiffel Tower,"Taj Mahal, Machu Picchu, Colosseum",26-35,Corta(1-4h),Medio,Lento,Media,Excelente,Media
"Nature, Architecture",False,Colosseum,Great Wall of China,56+,Larga(8-10h),Alto,Normal,Media,Buena,Alta
"Art, History",False,Taj Mahal,"Eiffel Tower, Great Wall of China, Machu Picchu",36-45,Larga(8-10h),Alto,Rápido,Media,Buena,Alta
"Nature, Architecture",False,Eiffel Tower,"Taj Mahal, Great Wall of China, Colosseum",36-45,Larga(8-10h),Alto,Rápido,Media,Buena,Alta
"Architecture, Nature",True,Machu Picchu,"Great Wall of China, Eiffel Tower",56+,Larga(8-10h),Alto,Rápido,Media,Excelente,Alta
"Cultural, History, Nature",False,Taj Mahal,"Colosseum, Taj Mahal",36-45,Corta(1-4h),Medio,Rápido,Media,Excelente,Media
"Art, Architecture",False,Great Wall of China,Colosseum,36-45,Corta(1-4h),Bajo,Rápido,Media,Excelente,Media
"Nature, Architecture, History",True,Eiffel Tower,Taj Mahal,56+,Larga(8-10h),Alto,Lento,Media,Excelente,Alta
"History, Cultural, Art",False,Eiffel Tower,"Colosseum, Taj Mahal, Great Wall of China",56+,Corta(1-4h),Medio,Lento,Alta,Excelente,Media
Art,False,Great Wall of China,"Great Wall of China, Taj Mahal, Machu Picchu",36-45,Media(5-7h),Bajo,Lento,Media,Buena,Media
History,True,Eiffel Tower,"Great Wall of China, Machu Picchu, Taj Mahal",18-25,Media(5-7h),Alto,Lento,Media,Buena,Alta
"Cultural, Architecture, History",True,Great Wall of China,Machu Picchu,36-45,Media(5-7h),Alto,Lento,Media,Buena,Alta
Architecture,False,Taj Mahal,Eiffel Tower,18-25,Media(5-7h),Bajo,Lento,Baja,Excelente,Media
"Nature, Architecture, Art",True,Taj Mahal,"Colosseum, Taj Mahal, Machu Picchu",36-45,Media(5-7h),Alto,Lento,Media,Excelente,Alta
"Architecture, Nature",False,Machu Picchu,"Taj Mahal, Machu Picchu, Great Wall of China",56+,Corta(1-4h),Medio,Lento,Media,Excelente,Media
Architecture,True,Great Wall of China,Great Wall of China,46-55,Media(5-7h),Medio,Normal,Alta,Buena,Media
"History, Nature, Cultural",False,Taj Mahal,"Colosseum, Eiffel Tower, Great Wall of China",46-55,Media(5-7h),Bajo,Rápido,Alta,Buena,Media
"History, Nature, Art",False,Taj Mahal,"Taj Mahal, Colosseum, Machu Picchu",36-45,Media(5-7h),Bajo,Rápido,Media,Excelente,Media
Nature,True,Great Wall of China,"Eiffel Tower, Machu Picchu",26-35,Media(5-7h),Medio,Lento,Media,Buena,Alta
"Art, Cultural",False,Great Wall of China,"Taj Mahal, Machu Picchu, Eiffel Tower",46-55,Media(5-7h),Alto,Lento,Alta,Buena,Alta
"Cultural, Art, Architecture",True,Eiffel Tower,"Taj Mahal, Colosseum",56+,Larga(8-10h),Bajo,Rápido,Media,Regular,Media
"Architecture, History",True,Colosseum,"Great Wall of China, Eiffel Tower, Colosseum",26-35,Larga(8-10h),Alto,Normal,Alta,Excelente,Alta
"Nature, History",True,Taj Mahal,Machu Picchu,56+,Corta(1-4h),Bajo,Lento,Media,Excelente,Media
"Cultural, Art",False,Colosseum,"Taj Mahal, Eiffel Tower, Machu Picchu",46-55,Corta(1-4h),Medio,Lento,Baja,Buena,Media
"Cultural, Architecture",False,Taj Mahal,"Eiffel Tower, Colosseum",46-55,Corta(1-4h),Alto,Normal,Baja,Buena,Alta
"Cultural, Art",True,Machu Picchu,Eiffel Tower,26-35,Corta(1-4h),Medio,Rápido,Media,Buena,Media
History,False,Eiffel Tower,"Machu Picchu, Colosseum",26-35,Media(5-7h),Alto,Normal,Alta,Buena,Alta
"Cultural, Architecture",True,Taj Mahal,"Great Wall of China, Eiffel Tower, Colosseum",36-45,Larga(8-10h),Medio,Rápido,Media,Buena,Media
Art,False,Colosseum,Machu Picchu,36-45,Corta(1-4h),Bajo,Rápido,Media,Buena,Media
Architecture,False,Great Wall of China,"Great Wall of China, Machu Picchu, Colosseum",26-35,Larga(8-10h),Alto,Rápido,Media,Regular,Alta
"History, Architecture",False,Taj Mahal,Taj Mahal,46-55,Media(5-7h),Bajo,Lento,Media,Excelente,Media
"Nature, Art",False,Taj Mahal,"Machu Picchu, Eiffel Tower, Colosseum",46-55,Larga(8-10h),Medio,Lento,Media,Buena,Media
Nature,True,Machu Picchu,Taj Mahal,46-55,Corta(1-4h),Alto,Lento,Alta,Buena,Alta
Cultural,False,Great Wall of China,Great Wall of China,56+,Media(5-7h),Alto,Rápido,Media,Excelente,Alta
Architecture,False,Great Wall of China,"Taj Mahal, Great Wall of China",18-25,Larga(8-10h),Medio,Rápido,Alta,Buena,Media
"Nature, Art",False,Great Wall of China,"Great Wall of China, Colosseum",56+,Media(5-7h),Medio,Lento,Media,Excelente,Media
"History, Architecture",True,Eiffel Tower,"Taj Mahal, Colosseum, Eiffel Tower",56+,Larga(8-10h),Alto,Normal,Alta,Excelente,Alta
"Art, History, Architecture",False,Eiffel Tower,"Great Wall of China, Taj Mahal, Machu Picchu",56+,Corta(1-4h),Bajo,Rápido,Media,Buena,Media
"History, Art, Architecture",False,Machu Picchu,"Great Wall of China, Colosseum, Taj Mahal",56+,Media(5-7h),Bajo,Lento,Media,Buena,Media
Architecture,True,Taj Mahal,"Taj Mahal, Eiffel Tower, Great Wall of China",36-45,Corta(1-4h),Alto,Rápido,Baja,Buena,Alta
"Architecture, History, Cultural",False,Great Wall of China,Great Wall of China,56+,Media(5-7h),Alto,Normal,Alta,Buena,Alta
"History, Architecture, Art",True,Machu Picchu,"Eiffel Tower, Taj Mahal, Machu Picchu",46-55,Larga(8-10h),Medio,Lento,Alta,Excelente,Media
Cultural,True,Machu Picchu,Colosseum,18-25,Media(5-7h),Medio,Lento,Alta,Buena,Media
Cultural,False,Eiffel Tower,Taj Mahal,56+,Larga(8-10h),Bajo,Lento,Media,Buena,Media
"Cultural, Nature, Architecture",False,Colosseum,Taj Mahal,36-45,Corta(1-4h),Medio,Lento,Baja,Buena,Media
"Art, Cultural",True,Taj Mahal,Eiffel Tower,56+,Media(5-7h),Alto,Normal,Media,Excelente,Alta
"Architecture, History",False,Eiffel Tower,"Colosseum, Great Wall of China, Taj Mahal",56+,Larga(8-10h),Alto,Normal,Alta,Excelente,Alta
"Nature, Architecture",False,Eiffel Tower,Eiffel Tower,56+,Larga(8-10h),Medio,Rápido,Media,Excelente,Alta
"Architecture, Cultural",False,Taj Mahal,Taj Mahal,46-55,Media(5-7h),Alto,Normal,Media,Excelente,Alta
"Nature, Architecture, Cultural",True,Eiffel Tower,Taj Mahal,56+,Media(5-7h),Alto,Lento,Media,Buena,Alta
"History, Architecture",True,Machu Picchu,"Eiffel Tower, Taj Mahal, Great Wall of China",26-35,Media(5-7h),Alto,Rápido,Media,Buena,Alta
"Nature, History",False,Great Wall of China,Great Wall of China,56+,Media(5-7h),Alto,Lento,Media,Buena,Alta
History,False,Colosseum,"Eiffel Tower, Taj Mahal, Great Wall of China",36-45,Media(5-7h),Alto,Lento,Media,Regular,Alta
"Nature, Cultural",True,Machu Picchu,"Machu Picchu, Eiffel Tower",46-55,Corta(1-4h),Medio,Normal,Alta,Buena,Media
"Art, Cultural, Architecture",False,Eiffel Tower,"Eiffel Tower, Machu Picchu",46-55,Media(5-7h),Bajo,Lento,Alta,Buena,Media
"History, Art, Cultural",True,Taj Mahal,Great Wall of China,46-55,Corta(1-4h),Alto,Lento,Media,Buena,Alta
"Nature, History, Architecture",False,Taj Mahal,"Colosseum, Taj Mahal",26-35,Media(5-7h),Alto,Normal,Media,Buena,Alta
Cultural,False,Taj Mahal,Great Wall of China,26-35,Media(5-7h),Medio,Lento,Media,Excelente,Media
"History, Art, Architecture",False,Machu Picchu,"Taj Mahal, Great Wall of China",56+,Media(5-7h),Bajo,Lento,Alta,Buena,Media
"History, Nature",True,Colosseum,Taj Mahal,26-35,Media(5-7h),Bajo,Rápido,Alta,Buena,Media
"Art, History, Cultural",False,Eiffel Tower,Taj Mahal,26-35,Corta(1-4h),Bajo,Lento,Alta,Excelente,Media
Art,True,Taj Mahal,"Taj Mahal, Colosseum",36-45,Media(5-7h),Bajo,Normal,Media,Excelente,Media
Nature,False,Great Wall of China,Machu Picchu,18-25,Media(5-7h),Bajo,Normal,Alta,Excelente,Media
"Nature, Art, History",True,Machu Picchu,"Eiffel Tower, Great Wall of China",46-55,Corta(1-4h),Alto,Normal,Media,Excelente,Alta
History,False,Eiffel Tower,"Colosseum, Machu Picchu",18-25,Media(5-7h),Bajo,Lento,Alta,Excelente,Media
"Nature, Architecture",True,Machu Picchu,"Colosseum, Machu Picchu, Great Wall of China",56+,Corta(1-4h),Medio,Lento,Media,Buena,Media
"History, Art",False,Great Wall of China,Great Wall of China,18-25,Media(5-7h),Alto,Normal,Media,Buena,Alta
Architecture,False,Machu Picchu,Colosseum,46-55,Media(5-7h),Alto,Normal,Media,Excelente,Alta
Cultural,True,Colosseum,"Colosseum, Taj Mahal, Great Wall of China",46-55,Media(5-7h),Alto,Normal,Media,Excelente,Alta
History,True,Colosseum,Great Wall of China,26-35,Corta(1-4h),Medio,Lento,Media,Buena,Media
"Cultural, Architecture, Nature",True,Taj Mahal,"Colosseum, Machu Picchu, Taj Mahal",18-25,Media(5-7h),Bajo,Rápido,Alta,Excelente,Media
Cultural,False,Taj Mahal,"Colosseum, Great Wall of China",46-55,Corta(1-4h),Bajo,Rápido,Alta,Buena,Media
"Art, Architecture",False,Eiffel Tower,"Colosseum, Machu Picchu",56+,Media(5-7h),Alto,Lento,Media,Buena,Alta
"Cultural, Architecture, Art",True,Eiffel Tower,"Colosseum, Machu Picchu, Eiffel Tower",56+,Media(5-7h),Medio,Lento,Media,Buena,Media
"Nature, Cultural, History",False,Great Wall of China,"Great Wall of China, Taj Mahal, Eiffel Tower",26-35,Media(5-7h),Medio,Normal,Media,Excelente,Media
"Cultural, Nature",False,Great Wall of China,"Machu Picchu, Colosseum",46-55,Corta(1-4h),Medio,Lento,Media,Excelente,Media
"Architecture, History, Cultural",True,Great Wall of China,"Eiffel Tower, Taj Mahal",26-35,Media(5-7h),Medio,Lento,Media,Regular,Media
"Architecture, Nature, Art",False,Colosseum,"Taj Mahal, Machu Picchu, Colosseum",18-25,Media(5-7h),Medio,Lento,Media,Excelente,Media
"Nature, Architecture, History",True,Colosseum,"Machu Picchu, Taj Mahal",56+,Corta(1-4h),Alto,Lento,Alta,Excelente,Alta
"Art, Architecture",True,Eiffel Tower,"Machu Picchu, Colosseum, Taj Mahal",36-45,Media(5-7h),Bajo,Rápido,Media,Buena,Media
Art,False,Eiffel Tower,"Eiffel Tower, Colosseum",56+,Media(5-7h),Medio,Lento,Media,Excelente,Media
"History, Art",False,Machu Picchu,Colosseum,46-55,Corta(1-4h),Alto,Rápido,Media,Excelente,Alta
"Architecture, Nature, Art",False,Machu Picchu,"Eiffel Tower, Colosseum",46-55,Media(5-7h),Alto,Rápido,Media,Buena,Alta
Nature,True,Eiffel Tower,"Colosseum, Eiffel Tower, Machu Picchu",18-25,Larga(8-10h),Medio,Lento,Baja,Excelente,Media
"Architecture, Art",True,Eiffel Tower,Colosseum,18-25,Media(5-7h),Alto,Normal,Alta,Excelente,Alta
"Nature, Architecture",False,Eiffel Tower,Taj Mahal,56+,Media(5-7h),Alto,Rápido,Media,Buena,Alta
"History, Cultural, Nature",False,Eiffel Tower,"Machu Picchu, Eiffel Tower, Colosseum",56+,Media(5-7h),Alto,Rápido,Media,Buena,Alta
Cultural,False,Great Wall of China,"Taj Mahal, Machu Picchu, Eiffel Tower",26-35,Media(5-7h),Alto,Normal,Alta,Buena,Alta
"History, Cultural",True,Machu Picchu,"Great Wall of China, Taj Mahal",26-35,Media(5-7h),Bajo,Rápido,Alta,Excelente,Media
Nature,True,Taj Mahal,"Taj Mahal, Eiffel Tower, Machu Picchu",26-35,Larga(8-10h),Alto,Lento,Baja,Excelente,Alta
History,True,Machu Picchu,"Great Wall of China, Colosseum, Taj Mahal",18-25,Larga(8-10h),Bajo,Lento,Media,Regular,Media
Architecture,True,Great Wall of China,Taj Mahal,56+,Larga(8-10h),Alto,Lento,Media,Buena,Alta
"History, Cultural",False,Eiffel Tower,"Great Wall of China, Machu Picchu, Eiffel Tower",46-55,Corta(1-4h),Bajo,Rápido,Alta,Buena,Media
Nature,False,Colosseum,"Machu Picchu, Taj Mahal",56+,Media(5-7h),Medio,Normal,Media,Buena,Media
"Cultural, Nature, Art",True,Eiffel Tower,Eiffel Tower,26-35,Corta(1-4h),Medio,Normal,Alta,Buena,Media
"Nature, Architecture",False,Taj Mahal,"Eiffel Tower, Great Wall of China, Colosseum",46-55,Corta(1-4h),Medio,Lento,Alta,Buena,Media
"History, Architecture, Art",True,Machu Picchu,"Taj Mahal, Colosseum",18-25,Corta(1-4h),Alto,Normal,Media,Buena,Alta
"Art, Cultural, Architecture",True,Eiffel Tower,"Machu Picchu, Taj Mahal",46-55,Larga(8-10h),Bajo,Lento,Media,Excelente,Media
"Art, History",False,Great Wall of China,"Eiffel Tower, Machu Picchu",36-45,Corta(1-4h),Alto,Rápido,Media,Buena,Alta
"Architecture, Cultural, Nature",True,Colosseum,"Colosseum, Eiffel Tower",36-45,Media(5-7h),Alto,Lento,Media,Excelente,Alta
"History, Architecture",True,Taj Mahal,"Great Wall of China, Machu Picchu",56+,Media(5-7h),Bajo,Rápido,Media,Excelente,Media
Nature,True,Taj Mahal,Machu Picchu,36-45,Corta(1-4h),Alto,Lento,Media,Buena,Alta
"Cultural, Architecture, History",True,Taj Mahal,"Taj Mahal, Eiffel Tower, Great Wall of China",56+,Media(5-7h),Alto,Normal,Baja,Buena,Alta
"Architecture, Nature",False,Eiffel Tower,"Eiffel Tower, Taj Mahal",18-25,Media(5-7h),Medio,Lento,Alta,Excelente,Media
"Nature, Cultural",True,Great Wall of China,Machu Picchu,26-35,Media(5-7h),Bajo,Rápido,Baja,Buena,Media
"Architecture, Nature",False,Machu Picchu,"Machu Picchu, Great Wall of China, Taj Mahal",26-35,Corta(1-4h),Alto,Rápido,Alta,Buena,Alta
"Nature, Cultural, Architecture",True,Eiffel Tower,"Colosseum, Eiffel Tower",36-45,Media(5-7h),Alto,Normal,Media,Buena,Alta
"Cultural, Nature",True,Colosseum,Colosseum,46-55,Corta(1-4h),Medio,Rápido,Media,Buena,Media
"Nature, Art, Architecture",False,Eiffel Tower,"Colosseum, Machu Picchu",18-25,Corta(1-4h),Medio,Rápido,Media,Excelente,Media
"Architecture, History, Nature",False,Eiffel Tower,"Taj Mahal, Eiffel Tower",26-35,Corta(1-4h),Medio,Normal,Alta,Buena,Media
"Art, Cultural",False,Taj Mahal,"Great Wall of China, Colosseum, Eiffel Tower",18-25,Larga(8-10h),Bajo,Lento,Media,Excelente,Media
"Art, Nature, History",True,Taj Mahal,Colosseum,56+,Media(5-7h),Bajo,Lento,Media,Excelente,Media
"Art, Cultural",False,Machu Picchu,"Colosseum, Machu Picchu",18-25,Larga(8-10h),Alto,Normal,Media,Buena,Alta
"Art, Architecture, Nature",True,Taj Mahal,Taj Mahal,26-35,Corta(1-4h),Medio,Lento,Media,Excelente,Media
"History, Cultural, Nature",False,Colosseum,Colosseum,36-45,Corta(1-4h),Bajo,Lento,Alta,Excelente,Media
"Architecture, Art, Cultural",True,Machu Picchu,Colosseum,36-45,Media(5-7h),Medio,Lento,Media,Excelente,Media
Architecture,True,Great Wall of China,"Colosseum, Great Wall of China",46-55,Larga(8-10h),Alto,Normal,Media,Buena,Alta
Cultural,False,Colosseum,Eiffel Tower,46-55,Larga(8-10h),Alto,Lento,Media,Buena,Alta
"History, Cultural, Architecture",True,Taj Mahal,"Eiffel Tower, Colosseum, Machu Picchu",56+,Media(5-7h),Bajo,Lento,Alta,Excelente,Media
History,True,Machu Picchu,"Taj Mahal, Eiffel Tower",46-55,Corta(1-4h),Alto,Rápido,Alta,Regular,Alta
"Nature, Art",True,Colosseum,Eiffel Tower,46-55,Media(5-7h),Bajo,Lento,Alta,Buena,Media
Nature,False,Great Wall of China,"Taj Mahal, Eiffel Tower, Great Wall of China",26-35,Larga(8-10h),Alto,Normal,Media,Buena,Alta
History,False,Machu Picchu,"Machu Picchu, Great Wall of China",18-25,Corta(1-4h),Alto,Normal,Media,Excelente,Alta
Art,False,Taj Mahal,Taj Mahal,18-25,Corta(1-4h),Alto,Lento,Media,Excelente,Alta
"Nature, History",True,Colosseum,Great Wall of China,56+,Media(5-7h),Alto,Normal,Alta,Regular,Alta
"Nature, Art",True,Machu Picchu,"Eiffel Tower, Great Wall of China",26-35,Media(5-7h),Alto,Rápido,Media,Excelente,Alta
History,False,Great Wall of China,"Eiffel Tower, Machu Picchu",18-25,Corta(1-4h),Medio,Normal,Alta,Excelente,Media
"Cultural, History",True,Eiffel Tower,"Eiffel Tower, Taj Mahal",56+,Corta(1-4h),Medio,Lento,Media,Buena,Media
Nature,True,Colosseum,"Colosseum, Eiffel Tower, Great Wall of China",36-45,Corta(1-4h),Bajo,Normal,Media,Buena,Media
"Architecture, Cultural, History",True,Eiffel Tower,"Colosseum, Taj Mahal",46-55,Media(5-7h),Medio,Lento,Alta,Buena,Media
Art,True,Machu Picchu,"Machu Picchu, Colosseum",46-55,Corta(1-4h),Medio,Rápido,Media,Excelente,Media
"Nature, Architecture, History",True,Taj Mahal,Great Wall of China,36-45,Media(5-7h),Alto,Lento,Alta,Regular,Alta
History,False,Colosseum,"Colosseum, Taj Mahal, Great Wall of China",18-25,Media(5-7h),Medio,Rápido,Media,Excelente,Media
"Art, Architecture",False,Machu Picchu,"Great Wall of China, Taj Mahal, Machu Picchu",18-25,Corta(1-4h),Medio,Lento,Media,Buena,Media
"Cultural, History",True,Taj Mahal,"Great Wall of China, Machu Picchu, Colosseum",18-25,Media(5-7h),Alto,Normal,Media,Buena,Alta
"Art, Cultural",True,Machu Picchu,"Colosseum, Great Wall of China",56+,Corta(1-4h),Alto,Rápido,Alta,Buena,Alta
Architecture,True,Machu Picchu,"Taj Mahal, Colosseum, Eiffel Tower",46-55,Media(5-7h),Medio,Lento,Alta,Buena,Alta
"Architecture, Nature",True,Great Wall of China,Colosseum,26-35,Corta(1-4h),Alto,Lento,Alta,Excelente,Alta
"Art, Nature, History",True,Taj Mahal,Taj Mahal,46-55,Corta(1-4h),Medio,Normal,Media,Excelente,Media
"Nature, Art, Architecture",True,Great Wall of China,Great Wall of China,18-25,Corta(1-4h),Alto,Rápido,Media,Buena,Alta
Cultural,False,Great Wall of China,"Colosseum, Great Wall of China, Machu Picchu",26-35,Media(5-7h),Bajo,Lento,Media,Buena,Media
"Nature, Cultural",False,Colosseum,Eiffel Tower,56+,Corta(1-4h),Medio,Lento,Media,Excelente,Media
"History, Nature, Art",True,Colosseum,"Colosseum, Eiffel Tower, Taj Mahal",46-55,Larga(8-10h),Medio,Normal,Media,Buena,Media
Nature,True,Machu Picchu,Eiffel Tower,26-35,Corta(1-4h),Medio,Rápido,Media,Buena,Media
"Cultural, History",True,Machu Picchu,"Great Wall of China, Machu Picchu",18-25,Larga(8-10h),Alto,Normal,Alta,Excelente,Alta
"Art, Nature",False,Great Wall of China,"Taj Mahal, Great Wall of China, Machu Picchu",18-25,Media(5-7h),Bajo,Normal,Alta,Excelente,Media
"Art, History",False,Eiffel Tower,Eiffel Tower,46-55,Corta(1-4h),Alto,Lento,Media,Buena,Alta
"Architecture, History, Nature",False,Colosseum,"Colosseum, Great Wall of China, Eiffel Tower",56+,Media(5-7h),Alto,Lento,Media,Buena,Alta
"Art, Nature, Architecture",False,Great Wall of China,"Colosseum, Machu Picchu, Great Wall of China",46-55,Media(5-7h),Medio,Normal,Media,Excelente,Media
"Art, Nature",True,Colosseum,Great Wall of China,46-55,Media(5-7h),Alto,Rápido,Baja,Excelente,Alta
Architecture,True,Machu Picchu,Machu Picchu,46-55,Media(5-7h),Bajo,Rápido,Alta,Buena,Media
History,True,Colosseum,Colosseum,18-25,Larga(8-10h),Alto,Lento,Media,Buena,Alta
"Cultural, Architecture, Nature",False,Great Wall of China,"Machu Picchu, Taj Mahal, Eiffel Tower",26-35,Media(5-7h),Alto,Rápido,Media,Buena,Alta
"Nature, Cultural",False,Colosseum,Machu Picchu,56+,Corta(1-4h),Alto,Lento,Media,Excelente,Alta
Nature,True,Great Wall of China,"Colosseum, Great Wall of China, Eiffel Tower",18-25,Corta(1-4h),Medio,Lento,Alta,Buena,Media
"History, Art",True,Eiffel Tower,Colosseum,46-55,Media(5-7h),Bajo,Rápido,Alta,Regular,Media
Nature,True,Machu Picchu,"Machu Picchu, Great Wall of China",56+,Media(5-7h),Bajo,Lento,Media,Regular,Media
"Art, Cultural, History",True,Taj Mahal,"Taj Mahal, Machu Picchu, Eiffel Tower",26-35,Larga(8-10h),Bajo,Lento,Alta,Buena,Media
Cultural,False,Colosseum,"Eiffel Tower, Great Wall of China",46-55,Media(5-7h),Medio,Normal,Media,Excelente,Media
"Cultural, History, Nature",False,Colosseum,Taj Mahal,56+,Media(5-7h),Bajo,Lento,Alta,Buena,Media
"Cultural, Art",True,Eiffel Tower,"Eiffel Tower, Taj Mahal, Machu Picchu",46-55,Media(5-7h),Alto,Rápido,Alta,Buena,Alta
Cultural,True,Taj Mahal,Machu Picchu,36-45,Corta(1-4h),Medio,Lento,Media,Excelente,Alta
"Art, History, Cultural",False,Eiffel Tower,Machu Picchu,18-25,Media(5-7h),Bajo,Rápido,Media,Excelente,Media
"Cultural, Art, History",True,Taj Mahal,Machu Picchu,26-35,Media(5-7h),Medio,Lento,Media,Excelente,Media
Architecture,False,Eiffel Tower,"Eiffel Tower, Taj Mahal, Colosseum",18-25,Corta(1-4h),Medio,Lento,Alta,Excelente,Media
"Art, Architecture",False,Taj Mahal,Machu Picchu,56+,Media(5-7h),Medio,Normal,Media,Excelente,Media
"Nature, Art",False,Taj Mahal,"Colosseum, Machu Picchu, Eiffel Tower",36-45,Corta(1-4h),Bajo,Lento,Alta,Excelente,Media
"Art, History",False,Eiffel Tower,"Eiffel Tower, Taj Mahal",56+,Corta(1-4h),Alto,Normal,Alta,Buena,Alta
"Art, Cultural",True,Great Wall of China,"Colosseum, Great Wall of China",56+,Media(5-7h),Alto,Rápido,Media,Buena,Alta
"Cultural, Architecture, Art",False,Colosseum,Eiffel Tower,18-25,Corta(1-4h),Medio,Normal,Alta,Buena,Media
"Architecture, Cultural, Art",True,Machu Picchu,Eiffel Tower,18-25,Media(5-7h),Alto,Lento,Media,Buena,Alta
"Architecture, History, Art",True,Great Wall of China,"Taj Mahal, Great Wall of China, Eiffel Tower",36-45,Larga(8-10h),Bajo,Rápido,Media,Buena,Media
"Art, Nature, Architecture",False,Great Wall of China,"Machu Picchu, Eiffel Tower, Great Wall of China",56+,Larga(8-10h),Bajo,Normal,Media,Buena,Media
"Cultural, Nature, Architecture",False,Great Wall of China,"Taj Mahal, Machu Picchu",56+,Corta(1-4h),Alto,Rápido,Alta,Buena,Alta
"Architecture, Art",False,Machu Picchu,"Machu Picchu, Great Wall of China, Taj Mahal",56+,Media(5-7h),Alto,Normal,Alta,Excelente,Alta
Art,True,Eiffel Tower,"Taj Mahal, Eiffel Tower, Machu Picchu",26-35,Media(5-7h),Bajo,Normal,Media,Buena,Media
"Architecture, History, Nature",True,Great Wall of China,"Taj Mahal, Eiffel Tower",46-55,Media(5-7h),Bajo,Lento,Media,Excelente,Media
Art,False,Great Wall of China,Eiffel Tower,46-55,Media(5-7h),Medio,Lento,Media,Excelente,Media
Art,False,Taj Mahal,"Colosseum, Taj Mahal, Eiffel Tower",56+,Corta(1-4h),Alto,Lento,Media,Excelente,Alta
"History, Art",True,Taj Mahal,"Taj Mahal, Eiffel Tower, Great Wall of China",56+,Corta(1-4h),Medio,Lento,Media,Excelente,Media
"Art, Cultural",False,Great Wall of China,"Great Wall of China, Machu Picchu, Taj Mahal",26-35,Media(5-7h),Alto,Normal,Media,Buena,Alta
"Nature, Architecture, History",True,Taj Mahal,Great Wall of China,18-25,Media(5-7h),Alto,Normal,Media,Excelente,Alta
Nature,False,Colosseum,Taj Mahal,56+,Media(5-7h),Alto,Rápido,Alta,Buena,Alta
"Nature, Art",False,Colosseum,Colosseum,18-25,Corta(1-4h),Bajo,Lento,Media,Buena,Media
Architecture,True,Colosseum,Machu Picchu,46-55,Corta(1-4h),Bajo,Rápido,Alta,Buena,Media
"Nature, History",True,Eiffel Tower,"Eiffel Tower, Taj Mahal, Machu Picchu",46-55,Media(5-7h),Alto,Lento,Media,Buena,Alta
"History, Nature, Architecture",False,Great Wall of China,"Taj Mahal, Machu Picchu, Eiffel Tower",26-35,Larga(8-10h),Medio,Lento,Media,Buena,Media
"Architecture, History",False,Taj Mahal,Colosseum,46-55,Media(5-7h),Alto,Rápido,Media,Excelente,Alta
"Art, Architecture",False,Taj Mahal,Colosseum,56+,Media(5-7h),Alto,Rápido,Media,Buena,Alta
"Art, Nature",False,Eiffel Tower,"Machu Picchu, Eiffel Tower, Great Wall of China",56+,Media(5-7h),Alto,Lento,Media,Excelente,Alta
Nature,False,Colosseum,"Eiffel Tower, Machu Picchu",36-45,Media(5-7h),Alto,Lento,Media,Buena,Alta
"Cultural, Art, Architecture",True,Great Wall of China,"Colosseum, Eiffel Tower",56+,Media(5-7h),Medio,Rápido,Media,Regular,Media
Art,False,Taj Mahal,Great Wall of China,18-25,Corta(1-4h),Medio,Normal,Media,Buena,Media
"Nature, History, Art",True,Eiffel Tower,"Colosseum, Great Wall of China",46-55,Corta(1-4h),Alto,Lento,Baja,Buena,Alta
"Cultural, History",True,Taj Mahal,"Eiffel Tower, Colosseum, Great Wall of China",46-55,Corta(1-4h),Alto,Lento,Media,Buena,Alta
"Architecture, Cultural, History",True,Machu Picchu,Eiffel Tower,26-35,Media(5-7h),Bajo,Normal,Alta,Regular,Media
"Architecture, Nature, Art",False,Taj Mahal,"Colosseum, Eiffel Tower",56+,Media(5-7h),Medio,Rápido,Media,Excelente,Media
"Architecture, History, Nature",True,Great Wall of China,Colosseum,46-55,Larga(8-10h),Medio,Rápido,Alta,Buena,Media
Architecture,False,Colosseum,Great Wall of China,36-45,Media(5-7h),Alto,Lento,Media,Buena,Alta
"Architecture, Art",False,Taj Mahal,"Great Wall of China, Taj Mahal, Eiffel Tower",18-25,Media(5-7h),Bajo,Lento,Media,Excelente,Media
"Nature, History, Art",False,Eiffel Tower,Great Wall of China,46-55,Media(5-7h),Medio,Lento,Alta,Buena,Alta
"Art, History, Cultural",True,Machu Picchu,"Taj Mahal, Great Wall of China",36-45,Corta(1-4h),Medio,Normal,Media,Buena,Media
"Cultural, History",True,Great Wall of China,Eiffel Tower,36-45,Larga(8-10h),Alto,Rápido,Media,Buena,Alta
"Architecture, Nature, Cultural",False,Machu Picchu,"Taj Mahal, Eiffel Tower, Machu Picchu",56+,Media(5-7h),Medio,Rápido,Media,Excelente,Media
"Cultural, Architecture",False,Eiffel Tower,Taj Mahal,46-55,Media(5-7h),Medio,Lento,Media,Buena,Media
"Art, Nature, History",True,Machu Picchu,Eiffel Tower,36-45,Larga(8-10h),Medio,Rápido,Baja,Excelente,Media
"Architecture, Nature",True,Great Wall of China,"Eiffel Tower, Machu Picchu",26-35,Larga(8-10h),Medio,Lento,Alta,Buena,Media
Nature,False,Colosseum,"Taj Mahal, Colosseum, Great Wall of China",18-25,Media(5-7h),Alto,Lento,Alta,Buena,Alta
"History, Architecture, Art",True,Machu Picchu,"Colosseum, Great Wall of China",18-25,Corta(1-4h),Medio,Normal,Media,Buena,Media
Nature,False,Machu Picchu,Eiffel Tower,56+,Media(5-7h),Medio,Lento,Media,Buena,Media
History,True,Machu Picchu,Colosseum,26-35,Media(5-7h),Bajo,Lento,Media,Buena,Media
Architecture,False,Eiffel Tower,"Colosseum, Taj Mahal, Eiffel Tower",56+,Corta(1-4h),Bajo,Lento,Media,Buena,Media
Architecture,True,Great Wall of China,"Eiffel Tower, Machu Picchu",26-35,Media(5-7h),Medio,Lento,Media,Excelente,Media
History,True,Taj Mahal,"Machu Picchu, Colosseum, Eiffel Tower",18-25,Media(5-7h),Alto,Lento,Media,Regular,Alta
"History, Art, Nature",True,Machu Picchu,"Colosseum, Machu Picchu, Taj Mahal",56+,Larga(8-10h),Medio,Rápido,Media,Buena,Media
"Cultural, History, Architecture",False,Colosseum,"Eiffel Tower, Great Wall of China, Colosseum",26-35,Corta(1-4h),Medio,Lento,Media,Excelente,Media
Architecture,True,Machu Picchu,Great Wall of China,56+,Media(5-7h),Alto,Normal,Alta,Excelente,Alta
"History, Nature",False,Machu Picchu,Eiffel Tower,18-25,Corta(1-4h),Bajo,Lento,Alta,Buena,Media
"Nature, Art, Cultural",True,Taj Mahal,Colosseum,18-25,Media(5-7h),Alto,Rápido,Media,Regular,Alta
Art,False,Eiffel Tower,"Eiffel Tower, Machu Picchu",26-35,Larga(8-10h),Medio,Rápido,Media,Buena,Media
"Architecture, Cultural",True,Taj Mahal,Colosseum,18-25,Larga(8-10h),Alto,Rápido,Media,Excelente,Alta
"Art, Nature, History",False,Eiffel Tower,Great Wall of China,56+,Media(5-7h),Medio,Lento,Alta,Buena,Media
"Architecture, Cultural",False,Great Wall of China,"Eiffel Tower, Colosseum, Taj Mahal",46-55,Larga(8-10h),Bajo,Lento,Media,Buena,Media
"Architecture, Cultural, History",False,Great Wall of China,"Great Wall of China, Eiffel Tower",18-25,Corta(1-4h),Bajo,Lento,Media,Excelente,Media
Cultural,False,Taj Mahal,"Machu Picchu, Great Wall of China, Colosseum",26-35,Larga(8-10h),Medio,Rápido,Media,Excelente,Media
"History, Art, Nature",False,Great Wall of China,"Eiffel Tower, Machu Picchu, Colosseum",46-55,Corta(1-4h),Bajo,Rápido,Media,Buena,Media
"Art, Cultural",False,Machu Picchu,"Eiffel Tower, Great Wall of China, Taj Mahal",26-35,Media(5-7h),Medio,Lento,Media,Excelente,Alta
"Architecture, Cultural, Nature",True,Machu Picchu,"Eiffel Tower, Colosseum",56+,Corta(1-4h),Alto,Rápido,Alta,Buena,Alta
Art,False,Taj Mahal,"Machu Picchu, Taj Mahal",36-45,Media(5-7h),Alto,Lento,Media,Buena,Alta
"Architecture, Nature, History",False,Taj Mahal,"Eiffel Tower, Taj Mahal, Great Wall of China",18-25,Media(5-7h),Bajo,Normal,Media,Buena,Media
"Art, Architecture, Cultural",False,Great Wall of China,"Taj Mahal, Eiffel Tower, Machu Picchu",18-25,Corta(1-4h),Bajo,Lento,Media,Excelente,Media
"Art, Nature",True,Machu Picchu,"Great Wall of China, Colosseum, Machu Picchu",46-55,Media(5-7h),Medio,Normal,Media,Excelente,Media
"Nature, Art, Cultural",False,Taj Mahal,"Taj Mahal, Colosseum, Eiffel Tower",46-55,Larga(8-10h),Alto,Normal,Media,Excelente,Alta
"History, Nature",True,Great Wall of China,"Great Wall of China, Taj Mahal, Machu Picchu",56+,Larga(8-10h),Alto,Lento,Media,Excelente,Alta
Art,False,Colosseum,Colosseum,56+,Media(5-7h),Alto,Rápido,Alta,Excelente,Alta
Architecture,True,Great Wall of China,Taj Mahal,36-45,Corta(1-4h),Medio,Lento,Baja,Excelente,Media
"Art, Cultural, History",True,Great Wall of China,Eiffel Tower,26-35,Media(5-7h),Medio,Lento,Media,Buena,Media
"Architecture, Nature",False,Eiffel Tower,"Eiffel Tower, Great Wall of China",26-35,Media(5-7h),Bajo,Lento,Media,Excelente,Media
"Nature, Architecture",False,Colosseum,"Machu Picchu, Colosseum, Eiffel Tower",26-35,Corta(1-4h),Medio,Lento,Media,Excelente,Media
"Cultural, History",True,Colosseum,"Colosseum, Great Wall of China",46-55,Media(5-7h),Medio,Lento,Media,Excelente,Media
"Architecture, Cultural",False,Eiffel Tower,Eiffel Tower,36-45,Media(5-7h),Medio,Normal,Media,Excelente,Media
"Nature, Art, Cultural",True,Eiffel Tower,"Machu Picchu, Great Wall of China",56+,Larga(8-10h),Alto,Rápido,Media,Excelente,Alta
Cultural,False,Great Wall of China,"Eiffel Tower, Taj Mahal",56+,Larga(8-10h),Bajo,Lento,Alta,Buena,Media
Cultural,False,Eiffel Tower,"Machu Picchu, Great Wall of China",18-25,Corta(1-4h),Alto,Normal,Media,Buena,Alta
"Cultural, Art",False,Colosseum,"Colosseum, Taj Mahal, Eiffel Tower",56+,Larga(8-10h),Bajo,Normal,Media,Excelente,Media
History,False,Taj Mahal,"Great Wall of China, Taj Mahal, Eiffel Tower",46-55,Media(5-7h),Medio,Rápido,Media,Excelente,Media
"History, Nature",True,Colosseum,Taj Mahal,36-45,Corta(1-4h),Alto,Normal,Media,Excelente,Alta
"History, Architecture",False,Eiffel Tower,"Great Wall of China, Colosseum, Taj Mahal",26-35,Larga(8-10h),Bajo,Lento,Media,Regular,Media
"Architecture, Art, Cultural",True,Great Wall of China,Eiffel Tower,56+,Corta(1-4h),Bajo,Rápido,Media,Buena,Media
"Nature, Architecture",False,Taj Mahal,"Machu Picchu, Colosseum, Eiffel Tower",18-25,Corta(1-4h),Alto,Rápido,Alta,Buena,Alta
Architecture,False,Taj Mahal,"Taj Mahal, Machu Picchu, Great Wall of China",26-35,Larga(8-10h),Bajo,Lento,Alta,Excelente,Media
"Cultural, Architecture, Nature",False,Taj Mahal,Machu Picchu,26-35,Media(5-7h),Alto,Rápido,Alta,Buena,Alta
Art,False,Colosseum,"Eiffel Tower, Taj Mahal, Machu Picchu",56+,Corta(1-4h),Alto,Normal,Baja,Buena,Alta
Nature,True,Colosseum,"Great Wall of China, Colosseum",18-25,Media(5-7h),Alto,Lento,Media,Buena,Alta
"Nature, Cultural, Art",False,Great Wall of China,"Great Wall of China, Colosseum, Eiffel Tower",56+,Larga(8-10h),Bajo,Lento,Media,Buena,Media
"Architecture, History, Nature",True,Colosseum,Taj Mahal,56+,Corta(1-4h),Alto,Rápido,Media,Excelente,Alta
"Nature, Cultural",False,Machu Picchu,Great Wall of China,56+,Corta(1-4h),Alto,Lento,Baja,Buena,Alta
Art,False,Taj Mahal,"Machu Picchu, Great Wall of China",26-35,Larga(8-10h),Bajo,Lento,Media,Excelente,Media
"Architecture, History, Nature",False,Colosseum,"Great Wall of China, Eiffel Tower",56+,Larga(8-10h),Bajo,Normal,Alta,Regular,Media
"Architecture, Art, Cultural",True,Colosseum,Machu Picchu,26-35,Media(5-7h),Bajo,Lento,Alta,Excelente,Media
History,False,Taj Mahal,Colosseum,46-55,Larga(8-10h),Bajo,Rápido,Media,Excelente,Media
Art,True,Colosseum,Machu Picchu,56+,Larga(8-10h),Alto,Lento,Media,Excelente,Alta
"Nature, History, Architecture",False,Eiffel Tower,"Great Wall of China, Eiffel Tower",36-45,Corta(1-4h),Bajo,Normal,Media,Excelente,Media
Cultural,False,Eiffel Tower,Taj Mahal,26-35,Corta(1-4h),Bajo,Normal,Alta,Buena,Media
"Cultural, Architecture",True,Taj Mahal,Taj Mahal,56+,Corta(1-4h),Medio,Lento,Media,Buena,Media
"Nature, History, Architecture",True,Eiffel Tower,"Great Wall of China, Machu Picchu",56+,Corta(1-4h),Alto,Normal,Alta,Excelente,Alta
"Cultural, Architecture, Nature",True,Eiffel Tower,"Machu Picchu, Taj Mahal",56+,Media(5-7h),Bajo,Lento,Alta,Buena,Media
"History, Cultural",False,Eiffel Tower,Great Wall of China,46-55,Media(5-7h),Alto,Rápido,Media,Buena,Alta
"Cultural, Architecture",False,Machu Picchu,"Machu Picchu, Eiffel Tower",56+,Media(5-7h),Medio,Lento,Media,Excelente,Media
History,True,Eiffel Tower,Eiffel Tower,26-35,Media(5-7h),Bajo,Normal,Alta,Excelente,Media
Cultural,False,Colosseum,"Eiffel Tower, Machu Picchu, Great Wall of China",18-25,Corta(1-4h),Alto,Normal,Media,Buena,Alta
"Cultural, History, Nature",False,Eiffel Tower,"Colosseum, Eiffel Tower",56+,Corta(1-4h),Medio,Normal,Media,Buena,Media
"History, Cultural",True,Eiffel Tower,"Taj Mahal, Eiffel Tower",46-55,Media(5-7h),Medio,Rápido,Alta,Buena,Alta
"History, Architecture",False,Eiffel Tower,Eiffel Tower,26-35,Larga(8-10h),Bajo,Lento,Media,Excelente,Media
"Nature, Architecture, History",True,Great Wall of China,"Taj Mahal, Machu Picchu",18-25,Media(5-7h),Bajo,Rápido,Media,Excelente,Media
Nature,True,Taj Mahal,Taj Mahal,36-45,Media(5-7h),Bajo,Lento,Media,Excelente,Media
"History, Nature, Art",True,Great Wall of China,"Taj Mahal, Eiffel Tower",26-35,Media(5-7h),Medio,Rápido,Media,Excelente,Media
Nature,False,Great Wall of China,"Taj Mahal, Great Wall of China",46-55,Corta(1-4h),Medio,Normal,Media,Excelente,Media
Nature,False,Taj Mahal,"Colosseum, Machu Picchu",46-55,Media(5-7h),Bajo,Rápido,Media,Buena,Media
"Nature, Architecture, History",False,Colosseum,Taj Mahal,36-45,Media(5-7h),Medio,Lento,Media,Excelente,Media
"History, Cultural, Art",False,Great Wall of China,Great Wall of China,56+,Larga(8-10h),Alto,Normal,Media,Regular,Alta
"Nature, Architecture",True,Machu Picchu,"Taj Mahal, Great Wall of China",46-55,Media(5-7h),Medio,Rápido,Media,Excelente,Alta
"Cultural, History, Architecture",False,Machu Picchu,"Taj Mahal, Machu Picchu, Colosseum",56+,Corta(1-4h),Medio,Lento,Baja,Excelente,Media
Architecture,True,Colosseum,Colosseum,36-45,Media(5-7h),Medio,Lento,Alta,Buena,Media
Art,True,Taj Mahal,"Colosseum, Great Wall of China",26-35,Corta(1-4h),Medio,Lento,Media,Buena,Media
"Art, Architecture",False,Colosseum,"Machu Picchu, Eiffel Tower, Taj Mahal",18-25,Corta(1-4h),Alto,Lento,Alta,Buena,Alta
"Architecture, History, Cultural",False,Eiffel Tower,"Taj Mahal, Colosseum",56+,Media(5-7h),Medio,Lento,Baja,Excelente,Media
"Nature, Art",False,Taj Mahal,Taj Mahal,56+,Media(5-7h),Alto,Lento,Media,Buena,Alta
Nature,False,Eiffel Tower,"Machu Picchu, Colosseum, Taj Mahal",26-35,Larga(8-10h),Medio,Lento,Alta,Buena,Media
"Architecture, Art",False,Great Wall of China,"Machu Picchu, Great Wall of China, Colosseum",46-55,Corta(1-4h),Medio,Normal,Media,Excelente,Media
"Art, Architecture",False,Machu Picchu,Colosseum,56+,Media(5-7h),Medio,Lento,Media,Excelente,Media
"Art, Nature, Cultural",False,Machu Picchu,Eiffel Tower,56+,Media(5-7h),Medio,Normal,Alta,Buena,Media
Art,False,Colosseum,"Eiffel Tower, Great Wall of China",36-45,Corta(1-4h),Bajo,Normal,Baja,Buena,Media
Art,True,Machu Picchu,"Eiffel Tower, Colosseum",56+,Media(5-7h),Bajo,Lento,Media,Excelente,Media
"History, Cultural, Architecture",True,Taj Mahal,"Eiffel Tower, Great Wall of China",36-45,Corta(1-4h),Medio,Normal,Alta,Buena,Media
"Art, Cultural, Architecture",False,Machu Picchu,Eiffel Tower,46-55,Larga(8-10h),Medio,Lento,Alta,Excelente,Alta
"Architecture, Cultural",True,Machu Picchu,Colosseum,26-35,Media(5-7h),Alto,Lento,Alta,Excelente,Alta
"Cultural, History, Architecture",False,Colosseum,"Machu Picchu, Taj Mahal, Colosseum",46-55,Larga(8-10h),Bajo,Rápido,Media,Buena,Media
"History, Art, Architecture",False,Eiffel Tower,Eiffel Tower,56+,Corta(1-4h),Medio,Rápido,Alta,Excelente,Media
"Art, Architecture, Cultural",True,Great Wall of China,"Colosseum, Taj Mahal",36-45,Media(5-7h),Alto,Lento,Media,Buena,Alta
"Cultural, Art, Nature",False,Eiffel Tower,"Colosseum, Machu Picchu, Great Wall of China",46-55,Media(5-7h),Medio,Lento,Alta,Buena,Media
Architecture,False,Eiffel Tower,"Taj Mahal, Eiffel Tower, Great Wall of China",56+,Media(5-7h),Alto,Rápido,Media,Excelente,Alta
"Art, History",False,Great Wall of China,Colosseum,46-55,Corta(1-4h),Medio,Rápido,Media,Buena,Media
Architecture,False,Machu Picchu,Machu Picchu,56+,Media(5-7h),Alto,Rápido,Media,Excelente,Alta
Cultural,True,Colosseum,"Machu Picchu, Taj Mahal",46-55,Larga(8-10h),Medio,Normal,Media,Buena,Media
"Art, History, Nature",True,Eiffel Tower,"Machu Picchu, Taj Mahal, Great Wall of China",56+,Media(5-7h),Medio,Normal,Alta,Regular,Media
"Art, History, Cultural",False,Machu Picchu,Eiffel Tower,36-45,Corta(1-4h),Alto,Normal,Media,Buena,Alta
Nature,True,Taj Mahal,Machu Picchu,46-55,Media(5-7h),Medio,Lento,Media,Buena,Media
"Nature, Art",False,Great Wall of China,"Machu Picchu, Great Wall of China, Eiffel Tower",26-35,Larga(8-10h),Alto,Lento,Media,Buena,Alta
"Cultural, Nature, Art",True,Great Wall of China,"Great Wall of China, Taj Mahal, Colosseum",26-35,Larga(8-10h),Bajo,Normal,Media,Excelente,Media
Nature,True,Great Wall of China,"Colosseum, Eiffel Tower, Great Wall of China",36-45,Corta(1-4h),Alto,Lento,Media,Buena,Alta
Art,True,Colosseum,"Great Wall of China, Colosseum, Taj Mahal",46-55,Media(5-7h),Medio,Lento,Media,Excelente,Media
Architecture,True,Colosseum,Colosseum,26-35,Media(5-7h),Bajo,Lento,Media,Buena,Media
"History, Cultural",False,Eiffel Tower,"Colosseum, Machu Picchu",56+,Media(5-7h),Alto,Rápido,Alta,Buena,Alta
"Art, History",False,Taj Mahal,"Eiffel Tower, Taj Mahal, Machu Picchu",46-55,Corta(1-4h),Alto,Normal,Media,Buena,Alta
Cultural,False,Colosseum,Eiffel Tower,26-35,Media(5-7h),Alto,Lento,Media,Buena,Alta
History,True,Colosseum,"Eiffel Tower, Colosseum",56+,Media(5-7h),Medio,Rápido,Baja,Buena,Media
"Architecture, History",True,Taj Mahal,"Taj Mahal, Machu Picchu",56+,Media(5-7h),Bajo,Rápido,Alta,Buena,Media
"Art, Architecture, History",False,Eiffel Tower,"Colosseum, Eiffel Tower, Taj Mahal",26-35,Larga(8-10h),Alto,Lento,Media,Buena,Alta
"Nature, Architecture, Art",True,Eiffel Tower,"Eiffel Tower, Colosseum",26-35,Media(5-7h),Alto,Normal,Alta,Excelente,Alta
History,False,Taj Mahal,Great Wall of China,36-45,Media(5-7h),Alto,Lento,Media,Regular,Alta
Art,False,Machu Picchu,"Eiffel Tower, Colosseum, Great Wall of China",18-25,Larga(8-10h),Medio,Rápido,Media,Buena,Media
"Architecture, Art, Cultural",True,Eiffel Tower,"Taj Mahal, Colosseum, Eiffel Tower",56+,Media(5-7h),Alto,Lento,Media,Excelente,Alta
Nature,True,Taj Mahal,"Machu Picchu, Great Wall of China, Eiffel Tower",56+,Larga(8-10h),Alto,Rápido,Media,Excelente,Alta
Architecture,False,Eiffel Tower,"Great Wall of China, Taj Mahal, Machu Picchu",26-35,Corta(1-4h),Alto,Rápido,Media,Buena,Alta
Art,True,Colosseum,"Great Wall of China, Colosseum",56+,Media(5-7h),Alto,Lento,Media,Excelente,Alta
"Art, Nature, Architecture",True,Machu Picchu,"Taj Mahal, Great Wall of China, Machu Picchu",36-45,Media(5-7h),Medio,Lento,Alta,Excelente,Media
Nature,True,Eiffel Tower,"Machu Picchu, Great Wall of China, Colosseum",56+,Media(5-7h),Medio,Lento,Baja,Buena,Media
"Cultural, Nature",True,Taj Mahal,"Eiffel Tower, Taj Mahal, Great Wall of China",56+,Corta(1-4h),Alto,Lento,Media,Excelente,Alta
"Cultural, Art",False,Great Wall of China,"Great Wall of China, Machu Picchu, Colosseum",26-35,Corta(1-4h),Alto,Lento,Media,Excelente,Alta
"Cultural, Architecture",True,Colosseum,"Great Wall of China, Eiffel Tower, Taj Mahal",36-45,Larga(8-10h),Bajo,Lento,Media,Excelente,Media
"Cultural, Art, Nature",False,Colosseum,Eiffel Tower,56+,Media(5-7h),Alto,Rápido,Media,Buena,Alta
Nature,True,Great Wall of China,"Colosseum, Eiffel Tower, Machu Picchu",26-35,Media(5-7h),Medio,Normal,Alta,Excelente,Media
History,True,Taj Mahal,"Great Wall of China, Colosseum",56+,Larga(8-10h),Bajo,Rápido,Media,Buena,Media
Nature,True,Taj Mahal,Taj Mahal,46-55,Media(5-7h),Bajo,Rápido,Media,Buena,Media
"History, Art",True,Eiffel Tower,"Great Wall of China, Machu Picchu, Eiffel Tower",18-25,Media(5-7h),Alto,Rápido,Media,Excelente,Alta
Nature,True,Great Wall of China,Great Wall of China,56+,Media(5-7h),Alto,Lento,Alta,Buena,Alta
"Art, History, Nature",False,Colosseum,"Taj Mahal, Great Wall of China, Colosseum",46-55,Media(5-7h),Bajo,Lento,Media,Buena,Media
"History, Nature",True,Taj Mahal,Great Wall of China,46-55,Corta(1-4h),Alto,Rápido,Baja,Buena,Alta
"Art, Cultural, History",True,Eiffel Tower,"Great Wall of China, Taj Mahal, Machu Picchu",56+,Media(5-7h),Alto,Normal,Media,Excelente,Alta
"Art, History, Cultural",True,Machu Picchu,Taj Mahal,56+,Media(5-7h),Alto,Lento,Media,Buena,Alta
Architecture,False,Eiffel Tower,"Eiffel Tower, Great Wall of China",56+,Media(5-7h),Alto,Normal,Alta,Excelente,Alta
"Cultural, Art, History",True,Great Wall of China,Eiffel Tower,26-35,Media(5-7h),Alto,Lento,Media,Buena,Alta
"Nature, Cultural, History",False,Eiffel Tower,"Eiffel Tower, Great Wall of China, Machu Picchu",56+,Corta(1-4h),Medio,Lento,Media,Buena,Media
"Architecture, Nature, Art",False,Great Wall of China,"Eiffel Tower, Great Wall of China, Colosseum",56+,Corta(1-4h),Bajo,Rápido,Media,Regular,Media
Art,False,Colosseum,"Great Wall of China, Taj Mahal",18-25,Media(5-7h),Alto,Lento,Media,Excelente,Alta
"Architecture, Nature, Cultural",True,Great Wall of China,"Eiffel Tower, Great Wall of China, Machu Picchu",18-25,Media(5-7h),Medio,Normal,Media,Regular,Alta
"Architecture, Cultural",True,Machu Picchu,"Eiffel Tower, Machu Picchu, Colosseum",36-45,Media(5-7h),Medio,Lento,Media,Excelente,Alta
History,True,Machu Picchu,Taj Mahal,36-45,Corta(1-4h),Medio,Lento,Alta,Buena,Media
"Nature, Architecture, Art",False,Colosseum,Colosseum,56+,Larga(8-10h),Medio,Rápido,Alta,Buena,Media
"History, Art, Nature",False,Eiffel Tower,"Machu Picchu, Great Wall of China",46-55,Media(5-7h),Alto,Rápido,Media,Buena,Alta
"Nature, Architecture",True,Great Wall of China,"Machu Picchu, Colosseum",56+,Media(5-7h),Medio,Rápido,Media,Excelente,Media
"Cultural, Nature, Art",True,Eiffel Tower,Colosseum,46-55,Corta(1-4h),Medio,Lento,Media,Regular,Media
"Architecture, Art",False,Eiffel Tower,"Taj Mahal, Eiffel Tower",36-45,Media(5-7h),Alto,Lento,Media,Buena,Alta
"History, Nature, Cultural",True,Machu Picchu,"Great Wall of China, Taj Mahal, Eiffel Tower",26-35,Media(5-7h),Medio,Normal,Alta,Regular,Media
"Art, History, Nature",False,Great Wall of China,Machu Picchu,56+,Larga(8-10h),Bajo,Lento,Media,Buena,Media
Cultural,False,Colosseum,"Colosseum, Eiffel Tower",18-25,Media(5-7h),Medio,Lento,Alta,Excelente,Media
"Architecture, Cultural, Nature",True,Great Wall of China,"Taj Mahal, Great Wall of China, Colosseum",56+,Media(5-7h),Medio,Lento,Media,Excelente,Media
"History, Architecture",False,Eiffel Tower,"Machu Picchu, Eiffel Tower",56+,Media(5-7h),Alto,Lento,Media,Buena,Alta
"Architecture, Art, Cultural",False,Great Wall of China,"Eiffel Tower, Colosseum, Machu Picchu",56+,Media(5-7h),Alto,Lento,Media,Regular,Alta
"History, Architecture, Nature",False,Great Wall of China,Taj Mahal,26-35,Corta(1-4h),Alto,Lento,Baja,Buena,Alta
"History, Architecture, Art",False,Colosseum,"Machu Picchu, Colosseum, Eiffel Tower",46-55,Corta(1-4h),Medio,Lento,Media,Excelente,Media
Architecture,True,Taj Mahal,"Eiffel Tower, Colosseum, Taj Mahal",56+,Media(5-7h),Alto,Lento,Media,Excelente,Alta
Nature,False,Machu Picchu,Great Wall of China,26-35,Media(5-7h),Bajo,Normal,Media,Buena,Media
History,False,Taj Mahal,"Machu Picchu, Eiffel Tower, Great Wall of China",36-45,Media(5-7h),Medio,Normal,Alta,Buena,Media
"Nature, History, Architecture",True,Taj Mahal,"Machu Picchu, Colosseum",36-45,Media(5-7h),Medio,Normal,Alta,Regular,Media
History,True,Great Wall of China,"Taj Mahal, Eiffel Tower, Colosseum",56+,Corta(1-4h),Bajo,Normal,Alta,Excelente,Media
History,False,Colosseum,"Machu Picchu, Taj Mahal, Great Wall of China",56+,Media(5-7h),Medio,Rápido,Alta,Buena,Media
"History, Architecture",False,Great Wall of China,"Eiffel Tower, Colosseum, Taj Mahal",36-45,Media(5-7h),Alto,Lento,Media,Buena,Alta
"Nature, Architecture, History",True,Great Wall of China,Eiffel Tower,56+,Media(5-7h),Bajo,Normal,Alta,Buena,Media
"Nature, History",False,Taj Mahal,"Taj Mahal, Great Wall of China",46-55,Media(5-7h),Bajo,Rápido,Baja,Regular,Media
"History, Cultural",True,Eiffel Tower,Colosseum,46-55,Corta(1-4h),Alto,Lento,Media,Regular,Alta
Cultural,False,Colosseum,"Eiffel Tower, Colosseum, Taj Mahal",36-45,Media(5-7h),Medio,Lento,Media,Excelente,Media
Architecture,False,Eiffel Tower,"Great Wall of China, Eiffel Tower",56+,Media(5-7h),Bajo,Rápido,Media,Excelente,Media
"Architecture, History, Cultural",True,Colosseum,"Taj Mahal, Eiffel Tower",56+,Media(5-7h),Medio,Normal,Media,Buena,Media
"Nature, Art",False,Great Wall of China,Taj Mahal,26-35,Media(5-7h),Alto,Normal,Media,Excelente,Alta
"Nature, Art",False,Great Wall of China,"Eiffel Tower, Great Wall of China",36-45,Media(5-7h),Alto,Lento,Media,Buena,Alta
Cultural,False,Great Wall of China,"Colosseum, Machu Picchu, Eiffel Tower",46-55,Media(5-7h),Alto,Rápido,Baja,Buena,Alta
"Art, Nature",False,Eiffel Tower,"Colosseum, Machu Picchu, Great Wall of China",56+,Media(5-7h),Bajo,Normal,Alta,Regular,Media
History,True,Eiffel Tower,Great Wall of China,18-25,Corta(1-4h),Medio,Normal,Media,Excelente,Media
"Architecture, Cultural, History",True,Taj Mahal,"Eiffel Tower, Colosseum",18-25,Media(5-7h),Alto,Lento,Alta,Buena,Alta
"History, Nature",True,Eiffel Tower,"Colosseum, Machu Picchu, Great Wall of China",46-55,Corta(1-4h),Bajo,Lento,Media,Buena,Media
History,False,Colosseum,Great Wall of China,18-25,Media(5-7h),Bajo,Lento,Media,Regular,Media
"Art, Cultural",True,Taj Mahal,"Eiffel Tower, Colosseum",18-25,Media(5-7h),Bajo,Rápido,Alta,Buena,Media
"Nature, Art, History",False,Eiffel Tower,Great Wall of China,36-45,Media(5-7h),Bajo,Rápido,Media,Excelente,Media
"Art, Architecture",True,Taj Mahal,Colosseum,56+,Media(5-7h),Alto,Lento,Alta,Excelente,Alta
Architecture,True,Colosseum,"Eiffel Tower, Great Wall of China, Taj Mahal",56+,Corta(1-4h),Medio,Lento,Alta,Excelente,Alta
"Art, Cultural",False,Eiffel Tower,Great Wall of China,46-55,Corta(1-4h),Bajo,Lento,Media,Buena,Media
Art,False,Machu Picchu,"Eiffel Tower, Machu Picchu",56+,Media(5-7h),Bajo,Lento,Baja,Buena,Media
Art,False,Taj Mahal,"Eiffel Tower, Colosseum",26-35,Media(5-7h),Bajo,Lento,Media,Buena,Media
"History, Art, Architecture",False,Great Wall of China,Eiffel Tower,26-35,Media(5-7h),Bajo,Lento,Media,Excelente,Media
"Art, History, Cultural",False,Great Wall of China,"Machu Picchu, Great Wall of China",18-25,Corta(1-4h),Medio,Lento,Baja,Buena,Media
"Art, Nature",True,Great Wall of China,"Great Wall of China, Taj Mahal, Colosseum",36-45,Media(5-7h),Bajo,Normal,Media,Buena,Media
"Nature, Art",False,Great Wall of China,"Machu Picchu, Colosseum",56+,Media(5-7h),Medio,Rápido,Media,Buena,Media
"Art, Cultural",False,Taj Mahal,"Great Wall of China, Eiffel Tower, Machu Picchu",56+,Media(5-7h),Medio,Lento,Alta,Buena,Media
"Architecture, Nature",True,Colosseum,Eiffel Tower,46-55,Media(5-7h),Alto,Normal,Alta,Excelente,Alta
"Art, Cultural",False,Great Wall of China,"Great Wall of China, Colosseum, Eiffel Tower",56+,Media(5-7h),Alto,Lento,Media,Buena,Alta
"Art, Cultural, History",True,Machu Picchu,"Eiffel Tower, Great Wall of China",18-25,Media(5-7h),Alto,Normal,Alta,Excelente,Alta
History,True,Machu Picchu,"Great Wall of China, Eiffel Tower, Colosseum",26-35,Larga(8-10h),Medio,Normal,Alta,Buena,Media
"History, Nature",False,Eiffel Tower,"Great Wall of China, Colosseum, Eiffel Tower",26-35,Corta(1-4h),Alto,Lento,Media,Excelente,Alta
"Art, History, Architecture",False,Machu Picchu,"Eiffel Tower, Colosseum",18-25,Larga(8-10h),Alto,Lento,Alta,Buena,Alta
Nature,True,Great Wall of China,"Eiffel Tower, Colosseum, Great Wall of China",26-35,Corta(1-4h),Medio,Rápido,Media,Excelente,Media
"History, Nature, Architecture",False,Great Wall of China,"Colosseum, Machu Picchu, Great Wall of China",26-35,Media(5-7h),Medio,Lento,Alta,Excelente,Media
"Art, Nature",False,Great Wall of China,"Taj Mahal, Great Wall of China, Machu Picchu",26-35,Larga(8-10h),Medio,Lento,Media,Excelente,Media
"Art, Architecture, Nature",True,Taj Mahal,"Machu Picchu, Colosseum, Eiffel Tower",46-55,Media(5-7h),Bajo,Normal,Media,Excelente,Media
Architecture,True,Eiffel Tower,Taj Mahal,18-25,Media(5-7h),Alto,Lento,Media,Buena,Alta
"Art, Nature, Cultural",False,Taj Mahal,"Taj Mahal, Eiffel Tower",26-35,Media(5-7h),Bajo,Lento,Media,Excelente,Media
Art,False,Eiffel Tower,"Machu Picchu, Eiffel Tower, Great Wall of China",56+,Larga(8-10h),Bajo,Normal,Alta,Excelente,Media
"History, Architecture, Nature",True,Machu Picchu,"Colosseum, Machu Picchu",46-55,Media(5-7h),Bajo,Rápido,Media,Buena,Media
"Architecture, Cultural, Art",False,Colosseum,Colosseum,36-45,Media(5-7h),Bajo,Lento,Alta,Buena,Media
"History, Art, Architecture",True,Great Wall of China,Machu Picchu,36-45,Media(5-7h),Medio,Rápido,Alta,Buena,Media
"Cultural, Architecture",False,Taj Mahal,Eiffel Tower,18-25,Corta(1-4h),Alto,Normal,Media,Excelente,Alta
Architecture,True,Colosseum,Taj Mahal,26-35,Larga(8-10h),Medio,Lento,Media,Buena,Media
History,False,Colosseum,Eiffel Tower,26-35,Media(5-7h),Medio,Lento,Media,Regular,Media
"Cultural, Art",False,Great Wall of China,"Colosseum, Machu Picchu",18-25,Corta(1-4h),Medio,Rápido,Media,Excelente,Media
"Cultural, Architecture",True,Great Wall of China,Eiffel Tower,36-45,Media(5-7h),Bajo,Normal,Alta,Excelente,Media
"Cultural, History",False,Colosseum,"Colosseum, Great Wall of China",18-25,Larga(8-10h),Alto,Lento,Media,Excelente,Alta
Nature,True,Great Wall of China,Colosseum,56+,Media(5-7h),Bajo,Normal,Media,Buena,Media
Nature,False,Eiffel Tower,"Great Wall of China, Taj Mahal",56+,Corta(1-4h),Bajo,Normal,Media,Buena,Media
"Architecture, Art",True,Colosseum,Great Wall of China,56+,Media(5-7h),Alto,Rápido,Media,Buena,Alta
"Nature, Cultural",False,Eiffel Tower,Eiffel Tower,36-45,Larga(8-10h),Medio,Lento,Media,Buena,Media
"Cultural, Art, History",False,Great Wall of China,"Colosseum, Taj Mahal, Great Wall of China",56+,Corta(1-4h),Medio,Normal,Media,Excelente,Media
Art,True,Colosseum,Machu Picchu,56+,Media(5-7h),Medio,Lento,Media,Excelente,Media
Cultural,False,Taj Mahal,"Colosseum, Great Wall of China",56+,Media(5-7h),Bajo,Normal,Alta,Buena,Media
Cultural,False,Colosseum,"Great Wall of China, Taj Mahal",26-35,Media(5-7h),Alto,Rápido,Alta,Buena,Alta
Nature,True,Taj Mahal,"Taj Mahal, Eiffel Tower, Machu Picchu",18-25,Corta(1-4h),Bajo,Rápido,Media,Excelente,Media
"Nature, Architecture, Art",False,Machu Picchu,"Eiffel Tower, Colosseum, Machu Picchu",26-35,Media(5-7h),Alto,Lento,Media,Buena,Alta
Nature,False,Eiffel Tower,"Machu Picchu, Eiffel Tower, Taj Mahal",46-55,Larga(8-10h),Alto,Lento,Media,Excelente,Alta
"History, Art",True,Taj Mahal,"Great Wall of China, Taj Mahal, Machu Picchu",26-35,Media(5-7h),Alto,Normal,Media,Excelente,Alta
"Architecture, History",False,Great Wall of China,"Colosseum, Taj Mahal, Great Wall of China",46-55,Media(5-7h),Alto,Lento,Media,Regular,Alta
"Cultural, Art, Architecture",False,Eiffel Tower,"Taj Mahal, Machu Picchu, Colosseum",46-55,Media(5-7h),Bajo,Lento,Alta,Buena,Media
"Cultural, Art, Architecture",False,Eiffel Tower,"Colosseum, Great Wall of China, Machu Picchu",18-25,Corta(1-4h),Medio,Lento,Alta,Excelente,Media
"Art, Nature",False,Great Wall of China,"Taj Mahal, Great Wall of China",26-35,Media(5-7h),Medio,Normal,Media,Excelente,Media
"History, Art, Cultural",True,Colosseum,"Colosseum, Great Wall of China",36-45,Media(5-7h),Bajo,Rápido,Media,Buena,Media
"Nature, Cultural",True,Eiffel Tower,Taj Mahal,46-55,Corta(1-4h),Medio,Rápido,Baja,Regular,Media
"History, Cultural, Architecture",True,Great Wall of China,Taj Mahal,26-35,Media(5-7h),Medio,Rápido,Alta,Buena,Media
Cultural,False,Eiffel Tower,"Great Wall of China, Machu Picchu",18-25,Corta(1-4h),Bajo,Rápido,Alta,Excelente,Media
"History, Cultural, Architecture",False,Eiffel Tower,"Great Wall of China, Eiffel Tower, Colosseum",46-55,Corta(1-4h),Medio,Lento,Baja,Buena,Media
"Architecture, Art, History",False,Taj Mahal,"Colosseum, Great Wall of China, Eiffel Tower",26-35,Corta(1-4h),Medio,Lento,Media,Regular,Media
Art,True,Colosseum,"Great Wall of China, Taj Mahal",36-45,Larga(8-10h),Bajo,Normal,Baja,Buena,Media
Nature,False,Colosseum,Colosseum,46-55,Media(5-7h),Bajo,Rápido,Media,Excelente,Media
"Art, Nature, Architecture",True,Great Wall of China,"Great Wall of China, Eiffel Tower",36-45,Media(5-7h),Alto,Rápido,Media,Buena,Alta
Cultural,True,Taj Mahal,Eiffel Tower,46-55,Corta(1-4h),Bajo,Rápido,Alta,Excelente,Media
"Cultural, Art, Nature",False,Great Wall of China,"Machu Picchu, Eiffel Tower",26-35,Media(5-7h),Medio,Lento,Media,Buena,Media
Architecture,True,Great Wall of China,Great Wall of China,36-45,Media(5-7h),Alto,Normal,Media,Excelente,Alta
"Cultural, Art, History",True,Machu Picchu,"Great Wall of China, Machu Picchu",56+,Larga(8-10h),Alto,Lento,Alta,Excelente,Alta
"Art, Cultural, Nature",True,Taj Mahal,"Great Wall of China, Taj Mahal",46-55,Corta(1-4h),Bajo,Rápido,Media,Buena,Media
Cultural,True,Eiffel Tower,"Eiffel Tower, Colosseum, Great Wall of China",56+,Media(5-7h),Medio,Lento,Media,Buena,Alta
History,True,Colosseum,"Eiffel Tower, Colosseum",18-25,Larga(8-10h),Medio,Lento,Media,Buena,Media
"History, Nature",True,Colosseum,"Machu Picchu, Eiffel Tower",26-35,Media(5-7h),Alto,Lento,Alta,Buena,Alta
"Cultural, History",False,Machu Picchu,"Taj Mahal, Eiffel Tower, Colosseum",26-35,Corta(1-4h),Medio,Lento,Alta,Buena,Alta
"History, Art, Nature",False,Machu Picchu,"Taj Mahal, Great Wall of China",46-55,Larga(8-10h),Alto,Lento,Media,Buena,Alta
"Cultural, Art",False,Machu Picchu,"Eiffel Tower, Machu Picchu",56+,Corta(1-4h),Medio,Normal,Alta,Excelente,Media
"Art, Cultural, Architecture",True,Great Wall of China,Colosseum,46-55,Corta(1-4h),Medio,Normal,Media,Buena,Media
Cultural,True,Great Wall of China,"Eiffel Tower, Machu Picchu",26-35,Media(5-7h),Bajo,Lento,Media,Buena,Media
"Cultural, Art",False,Taj Mahal,"Machu Picchu, Eiffel Tower, Colosseum",56+,Media(5-7h),Alto,Normal,Baja,Buena,Alta
Nature,False,Taj Mahal,Eiffel Tower,56+,Media(5-7h),Alto,Rápido,Alta,Buena,Alta
"Art, Architecture, History",False,Eiffel Tower,Machu Picchu,56+,Larga(8-10h),Alto,Lento,Media,Excelente,Alta
History,True,Colosseum,"Eiffel Tower, Colosseum",26-35,Larga(8-10h),Bajo,Normal,Media,Excelente,Media
"Cultural, Nature",False,Great Wall of China,"Machu Picchu, Eiffel Tower, Colosseum",56+,Corta(1-4h),Alto,Lento,Media,Buena,Alta
"History, Cultural",False,Taj Mahal,"Great Wall of China, Colosseum",18-25,Larga(8-10h),Medio,Rápido,Baja,Excelente,Media
"History, Cultural, Art",True,Machu Picchu,"Taj Mahal, Great Wall of China, Colosseum",56+,Media(5-7h),Bajo,Normal,Media,Buena,Media
"Art, Cultural",False,Machu Picchu,"Eiffel Tower, Great Wall of China, Taj Mahal",26-35,Media(5-7h),Bajo,Normal,Baja,Buena,Media
"Architecture, Nature",False,Great Wall of China,"Great Wall of China, Eiffel Tower, Taj Mahal",18-25,Media(5-7h),Medio,Lento,Alta,Excelente,Media
History,True,Great Wall of China,"Colosseum, Eiffel Tower, Machu Picchu",26-35,Media(5-7h),Bajo,Normal,Media,Excelente,Media
"Architecture, Cultural",False,Great Wall of China,"Colosseum, Great Wall of China",56+,Media(5-7h),Bajo,Rápido,Media,Buena,Media
"Art, Cultural",False,Great Wall of China,"Machu Picchu, Taj Mahal, Eiffel Tower",56+,Media(5-7h),Alto,Normal,Media,Buena,Alta
"History, Art",True,Eiffel Tower,"Eiffel Tower, Colosseum",56+,Media(5-7h),Alto,Lento,Alta,Excelente,Alta
Cultural,False,Great Wall of China,"Great Wall of China, Eiffel Tower, Taj Mahal",36-45,Media(5-7h),Medio,Lento,Media,Excelente,Media
Art,True,Colosseum,"Taj Mahal, Machu Picchu",46-55,Larga(8-10h),Medio,Rápido,Media,Excelente,Media
"Nature, Architecture",True,Great Wall of China,"Taj Mahal, Eiffel Tower, Colosseum",46-55,Media(5-7h),Alto,Lento,Alta,Excelente,Alta
History,False,Taj Mahal,"Taj Mahal, Machu Picchu, Great Wall of China",18-25,Media(5-7h),Bajo,Normal,Alta,Buena,Media
Cultural,True,Great Wall of China,Taj Mahal,26-35,Media(5-7h),Medio,Normal,Media,Excelente,Media
History,True,Taj Mahal,"Colosseum, Great Wall of China, Eiffel Tower",36-45,Media(5-7h),Bajo,Rápido,Media,Excelente,Media
History,False,Eiffel Tower,"Colosseum, Eiffel Tower, Great Wall of China",56+,Media(5-7h),Bajo,Lento,Alta,Excelente,Media
History,False,Taj Mahal,"Eiffel Tower, Taj Mahal, Great Wall of China",46-55,Media(5-7h),Bajo,Normal,Media,Buena,Media
"Art, History, Architecture",False,Colosseum,"Taj Mahal, Machu Picchu",18-25,Media(5-7h),Medio,Normal,Baja,Excelente,Alta
"Nature, Architecture, History",False,Taj Mahal,"Eiffel Tower, Great Wall of China",56+,Larga(8-10h),Medio,Normal,Media,Excelente,Media
"History, Art, Cultural",True,Taj Mahal,Colosseum,46-55,Larga(8-10h),Alto,Lento,Media,Excelente,Alta
"Nature, Architecture",True,Taj Mahal,"Great Wall of China, Eiffel Tower",46-55,Media(5-7h),Alto,Lento,Media,Buena,Alta
Cultural,False,Machu Picchu,Taj Mahal,56+,Media(5-7h),Bajo,Rápido,Media,Buena,Media
Nature,True,Colosseum,Eiffel Tower,56+,Corta(1-4h),Alto,Lento,Media,Buena,Alta
Art,False,Eiffel Tower,"Taj Mahal, Machu Picchu",18-25,Corta(1-4h),Medio,Lento,Media,Buena,Media
"Cultural, History",False,Taj Mahal,"Great Wall of China, Machu Picchu",18-25,Corta(1-4h),Alto,Normal,Alta,Buena,Alta
"Art, Nature",True,Colosseum,"Taj Mahal, Great Wall of China",36-45,Larga(8-10h),Medio,Lento,Media,Excelente,Media
"History, Architecture",False,Machu Picchu,Machu Picchu,46-55,Media(5-7h),Alto,Lento,Alta,Excelente,Alta
Art,False,Eiffel Tower,"Machu Picchu, Great Wall of China, Eiffel Tower",46-55,Media(5-7h),Medio,Lento,Alta,Excelente,Media
"History, Cultural, Nature",False,Taj Mahal,Machu Picchu,56+,Corta(1-4h),Medio,Rápido,Media,Excelente,Media
Architecture,False,Taj Mahal,Great Wall of China,26-35,Corta(1-4h),Bajo,Rápido,Media,Buena,Media
"Architecture, Art",False,Colosseum,"Great Wall of China, Eiffel Tower",18-25,Media(5-7h),Alto,Lento,Media,Buena,Alta
"Cultural, Art",False,Machu Picchu,"Machu Picchu, Great Wall of China",36-45,Media(5-7h),Bajo,Normal,Media,Excelente,Media
Architecture,True,Eiffel Tower,"Taj Mahal, Eiffel Tower",56+,Larga(8-10h),Alto,Lento,Alta,Buena,Alta
"Cultural, Architecture, History",True,Colosseum,Colosseum,46-55,Corta(1-4h),Alto,Lento,Media,Excelente,Alta
Nature,False,Great Wall of China,Taj Mahal,26-35,Media(5-7h),Alto,Normal,Media,Buena,Alta
"Art, Cultural",False,Machu Picchu,"Taj Mahal, Machu Picchu, Colosseum",36-45,Corta(1-4h),Bajo,Normal,Media,Buena,Media
Architecture,True,Great Wall of China,"Taj Mahal, Eiffel Tower",46-55,Media(5-7h),Alto,Lento,Media,Buena,Alta
"Cultural, Architecture, Nature",True,Great Wall of China,Colosseum,56+,Larga(8-10h),Bajo,Lento,Alta,Buena,Media
"Art, Architecture",True,Taj Mahal,"Machu Picchu, Great Wall of China",36-45,Media(5-7h),Medio,Lento,Media,Excelente,Media
History,True,Eiffel Tower,Colosseum,26-35,Media(5-7h),Alto,Rápido,Alta,Buena,Alta
"History, Nature, Architecture",False,Machu Picchu,"Colosseum, Great Wall of China",18-25,Corta(1-4h),Bajo,Lento,Media,Buena,Media
"History, Art, Cultural",True,Great Wall of China,"Colosseum, Eiffel Tower",56+,Media(5-7h),Alto,Rápido,Media,Excelente,Alta
"Cultural, Architecture",False,Colosseum,Machu Picchu,36-45,Corta(1-4h),Alto,Rápido,Media,Excelente,Alta
"Art, Architecture, Cultural",True,Great Wall of China,Great Wall of China,26-35,Corta(1-4h),Medio,Lento,Alta,Excelente,Media
"Art, Cultural, History",False,Colosseum,"Eiffel Tower, Taj Mahal, Colosseum",26-35,Media(5-7h),Alto,Normal,Media,Buena,Alta
"History, Nature, Cultural",True,Taj Mahal,"Colosseum, Machu Picchu",56+,Corta(1-4h),Bajo,Rápido,Alta,Buena,Media
Nature,True,Colosseum,"Colosseum, Great Wall of China",18-25,Media(5-7h),Medio,Lento,Media,Excelente,Media
"Architecture, History, Cultural",False,Machu Picchu,"Taj Mahal, Colosseum, Eiffel Tower",46-55,Corta(1-4h),Medio,Lento,Alta,Buena,Media
"Architecture, Cultural, Art",False,Colosseum,Colosseum,46-55,Corta(1-4h),Alto,Rápido,Media,Excelente,Alta
History,False,Taj Mahal,"Taj Mahal, Eiffel Tower",56+,Corta(1-4h),Medio,Lento,Alta,Buena,Media
Art,False,Great Wall of China,Taj Mahal,36-45,Larga(8-10h),Bajo,Normal,Alta,Buena,Media
"Architecture, History, Cultural",False,Eiffel Tower,"Taj Mahal, Machu Picchu, Colosseum",56+,Corta(1-4h),Medio,Lento,Media,Buena,Media
"Cultural, Nature",True,Machu Picchu,"Great Wall of China, Machu Picchu, Colosseum",56+,Media(5-7h),Medio,Rápido,Alta,Excelente,Media
"Nature, Cultural, Art",False,Colosseum,Machu Picchu,36-45,Corta(1-4h),Alto,Normal,Media,Buena,Alta
"Nature, History",False,Taj Mahal,Taj Mahal,56+,Larga(8-10h),Bajo,Rápido,Alta,Buena,Media
Cultural,True,Great Wall of China,Colosseum,36-45,Media(5-7h),Alto,Lento,Media,Buena,Alta
"Nature, Art",True,Great Wall of China,"Machu Picchu, Eiffel Tower",36-45,Larga(8-10h),Medio,Rápido,Alta,Excelente,Media
"Cultural, History, Nature",True,Machu Picchu,"Eiffel Tower, Great Wall of China, Colosseum",18-25,Media(5-7h),Alto,Rápido,Media,Buena,Alta
"Architecture, Nature, History",False,Machu Picchu,"Great Wall of China, Colosseum",26-35,Media(5-7h),Bajo,Normal,Media,Excelente,Media
"Nature, Art",True,Machu Picchu,"Great Wall of China, Colosseum, Taj Mahal",26-35,Corta(1-4h),Medio,Lento,Media,Buena,Media
Cultural,False,Colosseum,"Eiffel Tower, Taj Mahal",18-25,Media(5-7h),Alto,Lento,Media,Excelente,Alta
"Nature, Architecture, History",True,Machu Picchu,"Machu Picchu, Colosseum, Great Wall of China",46-55,Media(5-7h),Alto,Lento,Media,Excelente,Alta
Cultural,True,Eiffel Tower,"Machu Picchu, Eiffel Tower",56+,Media(5-7h),Medio,Rápido,Media,Buena,Media
"History, Nature, Architecture",True,Taj Mahal,"Eiffel Tower, Machu Picchu",36-45,Larga(8-10h),Medio,Lento,Media,Excelente,Media
"Nature, Art, History",False,Great Wall of China,Machu Picchu,36-45,Larga(8-10h),Medio,Normal,Media,Excelente,Media
"Nature, Architecture, History",False,Machu Picchu,"Machu Picchu, Taj Mahal",36-45,Media(5-7h),Alto,Normal,Media,Excelente,Alta
"Nature, Cultural, Architecture",False,Taj Mahal,Colosseum,56+,Corta(1-4h),Alto,Lento,Media,Buena,Alta
"Art, History, Architecture",False,Great Wall of China,"Taj Mahal, Machu Picchu, Eiffel Tower",46-55,Larga(8-10h),Medio,Lento,Alta,Buena,Media
"Architecture, Cultural",False,Machu Picchu,"Colosseum, Taj Mahal",26-35,Media(5-7h),Bajo,Normal,Media,Buena,Media
History,True,Great Wall of China,"Machu Picchu, Colosseum",36-45,Corta(1-4h),Medio,Lento,Media,Excelente,Media
"Cultural, Nature, Architecture",True,Machu Picchu,"Eiffel Tower, Taj Mahal",46-55,Corta(1-4h),Bajo,Lento,Baja,Excelente,Media
"Architecture, Art, Nature",True,Machu Picchu,"Colosseum, Taj Mahal",36-45,Media(5-7h),Medio,Lento,Alta,Excelente,Media
"Cultural, Art, Nature",True,Taj Mahal,"Colosseum, Great Wall of China, Eiffel Tower",18-25,Corta(1-4h),Medio,Lento,Media,Buena,Media
"History, Cultural, Nature",True,Taj Mahal,"Great Wall of China, Eiffel Tower",18-25,Corta(1-4h),Bajo,Rápido,Alta,Buena,Media
"History, Nature, Cultural",True,Colosseum,"Great Wall of China, Taj Mahal",56+,Larga(8-10h),Medio,Rápido,Alta,Excelente,Media
"Architecture, History",True,Eiffel Tower,"Great Wall of China, Colosseum",56+,Corta(1-4h),Bajo,Rápido,Media,Buena,Media
Architecture,True,Taj Mahal,"Machu Picchu, Eiffel Tower",46-55,Media(5-7h),Bajo,Lento,Alta,Buena,Media
"Art, Architecture",True,Machu Picchu,"Machu Picchu, Colosseum, Taj Mahal",56+,Corta(1-4h),Medio,Lento,Alta,Excelente,Media
"Architecture, Cultural, Nature",False,Eiffel Tower,Taj Mahal,26-35,Media(5-7h),Bajo,Normal,Media,Buena,Media
"Architecture, Nature",False,Machu Picchu,"Machu Picchu, Colosseum, Eiffel Tower",26-35,Larga(8-10h),Medio,Normal,Media,Buena,Media
"Nature, Cultural",True,Colosseum,"Great Wall of China, Taj Mahal, Machu Picchu",26-35,Media(5-7h),Bajo,Lento,Media,Excelente,Media
"Nature, Cultural",True,Taj Mahal,"Great Wall of China, Eiffel Tower, Machu Picchu",26-35,Corta(1-4h),Alto,Rápido,Media,Buena,Alta
Art,False,Machu Picchu,Machu Picchu,26-35,Media(5-7h),Bajo,Lento,Media,Excelente,Media
"Architecture, History, Art",False,Colosseum,Great Wall of China,26-35,Larga(8-10h),Bajo,Lento,Media,Buena,Media
"Cultural, Art, Architecture",True,Eiffel Tower,"Colosseum, Eiffel Tower, Machu Picchu",56+,Larga(8-10h),Medio,Lento,Media,Excelente,Media
Architecture,True,Machu Picchu,Great Wall of China,46-55,Corta(1-4h),Bajo,Rápido,Media,Buena,Media
History,True,Eiffel Tower,Great Wall of China,36-45,Corta(1-4h),Medio,Lento,Media,Excelente,Media
"History, Architecture",True,Colosseum,Taj Mahal,26-35,Corta(1-4h),Medio,Lento,Media,Buena,Media
Nature,True,Machu Picchu,"Taj Mahal, Eiffel Tower",26-35,Corta(1-4h),Alto,Normal,Alta,Excelente,Alta
"Cultural, History, Art",False,Eiffel Tower,Great Wall of China,56+,Media(5-7h),Medio,Rápido,Media,Excelente,Media
Nature,False,Machu Picchu,"Machu Picchu, Taj Mahal",36-45,Media(5-7h),Alto,Rápido,Alta,Buena,Alta
"Cultural, Architecture",False,Taj Mahal,"Great Wall of China, Machu Picchu",46-55,Media(5-7h),Alto,Rápido,Alta,Buena,Alta
"Art, Nature, Architecture",False,Eiffel Tower,Colosseum,56+,Corta(1-4h),Medio,Lento,Alta,Excelente,Media
"Architecture, Nature, Art",False,Taj Mahal,"Machu Picchu, Great Wall of China, Eiffel Tower",56+,Media(5-7h),Alto,Lento,Media,Excelente,Alta
Nature,True,Colosseum,"Taj Mahal, Machu Picchu, Colosseum",56+,Media(5-7h),Bajo,Lento,Alta,Buena,Media
"Nature, Architecture, Art",True,Machu Picchu,"Taj Mahal, Eiffel Tower",56+,Media(5-7h),Medio,Lento,Media,Buena,Media
"Cultural, Architecture",False,Machu Picchu,Machu Picchu,18-25,Media(5-7h),Medio,Rápido,Media,Buena,Media
"Art, Nature, History",False,Taj Mahal,"Great Wall of China, Colosseum",56+,Larga(8-10h),Medio,Lento,Media,Regular,Media
"Art, Architecture, Cultural",True,Colosseum,"Great Wall of China, Colosseum",36-45,Media(5-7h),Alto,Rápido,Media,Excelente,Alta
Cultural,True,Taj Mahal,"Colosseum, Eiffel Tower, Great Wall of China",36-45,Larga(8-10h),Alto,Lento,Media,Buena,Alta
History,True,Colosseum,Machu Picchu,36-45,Media(5-7h),Medio,Lento,Media,Excelente,Media
"Nature, Architecture, Art",True,Machu Picchu,"Colosseum, Great Wall of China, Taj Mahal",18-25,Media(5-7h),Medio,Rápido,Media,Buena,Media
"Architecture, Cultural, History",False,Machu Picchu,"Colosseum, Great Wall of China, Machu Picchu",36-45,Corta(1-4h),Medio,Normal,Media,Excelente,Media
"Art, Nature, Cultural",False,Colosseum,Great Wall of China,46-55,Corta(1-4h),Medio,Lento,Media,Buena,Media
Cultural,False,Machu Picchu,"Eiffel Tower, Great Wall of China",36-45,Media(5-7h),Bajo,Lento,Alta,Excelente,Media
"Nature, Cultural, History",False,Great Wall of China,"Taj Mahal, Machu Picchu",56+,Larga(8-10h),Medio,Rápido,Alta,Buena,Media
Nature,False,Machu Picchu,Machu Picchu,56+,Larga(8-10h),Medio,Normal,Media,Excelente,Media
"Nature, Art, History",False,Colosseum,Taj Mahal,56+,Corta(1-4h),Bajo,Lento,Media,Excelente,Media
Art,True,Colosseum,Machu Picchu,26-35,Media(5-7h),Bajo,Rápido,Alta,Excelente,Media
Architecture,False,Colosseum,"Taj Mahal, Great Wall of China",56+,Larga(8-10h),Alto,Lento,Media,Buena,Alta
"History, Art",False,Taj Mahal,"Colosseum, Great Wall of China",36-45,Media(5-7h),Medio,Normal,Alta,Excelente,Media
"Nature, Art, Cultural",True,Eiffel Tower,Colosseum,46-55,Larga(8-10h),Alto,Rápido,Media,Excelente,Alta
"History, Nature, Art",True,Great Wall of China,Eiffel Tower,26-35,Corta(1-4h),Alto,Rápido,Alta,Buena,Alta
Cultural,True,Colosseum,"Machu Picchu, Colosseum",26-35,Corta(1-4h),Medio,Normal,Media,Excelente,Media
Art,True,Taj Mahal,Taj Mahal,26-35,Corta(1-4h),Medio,Lento,Media,Excelente,Media
"Architecture, Nature, History",False,Taj Mahal,Eiffel Tower,46-55,Corta(1-4h),Medio,Normal,Media,Excelente,Media
"Architecture, Cultural",True,Eiffel Tower,"Great Wall of China, Colosseum",46-55,Media(5-7h),Medio,Rápido,Media,Buena,Media
Nature,False,Machu Picchu,"Colosseum, Great Wall of China",36-45,Media(5-7h),Alto,Lento,Alta,Buena,Alta
"Nature, Architecture, History",True,Machu Picchu,Taj Mahal,46-55,Media(5-7h),Medio,Lento,Alta,Buena,Media
Art,False,Great Wall of China,"Eiffel Tower, Taj Mahal, Machu Picchu",46-55,Larga(8-10h),Medio,Rápido,Alta,Excelente,Media
"History, Architecture, Cultural",False,Taj Mahal,"Eiffel Tower, Great Wall of China, Colosseum",56+,Corta(1-4h),Bajo,Lento,Media,Buena,Media
Art,True,Machu Picchu,"Colosseum, Eiffel Tower",36-45,Larga(8-10h),Medio,Normal,Media,Buena,Media
"Art, Nature, Architecture",True,Eiffel Tower,"Machu Picchu, Colosseum",26-35,Corta(1-4h),Alto,Lento,Alta,Excelente,Alta
Nature,False,Taj Mahal,"Colosseum, Machu Picchu, Taj Mahal",18-25,Corta(1-4h),Alto,Normal,Media,Excelente,Alta
"Architecture, Cultural",True,Eiffel Tower,"Eiffel Tower, Taj Mahal",26-35,Media(5-7h),Medio,Lento,Media,Buena,Media
"Architecture, History",False,Eiffel Tower,"Eiffel Tower, Colosseum, Machu Picchu",36-45,Corta(1-4h),Medio,Lento,Baja,Excelente,Media
Cultural,True,Eiffel Tower,Eiffel Tower,18-25,Corta(1-4h),Alto,Rápido,Alta,Buena,Alta
Cultural,False,Machu Picchu,"Colosseum, Great Wall of China",36-45,Larga(8-10h),Medio,Normal,Media,Buena,Media
Cultural,True,Eiffel Tower,"Colosseum, Great Wall of China",18-25,Media(5-7h),Medio,Normal,Media,Buena,Media
"Cultural, History",False,Taj Mahal,Great Wall of China,26-35,Larga(8-10h),Alto,Normal,Media,Excelente,Alta
Cultural,True,Great Wall of China,"Machu Picchu, Colosseum, Great Wall of China",18-25,Media(5-7h),Alto,Lento,Alta,Buena,Alta
"Nature, Architecture",True,Great Wall of China,"Taj Mahal, Eiffel Tower",56+,Larga(8-10h),Medio,Rápido,Media,Excelente,Media
"Nature, Architecture",False,Taj Mahal,Eiffel Tower,36-45,Corta(1-4h),Medio,Rápido,Alta,Excelente,Media
"Nature, History, Architecture",True,Taj Mahal,"Colosseum, Eiffel Tower, Great Wall of China",18-25,Media(5-7h),Alto,Lento,Media,Buena,Alta
"Cultural, History",True,Great Wall of China,"Colosseum, Taj Mahal, Eiffel Tower",18-25,Media(5-7h),Alto,Normal,Alta,Buena,Alta
Cultural,False,Taj Mahal,"Machu Picchu, Eiffel Tower",18-25,Media(5-7h),Bajo,Lento,Media,Buena,Media
"History, Architecture",True,Machu Picchu,Colosseum,56+,Larga(8-10h),Alto,Rápido,Media,Buena,Alta
"Architecture, Nature, Cultural",True,Machu Picchu,Eiffel Tower,46-55,Corta(1-4h),Alto,Rápido,Media,Buena,Alta
"History, Architecture",False,Taj Mahal,"Colosseum, Eiffel Tower, Machu Picchu",36-45,Corta(1-4h),Medio,Normal,Alta,Buena,Media
"Architecture, Art",True,Colosseum,"Great Wall of China, Colosseum, Taj Mahal",26-35,Corta(1-4h),Alto,Lento,Media,Buena,Alta
Art,True,Taj Mahal,"Machu Picchu, Taj Mahal, Great Wall of China",36-45,Corta(1-4h),Bajo,Rápido,Media,Excelente,Media
"Art, History, Cultural",False,Eiffel Tower,"Colosseum, Machu Picchu",46-55,Larga(8-10h),Medio,Lento,Media,Excelente,Alta
"Art, Architecture, History",True,Taj Mahal,"Eiffel Tower, Great Wall of China, Taj Mahal",56+,Media(5-7h),Alto,Normal,Media,Excelente,Alta
"Cultural, Architecture, Art",True,Eiffel Tower,Machu Picchu,26-35,Larga(8-10h),Bajo,Normal,Media,Excelente,Media
"Architecture, Art, History",False,Great Wall of China,Eiffel Tower,36-45,Larga(8-10h),Medio,Rápido,Media,Buena,Media
"Art, History",False,Great Wall of China,"Colosseum, Machu Picchu, Taj Mahal",46-55,Media(5-7h),Alto,Normal,Media,Excelente,Alta
Architecture,True,Colosseum,Great Wall of China,46-55,Media(5-7h),Medio,Rápido,Media,Excelente,Media
"Cultural, Art",True,Taj Mahal,"Colosseum, Eiffel Tower",46-55,Media(5-7h),Medio,Rápido,Baja,Excelente,Media
Architecture,True,Eiffel Tower,"Great Wall of China, Machu Picchu, Colosseum",56+,Media(5-7h),Alto,Lento,Media,Buena,Alta
"History, Art, Cultural",False,Great Wall of China,"Colosseum, Eiffel Tower",18-25,Corta(1-4h),Alto,Lento,Baja,Buena,Alta
"Architecture, Art, Cultural",False,Machu Picchu,"Taj Mahal, Eiffel Tower, Colosseum",18-25,Corta(1-4h),Medio,Normal,Alta,Excelente,Media
"Architecture, Nature",True,Machu Picchu,"Eiffel Tower, Great Wall of China",36-45,Corta(1-4h),Bajo,Lento,Media,Buena,Media
"Nature, Art, Architecture",False,Eiffel Tower,Machu Picchu,18-25,Media(5-7h),Medio,Lento,Alta,Buena,Media
"History, Nature, Art",False,Taj Mahal,"Taj Mahal, Great Wall of China, Machu Picchu",36-45,Media(5-7h),Bajo,Normal,Alta,Excelente,Media
"Cultural, Nature",False,Great Wall of China,Machu Picchu,56+,Corta(1-4h),Bajo,Lento,Alta,Buena,Media
Architecture,False,Colosseum,"Great Wall of China, Taj Mahal",46-55,Corta(1-4h),Alto,Rápido,Media,Excelente,Alta
"Cultural, Nature, Art",True,Eiffel Tower,"Eiffel Tower, Machu Picchu",46-55,Corta(1-4h),Alto,Normal,Media,Buena,Alta
"Architecture, Art, History",False,Machu Picchu,"Taj Mahal, Machu Picchu",56+,Media(5-7h),Alto,Lento,Media,Buena,Alta
History,False,Machu Picchu,"Eiffel Tower, Colosseum",18-25,Larga(8-10h),Alto,Normal,Media,Excelente,Alta
Architecture,True,Machu Picchu,"Eiffel Tower, Machu Picchu",46-55,Media(5-7h),Medio,Normal,Alta,Excelente,Media
Architecture,True,Taj Mahal,Colosseum,56+,Media(5-7h),Bajo,Rápido,Media,Buena,Media
"Art, Nature",False,Colosseum,"Colosseum, Eiffel Tower",36-45,Corta(1-4h),Alto,Normal,Media,Excelente,Alta
"Nature, Art, Cultural",False,Great Wall of China,"Great Wall of China, Taj Mahal, Eiffel Tower",36-45,Media(5-7h),Bajo,Normal,Baja,Excelente,Media
"Art, Cultural",True,Taj Mahal,"Great Wall of China, Machu Picchu, Colosseum",18-25,Corta(1-4h),Medio,Lento,Alta,Excelente,Media
"Architecture, Nature",False,Taj Mahal,"Colosseum, Machu Picchu",56+,Corta(1-4h),Bajo,Lento,Media,Excelente,Media
"Nature, Art, History",True,Great Wall of China,"Great Wall of China, Eiffel Tower",18-25,Corta(1-4h),Alto,Lento,Alta,Excelente,Alta
Cultural,False,Taj Mahal,"Eiffel Tower, Colosseum, Great Wall of China",26-35,Media(5-7h),Medio,Rápido,Media,Buena,Media
"Cultural, Art",True,Great Wall of China,"Colosseum, Eiffel Tower",36-45,Media(5-7h),Bajo,Rápido,Media,Excelente,Media
Art,False,Great Wall of China,"Machu Picchu, Eiffel Tower",46-55,Media(5-7h),Alto,Rápido,Alta,Buena,Alta
"Cultural, History, Art",False,Colosseum,"Great Wall of China, Taj Mahal",56+,Media(5-7h),Medio,Normal,Media,Excelente,Media
"Nature, History, Cultural",False,Great Wall of China,"Machu Picchu, Eiffel Tower",26-35,Media(5-7h),Alto,Rápido,Baja,Excelente,Alta
"Architecture, Cultural",True,Taj Mahal,"Great Wall of China, Eiffel Tower, Machu Picchu",56+,Media(5-7h),Medio,Lento,Media,Buena,Media
"Architecture, Cultural, Nature",False,Great Wall of China,"Machu Picchu, Great Wall of China",36-45,Larga(8-10h),Alto,Normal,Media,Buena,Alta
Nature,False,Machu Picchu,"Great Wall of China, Machu Picchu, Taj Mahal",56+,Media(5-7h),Alto,Lento,Alta,Excelente,Alta
"Architecture, History, Art",False,Great Wall of China,"Eiffel Tower, Machu Picchu, Colosseum",18-25,Media(5-7h),Alto,Rápido,Alta,Regular,Alta
History,False,Taj Mahal,"Taj Mahal, Machu Picchu, Great Wall of China",36-45,Media(5-7h),Alto,Normal,Alta,Buena,Alta
History,False,Taj Mahal,"Colosseum, Machu Picchu, Great Wall of China",26-35,Corta(1-4h),Alto,Rápido,Media,Buena,Alta
"Art, Architecture",False,Taj Mahal,"Machu Picchu, Colosseum",36-45,Media(5-7h),Medio,Normal,Media,Excelente,Media
"Art, History",False,Eiffel Tower,"Eiffel Tower, Colosseum",46-55,Corta(1-4h),Bajo,Normal,Alta,Excelente,Media
"History, Nature",False,Taj Mahal,Machu Picchu,56+,Corta(1-4h),Medio,Rápido,Baja,Buena,Media
"History, Architecture, Cultural",False,Taj Mahal,"Machu Picchu, Eiffel Tower, Great Wall of China",56+,Media(5-7h),Bajo,Normal,Alta,Excelente,Media
"Art, History",True,Taj Mahal,"Great Wall of China, Taj Mahal",46-55,Larga(8-10h),Medio,Lento,Alta,Excelente,Media
History,True,Colosseum,Taj Mahal,46-55,Media(5-7h),Medio,Lento,Media,Excelente,Media
Nature,True,Taj Mahal,"Eiffel Tower, Colosseum",46-55,Media(5-7h),Medio,Lento,Media,Buena,Media
"Nature, Architecture, Cultural",True,Taj Mahal,"Machu Picchu, Eiffel Tower, Great Wall of China",18-25,Media(5-7h),Medio,Lento,Alta,Excelente,Media
"Nature, Cultural, Architecture",False,Eiffel Tower,"Machu Picchu, Taj Mahal, Great Wall of China",36-45,Media(5-7h),Alto,Lento,Alta,Excelente,Alta
History,True,Taj Mahal,"Taj Mahal, Machu Picchu, Eiffel Tower",26-35,Corta(1-4h),Medio,Rápido,Media,Excelente,Media
"Architecture, Art",False,Machu Picchu,"Eiffel Tower, Great Wall of China",56+,Corta(1-4h),Medio,Lento,Alta,Regular,Media
"Architecture, Nature, Cultural",False,Eiffel Tower,"Taj Mahal, Eiffel Tower, Machu Picchu",56+,Media(5-7h),Medio,Rápido,Media,Buena,Media
"History, Nature",True,Eiffel Tower,Taj Mahal,36-45,Larga(8-10h),Alto,Lento,Media,Excelente,Alta
Art,False,Taj Mahal,"Taj Mahal, Colosseum",26-35,Media(5-7h),Bajo,Lento,Alta,Excelente,Media
Nature,False,Great Wall of China,Great Wall of China,18-25,Larga(8-10h),Bajo,Lento,Alta,Buena,Media
"Nature, Cultural, Architecture",False,Great Wall of China,"Colosseum, Taj Mahal",18-25,Larga(8-10h),Alto,Normal,Media,Excelente,Alta
"History, Architecture",True,Colosseum,"Machu Picchu, Colosseum, Eiffel Tower",36-45,Corta(1-4h),Alto,Lento,Media,Excelente,Alta
"Nature, Art, Cultural",False,Eiffel Tower,Eiffel Tower,18-25,Corta(1-4h),Alto,Rápido,Alta,Buena,Alta
"Nature, Art",False,Great Wall of China,"Taj Mahal, Colosseum, Eiffel Tower",56+,Media(5-7h),Medio,Lento,Alta,Excelente,Media
History,False,Taj Mahal,"Colosseum, Taj Mahal, Machu Picchu",36-45,Corta(1-4h),Medio,Rápido,Media,Buena,Media
Cultural,True,Machu Picchu,"Machu Picchu, Eiffel Tower",18-25,Larga(8-10h),Bajo,Rápido,Media,Excelente,Media
"Architecture, Nature",False,Great Wall of China,Great Wall of China,56+,Media(5-7h),Medio,Normal,Media,Buena,Media
Nature,True,Great Wall of China,Eiffel Tower,18-25,Larga(8-10h),Alto,Lento,Alta,Excelente,Alta
"Art, Cultural",True,Colosseum,"Great Wall of China, Colosseum",56+,Media(5-7h),Medio,Rápido,Media,Excelente,Media
Cultural,False,Colosseum,"Machu Picchu, Eiffel Tower",46-55,Media(5-7h),Alto,Normal,Media,Buena,Alta
"Nature, History, Art",False,Machu Picchu,Machu Picchu,36-45,Corta(1-4h),Alto,Normal,Alta,Buena,Alta
"History, Art",False,Machu Picchu,"Colosseum, Eiffel Tower, Machu Picchu",18-25,Larga(8-10h),Medio,Rápido,Alta,Buena,Media
Art,False,Machu Picchu,"Eiffel Tower, Colosseum, Taj Mahal",26-35,Corta(1-4h),Medio,Lento,Alta,Buena,Media
"Art, History",True,Taj Mahal,Machu Picchu,36-45,Larga(8-10h),Bajo,Normal,Alta,Buena,Media
"Architecture, Art",False,Machu Picchu,Taj Mahal,18-25,Media(5-7h),Medio,Rápido,Media,Buena,Media
"Art, Nature",True,Eiffel Tower,"Great Wall of China, Machu Picchu",26-35,Media(5-7h),Medio,Lento,Alta,Excelente,Media
Cultural,True,Great Wall of China,Taj Mahal,18-25,Corta(1-4h),Medio,Lento,Media,Excelente,Media
Cultural,False,Taj Mahal,Colosseum,36-45,Media(5-7h),Alto,Lento,Media,Buena,Alta
History,True,Great Wall of China,"Taj Mahal, Eiffel Tower",18-25,Media(5-7h),Medio,Rápido,Media,Excelente,Media
Cultural,True,Great Wall of China,Colosseum,36-45,Larga(8-10h),Alto,Normal,Media,Buena,Alta
Cultural,False,Great Wall of China,"Colosseum, Eiffel Tower",46-55,Corta(1-4h),Medio,Rápido,Media,Excelente,Media
Art,False,Great Wall of China,"Machu Picchu, Colosseum",36-45,Media(5-7h),Bajo,Normal,Media,Buena,Media
"Cultural, Art, Architecture",True,Great Wall of China,"Colosseum, Eiffel Tower",36-45,Corta(1-4h),Bajo,Rápido,Alta,Excelente,Media
History,True,Taj Mahal,Eiffel Tower,26-35,Media(5-7h),Alto,Rápido,Media,Buena,Alta
"Nature, Art",True,Eiffel Tower,Machu Picchu,46-55,Media(5-7h),Medio,Lento,Media,Buena,Media
"Architecture, Nature, History",False,Eiffel Tower,"Great Wall of China, Machu Picchu, Colosseum",26-35,Media(5-7h),Alto,Normal,Media,Buena,Alta
"History, Nature",False,Eiffel Tower,"Colosseum, Eiffel Tower",26-35,Media(5-7h),Bajo,Rápido,Alta,Buena,Media
Nature,False,Taj Mahal,"Colosseum, Machu Picchu",46-55,Media(5-7h),Medio,Lento,Media,Excelente,Media
"History, Art",True,Colosseum,"Great Wall of China, Taj Mahal, Eiffel Tower",56+,Corta(1-4h),Medio,Lento,Media,Buena,Media
"Cultural, History, Art",True,Colosseum,"Machu Picchu, Great Wall of China, Eiffel Tower",56+,Corta(1-4h),Medio,Lento,Media,Excelente,Media
"Cultural, Art, Nature",True,Machu Picchu,"Great Wall of China, Colosseum",26-35,Media(5-7h),Bajo,Lento,Media,Excelente,Media
Cultural,True,Machu Picchu,Eiffel Tower,56+,Media(5-7h),Alto,Lento,Media,Buena,Alta
History,False,Eiffel Tower,Taj Mahal,18-25,Media(5-7h),Alto,Normal,Alta,Excelente,Alta
"History, Architecture, Nature",True,Colosseum,"Eiffel Tower, Great Wall of China, Machu Picchu",46-55,Larga(8-10h),Alto,Lento,Media,Excelente,Alta
"History, Cultural",False,Colosseum,Colosseum,56+,Media(5-7h),Alto,Normal,Alta,Buena,Alta
Cultural,True,Great Wall of China,"Machu Picchu, Colosseum, Taj Mahal",36-45,Media(5-7h),Bajo,Rápido,Media,Regular,Media
Art,True,Colosseum,"Great Wall of China, Machu Picchu",56+,Corta(1-4h),Bajo,Normal,Alta,Excelente,Media
Art,False,Great Wall of China,Great Wall of China,46-55,Media(5-7h),Bajo,Normal,Alta,Buena,Media
Nature,False,Colosseum,"Machu Picchu, Colosseum, Taj Mahal",46-55,Corta(1-4h),Bajo,Rápido,Media,Buena,Media
"Art, Nature, History",True,Colosseum,"Machu Picchu, Great Wall of China, Eiffel Tower",56+,Media(5-7h),Alto,Lento,Baja,Excelente,Alta
Nature,True,Great Wall of China,"Taj Mahal, Great Wall of China, Machu Picchu",18-25,Larga(8-10h),Alto,Normal,Media,Excelente,Alta
Nature,False,Colosseum,"Colosseum, Eiffel Tower, Machu Picchu",56+,Corta(1-4h),Alto,Normal,Alta,Excelente,Alta
History,False,Eiffel Tower,Eiffel Tower,36-45,Corta(1-4h),Medio,Normal,Media,Buena,Media
Architecture,False,Colosseum,"Colosseum, Eiffel Tower, Machu Picchu",56+,Media(5-7h),Alto,Normal,Media,Excelente,Alta
"Art, Nature",False,Colosseum,"Machu Picchu, Eiffel Tower, Great Wall of China",18-25,Media(5-7h),Alto,Lento,Media,Excelente,Alta
"Nature, Architecture, Art",True,Machu Picchu,Taj Mahal,46-55,Media(5-7h),Medio,Rápido,Media,Buena,Media
Cultural,False,Eiffel Tower,"Eiffel Tower, Machu Picchu",26-35,Corta(1-4h),Medio,Lento,Alta,Buena,Media
Cultural,True,Machu Picchu,Eiffel Tower,26-35,Corta(1-4h),Bajo,Rápido,Alta,Buena,Media
"Nature, Architecture, Cultural",False,Great Wall of China,"Colosseum, Great Wall of China",18-25,Media(5-7h),Alto,Lento,Media,Buena,Alta
"Nature, Architecture, History",True,Eiffel Tower,"Colosseum, Eiffel Tower, Great Wall of China",56+,Media(5-7h),Medio,Lento,Media,Buena,Media
Nature,True,Great Wall of China,"Colosseum, Great Wall of China, Taj Mahal",18-25,Corta(1-4h),Medio,Lento,Alta,Excelente,Media
Art,True,Eiffel Tower,"Machu Picchu, Taj Mahal, Great Wall of China",46-55,Corta(1-4h),Bajo,Lento,Media,Buena,Media
"Cultural, Nature, Architecture",True,Taj Mahal,"Eiffel Tower, Colosseum",46-55,Media(5-7h),Alto,Rápido,Media,Buena,Alta
Art,False,Great Wall of China,"Great Wall of China, Machu Picchu",26-35,Media(5-7h),Bajo,Lento,Media,Buena,Media
"History, Cultural",True,Eiffel Tower,"Machu Picchu, Taj Mahal, Great Wall of China",46-55,Media(5-7h),Medio,Lento,Baja,Buena,Alta
"Cultural, Architecture, Art",True,Great Wall of China,"Taj Mahal, Great Wall of China",56+,Larga(8-10h),Medio,Lento,Alta,Regular,Media
"History, Art, Cultural",True,Colosseum,Great Wall of China,46-55,Larga(8-10h),Bajo,Normal,Media,Excelente,Media
"Architecture, Art",True,Machu Picchu,Eiffel Tower,56+,Media(5-7h),Bajo,Normal,Alta,Buena,Media
"Cultural, Architecture, Art",False,Machu Picchu,Eiffel Tower,26-35,Media(5-7h),Alto,Lento,Media,Buena,Alta
"Nature, Art",True,Machu Picchu,"Machu Picchu, Eiffel Tower",56+,Corta(1-4h),Medio,Normal,Media,Buena,Media
"History, Architecture",False,Eiffel Tower,Colosseum,36-45,Corta(1-4h),Alto,Lento,Media,Excelente,Alta
History,True,Eiffel Tower,"Colosseum, Machu Picchu, Taj Mahal",56+,Corta(1-4h),Medio,Rápido,Media,Regular,Media
"Nature, History",True,Taj Mahal,Taj Mahal,46-55,Media(5-7h),Alto,Normal,Alta,Buena,Alta
History,True,Colosseum,"Great Wall of China, Taj Mahal, Eiffel Tower",56+,Media(5-7h),Bajo,Rápido,Media,Buena,Media
"Nature, Cultural",True,Eiffel Tower,Taj Mahal,26-35,Media(5-7h),Bajo,Lento,Media,Buena,Media
Nature,True,Eiffel Tower,"Colosseum, Great Wall of China",56+,Media(5-7h),Medio,Rápido,Media,Excelente,Media
Nature,True,Taj Mahal,"Great Wall of China, Eiffel Tower, Machu Picchu",46-55,Media(5-7h),Alto,Lento,Media,Regular,Alta
"Art, History, Architecture",True,Colosseum,Taj Mahal,46-55,Media(5-7h),Alto,Rápido,Media,Buena,Alta
Nature,False,Taj Mahal,Eiffel Tower,56+,Corta(1-4h),Medio,Normal,Media,Buena,Media
"Architecture, History",False,Great Wall of China,Machu Picchu,46-55,Corta(1-4h),Bajo,Lento,Baja,Buena,Media
"Cultural, History, Nature",False,Great Wall of China,"Taj Mahal, Great Wall of China",36-45,Media(5-7h),Medio,Normal,Media,Excelente,Media
"Cultural, Nature",True,Great Wall of China,"Eiffel Tower, Machu Picchu",26-35,Corta(1-4h),Bajo,Normal,Alta,Excelente,Media
"Cultural, History, Art",False,Machu Picchu,Colosseum,56+,Media(5-7h),Medio,Normal,Baja,Buena,Alta
"Cultural, Architecture",False,Machu Picchu,Eiffel Tower,36-45,Media(5-7h),Alto,Lento,Media,Buena,Alta
"Cultural, Architecture",True,Eiffel Tower,"Machu Picchu, Great Wall of China, Colosseum",56+,Media(5-7h),Alto,Rápido,Alta,Excelente,Alta
History,False,Machu Picchu,Taj Mahal,56+,Larga(8-10h),Alto,Rápido,Media,Buena,Alta
"History, Art, Nature",False,Eiffel Tower,Taj Mahal,46-55,Corta(1-4h),Medio,Normal,Alta,Buena,Media
"History, Architecture",True,Colosseum,Colosseum,26-35,Media(5-7h),Alto,Lento,Media,Buena,Alta
Architecture,True,Colosseum,"Machu Picchu, Great Wall of China, Colosseum",46-55,Corta(1-4h),Medio,Normal,Media,Buena,Media
"Cultural, Nature, Architecture",False,Machu Picchu,"Machu Picchu, Taj Mahal, Great Wall of China",36-45,Media(5-7h),Medio,Lento,Media,Buena,Media
Architecture,True,Taj Mahal,"Taj Mahal, Eiffel Tower, Machu Picchu",56+,Corta(1-4h),Medio,Normal,Media,Excelente,Media
"Architecture, Nature",True,Great Wall of China,"Great Wall of China, Machu Picchu",56+,Media(5-7h),Medio,Lento,Media,Excelente,Alta
"Cultural, History, Architecture",True,Great Wall of China,"Taj Mahal, Colosseum",18-25,Corta(1-4h),Medio,Lento,Alta,Excelente,Media
"Nature, History",True,Eiffel Tower,"Machu Picchu, Taj Mahal, Eiffel Tower",26-35,Corta(1-4h),Bajo,Normal,Media,Buena,Media
"History, Art",False,Taj Mahal,"Taj Mahal, Great Wall of China",56+,Corta(1-4h),Alto,Rápido,Media,Excelente,Alta
"Art, Architecture, Cultural",False,Taj Mahal,"Taj Mahal, Machu Picchu, Eiffel Tower",36-45,Media(5-7h),Medio,Lento,Media,Excelente,Media
"Architecture, Art",False,Colosseum,"Great Wall of China, Colosseum, Machu Picchu",18-25,Media(5-7h),Bajo,Lento,Media,Excelente,Media
"Art, Cultural",True,Colosseum,"Eiffel Tower, Machu Picchu, Taj Mahal",56+,Corta(1-4h),Alto,Normal,Media,Excelente,Alta
"Nature, Architecture",True,Colosseum,"Eiffel Tower, Machu Picchu",46-55,Larga(8-10h),Alto,Lento,Media,Excelente,Alta
Art,True,Machu Picchu,"Colosseum, Eiffel Tower",46-55,Media(5-7h),Medio,Rápido,Media,Regular,Media
Nature,False,Machu Picchu,"Colosseum, Eiffel Tower, Taj Mahal",36-45,Media(5-7h),Bajo,Normal,Baja,Buena,Media
"Art, Cultural",True,Great Wall of China,"Colosseum, Taj Mahal",26-35,Media(5-7h),Alto,Rápido,Alta,Excelente,Alta
History,True,Machu Picchu,"Great Wall of China, Taj Mahal, Machu Picchu",18-25,Corta(1-4h),Alto,Lento,Alta,Buena,Alta
"History, Art, Nature",False,Colosseum,Machu Picchu,46-55,Larga(8-10h),Alto,Lento,Media,Buena,Alta
"History, Cultural",False,Great Wall of China,"Great Wall of China, Taj Mahal",26-35,Media(5-7h),Medio,Lento,Media,Excelente,Media
"Nature, Architecture",True,Taj Mahal,"Eiffel Tower, Colosseum, Machu Picchu",46-55,Corta(1-4h),Alto,Lento,Media,Buena,Alta
"Art, Nature, Cultural",False,Great Wall of China,"Colosseum, Great Wall of China",56+,Corta(1-4h),Bajo,Normal,Media,Excelente,Media
"Cultural, Nature, Architecture",False,Machu Picchu,Eiffel Tower,26-35,Media(5-7h),Alto,Normal,Alta,Excelente,Alta
"Nature, Art, Architecture",True,Machu Picchu,Machu Picchu,46-55,Corta(1-4h),Medio,Rápido,Media,Buena,Media
History,False,Great Wall of China,"Great Wall of China, Eiffel Tower",56+,Media(5-7h),Alto,Normal,Media,Regular,Alta
History,True,Great Wall of China,Colosseum,26-35,Corta(1-4h),Medio,Rápido,Alta,Buena,Media
Nature,True,Taj Mahal,Great Wall of China,56+,Corta(1-4h),Medio,Lento,Alta,Excelente,Media
"Nature, Cultural",False,Machu Picchu,"Machu Picchu, Eiffel Tower, Colosseum",26-35,Larga(8-10h),Medio,Lento,Alta,Buena,Media
"Cultural, Nature, Architecture",False,Taj Mahal,Eiffel Tower,36-45,Media(5-7h),Bajo,Rápido,Media,Buena,Media
Nature,True,Great Wall of China,Great Wall of China,46-55,Larga(8-10h),Alto,Lento,Alta,Excelente,Alta
Cultural,False,Colosseum,Eiffel Tower,26-35,Media(5-7h),Medio,Rápido,Media,Buena,Media
"Art, Nature",True,Great Wall of China,"Eiffel Tower, Great Wall of China",46-55,Larga(8-10h),Alto,Rápido,Alta,Excelente,Alta
"Art, Architecture, Nature",False,Great Wall of China,"Great Wall of China, Eiffel Tower",36-45,Corta(1-4h),Medio,Lento,Media,Excelente,Media
History,True,Eiffel Tower,Eiffel Tower,26-35,Corta(1-4h),Bajo,Normal,Media,Buena,Media
Nature,True,Taj Mahal,Machu Picchu,36-45,Media(5-7h),Bajo,Rápido,Media,Buena,Media
"History, Nature, Cultural",False,Eiffel Tower,"Eiffel Tower, Machu Picchu",46-55,Larga(8-10h),Bajo,Lento,Alta,Excelente,Media
"Art, Nature, Cultural",True,Machu Picchu,"Machu Picchu, Great Wall of China",36-45,Corta(1-4h),Alto,Lento,Alta,Buena,Alta
Nature,False,Great Wall of China,"Great Wall of China, Machu Picchu, Taj Mahal",18-25,Media(5-7h),Medio,Rápido,Media,Buena,Media
"Art, Cultural, History",True,Great Wall of China,"Machu Picchu, Colosseum, Eiffel Tower",26-35,Larga(8-10h),Medio,Normal,Media,Buena,Media
"Cultural, History, Architecture",True,Taj Mahal,"Great Wall of China, Colosseum, Taj Mahal",36-45,Media(5-7h),Medio,Lento,Media,Excelente,Media
"Cultural, History, Art",False,Taj Mahal,Colosseum,56+,Media(5-7h),Alto,Normal,Media,Excelente,Alta
Cultural,True,Machu Picchu,Great Wall of China,56+,Media(5-7h),Alto,Normal,Media,Buena,Alta
Nature,True,Colosseum,Taj Mahal,26-35,Media(5-7h),Medio,Rápido,Alta,Excelente,Media
"Art, History, Nature",True,Taj Mahal,"Eiffel Tower, Great Wall of China, Machu Picchu",26-35,Corta(1-4h),Medio,Rápido,Alta,Excelente,Media
"Architecture, Nature, Cultural",True,Eiffel Tower,"Great Wall of China, Eiffel Tower, Colosseum",46-55,Media(5-7h),Medio,Normal,Media,Buena,Media
"Architecture, Nature",False,Machu Picchu,"Great Wall of China, Machu Picchu",26-35,Corta(1-4h),Medio,Lento,Media,Excelente,Media
"History, Cultural, Art",True,Machu Picchu,"Great Wall of China, Machu Picchu",46-55,Larga(8-10h),Bajo,Rápido,Alta,Buena,Media
"Nature, Architecture",False,Great Wall of China,"Colosseum, Eiffel Tower, Great Wall of China",26-35,Media(5-7h),Medio,Normal,Alta,Excelente,Media
"Art, Architecture, Cultural",False,Machu Picchu,"Taj Mahal, Eiffel Tower",46-55,Larga(8-10h),Bajo,Lento,Alta,Buena,Media
"Cultural, Architecture, History",True,Taj Mahal,"Machu Picchu, Great Wall of China, Taj Mahal",46-55,Media(5-7h),Alto,Lento,Media,Excelente,Alta
History,True,Machu Picchu,Colosseum,18-25,Corta(1-4h),Alto,Lento,Media,Excelente,Alta
Cultural,False,Machu Picchu,"Colosseum, Machu Picchu, Taj Mahal",26-35,Media(5-7h),Medio,Lento,Media,Buena,Alta
"Nature, Cultural, Art",False,Machu Picchu,Machu Picchu,26-35,Corta(1-4h),Medio,Rápido,Alta,Excelente,Media
"History, Art",False,Great Wall of China,"Eiffel Tower, Machu Picchu, Colosseum",56+,Corta(1-4h),Alto,Rápido,Media,Excelente,Alta
"Cultural, History, Art",True,Machu Picchu,Great Wall of China,26-35,Media(5-7h),Medio,Rápido,Media,Excelente,Media
"Art, Cultural",False,Eiffel Tower,"Taj Mahal, Eiffel Tower",26-35,Media(5-7h),Alto,Lento,Baja,Excelente,Alta
Art,False,Great Wall of China,Colosseum,56+,Media(5-7h),Medio,Lento,Media,Buena,Media
History,True,Taj Mahal,Taj Mahal,18-25,Media(5-7h),Medio,Lento,Alta,Buena,Media
"Architecture, History",True,Taj Mahal,Taj Mahal,26-35,Corta(1-4h),Alto,Normal,Media,Excelente,Alta
"Nature, History",True,Colosseum,Machu Picchu,56+,Corta(1-4h),Bajo,Lento,Media,Buena,Media
"Cultural, Nature",False,Great Wall of China,"Eiffel Tower, Machu Picchu",26-35,Media(5-7h),Medio,Lento,Media,Regular,Media
"History, Nature, Art",True,Taj Mahal,"Taj Mahal, Great Wall of China",46-55,Media(5-7h),Bajo,Lento,Alta,Buena,Media
"Architecture, Cultural, History",False,Colosseum,"Great Wall of China, Taj Mahal",56+,Corta(1-4h),Medio,Normal,Media,Buena,Media
History,False,Great Wall of China,"Eiffel Tower, Taj Mahal",18-25,Media(5-7h),Medio,Lento,Media,Buena,Media
"History, Nature, Cultural",True,Great Wall of China,"Colosseum, Great Wall of China, Machu Picchu",56+,Media(5-7h),Alto,Normal,Media,Buena,Alta
Cultural,False,Colosseum,Colosseum,56+,Corta(1-4h),Alto,Lento,Media,Buena,Alta
Cultural,True,Machu Picchu,"Taj Mahal, Eiffel Tower",56+,Corta(1-4h),Alto,Lento,Alta,Buena,Alta
"History, Cultural, Art",True,Great Wall of China,"Colosseum, Eiffel Tower, Great Wall of China",46-55,Corta(1-4h),Medio,Lento,Media,Excelente,Media
"Cultural, Nature, History",False,Colosseum,Great Wall of China,26-35,Corta(1-4h),Alto,Normal,Alta,Excelente,Alta
Cultural,False,Colosseum,"Eiffel Tower, Colosseum",26-35,Larga(8-10h),Bajo,Lento,Media,Buena,Media
"History, Cultural",False,Eiffel Tower,"Great Wall of China, Taj Mahal, Machu Picchu",36-45,Corta(1-4h),Alto,Normal,Media,Buena,Alta
"Architecture, Nature, History",False,Eiffel Tower,"Colosseum, Taj Mahal",26-35,Media(5-7h),Alto,Lento,Media,Excelente,Alta
"History, Nature",True,Taj Mahal,"Eiffel Tower, Colosseum, Machu Picchu",46-55,Corta(1-4h),Bajo,Lento,Media,Buena,Media
Art,False,Great Wall of China,"Taj Mahal, Eiffel Tower",46-55,Media(5-7h),Alto,Normal,Media,Buena,Alta
"Architecture, Art",True,Colosseum,Colosseum,26-35,Media(5-7h),Bajo,Normal,Media,Excelente,Media
"Cultural, Nature",False,Colosseum,"Great Wall of China, Taj Mahal, Eiffel Tower",46-55,Media(5-7h),Medio,Lento,Baja,Buena,Media
"History, Architecture",True,Eiffel Tower,Machu Picchu,36-45,Media(5-7h),Medio,Rápido,Media,Excelente,Media
"Nature, History, Art",False,Great Wall of China,"Taj Mahal, Eiffel Tower, Machu Picchu",18-25,Larga(8-10h),Medio,Lento,Media,Excelente,Media
"Architecture, Nature, Art",False,Machu Picchu,"Machu Picchu, Great Wall of China",56+,Corta(1-4h),Alto,Rápido,Media,Buena,Alta
"History, Architecture, Art",True,Machu Picchu,"Great Wall of China, Eiffel Tower, Taj Mahal",46-55,Corta(1-4h),Alto,Rápido,Alta,Buena,Alta
"History, Cultural, Nature",True,Taj Mahal,"Taj Mahal, Great Wall of China",46-55,Corta(1-4h),Alto,Rápido,Media,Buena,Alta
"Art, Nature, Architecture",True,Great Wall of China,"Machu Picchu, Eiffel Tower, Taj Mahal",26-35,Media(5-7h),Alto,Normal,Alta,Excelente,Alta
"Cultural, Architecture, Art",True,Eiffel Tower,"Taj Mahal, Machu Picchu, Eiffel Tower",26-35,Corta(1-4h),Alto,Normal,Alta,Excelente,Alta
"Nature, Architecture",True,Machu Picchu,"Colosseum, Taj Mahal, Machu Picchu",18-25,Larga(8-10h),Medio,Normal,Media,Excelente,Media
Architecture,False,Eiffel Tower,"Machu Picchu, Eiffel Tower, Taj Mahal",56+,Media(5-7h),Alto,Lento,Alta,Excelente,Alta
"History, Architecture",False,Great Wall of China,Machu Picchu,46-55,Larga(8-10h),Medio,Normal,Alta,Excelente,Media
"Art, History",False,Great Wall of China,"Great Wall of China, Taj Mahal, Eiffel Tower",56+,Larga(8-10h),Medio,Rápido,Alta,Buena,Media
"Cultural, Art",True,Colosseum,Taj Mahal,18-25,Media(5-7h),Medio,Lento,Alta,Buena,Media
"Nature, Art",True,Taj Mahal,"Machu Picchu, Colosseum, Great Wall of China",18-25,Media(5-7h),Bajo,Lento,Media,Buena,Media
"Nature, Cultural, History",True,Colosseum,"Colosseum, Eiffel Tower",46-55,Media(5-7h),Alto,Normal,Alta,Buena,Alta
"Art, Architecture",True,Taj Mahal,Machu Picchu,56+,Larga(8-10h),Alto,Lento,Media,Buena,Alta
Nature,True,Machu Picchu,Machu Picchu,56+,Corta(1-4h),Medio,Lento,Alta,Buena,Media
Architecture,True,Machu Picchu,Great Wall of China,26-35,Corta(1-4h),Medio,Normal,Media,Excelente,Media
"Architecture, Nature",True,Great Wall of China,Machu Picchu,26-35,Media(5-7h),Alto,Normal,Media,Buena,Alta
"History, Art",True,Machu Picchu,"Taj Mahal, Machu Picchu",46-55,Media(5-7h),Alto,Rápido,Media,Buena,Alta
Architecture,True,Machu Picchu,"Eiffel Tower, Taj Mahal",36-45,Larga(8-10h),Alto,Normal,Media,Buena,Alta
"Art, Cultural, History",True,Machu Picchu,"Machu Picchu, Taj Mahal",26-35,Media(5-7h),Medio,Lento,Media,Buena,Alta
Nature,False,Taj Mahal,Eiffel Tower,46-55,Media(5-7h),Alto,Lento,Media,Excelente,Alta
"History, Nature, Architecture",False,Eiffel Tower,Colosseum,36-45,Larga(8-10h),Alto,Lento,Alta,Regular,Alta
"Nature, Cultural, Art",False,Great Wall of China,"Machu Picchu, Taj Mahal",18-25,Media(5-7h),Bajo,Rápido,Alta,Excelente,Media
"History, Architecture, Art",True,Eiffel Tower,"Taj Mahal, Colosseum",36-45,Media(5-7h),Alto,Lento,Media,Buena,Alta
"Cultural, Art",False,Colosseum,"Taj Mahal, Machu Picchu",36-45,Larga(8-10h),Alto,Normal,Alta,Buena,Alta
"Art, History, Cultural",False,Colosseum,Great Wall of China,26-35,Media(5-7h),Medio,Rápido,Alta,Excelente,Alta
"History, Architecture",True,Colosseum,"Taj Mahal, Machu Picchu",18-25,Corta(1-4h),Bajo,Normal,Alta,Buena,Media
Art,False,Colosseum,"Taj Mahal, Eiffel Tower",46-55,Larga(8-10h),Alto,Lento,Media,Excelente,Alta
"Architecture, History, Art",False,Eiffel Tower,Machu Picchu,56+,Larga(8-10h),Alto,Normal,Media,Buena,Alta
"Nature, Art, History",True,Machu Picchu,"Great Wall of China, Colosseum, Taj Mahal",56+,Media(5-7h),Alto,Lento,Media,Excelente,Alta
"Art, Nature",False,Colosseum,"Eiffel Tower, Taj Mahal, Machu Picchu",36-45,Media(5-7h),Medio,Lento,Media,Buena,Media
Architecture,False,Colosseum,"Eiffel Tower, Colosseum",56+,Media(5-7h),Medio,Rápido,Alta,Buena,Media
"Cultural, History",True,Colosseum,"Eiffel Tower, Great Wall of China",26-35,Larga(8-10h),Medio,Lento,Alta,Buena,Media
"Nature, History, Architecture",True,Taj Mahal,Colosseum,36-45,Larga(8-10h),Bajo,Lento,Media,Buena,Media
Architecture,False,Colosseum,"Taj Mahal, Colosseum",26-35,Larga(8-10h),Bajo,Rápido,Media,Excelente,Media
"History, Nature, Cultural",True,Machu Picchu,Colosseum,18-25,Media(5-7h),Alto,Lento,Media,Excelente,Alta
"Architecture, Nature",False,Machu Picchu,"Eiffel Tower, Colosseum",18-25,Corta(1-4h),Bajo,Lento,Media,Regular,Media
Nature,False,Eiffel Tower,Taj Mahal,46-55,Media(5-7h),Alto,Normal,Alta,Buena,Alta
"Architecture, Cultural",False,Eiffel Tower,"Machu Picchu, Taj Mahal",46-55,Corta(1-4h),Alto,Rápido,Media,Regular,Alta
"Nature, Cultural",True,Taj Mahal,"Eiffel Tower, Machu Picchu",46-55,Larga(8-10h),Alto,Normal,Media,Buena,Alta
Architecture,False,Great Wall of China,"Eiffel Tower, Colosseum",56+,Media(5-7h),Medio,Rápido,Media,Excelente,Media
"Architecture, Nature",False,Eiffel Tower,"Machu Picchu, Eiffel Tower",56+,Media(5-7h),Bajo,Normal,Alta,Excelente,Media
"Cultural, Art, History",False,Colosseum,Colosseum,26-35,Corta(1-4h),Bajo,Lento,Baja,Excelente,Media
"History, Art, Nature",True,Taj Mahal,"Machu Picchu, Taj Mahal",56+,Media(5-7h),Alto,Lento,Alta,Buena,Alta
"Architecture, History, Cultural",False,Eiffel Tower,"Colosseum, Taj Mahal",36-45,Corta(1-4h),Alto,Normal,Baja,Buena,Alta
Architecture,True,Eiffel Tower,"Eiffel Tower, Machu Picchu, Taj Mahal",56+,Media(5-7h),Bajo,Lento,Alta,Excelente,Media
Art,False,Great Wall of China,Great Wall of China,36-45,Media(5-7h),Medio,Rápido,Media,Excelente,Media
Art,False,Great Wall of China,Eiffel Tower,56+,Media(5-7h),Medio,Lento,Alta,Buena,Media
"History, Cultural, Architecture",True,Taj Mahal,"Colosseum, Great Wall of China, Machu Picchu",56+,Larga(8-10h),Medio,Rápido,Media,Excelente,Media
"Cultural, Architecture, History",False,Colosseum,"Taj Mahal, Machu Picchu, Great Wall of China",26-35,Corta(1-4h),Bajo,Rápido,Media,Buena,Media
"Cultural, Nature, Architecture",True,Eiffel Tower,Eiffel Tower,56+,Larga(8-10h),Alto,Normal,Alta,Excelente,Alta
"Nature, Art",True,Great Wall of China,"Eiffel Tower, Machu Picchu, Colosseum",26-35,Corta(1-4h),Bajo,Normal,Media,Excelente,Media
"History, Architecture",False,Machu Picchu,"Eiffel Tower, Machu Picchu, Colosseum",18-25,Corta(1-4h),Alto,Rápido,Media,Buena,Alta
"Art, History",True,Colosseum,Eiffel Tower,46-55,Media(5-7h),Bajo,Normal,Alta,Buena,Media
"Architecture, Cultural",False,Taj Mahal,"Eiffel Tower, Machu Picchu",18-25,Media(5-7h),Bajo,Lento,Alta,Buena,Media
Art,True,Colosseum,"Machu Picchu, Eiffel Tower, Colosseum",56+,Media(5-7h),Alto,Rápido,Alta,Excelente,Alta
"Nature, History, Architecture",True,Eiffel Tower,Machu Picchu,56+,Corta(1-4h),Bajo,Lento,Media,Excelente,Media
"Cultural, History",False,Colosseum,Taj Mahal,46-55,Media(5-7h),Bajo,Rápido,Media,Buena,Media
History,False,Great Wall of China,"Taj Mahal, Eiffel Tower, Great Wall of China",56+,Media(5-7h),Alto,Rápido,Alta,Buena,Alta
"Art, History, Cultural",True,Eiffel Tower,"Great Wall of China, Colosseum, Taj Mahal",26-35,Corta(1-4h),Medio,Lento,Media,Excelente,Media
"Architecture, Cultural",False,Taj Mahal,"Taj Mahal, Machu Picchu, Great Wall of China",18-25,Corta(1-4h),Medio,Lento,Alta,Excelente,Media
"Cultural, Art, History",False,Taj Mahal,"Machu Picchu, Taj Mahal",18-25,Media(5-7h),Medio,Lento,Media,Buena,Media
"Nature, History, Architecture",False,Colosseum,"Colosseum, Taj Mahal",56+,Corta(1-4h),Alto,Lento,Alta,Excelente,Alta
"Architecture, History, Cultural",False,Colosseum,"Taj Mahal, Machu Picchu",46-55,Corta(1-4h),Alto,Normal,Baja,Buena,Alta
"Nature, Cultural",True,Eiffel Tower,"Colosseum, Great Wall of China, Eiffel Tower",18-25,Media(5-7h),Medio,Rápido,Media,Excelente,Media
"Art, Architecture, History",True,Colosseum,"Machu Picchu, Eiffel Tower",46-55,Media(5-7h),Bajo,Lento,Media,Excelente,Media
Architecture,True,Colosseum,"Great Wall of China, Taj Mahal",56+,Media(5-7h),Medio,Lento,Media,Buena,Media
Art,False,Machu Picchu,"Great Wall of China, Machu Picchu",18-25,Corta(1-4h),Medio,Normal,Media,Excelente,Media
"Cultural, Architecture",False,Taj Mahal,"Eiffel Tower, Machu Picchu, Taj Mahal",36-45,Media(5-7h),Alto,Rápido,Media,Buena,Alta
"Architecture, Art",False,Taj Mahal,"Taj Mahal, Machu Picchu",56+,Corta(1-4h),Alto,Lento,Alta,Buena,Alta
"Architecture, Nature, History",False,Machu Picchu,"Great Wall of China, Machu Picchu",36-45,Media(5-7h),Bajo,Rápido,Alta,Excelente,Media
Cultural,False,Colosseum,"Eiffel Tower, Machu Picchu, Colosseum",56+,Media(5-7h),Alto,Rápido,Media,Buena,Alta
"Architecture, Cultural, Nature",False,Great Wall of China,Taj Mahal,26-35,Media(5-7h),Bajo,Lento,Media,Excelente,Media
"Architecture, History",False,Colosseum,Great Wall of China,26-35,Corta(1-4h),Medio,Rápido,Media,Buena,Media
"Cultural, History",False,Colosseum,Taj Mahal,46-55,Corta(1-4h),Alto,Normal,Media,Buena,Alta
"Cultural, Nature",False,Eiffel Tower,"Machu Picchu, Taj Mahal",56+,Media(5-7h),Medio,Rápido,Media,Regular,Media
Cultural,True,Great Wall of China,"Great Wall of China, Taj Mahal",26-35,Larga(8-10h),Medio,Rápido,Baja,Buena,Media
"Architecture, History, Nature",True,Colosseum,"Colosseum, Taj Mahal, Great Wall of China",56+,Larga(8-10h),Alto,Rápido,Alta,Buena,Alta
History,True,Eiffel Tower,Taj Mahal,36-45,Larga(8-10h),Alto,Lento,Alta,Buena,Alta
"Cultural, Art, Architecture",False,Eiffel Tower,"Eiffel Tower, Great Wall of China, Machu Picchu",26-35,Corta(1-4h),Bajo,Rápido,Media,Buena,Media
"Architecture, Art",False,Great Wall of China,"Eiffel Tower, Great Wall of China, Taj Mahal",46-55,Corta(1-4h),Medio,Lento,Media,Buena,Media
"Nature, Architecture",False,Great Wall of China,Colosseum,26-35,Corta(1-4h),Alto,Rápido,Media,Buena,Alta
"Nature, Architecture, Art",True,Machu Picchu,"Machu Picchu, Great Wall of China",26-35,Media(5-7h),Alto,Lento,Media,Buena,Alta
Art,False,Colosseum,"Taj Mahal, Colosseum",46-55,Media(5-7h),Medio,Lento,Alta,Buena,Media
Architecture,False,Taj Mahal,"Eiffel Tower, Colosseum, Great Wall of China",56+,Larga(8-10h),Medio,Rápido,Media,Excelente,Media
"Nature, Architecture",True,Great Wall of China,"Colosseum, Taj Mahal",26-35,Media(5-7h),Alto,Normal,Media,Buena,Alta
"History, Nature, Cultural",False,Machu Picchu,Machu Picchu,56+,Larga(8-10h),Alto,Normal,Alta,Buena,Alta
"Nature, Cultural, Art",True,Machu Picchu,"Taj Mahal, Great Wall of China, Eiffel Tower",18-25,Media(5-7h),Alto,Normal,Media,Excelente,Alta
"Architecture, Art",True,Taj Mahal,"Colosseum, Great Wall of China, Taj Mahal",26-35,Media(5-7h),Medio,Rápido,Media,Buena,Media
History,True,Great Wall of China,Taj Mahal,36-45,Larga(8-10h),Bajo,Normal,Media,Buena,Media
Art,False,Eiffel Tower,"Taj Mahal, Machu Picchu",26-35,Corta(1-4h),Bajo,Lento,Alta,Excelente,Media
Nature,False,Great Wall of China,"Great Wall of China, Colosseum, Machu Picchu",56+,Corta(1-4h),Bajo,Normal,Media,Excelente,Media
"Nature, Art, Cultural",True,Machu Picchu,"Eiffel Tower, Colosseum, Machu Picchu",26-35,Corta(1-4h),Medio,Lento,Alta,Buena,Media
"History, Art",True,Eiffel Tower,"Eiffel Tower, Taj Mahal, Great Wall of China",46-55,Media(5-7h),Alto,Rápido,Media,Excelente,Alta
"Architecture, Nature",True,Taj Mahal,Great Wall of China,56+,Media(5-7h),Medio,Rápido,Media,Buena,Media
Architecture,True,Taj Mahal,"Colosseum, Great Wall of China, Machu Picchu",56+,Media(5-7h),Medio,Lento,Alta,Excelente,Media
"Nature, Cultural, Architecture",True,Great Wall of China,"Machu Picchu, Taj Mahal",56+,Media(5-7h),Alto,Lento,Media,Buena,Alta
Architecture,True,Machu Picchu,"Taj Mahal, Eiffel Tower, Machu Picchu",56+,Corta(1-4h),Medio,Normal,Media,Excelente,Media
"Cultural, Architecture, History",False,Great Wall of China,Eiffel Tower,26-35,Corta(1-4h),Medio,Lento,Media,Excelente,Media
Art,False,Great Wall of China,Eiffel Tower,36-45,Media(5-7h),Medio,Rápido,Media,Buena,Media
"Cultural, History, Architecture",True,Eiffel Tower,"Taj Mahal, Great Wall of China",18-25,Corta(1-4h),Alto,Normal,Alta,Buena,Alta
"Art, Architecture",True,Great Wall of China,Machu Picchu,56+,Media(5-7h),Alto,Normal,Media,Buena,Alta
"Art, Cultural, History",True,Eiffel Tower,"Great Wall of China, Machu Picchu",56+,Corta(1-4h),Bajo,Lento,Alta,Excelente,Media
Nature,False,Taj Mahal,Machu Picchu,26-35,Corta(1-4h),Bajo,Normal,Media,Buena,Media
"Cultural, History, Nature",True,Taj Mahal,"Eiffel Tower, Colosseum",26-35,Corta(1-4h),Bajo,Rápido,Baja,Excelente,Media
"History, Nature",False,Great Wall of China,"Great Wall of China, Machu Picchu",56+,Corta(1-4h),Bajo,Lento,Alta,Buena,Media
"Art, Nature",False,Taj Mahal,Taj Mahal,56+,Media(5-7h),Bajo,Rápido,Media,Excelente,Media
"Architecture, History, Cultural",True,Colosseum,"Colosseum, Eiffel Tower",36-45,Media(5-7h),Alto,Rápido,Media,Buena,Alta
"Nature, Art",False,Eiffel Tower,Colosseum,56+,Media(5-7h),Bajo,Rápido,Baja,Buena,Media
"Cultural, History",False,Eiffel Tower,Great Wall of China,26-35,Corta(1-4h),Bajo,Lento,Alta,Excelente,Media
Architecture,False,Colosseum,Taj Mahal,18-25,Media(5-7h),Alto,Lento,Baja,Buena,Alta
"Nature, History",False,Taj Mahal,Great Wall of China,56+,Media(5-7h),Bajo,Normal,Media,Excelente,Media
"Art, Architecture",True,Machu Picchu,"Great Wall of China, Colosseum, Machu Picchu",56+,Media(5-7h),Medio,Rápido,Media,Buena,Media
"Art, Nature",True,Eiffel Tower,"Eiffel Tower, Taj Mahal, Great Wall of China",56+,Larga(8-10h),Alto,Rápido,Media,Buena,Alta
Art,False,Machu Picchu,"Taj Mahal, Great Wall of China, Machu Picchu",46-55,Corta(1-4h),Bajo,Lento,Media,Buena,Media
Art,False,Taj Mahal,Great Wall of China,18-25,Media(5-7h),Bajo,Normal,Media,Excelente,Media
Architecture,False,Taj Mahal,Taj Mahal,26-35,Media(5-7h),Alto,Lento,Media,Buena,Alta
"Art, History",False,Great Wall of China,Great Wall of China,18-25,Larga(8-10h),Alto,Lento,Alta,Excelente,Alta
"Art, Cultural",True,Taj Mahal,Great Wall of China,18-25,Media(5-7h),Medio,Rápido,Media,Buena,Media
"Art, Nature, History",True,Machu Picchu,Colosseum,56+,Media(5-7h),Bajo,Normal,Media,Excelente,Media
"History, Architecture",False,Eiffel Tower,Eiffel Tower,46-55,Media(5-7h),Alto,Normal,Alta,Excelente,Alta
History,True,Machu Picchu,"Eiffel Tower, Great Wall of China",36-45,Larga(8-10h),Alto,Rápido,Media,Excelente,Alta
"Art, History",True,Machu Picchu,Colosseum,36-45,Corta(1-4h),Medio,Normal,Alta,Buena,Media
"Architecture, Cultural",False,Machu Picchu,"Colosseum, Great Wall of China",26-35,Larga(8-10h),Medio,Normal,Alta,Buena,Media
"Art, Architecture",False,Machu Picchu,Colosseum,26-35,Corta(1-4h),Alto,Rápido,Media,Excelente,Alta
"Cultural, History, Architecture",True,Taj Mahal,Machu Picchu,26-35,Media(5-7h),Alto,Lento,Media,Buena,Alta
Cultural,True,Taj Mahal,Eiffel Tower,46-55,Media(5-7h),Alto,Lento,Alta,Excelente,Alta
Nature,True,Eiffel Tower,Machu Picchu,36-45,Corta(1-4h),Bajo,Rápido,Media,Excelente,Media
History,False,Eiffel Tower,Eiffel Tower,26-35,Corta(1-4h),Medio,Lento,Media,Buena,Media
"History, Architecture",False,Taj Mahal,Machu Picchu,18-25,Corta(1-4h),Alto,Lento,Media,Excelente,Alta
"Nature, Architecture",False,Taj Mahal,Colosseum,56+,Corta(1-4h),Alto,Normal,Alta,Excelente,Alta
"Art, Architecture",True,Eiffel Tower,"Great Wall of China, Machu Picchu, Eiffel Tower",18-25,Corta(1-4h),Medio,Normal,Media,Buena,Media
"History, Art",True,Eiffel Tower,Taj Mahal,56+,Media(5-7h),Medio,Lento,Media,Excelente,Media
"History, Cultural",True,Eiffel Tower,"Great Wall of China, Taj Mahal",18-25,Media(5-7h),Medio,Normal,Alta,Excelente,Alta
"Architecture, History, Nature",True,Colosseum,"Eiffel Tower, Taj Mahal, Colosseum",56+,Corta(1-4h),Medio,Lento,Alta,Buena,Media
Nature,True,Taj Mahal,Taj Mahal,18-25,Corta(1-4h),Bajo,Lento,Alta,Buena,Media
"Art, History",True,Eiffel Tower,"Machu Picchu, Taj Mahal",56+,Media(5-7h),Bajo,Rápido,Alta,Buena,Media
"Nature, Architecture",True,Great Wall of China,"Great Wall of China, Taj Mahal, Eiffel Tower",56+,Corta(1-4h),Alto,Lento,Media,Buena,Alta
"Art, History, Nature",False,Eiffel Tower,"Great Wall of China, Eiffel Tower",36-45,Media(5-7h),Medio,Rápido,Media,Buena,Media
Cultural,False,Taj Mahal,"Machu Picchu, Eiffel Tower, Great Wall of China",56+,Corta(1-4h),Bajo,Rápido,Alta,Buena,Media
Nature,False,Taj Mahal,"Taj Mahal, Colosseum",18-25,Corta(1-4h),Medio,Rápido,Baja,Buena,Media
"Cultural, History",True,Taj Mahal,"Colosseum, Great Wall of China, Machu Picchu",18-25,Corta(1-4h),Bajo,Rápido,Media,Buena,Media
"Architecture, Cultural, Nature",False,Taj Mahal,Great Wall of China,18-25,Media(5-7h),Bajo,Normal,Alta,Buena,Media
Architecture,False,Colosseum,"Great Wall of China, Taj Mahal, Machu Picchu",36-45,Media(5-7h),Alto,Lento,Media,Buena,Alta
"Art, History",True,Taj Mahal,"Colosseum, Machu Picchu, Taj Mahal",36-45,Corta(1-4h),Bajo,Normal,Media,Excelente,Media
"Architecture, Cultural",True,Colosseum,"Taj Mahal, Colosseum, Great Wall of China",26-35,Media(5-7h),Medio,Lento,Media,Buena,Media
"Art, History, Nature",False,Colosseum,"Great Wall of China, Colosseum",26-35,Media(5-7h),Bajo,Rápido,Media,Buena,Media
"Architecture, Cultural",False,Colosseum,Great Wall of China,18-25,Corta(1-4h),Bajo,Rápido,Media,Excelente,Media
Architecture,False,Colosseum,Great Wall of China,18-25,Larga(8-10h),Bajo,Rápido,Media,Excelente,Media
"Art, Nature, Architecture",True,Taj Mahal,Colosseum,26-35,Media(5-7h),Alto,Rápido,Media,Buena,Alta
"Art, Architecture, History",False,Colosseum,"Machu Picchu, Great Wall of China",26-35,Corta(1-4h),Alto,Lento,Alta,Buena,Alta
"Cultural, History, Architecture",False,Eiffel Tower,"Colosseum, Eiffel Tower",26-35,Media(5-7h),Medio,Normal,Media,Excelente,Media
"Art, Nature, History",False,Taj Mahal,Great Wall of China,56+,Corta(1-4h),Alto,Normal,Alta,Buena,Alta
"Architecture, Art, History",False,Great Wall of China,"Taj Mahal, Machu Picchu, Eiffel Tower",26-35,Corta(1-4h),Medio,Rápido,Alta,Excelente,Media
History,True,Machu Picchu,Great Wall of China,18-25,Media(5-7h),Alto,Lento,Media,Buena,Alta
Art,True,Taj Mahal,"Eiffel Tower, Machu Picchu, Taj Mahal",18-25,Media(5-7h),Bajo,Rápido,Alta,Buena,Media
"Cultural, Nature",False,Eiffel Tower,"Machu Picchu, Colosseum",46-55,Media(5-7h),Bajo,Lento,Alta,Buena,Media
"Architecture, Nature, Cultural",True,Colosseum,"Colosseum, Taj Mahal, Great Wall of China",46-55,Larga(8-10h),Alto,Normal,Alta,Buena,Alta
Art,True,Machu Picchu,"Taj Mahal, Eiffel Tower",26-35,Media(5-7h),Medio,Lento,Media,Buena,Media
"History, Architecture, Cultural",False,Eiffel Tower,Machu Picchu,56+,Media(5-7h),Bajo,Lento,Media,Buena,Media
"Cultural, Architecture",True,Machu Picchu,Taj Mahal,36-45,Corta(1-4h),Medio,Lento,Media,Buena,Media
"Architecture, Cultural, Art",False,Taj Mahal,"Taj Mahal, Colosseum, Great Wall of China",18-25,Corta(1-4h),Alto,Lento,Media,Buena,Alta
"Nature, Architecture, Cultural",True,Eiffel Tower,"Machu Picchu, Great Wall of China",56+,Media(5-7h),Bajo,Rápido,Media,Excelente,Media
"Cultural, Nature, History",True,Colosseum,"Eiffel Tower, Taj Mahal",46-55,Corta(1-4h),Alto,Normal,Baja,Buena,Alta
Nature,False,Colosseum,"Machu Picchu, Taj Mahal, Colosseum",56+,Corta(1-4h),Bajo,Lento,Media,Regular,Media
History,False,Colosseum,Colosseum,46-55,Corta(1-4h),Medio,Rápido,Media,Excelente,Alta
Nature,True,Eiffel Tower,"Colosseum, Eiffel Tower, Taj Mahal",36-45,Media(5-7h),Bajo,Rápido,Alta,Buena,Media
Art,False,Great Wall of China,Machu Picchu,56+,Corta(1-4h),Medio,Normal,Alta,Regular,Media
Nature,False,Great Wall of China,"Eiffel Tower, Machu Picchu, Taj Mahal",56+,Corta(1-4h),Alto,Lento,Alta,Buena,Alta
"History, Nature",False,Colosseum,Machu Picchu,26-35,Larga(8-10h),Medio,Rápido,Media,Buena,Media
"History, Cultural, Nature",True,Great Wall of China,"Colosseum, Eiffel Tower, Taj Mahal",46-55,Larga(8-10h),Alto,Lento,Media,Excelente,Alta
"Nature, Art",False,Machu Picchu,"Machu Picchu, Taj Mahal",56+,Media(5-7h),Alto,Lento,Media,Buena,Alta
Nature,True,Colosseum,"Eiffel Tower, Colosseum, Machu Picchu",36-45,Corta(1-4h),Medio,Lento,Media,Buena,Media
"Art, History, Architecture",False,Machu Picchu,"Taj Mahal, Colosseum, Eiffel Tower",46-55,Corta(1-4h),Bajo,Lento,Media,Excelente,Media
"Nature, Art",False,Machu Picchu,Colosseum,18-25,Media(5-7h),Alto,Rápido,Media,Regular,Alta
"Nature, Architecture",False,Great Wall of China,"Colosseum, Eiffel Tower, Machu Picchu",56+,Corta(1-4h),Alto,Lento,Media,Buena,Alta
"Architecture, Art, Nature",True,Great Wall of China,"Machu Picchu, Eiffel Tower, Great Wall of China",56+,Corta(1-4h),Bajo,Normal,Alta,Excelente,Media
"Architecture, Cultural",False,Colosseum,"Machu Picchu, Colosseum, Great Wall of China",56+,Corta(1-4h),Medio,Lento,Media,Excelente,Media
Art,True,Great Wall of China,Machu Picchu,36-45,Media(5-7h),Medio,Lento,Alta,Buena,Media
Art,False,Colosseum,"Taj Mahal, Eiffel Tower, Great Wall of China",36-45,Media(5-7h),Bajo,Lento,Media,Excelente,Media
"Cultural, Architecture, Nature",True,Taj Mahal,"Eiffel Tower, Machu Picchu, Colosseum",18-25,Larga(8-10h),Bajo,Normal,Media,Excelente,Media
"Nature, Art",False,Colosseum,"Taj Mahal, Great Wall of China",36-45,Media(5-7h),Medio,Lento,Media,Buena,Media
Cultural,True,Colosseum,Colosseum,56+,Media(5-7h),Bajo,Lento,Media,Buena,Media
"History, Nature",True,Eiffel Tower,Great Wall of China,46-55,Media(5-7h),Bajo,Lento,Media,Buena,Media
"Art, Nature",True,Taj Mahal,Great Wall of China,56+,Corta(1-4h),Bajo,Normal,Alta,Buena,Media
History,True,Great Wall of China,Great Wall of China,46-55,Larga(8-10h),Medio,Rápido,Alta,Buena,Media
"History, Nature",False,Eiffel Tower,Eiffel Tower,56+,Corta(1-4h),Medio,Rápido,Alta,Buena,Media
"Architecture, History",True,Machu Picchu,"Taj Mahal, Machu Picchu",36-45,Corta(1-4h),Alto,Normal,Media,Buena,Alta
History,False,Colosseum,Taj Mahal,26-35,Corta(1-4h),Medio,Lento,Alta,Buena,Alta
"Art, Nature, Cultural",True,Eiffel Tower,"Eiffel Tower, Colosseum",46-55,Corta(1-4h),Medio,Lento,Media,Excelente,Media
"Nature, History",False,Great Wall of China,"Machu Picchu, Great Wall of China",56+,Larga(8-10h),Alto,Rápido,Media,Excelente,Alta
Architecture,True,Eiffel Tower,"Great Wall of China, Eiffel Tower",36-45,Media(5-7h),Alto,Normal,Alta,Buena,Alta
"History, Cultural",False,Eiffel Tower,Colosseum,46-55,Media(5-7h),Alto,Lento,Media,Buena,Alta
"Cultural, Art, Architecture",True,Colosseum,"Colosseum, Eiffel Tower",56+,Larga(8-10h),Medio,Rápido,Alta,Excelente,Media
"Nature, Cultural",False,Eiffel Tower,"Taj Mahal, Colosseum, Machu Picchu",36-45,Media(5-7h),Alto,Lento,Alta,Excelente,Alta
"Art, Nature",True,Eiffel Tower,"Eiffel Tower, Colosseum",56+,Larga(8-10h),Alto,Lento,Alta,Excelente,Alta
"Cultural, Nature",True,Colosseum,"Machu Picchu, Taj Mahal, Eiffel Tower",26-35,Larga(8-10h),Medio,Lento,Media,Buena,Media
"Art, History",True,Taj Mahal,Great Wall of China,46-55,Media(5-7h),Medio,Lento,Media,Excelente,Media
History,True,Taj Mahal,"Eiffel Tower, Colosseum",26-35,Media(5-7h),Medio,Rápido,Media,Buena,Media
Nature,False,Eiffel Tower,"Taj Mahal, Colosseum, Great Wall of China",56+,Corta(1-4h),Alto,Normal,Media,Buena,Alta
Cultural,True,Taj Mahal,"Colosseum, Machu Picchu, Great Wall of China",56+,Media(5-7h),Medio,Normal,Media,Buena,Media
Cultural,True,Taj Mahal,"Taj Mahal, Machu Picchu",56+,Media(5-7h),Alto,Normal,Media,Buena,Alta
Architecture,False,Colosseum,"Colosseum, Machu Picchu, Taj Mahal",56+,Media(5-7h),Alto,Rápido,Media,Excelente,Alta
Art,False,Taj Mahal,Machu Picchu,26-35,Corta(1-4h),Bajo,Normal,Media,Buena,Media
"History, Nature",True,Taj Mahal,Colosseum,18-25,Media(5-7h),Alto,Rápido,Media,Buena,Alta
"Architecture, Cultural",False,Taj Mahal,"Colosseum, Great Wall of China, Machu Picchu",46-55,Media(5-7h),Alto,Normal,Alta,Excelente,Alta
"Architecture, Nature",False,Eiffel Tower,Eiffel Tower,56+,Media(5-7h),Alto,Rápido,Media,Buena,Alta
"Cultural, Nature",True,Taj Mahal,Colosseum,18-25,Media(5-7h),Alto,Rápido,Media,Excelente,Alta
"History, Art",False,Eiffel Tower,Colosseum,26-35,Larga(8-10h),Medio,Lento,Alta,Buena,Media
"Architecture, Art, History",True,Great Wall of China,"Machu Picchu, Eiffel Tower, Colosseum",26-35,Corta(1-4h),Medio,Lento,Media,Regular,Media
"Nature, Cultural",True,Eiffel Tower,"Machu Picchu, Colosseum, Great Wall of China",56+,Larga(8-10h),Alto,Lento,Alta,Buena,Alta
"History, Nature, Cultural",False,Great Wall of China,"Taj Mahal, Machu Picchu",26-35,Corta(1-4h),Bajo,Normal,Alta,Excelente,Media
"History, Art",True,Great Wall of China,"Machu Picchu, Colosseum, Taj Mahal",46-55,Media(5-7h),Alto,Rápido,Alta,Excelente,Alta
"Cultural, Art, Nature",False,Colosseum,"Taj Mahal, Eiffel Tower, Colosseum",56+,Corta(1-4h),Bajo,Normal,Baja,Excelente,Media
"Architecture, Art, History",True,Eiffel Tower,Great Wall of China,36-45,Media(5-7h),Bajo,Rápido,Baja,Buena,Media
Art,True,Eiffel Tower,"Machu Picchu, Great Wall of China",56+,Media(5-7h),Medio,Rápido,Alta,Buena,Media
"Cultural, History",False,Machu Picchu,Colosseum,46-55,Media(5-7h),Bajo,Lento,Alta,Buena,Media
Art,True,Great Wall of China,"Eiffel Tower, Machu Picchu, Great Wall of China",26-35,Media(5-7h),Bajo,Lento,Alta,Buena,Media
"Art, Nature",False,Taj Mahal,Taj Mahal,56+,Larga(8-10h),Alto,Lento,Alta,Excelente,Alta
"Nature, Art, Architecture",True,Great Wall of China,"Colosseum, Eiffel Tower",36-45,Corta(1-4h),Medio,Normal,Media,Excelente,Media
History,False,Colosseum,Great Wall of China,26-35,Media(5-7h),Medio,Lento,Alta,Excelente,Media
Architecture,True,Great Wall of China,Machu Picchu,26-35,Media(5-7h),Bajo,Lento,Media,Buena,Media
"Art, Architecture, History",True,Taj Mahal,"Eiffel Tower, Machu Picchu",26-35,Media(5-7h),Bajo,Lento,Media,Excelente,Media
History,False,Taj Mahal,"Eiffel Tower, Colosseum",56+,Media(5-7h),Medio,Lento,Media,Excelente,Media
"Cultural, History",False,Eiffel Tower,Taj Mahal,36-45,Media(5-7h),Bajo,Rápido,Alta,Regular,Media
Architecture,True,Eiffel Tower,"Eiffel Tower, Colosseum",36-45,Media(5-7h),Medio,Lento,Media,Buena,Media
"History, Architecture, Cultural",False,Taj Mahal,"Colosseum, Great Wall of China",56+,Media(5-7h),Medio,Normal,Media,Buena,Media
"Art, Nature",True,Taj Mahal,Great Wall of China,56+,Corta(1-4h),Alto,Normal,Media,Excelente,Alta
History,True,Eiffel Tower,"Great Wall of China, Colosseum, Eiffel Tower",56+,Media(5-7h),Medio,Lento,Media,Excelente,Alta
"History, Art",False,Machu Picchu,Eiffel Tower,46-55,Corta(1-4h),Bajo,Lento,Baja,Excelente,Media
"History, Cultural, Architecture",True,Eiffel Tower,Taj Mahal,56+,Media(5-7h),Bajo,Lento,Media,Excelente,Media
"History, Architecture, Nature",False,Taj Mahal,"Taj Mahal, Machu Picchu, Great Wall of China",26-35,Larga(8-10h),Alto,Normal,Media,Buena,Alta
"History, Art, Nature",True,Colosseum,"Colosseum, Eiffel Tower",36-45,Media(5-7h),Medio,Lento,Media,Excelente,Media
"Nature, Architecture, Art",True,Great Wall of China,"Colosseum, Machu Picchu",18-25,Media(5-7h),Medio,Normal,Alta,Excelente,Media
Nature,False,Colosseum,"Colosseum, Great Wall of China",56+,Media(5-7h),Bajo,Rápido,Baja,Buena,Media
"Cultural, Architecture",True,Colosseum,"Great Wall of China, Machu Picchu",56+,Media(5-7h),Alto,Rápido,Media,Excelente,Alta
"History, Cultural, Art",True,Great Wall of China,Eiffel Tower,46-55,Media(5-7h),Bajo,Normal,Media,Buena,Media
Nature,False,Great Wall of China,"Eiffel Tower, Taj Mahal",46-55,Larga(8-10h),Alto,Rápido,Media,Excelente,Alta
Cultural,False,Taj Mahal,"Machu Picchu, Great Wall of China, Eiffel Tower",46-55,Media(5-7h),Medio,Lento,Alta,Buena,Media
"Cultural, Art",True,Eiffel Tower,"Taj Mahal, Eiffel Tower, Machu Picchu",36-45,Corta(1-4h),Alto,Lento,Media,Buena,Alta
Architecture,True,Colosseum,Great Wall of China,56+,Media(5-7h),Bajo,Lento,Media,Excelente,Media
Architecture,False,Colosseum,"Colosseum, Great Wall of China, Machu Picchu",26-35,Corta(1-4h),Bajo,Rápido,Media,Excelente,Media
"Nature, Architecture",False,Taj Mahal,"Colosseum, Taj Mahal",46-55,Media(5-7h),Alto,Rápido,Media,Excelente,Alta
"Architecture, Nature, Art",False,Colosseum,Colosseum,36-45,Larga(8-10h),Alto,Lento,Baja,Buena,Alta
Cultural,True,Colosseum,Taj Mahal,18-25,Media(5-7h),Bajo,Normal,Media,Excelente,Media
History,False,Great Wall of China,"Great Wall of China, Taj Mahal, Machu Picchu",18-25,Larga(8-10h),Bajo,Normal,Media,Regular,Media
Architecture,True,Eiffel Tower,"Great Wall of China, Taj Mahal",18-25,Larga(8-10h),Alto,Normal,Media,Buena,Alta
"History, Art, Nature",True,Machu Picchu,Eiffel Tower,26-35,Media(5-7h),Alto,Lento,Media,Excelente,Alta
History,True,Eiffel Tower,"Great Wall of China, Machu Picchu, Colosseum",18-25,Larga(8-10h),Alto,Normal,Media,Excelente,Alta
Nature,False,Great Wall of China,"Eiffel Tower, Colosseum, Great Wall of China",46-55,Corta(1-4h),Alto,Lento,Media,Buena,Alta
"Nature, History, Cultural",True,Eiffel Tower,"Eiffel Tower, Great Wall of China, Colosseum",18-25,Media(5-7h),Alto,Rápido,Media,Excelente,Alta
"Cultural, Art",False,Taj Mahal,Colosseum,56+,Media(5-7h),Alto,Normal,Media,Buena,Alta
"Cultural, Nature, Architecture",False,Taj Mahal,Taj Mahal,56+,Media(5-7h),Alto,Lento,Media,Buena,Alta
"Art, History, Cultural",False,Colosseum,"Colosseum, Eiffel Tower, Taj Mahal",26-35,Media(5-7h),Alto,Lento,Media,Buena,Alta
"Art, History",False,Colosseum,Machu Picchu,26-35,Larga(8-10h),Alto,Lento,Alta,Excelente,Alta
"Architecture, Cultural",True,Great Wall of China,"Eiffel Tower, Colosseum",26-35,Media(5-7h),Bajo,Lento,Media,Excelente,Media
"Nature, Art, Architecture",False,Machu Picchu,Great Wall of China,26-35,Media(5-7h),Alto,Lento,Media,Excelente,Alta
Art,True,Eiffel Tower,"Machu Picchu, Taj Mahal, Colosseum",26-35,Larga(8-10h),Medio,Normal,Alta,Buena,Media
Nature,False,Eiffel Tower,"Colosseum, Machu Picchu, Great Wall of China",36-45,Larga(8-10h),Bajo,Lento,Media,Buena,Media
History,True,Great Wall of China,Great Wall of China,56+,Larga(8-10h),Alto,Rápido,Media,Excelente,Alta
"Nature, Architecture, History",False,Great Wall of China,"Taj Mahal, Colosseum, Eiffel Tower",46-55,Media(5-7h),Alto,Lento,Media,Buena,Alta
Architecture,True,Taj Mahal,Colosseum,18-25,Media(5-7h),Medio,Lento,Alta,Excelente,Media
Architecture,False,Taj Mahal,Taj Mahal,26-35,Media(5-7h),Alto,Normal,Media,Buena,Alta
Cultural,True,Eiffel Tower,"Great Wall of China, Colosseum",36-45,Media(5-7h),Bajo,Rápido,Media,Excelente,Media
"Art, Architecture",True,Eiffel Tower,Colosseum,26-35,Media(5-7h),Medio,Rápido,Media,Buena,Alta
"Art, Cultural",False,Taj Mahal,"Machu Picchu, Great Wall of China",56+,Media(5-7h),Alto,Normal,Alta,Buena,Alta
"History, Nature, Art",False,Machu Picchu,Machu Picchu,36-45,Larga(8-10h),Medio,Rápido,Baja,Excelente,Media
"Nature, History",True,Eiffel Tower,"Colosseum, Great Wall of China",56+,Corta(1-4h),Medio,Rápido,Media,Buena,Media
"Cultural, Architecture",True,Taj Mahal,Eiffel Tower,46-55,Media(5-7h),Medio,Rápido,Baja,Buena,Media
"Architecture, Cultural",False,Machu Picchu,"Colosseum, Eiffel Tower",56+,Corta(1-4h),Bajo,Lento,Alta,Buena,Media
"Art, Nature",True,Eiffel Tower,Machu Picchu,26-35,Media(5-7h),Alto,Rápido,Media,Excelente,Alta
"Art, Architecture",True,Taj Mahal,Great Wall of China,46-55,Corta(1-4h),Medio,Lento,Media,Buena,Alta
"Nature, Art, Cultural",False,Eiffel Tower,"Colosseum, Great Wall of China",18-25,Media(5-7h),Alto,Lento,Alta,Excelente,Alta
History,False,Colosseum,"Colosseum, Great Wall of China, Eiffel Tower",26-35,Corta(1-4h),Medio,Lento,Media,Excelente,Media
Nature,True,Colosseum,"Great Wall of China, Eiffel Tower, Taj Mahal",26-35,Larga(8-10h),Bajo,Lento,Baja,Buena,Media
"Cultural, Art, Architecture",True,Machu Picchu,"Eiffel Tower, Colosseum",36-45,Media(5-7h),Medio,Rápido,Media,Buena,Media
"Architecture, Cultural, Art",True,Colosseum,"Colosseum, Machu Picchu, Taj Mahal",26-35,Media(5-7h),Bajo,Lento,Media,Buena,Media
"History, Cultural",True,Taj Mahal,Eiffel Tower,36-45,Media(5-7h),Medio,Rápido,Media,Buena,Media
History,False,Eiffel Tower,Eiffel Tower,56+,Media(5-7h),Medio,Lento,Alta,Buena,Media
"Art, History, Nature",True,Eiffel Tower,"Machu Picchu, Great Wall of China, Eiffel Tower",46-55,Corta(1-4h),Bajo,Normal,Alta,Regular,Media
History,False,Taj Mahal,Taj Mahal,36-45,Media(5-7h),Alto,Lento,Media,Excelente,Alta
"Cultural, History",True,Colosseum,Colosseum,46-55,Media(5-7h),Medio,Rápido,Alta,Excelente,Media
"Architecture, Cultural, History",False,Eiffel Tower,"Machu Picchu, Eiffel Tower",56+,Larga(8-10h),Medio,Normal,Media,Excelente,Media
"Architecture, History",False,Machu Picchu,Eiffel Tower,26-35,Larga(8-10h),Bajo,Lento,Media,Excelente,Media
"Art, History",False,Machu Picchu,"Machu Picchu, Great Wall of China, Colosseum",36-45,Corta(1-4h),Alto,Normal,Alta,Excelente,Alta
"Nature, Cultural, History",True,Great Wall of China,Taj Mahal,56+,Media(5-7h),Medio,Normal,Media,Buena,Media
Art,False,Machu Picchu,Machu Picchu,46-55,Media(5-7h),Medio,Lento,Alta,Excelente,Media
History,True,Machu Picchu,"Taj Mahal, Great Wall of China, Eiffel Tower",56+,Corta(1-4h),Bajo,Rápido,Media,Buena,Media
"Architecture, History",False,Taj Mahal,Taj Mahal,36-45,Larga(8-10h),Medio,Lento,Alta,Excelente,Media
Nature,False,Machu Picchu,Colosseum,36-45,Corta(1-4h),Medio,Lento,Alta,Buena,Media
Cultural,True,Great Wall of China,"Colosseum, Machu Picchu, Eiffel Tower",36-45,Media(5-7h),Medio,Rápido,Alta,Buena,Media
Cultural,False,Machu Picchu,"Colosseum, Great Wall of China",36-45,Media(5-7h),Alto,Normal,Media,Excelente,Alta
Art,False,Machu Picchu,Colosseum,56+,Corta(1-4h),Alto,Lento,Media,Buena,Alta
Nature,False,Great Wall of China,"Machu Picchu, Colosseum, Eiffel Tower",46-55,Media(5-7h),Alto,Lento,Media,Buena,Alta
"History, Cultural",False,Taj Mahal,"Colosseum, Great Wall of China",36-45,Media(5-7h),Bajo,Lento,Media,Buena,Media
"Nature, Art",False,Taj Mahal,"Machu Picchu, Colosseum",26-35,Media(5-7h),Medio,Lento,Media,Excelente,Media
"Cultural, History, Art",False,Machu Picchu,"Eiffel Tower, Machu Picchu",26-35,Media(5-7h),Medio,Rápido,Media,Buena,Media
Art,True,Great Wall of China,Great Wall of China,56+,Corta(1-4h),Medio,Rápido,Media,Excelente,Media
Cultural,False,Great Wall of China,"Taj Mahal, Great Wall of China, Eiffel Tower",56+,Media(5-7h),Medio,Normal,Media,Buena,Media
"Architecture, Art",False,Taj Mahal,"Colosseum, Eiffel Tower, Machu Picchu",18-25,Corta(1-4h),Alto,Lento,Media,Excelente,Alta
Art,False,Colosseum,"Eiffel Tower, Machu Picchu, Taj Mahal",26-35,Larga(8-10h),Medio,Normal,Media,Buena,Media
History,False,Taj Mahal,"Great Wall of China, Eiffel Tower",46-55,Corta(1-4h),Medio,Normal,Media,Buena,Alta
"Art, Nature, Architecture",True,Great Wall of China,"Machu Picchu, Great Wall of China",46-55,Larga(8-10h),Medio,Rápido,Alta,Excelente,Media
Art,False,Machu Picchu,"Colosseum, Taj Mahal, Eiffel Tower",46-55,Corta(1-4h),Medio,Lento,Alta,Buena,Media
History,False,Eiffel Tower,"Taj Mahal, Machu Picchu",56+,Media(5-7h),Bajo,Rápido,Media,Excelente,Media
"Nature, Art",False,Eiffel Tower,"Taj Mahal, Machu Picchu, Eiffel Tower",46-55,Corta(1-4h),Bajo,Rápido,Media,Excelente,Media
History,False,Eiffel Tower,"Eiffel Tower, Taj Mahal",18-25,Media(5-7h),Alto,Normal,Media,Buena,Alta
"Art, Cultural",False,Great Wall of China,Great Wall of China,46-55,Larga(8-10h),Alto,Lento,Media,Excelente,Alta
"Architecture, Art",False,Colosseum,"Great Wall of China, Eiffel Tower",46-55,Corta(1-4h),Bajo,Normal,Baja,Excelente,Media
History,True,Great Wall of China,Eiffel Tower,46-55,Larga(8-10h),Medio,Lento,Media,Buena,Media
Architecture,True,Colosseum,"Taj Mahal, Colosseum, Machu Picchu",46-55,Corta(1-4h),Medio,Rápido,Media,Excelente,Media
Architecture,False,Colosseum,"Eiffel Tower, Colosseum, Taj Mahal",18-25,Media(5-7h),Medio,Lento,Alta,Excelente,Media
"Cultural, Art, History",True,Taj Mahal,Great Wall of China,56+,Corta(1-4h),Bajo,Rápido,Media,Excelente,Media
"Architecture, Cultural",False,Colosseum,Colosseum,26-35,Media(5-7h),Bajo,Lento,Alta,Excelente,Media
Nature,False,Colosseum,"Great Wall of China, Colosseum",56+,Corta(1-4h),Bajo,Rápido,Media,Buena,Media
"Art, Architecture",False,Colosseum,"Colosseum, Great Wall of China, Machu Picchu",46-55,Media(5-7h),Alto,Normal,Media,Buena,Alta
"Architecture, History, Nature",True,Taj Mahal,"Machu Picchu, Colosseum, Taj Mahal",36-45,Larga(8-10h),Bajo,Normal,Media,Excelente,Media
History,True,Colosseum,Colosseum,26-35,Larga(8-10h),Bajo,Lento,Media,Excelente,Media
"Cultural, History, Art",True,Great Wall of China,Taj Mahal,36-45,Media(5-7h),Medio,Lento,Alta,Buena,Media
"Architecture, Art, History",True,Colosseum,"Machu Picchu, Taj Mahal",26-35,Media(5-7h),Bajo,Rápido,Alta,Excelente,Media
Architecture,False,Taj Mahal,Colosseum,56+,Media(5-7h),Alto,Normal,Alta,Buena,Alta
"Art, Architecture",False,Great Wall of China,"Colosseum, Taj Mahal",36-45,Media(5-7h),Medio,Lento,Baja,Buena,Media
"Cultural, Art",False,Taj Mahal,"Eiffel Tower, Great Wall of China, Colosseum",26-35,Corta(1-4h),Alto,Lento,Media,Buena,Alta
"Art, Architecture",True,Taj Mahal,"Great Wall of China, Taj Mahal, Eiffel Tower",36-45,Larga(8-10h),Alto,Normal,Media,Buena,Alta
"History, Cultural",False,Machu Picchu,"Machu Picchu, Taj Mahal",36-45,Larga(8-10h),Bajo,Lento,Baja,Excelente,Media
Architecture,True,Colosseum,Great Wall of China,26-35,Media(5-7h),Medio,Rápido,Media,Excelente,Media
Art,False,Machu Picchu,"Taj Mahal, Great Wall of China",18-25,Media(5-7h),Medio,Rápido,Baja,Buena,Alta
Architecture,True,Eiffel Tower,"Machu Picchu, Taj Mahal, Eiffel Tower",26-35,Corta(1-4h),Bajo,Rápido,Alta,Buena,Media
History,False,Eiffel Tower,"Great Wall of China, Eiffel Tower",26-35,Corta(1-4h),Alto,Rápido,Media,Excelente,Alta
"History, Cultural",True,Colosseum,Eiffel Tower,26-35,Media(5-7h),Medio,Normal,Media,Buena,Media
"Nature, Art",True,Colosseum,"Eiffel Tower, Colosseum",36-45,Corta(1-4h),Alto,Normal,Media,Excelente,Alta
Cultural,False,Taj Mahal,"Taj Mahal, Colosseum, Eiffel Tower",26-35,Media(5-7h),Alto,Lento,Baja,Excelente,Alta
"Nature, Cultural",False,Taj Mahal,Taj Mahal,18-25,Larga(8-10h),Bajo,Normal,Alta,Excelente,Media
"History, Art",False,Eiffel Tower,Eiffel Tower,36-45,Larga(8-10h),Bajo,Rápido,Media,Regular,Media
"Architecture, Nature",True,Taj Mahal,"Machu Picchu, Colosseum",56+,Corta(1-4h),Alto,Lento,Media,Buena,Alta
"Architecture, History",False,Great Wall of China,"Eiffel Tower, Taj Mahal",36-45,Larga(8-10h),Bajo,Rápido,Media,Buena,Media
"Nature, Architecture",False,Colosseum,"Colosseum, Machu Picchu",46-55,Media(5-7h),Alto,Lento,Alta,Buena,Alta
"History, Cultural, Nature",True,Colosseum,"Taj Mahal, Eiffel Tower",46-55,Media(5-7h),Medio,Lento,Media,Buena,Media
"Architecture, History, Cultural",False,Taj Mahal,"Colosseum, Taj Mahal",46-55,Corta(1-4h),Bajo,Normal,Media,Excelente,Media
"Art, Nature, History",False,Great Wall of China,Colosseum,18-25,Corta(1-4h),Bajo,Lento,Alta,Buena,Media
Art,True,Great Wall of China,"Machu Picchu, Colosseum, Great Wall of China",18-25,Media(5-7h),Alto,Lento,Media,Buena,Alta
"Nature, History, Cultural",False,Great Wall of China,"Eiffel Tower, Colosseum",36-45,Media(5-7h),Bajo,Normal,Alta,Buena,Media
"History, Cultural, Art",True,Eiffel Tower,"Taj Mahal, Eiffel Tower",18-25,Media(5-7h),Medio,Rápido,Baja,Buena,Media
"Cultural, History",False,Taj Mahal,"Taj Mahal, Colosseum, Eiffel Tower",36-45,Larga(8-10h),Alto,Lento,Media,Excelente,Alta
"Art, Cultural",False,Colosseum,"Eiffel Tower, Great Wall of China, Taj Mahal",56+,Media(5-7h),Bajo,Lento,Alta,Buena,Media
"Art, Nature",False,Taj Mahal,"Machu Picchu, Eiffel Tower",26-35,Larga(8-10h),Bajo,Rápido,Alta,Buena,Media
"Cultural, Nature",False,Colosseum,Machu Picchu,18-25,Media(5-7h),Medio,Rápido,Baja,Excelente,Media
"Nature, Cultural, History",False,Colosseum,Taj Mahal,36-45,Larga(8-10h),Medio,Lento,Media,Excelente,Media
History,False,Colosseum,"Taj Mahal, Machu Picchu",18-25,Larga(8-10h),Bajo,Rápido,Media,Excelente,Media
"Nature, History, Art",False,Taj Mahal,Eiffel Tower,18-25,Media(5-7h),Medio,Normal,Media,Excelente,Media
"Art, Nature, Cultural",False,Machu Picchu,"Colosseum, Machu Picchu",56+,Media(5-7h),Bajo,Lento,Alta,Buena,Media
"History, Cultural",False,Eiffel Tower,"Colosseum, Eiffel Tower, Great Wall of China",36-45,Media(5-7h),Alto,Lento,Alta,Excelente,Alta
Art,False,Machu Picchu,Machu Picchu,56+,Media(5-7h),Medio,Lento,Alta,Excelente,Media
"Art, Cultural, History",True,Eiffel Tower,"Eiffel Tower, Taj Mahal",36-45,Media(5-7h),Bajo,Normal,Alta,Excelente,Media
History,True,Eiffel Tower,"Colosseum, Eiffel Tower",18-25,Media(5-7h),Medio,Rápido,Media,Excelente,Media
"Art, History",True,Taj Mahal,Taj Mahal,36-45,Corta(1-4h),Medio,Lento,Baja,Excelente,Media
"Architecture, Cultural",True,Eiffel Tower,"Machu Picchu, Colosseum",46-55,Corta(1-4h),Bajo,Normal,Media,Excelente,Media
"Nature, Architecture",True,Taj Mahal,"Taj Mahal, Colosseum",46-55,Media(5-7h),Medio,Normal,Alta,Excelente,Media
Architecture,False,Colosseum,"Taj Mahal, Great Wall of China, Colosseum",46-55,Larga(8-10h),Bajo,Rápido,Media,Buena,Media
"Nature, Architecture, Cultural",False,Colosseum,Eiffel Tower,36-45,Media(5-7h),Bajo,Lento,Media,Excelente,Media
"Art, Nature, History",False,Great Wall of China,"Colosseum, Eiffel Tower",36-45,Media(5-7h),Alto,Lento,Alta,Excelente,Alta
"Art, History, Cultural",True,Taj Mahal,"Machu Picchu, Eiffel Tower",56+,Media(5-7h),Medio,Normal,Alta,Excelente,Media
"Nature, History, Cultural",True,Great Wall of China,"Eiffel Tower, Colosseum, Machu Picchu",36-45,Corta(1-4h),Medio,Rápido,Media,Buena,Media
Nature,False,Great Wall of China,"Taj Mahal, Eiffel Tower",18-25,Media(5-7h),Alto,Lento,Media,Buena,Alta
Architecture,True,Great Wall of China,Taj Mahal,18-25,Corta(1-4h),Alto,Normal,Alta,Excelente,Alta
"Cultural, History, Nature",False,Colosseum,"Eiffel Tower, Great Wall of China, Machu Picchu",56+,Larga(8-10h),Bajo,Normal,Baja,Excelente,Media
"Architecture, History",False,Eiffel Tower,"Great Wall of China, Eiffel Tower, Colosseum",36-45,Media(5-7h),Medio,Lento,Media,Excelente,Media
"Art, Architecture, Cultural",True,Machu Picchu,"Taj Mahal, Great Wall of China",46-55,Larga(8-10h),Alto,Normal,Alta,Excelente,Alta
Cultural,True,Taj Mahal,Taj Mahal,18-25,Corta(1-4h),Alto,Lento,Media,Excelente,Alta
Nature,False,Eiffel Tower,"Machu Picchu, Great Wall of China",18-25,Media(5-7h),Medio,Lento,Alta,Excelente,Media
"Nature, Architecture",False,Colosseum,Machu Picchu,56+,Media(5-7h),Medio,Rápido,Media,Excelente,Media
Architecture,False,Machu Picchu,Taj Mahal,56+,Media(5-7h),Alto,Lento,Media,Regular,Alta
"Art, Architecture, Nature",False,Eiffel Tower,"Colosseum, Machu Picchu",56+,Corta(1-4h),Alto,Lento,Media,Buena,Alta
"Cultural, History",False,Colosseum,Great Wall of China,36-45,Media(5-7h),Medio,Rápido,Alta,Excelente,Media
"History, Architecture",True,Colosseum,Great Wall of China,36-45,Media(5-7h),Alto,Rápido,Alta,Buena,Alta
"Cultural, Art",False,Great Wall of China,"Machu Picchu, Taj Mahal, Great Wall of China",18-25,Media(5-7h),Medio,Normal,Media,Excelente,Media
"Nature, Art",True,Eiffel Tower,"Machu Picchu, Taj Mahal",26-35,Media(5-7h),Alto,Rápido,Alta,Excelente,Alta
"Art, Nature, Cultural",False,Machu Picchu,"Eiffel Tower, Great Wall of China, Taj Mahal",18-25,Media(5-7h),Medio,Normal,Media,Regular,Media
Architecture,False,Taj Mahal,Taj Mahal,26-35,Media(5-7h),Medio,Rápido,Media,Excelente,Media
"Nature, History, Cultural",False,Taj Mahal,Great Wall of China,26-35,Corta(1-4h),Bajo,Lento,Media,Excelente,Media
History,False,Eiffel Tower,Great Wall of China,26-35,Media(5-7h),Alto,Rápido,Media,Buena,Alta
"Architecture, History, Cultural",False,Colosseum,"Machu Picchu, Great Wall of China",46-55,Media(5-7h),Alto,Rápido,Alta,Excelente,Alta
"History, Cultural",True,Colosseum,Colosseum,56+,Corta(1-4h),Bajo,Lento,Media,Excelente,Media
"Nature, Architecture",False,Colosseum,Taj Mahal,18-25,Media(5-7h),Alto,Normal,Media,Excelente,Alta
"Cultural, Architecture, History",True,Machu Picchu,"Eiffel Tower, Taj Mahal",56+,Corta(1-4h),Medio,Lento,Baja,Buena,Media
"History, Nature",True,Colosseum,"Taj Mahal, Machu Picchu",56+,Larga(8-10h),Bajo,Rápido,Baja,Buena,Media
"Art, Nature, Architecture",True,Eiffel Tower,"Colosseum, Machu Picchu, Eiffel Tower",56+,Media(5-7h),Medio,Normal,Media,Buena,Media
"Art, Nature, Architecture",True,Eiffel Tower,"Great Wall of China, Machu Picchu, Taj Mahal",56+,Larga(8-10h),Alto,Lento,Media,Buena,Alta
Nature,False,Eiffel Tower,Machu Picchu,56+,Corta(1-4h),Alto,Lento,Media,Excelente,Alta
"History, Art, Nature",True,Machu Picchu,"Taj Mahal, Colosseum, Great Wall of China",26-35,Larga(8-10h),Medio,Normal,Alta,Buena,Media
Art,True,Colosseum,"Great Wall of China, Eiffel Tower",26-35,Media(5-7h),Alto,Rápido,Media,Excelente,Alta
"Nature, Cultural",False,Eiffel Tower,"Machu Picchu, Taj Mahal",36-45,Media(5-7h),Alto,Normal,Baja,Excelente,Alta
"Art, Nature",False,Machu Picchu,"Taj Mahal, Eiffel Tower, Machu Picchu",18-25,Media(5-7h),Bajo,Rápido,Alta,Excelente,Media
"History, Nature, Architecture",True,Eiffel Tower,Eiffel Tower,46-55,Corta(1-4h),Bajo,Lento,Media,Excelente,Media
Architecture,False,Taj Mahal,"Colosseum, Eiffel Tower",26-35,Corta(1-4h),Medio,Normal,Alta,Regular,Media
"Nature, Architecture",False,Great Wall of China,Great Wall of China,46-55,Media(5-7h),Alto,Lento,Media,Buena,Alta
"Architecture, Nature",False,Great Wall of China,"Great Wall of China, Machu Picchu, Eiffel Tower",56+,Corta(1-4h),Medio,Rápido,Alta,Buena,Media
"Art, Nature",True,Eiffel Tower,"Eiffel Tower, Great Wall of China, Colosseum",56+,Media(5-7h),Bajo,Lento,Media,Buena,Media
"History, Cultural, Art",True,Machu Picchu,"Machu Picchu, Taj Mahal",36-45,Corta(1-4h),Bajo,Normal,Alta,Excelente,Media
"History, Cultural, Nature",True,Great Wall of China,"Colosseum, Eiffel Tower",18-25,Corta(1-4h),Medio,Rápido,Media,Excelente,Media
"History, Architecture, Art",True,Taj Mahal,Taj Mahal,18-25,Corta(1-4h),Alto,Rápido,Media,Buena,Alta
"History, Art",True,Taj Mahal,"Great Wall of China, Eiffel Tower",18-25,Media(5-7h),Medio,Lento,Media,Buena,Media
"History, Cultural",True,Machu Picchu,"Colosseum, Taj Mahal",56+,Media(5-7h),Bajo,Lento,Media,Buena,Media
"Nature, History, Cultural",False,Machu Picchu,"Taj Mahal, Eiffel Tower, Great Wall of China",56+,Corta(1-4h),Alto,Rápido,Alta,Excelente,Alta
Art,True,Eiffel Tower,"Colosseum, Machu Picchu",36-45,Media(5-7h),Medio,Normal,Media,Excelente,Media
"Architecture, History",True,Taj Mahal,"Machu Picchu, Eiffel Tower, Great Wall of China",46-55,Corta(1-4h),Medio,Lento,Media,Excelente,Media
Nature,False,Machu Picchu,Machu Picchu,56+,Corta(1-4h),Bajo,Rápido,Media,Excelente,Media
"Cultural, Art",True,Taj Mahal,"Colosseum, Great Wall of China, Taj Mahal",26-35,Corta(1-4h),Bajo,Lento,Alta,Regular,Media
"History, Art",False,Eiffel Tower,"Taj Mahal, Colosseum, Machu Picchu",26-35,Media(5-7h),Medio,Rápido,Alta,Buena,Media
"Nature, Art",True,Machu Picchu,Machu Picchu,56+,Media(5-7h),Alto,Rápido,Media,Buena,Alta
"Cultural, Art, History",False,Colosseum,"Machu Picchu, Colosseum",36-45,Larga(8-10h),Medio,Rápido,Media,Buena,Media
"History, Cultural, Nature",False,Eiffel Tower,Great Wall of China,46-55,Media(5-7h),Bajo,Rápido,Alta,Buena,Media
History,True,Taj Mahal,Eiffel Tower,46-55,Larga(8-10h),Medio,Lento,Media,Excelente,Media
"Art, Architecture",False,Machu Picchu,"Machu Picchu, Great Wall of China",36-45,Media(5-7h),Medio,Normal,Media,Excelente,Media
"Art, Architecture, Nature",True,Eiffel Tower,"Eiffel Tower, Machu Picchu",56+,Corta(1-4h),Alto,Normal,Media,Excelente,Alta
"History, Nature",True,Great Wall of China,"Colosseum, Taj Mahal, Great Wall of China",18-25,Media(5-7h),Alto,Lento,Media,Excelente,Alta
"Cultural, Nature, Art",False,Eiffel Tower,"Great Wall of China, Colosseum",46-55,Media(5-7h),Bajo,Normal,Media,Buena,Media
Cultural,True,Great Wall of China,"Great Wall of China, Machu Picchu, Colosseum",18-25,Media(5-7h),Medio,Rápido,Alta,Buena,Media
"History, Nature, Cultural",True,Colosseum,Eiffel Tower,18-25,Media(5-7h),Alto,Normal,Media,Excelente,Alta
"Nature, Architecture",False,Taj Mahal,Machu Picchu,26-35,Media(5-7h),Alto,Normal,Alta,Excelente,Alta
Architecture,True,Machu Picchu,Colosseum,56+,Corta(1-4h),Alto,Normal,Baja,Excelente,Alta
"Nature, Art, History",False,Eiffel Tower,Great Wall of China,46-55,Corta(1-4h),Alto,Lento,Media,Buena,Alta
History,True,Great Wall of China,"Eiffel Tower, Taj Mahal, Great Wall of China",56+,Media(5-7h),Bajo,Lento,Media,Buena,Media
"Architecture, Art, Cultural",False,Colosseum,"Eiffel Tower, Great Wall of China",46-55,Media(5-7h),Alto,Normal,Media,Regular,Alta
"Architecture, Cultural",True,Great Wall of China,Taj Mahal,26-35,Media(5-7h),Alto,Lento,Media,Buena,Alta
Cultural,False,Colosseum,Machu Picchu,56+,Media(5-7h),Bajo,Rápido,Alta,Buena,Media
Cultural,True,Great Wall of China,Colosseum,56+,Corta(1-4h),Medio,Normal,Media,Excelente,Media
Art,False,Taj Mahal,"Taj Mahal, Colosseum",46-55,Corta(1-4h),Medio,Normal,Media,Excelente,Media
"Cultural, History",True,Great Wall of China,Taj Mahal,26-35,Media(5-7h),Alto,Lento,Media,Buena,Alta
"Nature, Art",True,Machu Picchu,Great Wall of China,46-55,Media(5-7h),Medio,Rápido,Media,Buena,Media
"Cultural, History",False,Colosseum,"Colosseum, Taj Mahal, Great Wall of China",46-55,Corta(1-4h),Bajo,Rápido,Alta,Buena,Media
Cultural,False,Eiffel Tower,Colosseum,18-25,Media(5-7h),Alto,Normal,Media,Buena,Alta
Art,False,Taj Mahal,Machu Picchu,36-45,Media(5-7h),Medio,Rápido,Media,Regular,Media
"Architecture, Nature, Cultural",True,Great Wall of China,Taj Mahal,36-45,Larga(8-10h),Bajo,Normal,Media,Excelente,Media
History,True,Taj Mahal,Machu Picchu,56+,Corta(1-4h),Medio,Rápido,Media,Buena,Media
"Nature, Architecture, History",False,Colosseum,"Eiffel Tower, Machu Picchu",18-25,Media(5-7h),Bajo,Rápido,Alta,Buena,Media
"History, Nature, Architecture",False,Taj Mahal,"Great Wall of China, Eiffel Tower, Colosseum",46-55,Corta(1-4h),Alto,Normal,Media,Buena,Alta
"Nature, Cultural",False,Taj Mahal,"Great Wall of China, Machu Picchu",18-25,Media(5-7h),Alto,Normal,Media,Buena,Alta
"Nature, History, Art",False,Eiffel Tower,"Great Wall of China, Colosseum",18-25,Corta(1-4h),Medio,Lento,Media,Buena,Media
"Art, Nature, Architecture",False,Machu Picchu,"Taj Mahal, Eiffel Tower",36-45,Corta(1-4h),Bajo,Normal,Media,Excelente,Media
Nature,False,Machu Picchu,"Colosseum, Great Wall of China, Machu Picchu",36-45,Corta(1-4h),Medio,Lento,Alta,Excelente,Alta
"Architecture, Cultural",False,Great Wall of China,Colosseum,18-25,Corta(1-4h),Bajo,Lento,Media,Excelente,Media
"Nature, History, Architecture",True,Taj Mahal,"Eiffel Tower, Machu Picchu",36-45,Larga(8-10h),Bajo,Rápido,Media,Regular,Media
Architecture,False,Machu Picchu,"Eiffel Tower, Colosseum",36-45,Corta(1-4h),Bajo,Lento,Media,Excelente,Media
History,False,Taj Mahal,"Taj Mahal, Great Wall of China",36-45,Media(5-7h),Medio,Lento,Media,Buena,Media
"Architecture, Cultural, Art",False,Colosseum,"Taj Mahal, Colosseum",18-25,Corta(1-4h),Medio,Normal,Media,Buena,Media
"History, Cultural, Nature",False,Machu Picchu,Eiffel Tower,46-55,Media(5-7h),Alto,Normal,Media,Excelente,Alta
Nature,True,Taj Mahal,Eiffel Tower,26-35,Corta(1-4h),Bajo,Normal,Alta,Buena,Media
"Art, History, Nature",True,Great Wall of China,"Colosseum, Great Wall of China",26-35,Larga(8-10h),Bajo,Lento,Alta,Excelente,Media
"Nature, Architecture",True,Taj Mahal,"Eiffel Tower, Colosseum, Great Wall of China",56+,Corta(1-4h),Alto,Lento,Media,Buena,Alta
"Cultural, Architecture, Art",False,Eiffel Tower,"Great Wall of China, Colosseum",36-45,Larga(8-10h),Medio,Lento,Media,Buena,Media
"Art, Cultural",False,Great Wall of China,Great Wall of China,56+,Media(5-7h),Medio,Normal,Media,Regular,Media
Architecture,True,Great Wall of China,"Colosseum, Great Wall of China",36-45,Media(5-7h),Bajo,Rápido,Baja,Excelente,Media
"Cultural, History",False,Machu Picchu,"Machu Picchu, Great Wall of China",56+,Media(5-7h),Medio,Normal,Alta,Buena,Media
History,False,Eiffel Tower,Great Wall of China,18-25,Corta(1-4h),Alto,Normal,Media,Buena,Alta
"History, Nature, Architecture",False,Machu Picchu,"Eiffel Tower, Taj Mahal",56+,Larga(8-10h),Alto,Lento,Media,Buena,Alta
Nature,False,Great Wall of China,"Taj Mahal, Colosseum",36-45,Media(5-7h),Alto,Lento,Alta,Excelente,Alta
History,False,Colosseum,"Taj Mahal, Machu Picchu, Great Wall of China",26-35,Media(5-7h),Medio,Lento,Media,Excelente,Media
"Art, Architecture, Cultural",False,Eiffel Tower,"Eiffel Tower, Taj Mahal, Great Wall of China",18-25,Corta(1-4h),Medio,Rápido,Alta,Excelente,Media
"Cultural, Art",False,Machu Picchu,"Great Wall of China, Taj Mahal",56+,Media(5-7h),Bajo,Normal,Media,Excelente,Media
"Nature, History",False,Taj Mahal,Eiffel Tower,18-25,Corta(1-4h),Alto,Rápido,Alta,Regular,Alta
"Cultural, History, Art",True,Colosseum,"Eiffel Tower, Machu Picchu, Great Wall of China",56+,Media(5-7h),Alto,Lento,Alta,Excelente,Alta
Art,False,Taj Mahal,Colosseum,18-25,Corta(1-4h),Medio,Lento,Media,Excelente,Media
"Cultural, History, Nature",True,Taj Mahal,Eiffel Tower,26-35,Corta(1-4h),Bajo,Normal,Media,Buena,Media
Art,False,Great Wall of China,"Eiffel Tower, Taj Mahal",56+,Media(5-7h),Medio,Normal,Media,Excelente,Media
Cultural,True,Colosseum,"Machu Picchu, Eiffel Tower, Colosseum",18-25,Media(5-7h),Medio,Lento,Baja,Buena,Media
Cultural,True,Colosseum,Taj Mahal,56+,Larga(8-10h),Bajo,Rápido,Media,Excelente,Media
History,True,Machu Picchu,Colosseum,18-25,Corta(1-4h),Bajo,Lento,Alta,Regular,Media
"History, Art, Cultural",False,Great Wall of China,"Machu Picchu, Eiffel Tower, Great Wall of China",36-45,Media(5-7h),Alto,Rápido,Media,Buena,Alta
"Architecture, Art, Cultural",True,Great Wall of China,"Great Wall of China, Colosseum",46-55,Corta(1-4h),Medio,Lento,Media,Excelente,Media
Nature,True,Taj Mahal,"Machu Picchu, Great Wall of China, Eiffel Tower",46-55,Media(5-7h),Alto,Lento,Alta,Excelente,Alta
Art,True,Colosseum,Great Wall of China,46-55,Corta(1-4h),Medio,Lento,Media,Excelente,Alta
Cultural,False,Taj Mahal,"Machu Picchu, Eiffel Tower, Taj Mahal",56+,Media(5-7h),Medio,Rápido,Alta,Excelente,Alta
"Art, Cultural",True,Colosseum,Taj Mahal,56+,Media(5-7h),Medio,Lento,Baja,Buena,Media
"Cultural, Art, Architecture",True,Great Wall of China,"Colosseum, Machu Picchu, Great Wall of China",26-35,Media(5-7h),Alto,Lento,Media,Excelente,Alta
"Art, Cultural",True,Great Wall of China,"Great Wall of China, Taj Mahal, Eiffel Tower",36-45,Media(5-7h),Alto,Rápido,Alta,Excelente,Alta
"History, Architecture",True,Machu Picchu,"Colosseum, Great Wall of China, Eiffel Tower",46-55,Media(5-7h),Medio,Lento,Alta,Excelente,Media
"Nature, Art",True,Taj Mahal,"Machu Picchu, Colosseum, Taj Mahal",36-45,Corta(1-4h),Bajo,Rápido,Media,Excelente,Media
"Art, Cultural",False,Great Wall of China,Great Wall of China,46-55,Media(5-7h),Alto,Rápido,Media,Regular,Alta
"Cultural, Architecture",False,Great Wall of China,"Great Wall of China, Machu Picchu",56+,Media(5-7h),Alto,Lento,Media,Excelente,Alta
"Cultural, Architecture, Nature",False,Eiffel Tower,"Colosseum, Machu Picchu",56+,Corta(1-4h),Medio,Lento,Media,Excelente,Alta
Nature,True,Taj Mahal,Machu Picchu,56+,Larga(8-10h),Alto,Lento,Media,Excelente,Alta
Cultural,False,Taj Mahal,"Taj Mahal, Machu Picchu",26-35,Corta(1-4h),Medio,Lento,Media,Buena,Media
"Nature, Cultural, Art",True,Machu Picchu,"Colosseum, Great Wall of China",56+,Media(5-7h),Bajo,Rápido,Alta,Excelente,Media
Nature,False,Great Wall of China,"Great Wall of China, Colosseum, Taj Mahal",36-45,Media(5-7h),Medio,Normal,Media,Buena,Media
Art,False,Taj Mahal,"Machu Picchu, Eiffel Tower, Taj Mahal",46-55,Media(5-7h),Medio,Normal,Media,Excelente,Media
"Art, Nature, Cultural",False,Eiffel Tower,"Machu Picchu, Great Wall of China",56+,Corta(1-4h),Alto,Lento,Baja,Excelente,Alta
Architecture,True,Eiffel Tower,"Machu Picchu, Great Wall of China",46-55,Media(5-7h),Alto,Rápido,Media,Buena,Alta
Architecture,True,Eiffel Tower,Machu Picchu,36-45,Media(5-7h),Bajo,Rápido,Media,Buena,Media
"Art, Architecture, Nature",True,Great Wall of China,Eiffel Tower,36-45,Media(5-7h),Medio,Normal,Media,Buena,Media
Nature,False,Taj Mahal,"Colosseum, Eiffel Tower, Machu Picchu",36-45,Corta(1-4h),Medio,Normal,Media,Buena,Media
Art,False,Taj Mahal,"Machu Picchu, Eiffel Tower, Colosseum",36-45,Corta(1-4h),Bajo,Lento,Media,Excelente,Media
"Art, Architecture",False,Colosseum,"Colosseum, Machu Picchu, Taj Mahal",26-35,Media(5-7h),Medio,Lento,Media,Buena,Media
"Nature, Architecture",False,Eiffel Tower,Colosseum,18-25,Media(5-7h),Bajo,Rápido,Media,Excelente,Media
"History, Cultural",False,Machu Picchu,Eiffel Tower,18-25,Media(5-7h),Medio,Rápido,Media,Excelente,Media
History,True,Colosseum,"Great Wall of China, Colosseum",26-35,Corta(1-4h),Medio,Lento,Alta,Buena,Media
"Nature, Art",False,Great Wall of China,"Machu Picchu, Colosseum, Great Wall of China",26-35,Corta(1-4h),Medio,Lento,Media,Excelente,Media
"Architecture, History",True,Machu Picchu,Eiffel Tower,46-55,Larga(8-10h),Bajo,Normal,Media,Buena,Media
"History, Cultural, Art",False,Great Wall of China,Eiffel Tower,18-25,Corta(1-4h),Medio,Rápido,Media,Excelente,Media
"Nature, History, Cultural",False,Great Wall of China,"Machu Picchu, Eiffel Tower, Taj Mahal",46-55,Media(5-7h),Medio,Lento,Media,Buena,Media
"Nature, Cultural",True,Eiffel Tower,"Machu Picchu, Great Wall of China",36-45,Media(5-7h),Alto,Rápido,Alta,Buena,Alta
"Art, Nature",False,Great Wall of China,Eiffel Tower,18-25,Media(5-7h),Bajo,Normal,Alta,Buena,Media
Architecture,True,Taj Mahal,"Colosseum, Great Wall of China, Machu Picchu",36-45,Corta(1-4h),Medio,Rápido,Alta,Buena,Media
Nature,False,Great Wall of China,Taj Mahal,18-25,Corta(1-4h),Alto,Rápido,Alta,Buena,Alta
"History, Architecture, Cultural",False,Great Wall of China,"Eiffel Tower, Machu Picchu",36-45,Corta(1-4h),Medio,Rápido,Media,Excelente,Media
"Cultural, Architecture",False,Colosseum,Eiffel Tower,18-25,Corta(1-4h),Medio,Lento,Media,Excelente,Media
"History, Nature",False,Colosseum,"Colosseum, Eiffel Tower, Great Wall of China",36-45,Media(5-7h),Medio,Rápido,Alta,Regular,Media
Nature,True,Taj Mahal,Great Wall of China,18-25,Media(5-7h),Alto,Rápido,Alta,Buena,Alta
Nature,False,Great Wall of China,"Eiffel Tower, Machu Picchu",26-35,Media(5-7h),Alto,Lento,Media,Excelente,Alta
"History, Architecture",True,Machu Picchu,Eiffel Tower,18-25,Corta(1-4h),Medio,Normal,Baja,Buena,Media
"History, Art",True,Machu Picchu,"Colosseum, Eiffel Tower, Machu Picchu",56+,Corta(1-4h),Bajo,Normal,Media,Regular,Media
"Cultural, Architecture, History",False,Great Wall of China,"Machu Picchu, Taj Mahal, Colosseum",46-55,Media(5-7h),Medio,Rápido,Baja,Buena,Alta
"Architecture, Cultural",True,Machu Picchu,"Great Wall of China, Machu Picchu",36-45,Larga(8-10h),Alto,Normal,Alta,Excelente,Alta
Art,False,Great Wall of China,"Taj Mahal, Machu Picchu, Eiffel Tower",56+,Corta(1-4h),Medio,Lento,Media,Buena,Alta
Cultural,True,Eiffel Tower,"Great Wall of China, Eiffel Tower, Machu Picchu",36-45,Larga(8-10h),Alto,Lento,Media,Buena,Alta
"Art, Nature, Architecture",True,Taj Mahal,"Great Wall of China, Colosseum",46-55,Corta(1-4h),Medio,Lento,Alta,Buena,Media
"Architecture, History, Cultural",True,Eiffel Tower,"Eiffel Tower, Taj Mahal, Machu Picchu",36-45,Larga(8-10h),Medio,Lento,Media,Buena,Media
"Cultural, History",True,Eiffel Tower,"Machu Picchu, Colosseum",56+,Corta(1-4h),Alto,Rápido,Media,Regular,Alta
"Art, Architecture",False,Great Wall of China,"Great Wall of China, Eiffel Tower, Taj Mahal",26-35,Larga(8-10h),Bajo,Lento,Media,Buena,Media
Architecture,False,Machu Picchu,Machu Picchu,18-25,Media(5-7h),Bajo,Rápido,Media,Regular,Media
History,True,Taj Mahal,Taj Mahal,56+,Corta(1-4h),Bajo,Rápido,Media,Buena,Media
"Architecture, Art, Nature",True,Great Wall of China,"Machu Picchu, Taj Mahal",46-55,Corta(1-4h),Bajo,Normal,Alta,Buena,Media
"Art, Cultural",False,Colosseum,Eiffel Tower,56+,Media(5-7h),Medio,Normal,Media,Excelente,Media
Cultural,False,Taj Mahal,Great Wall of China,36-45,Corta(1-4h),Bajo,Normal,Media,Buena,Media
Art,True,Eiffel Tower,"Taj Mahal, Great Wall of China, Colosseum",56+,Corta(1-4h),Medio,Normal,Media,Buena,Media
"History, Art, Cultural",True,Machu Picchu,Colosseum,36-45,Media(5-7h),Medio,Rápido,Alta,Buena,Media
Nature,False,Machu Picchu,Eiffel Tower,18-25,Corta(1-4h),Bajo,Rápido,Alta,Excelente,Media
"Nature, Architecture",True,Eiffel Tower,"Eiffel Tower, Colosseum",36-45,Larga(8-10h),Alto,Lento,Alta,Excelente,Alta
Architecture,True,Colosseum,"Eiffel Tower, Taj Mahal, Machu Picchu",56+,Media(5-7h),Alto,Rápido,Media,Excelente,Alta
"Art, Architecture, Nature",True,Great Wall of China,Great Wall of China,36-45,Corta(1-4h),Medio,Rápido,Alta,Excelente,Media
History,False,Machu Picchu,"Machu Picchu, Colosseum, Taj Mahal",26-35,Media(5-7h),Medio,Rápido,Media,Buena,Media
"Art, History",False,Taj Mahal,"Machu Picchu, Taj Mahal",36-45,Corta(1-4h),Alto,Normal,Media,Buena,Alta
Architecture,True,Machu Picchu,"Great Wall of China, Eiffel Tower, Machu Picchu",26-35,Media(5-7h),Bajo,Normal,Media,Excelente,Media
"Art, History",True,Taj Mahal,Colosseum,36-45,Media(5-7h),Bajo,Normal,Baja,Buena,Media
"Cultural, Architecture, History",False,Great Wall of China,"Great Wall of China, Taj Mahal",56+,Media(5-7h),Alto,Rápido,Media,Excelente,Alta
"Architecture, Art",False,Machu Picchu,Eiffel Tower,36-45,Media(5-7h),Bajo,Normal,Alta,Buena,Media
"History, Nature",True,Colosseum,"Taj Mahal, Colosseum, Great Wall of China",18-25,Media(5-7h),Bajo,Rápido,Media,Excelente,Media
"Cultural, Nature, History",True,Eiffel Tower,"Eiffel Tower, Machu Picchu, Great Wall of China",56+,Corta(1-4h),Bajo,Rápido,Alta,Buena,Media
"History, Nature, Art",True,Machu Picchu,Colosseum,26-35,Larga(8-10h),Alto,Lento,Media,Buena,Alta
Art,False,Machu Picchu,Machu Picchu,18-25,Corta(1-4h),Bajo,Lento,Alta,Excelente,Media
"Cultural, Architecture, Nature",False,Taj Mahal,"Eiffel Tower, Machu Picchu, Taj Mahal",26-35,Corta(1-4h),Bajo,Lento,Baja,Excelente,Media
"Art, History, Nature",True,Eiffel Tower,"Machu Picchu, Eiffel Tower, Taj Mahal",18-25,Media(5-7h),Bajo,Lento,Media,Buena,Media
History,False,Great Wall of China,"Machu Picchu, Great Wall of China, Eiffel Tower",46-55,Media(5-7h),Medio,Normal,Media,Excelente,Media
"History, Nature",False,Taj Mahal,Eiffel Tower,56+,Larga(8-10h),Alto,Lento,Baja,Excelente,Alta
"Nature, Architecture",False,Taj Mahal,"Great Wall of China, Eiffel Tower",46-55,Media(5-7h),Bajo,Normal,Media,Excelente,Media
"Nature, Art",False,Colosseum,"Machu Picchu, Colosseum, Great Wall of China",46-55,Corta(1-4h),Medio,Rápido,Media,Excelente,Media
Cultural,False,Machu Picchu,"Machu Picchu, Colosseum",26-35,Corta(1-4h),Bajo,Rápido,Alta,Buena,Media
History,False,Taj Mahal,"Eiffel Tower, Machu Picchu, Great Wall of China",56+,Corta(1-4h),Bajo,Rápido,Media,Excelente,Media
Art,True,Colosseum,"Taj Mahal, Eiffel Tower, Colosseum",56+,Corta(1-4h),Alto,Rápido,Alta,Buena,Alta
Art,True,Colosseum,"Machu Picchu, Colosseum",18-25,Media(5-7h),Bajo,Lento,Media,Buena,Media
Architecture,False,Great Wall of China,"Taj Mahal, Great Wall of China, Machu Picchu",18-25,Media(5-7h),Medio,Rápido,Alta,Excelente,Media
Architecture,False,Machu Picchu,Eiffel Tower,36-45,Corta(1-4h),Alto,Lento,Media,Buena,Alta
"Art, Nature, History",True,Machu Picchu,"Colosseum, Great Wall of China",36-45,Media(5-7h),Alto,Rápido,Alta,Excelente,Alta
Nature,False,Taj Mahal,"Colosseum, Taj Mahal",36-45,Larga(8-10h),Alto,Lento,Media,Excelente,Alta
History,False,Eiffel Tower,"Colosseum, Machu Picchu",46-55,Media(5-7h),Medio,Lento,Media,Excelente,Media
Cultural,False,Great Wall of China,Taj Mahal,18-25,Media(5-7h),Alto,Lento,Alta,Buena,Alta
"Art, Cultural",True,Machu Picchu,"Great Wall of China, Machu Picchu",18-25,Corta(1-4h),Bajo,Rápido,Media,Buena,Media
"History, Cultural, Art",True,Taj Mahal,"Great Wall of China, Machu Picchu",18-25,Media(5-7h),Bajo,Normal,Media,Buena,Media
"Cultural, History",False,Eiffel Tower,Eiffel Tower,46-55,Corta(1-4h),Alto,Rápido,Media,Excelente,Alta
"Nature, History, Architecture",False,Great Wall of China,"Eiffel Tower, Machu Picchu, Colosseum",56+,Media(5-7h),Medio,Normal,Alta,Buena,Media
Architecture,False,Great Wall of China,"Eiffel Tower, Great Wall of China",36-45,Larga(8-10h),Alto,Lento,Media,Excelente,Alta
Architecture,False,Taj Mahal,"Great Wall of China, Machu Picchu",18-25,Media(5-7h),Medio,Rápido,Media,Excelente,Media
"Cultural, Architecture, Nature",True,Colosseum,Colosseum,26-35,Corta(1-4h),Medio,Normal,Baja,Buena,Media
"Nature, Architecture, History",True,Eiffel Tower,Colosseum,36-45,Media(5-7h),Bajo,Normal,Alta,Buena,Media
"Architecture, Art",False,Machu Picchu,Eiffel Tower,26-35,Media(5-7h),Bajo,Rápido,Media,Excelente,Media
History,False,Colosseum,"Eiffel Tower, Taj Mahal, Colosseum",46-55,Larga(8-10h),Alto,Normal,Media,Buena,Alta
"History, Architecture, Cultural",False,Machu Picchu,Colosseum,18-25,Media(5-7h),Bajo,Rápido,Media,Buena,Media
Architecture,False,Taj Mahal,"Great Wall of China, Eiffel Tower",36-45,Larga(8-10h),Medio,Normal,Alta,Buena,Media
Architecture,True,Great Wall of China,"Taj Mahal, Eiffel Tower",46-55,Corta(1-4h),Alto,Normal,Media,Excelente,Alta
History,True,Colosseum,"Machu Picchu, Colosseum",56+,Corta(1-4h),Alto,Lento,Alta,Buena,Alta
"Art, Cultural",False,Eiffel Tower,"Taj Mahal, Eiffel Tower, Colosseum",18-25,Corta(1-4h),Medio,Normal,Alta,Excelente,Media
Nature,False,Great Wall of China,Machu Picchu,36-45,Corta(1-4h),Alto,Lento,Media,Excelente,Alta
"Nature, Art, History",False,Taj Mahal,"Taj Mahal, Machu Picchu",56+,Corta(1-4h),Alto,Rápido,Alta,Buena,Alta
"History, Architecture",False,Colosseum,"Machu Picchu, Eiffel Tower",36-45,Larga(8-10h),Alto,Rápido,Media,Excelente,Alta
"Nature, Cultural, Art",False,Great Wall of China,"Great Wall of China, Colosseum",26-35,Media(5-7h),Bajo,Rápido,Alta,Buena,Media
Art,True,Great Wall of China,"Taj Mahal, Machu Picchu, Colosseum",56+,Media(5-7h),Alto,Normal,Alta,Buena,Alta
History,True,Taj Mahal,"Colosseum, Machu Picchu",56+,Media(5-7h),Medio,Lento,Media,Buena,Media
"Art, Architecture",False,Machu Picchu,"Taj Mahal, Eiffel Tower",26-35,Corta(1-4h),Alto,Normal,Media,Excelente,Alta
"Architecture, Cultural",True,Colosseum,"Colosseum, Great Wall of China, Machu Picchu",56+,Media(5-7h),Medio,Lento,Media,Buena,Media
"Architecture, Cultural, History",True,Great Wall of China,"Machu Picchu, Eiffel Tower",36-45,Media(5-7h),Medio,Normal,Media,Regular,Media
Nature,True,Eiffel Tower,"Colosseum, Taj Mahal, Great Wall of China",36-45,Corta(1-4h),Medio,Rápido,Media,Excelente,Media
Nature,False,Colosseum,"Taj Mahal, Colosseum, Eiffel Tower",46-55,Media(5-7h),Alto,Lento,Alta,Buena,Alta
"Architecture, History, Nature",False,Machu Picchu,"Great Wall of China, Taj Mahal, Colosseum",18-25,Media(5-7h),Medio,Rápido,Media,Excelente,Media
"Art, Cultural",True,Taj Mahal,Eiffel Tower,26-35,Corta(1-4h),Alto,Normal,Alta,Buena,Alta
Cultural,False,Colosseum,Eiffel Tower,56+,Larga(8-10h),Alto,Rápido,Media,Excelente,Alta
History,False,Colosseum,Machu Picchu,26-35,Media(5-7h),Medio,Rápido,Alta,Excelente,Media
"Art, Cultural, Nature",False,Taj Mahal,"Eiffel Tower, Machu Picchu",56+,Corta(1-4h),Bajo,Rápido,Alta,Excelente,Media
"Nature, Cultural, Art",True,Eiffel Tower,"Machu Picchu, Colosseum",46-55,Media(5-7h),Bajo,Normal,Alta,Regular,Media
Cultural,False,Machu Picchu,"Great Wall of China, Machu Picchu",18-25,Media(5-7h),Medio,Rápido,Media,Buena,Media
"History, Art",False,Machu Picchu,"Eiffel Tower, Colosseum",56+,Corta(1-4h),Medio,Lento,Alta,Buena,Media
"Architecture, Art",False,Taj Mahal,"Taj Mahal, Colosseum",56+,Media(5-7h),Alto,Normal,Media,Excelente,Alta
Architecture,True,Eiffel Tower,"Great Wall of China, Machu Picchu, Eiffel Tower",18-25,Media(5-7h),Medio,Lento,Alta,Buena,Media
"Cultural, Nature",False,Eiffel Tower,"Taj Mahal, Colosseum, Machu Picchu",18-25,Corta(1-4h),Medio,Rápido,Media,Excelente,Alta
Art,True,Colosseum,"Eiffel Tower, Colosseum, Machu Picchu",36-45,Corta(1-4h),Medio,Normal,Alta,Excelente,Media
"History, Nature",True,Eiffel Tower,Great Wall of China,56+,Media(5-7h),Alto,Rápido,Baja,Excelente,Alta
"Art, Cultural",False,Taj Mahal,"Eiffel Tower, Machu Picchu",36-45,Larga(8-10h),Medio,Lento,Media,Excelente,Media
"Nature, Cultural, Architecture",True,Great Wall of China,Machu Picchu,56+,Larga(8-10h),Medio,Lento,Alta,Regular,Media
"Architecture, History",True,Great Wall of China,Machu Picchu,26-35,Corta(1-4h),Bajo,Lento,Alta,Buena,Media
"Architecture, History, Art",True,Colosseum,"Eiffel Tower, Machu Picchu, Taj Mahal",56+,Larga(8-10h),Alto,Rápido,Media,Excelente,Alta
"History, Nature",True,Great Wall of China,"Great Wall of China, Eiffel Tower, Taj Mahal",18-25,Media(5-7h),Bajo,Lento,Alta,Excelente,Media
"Architecture, Nature",True,Eiffel Tower,Eiffel Tower,18-25,Media(5-7h),Medio,Rápido,Alta,Buena,Media
Cultural,False,Eiffel Tower,"Machu Picchu, Colosseum",26-35,Media(5-7h),Bajo,Lento,Media,Buena,Media
Cultural,False,Machu Picchu,Machu Picchu,56+,Corta(1-4h),Alto,Normal,Media,Excelente,Alta
Art,False,Colosseum,"Colosseum, Machu Picchu",46-55,Media(5-7h),Medio,Normal,Media,Buena,Media
Architecture,False,Taj Mahal,"Colosseum, Taj Mahal, Eiffel Tower",46-55,Corta(1-4h),Bajo,Normal,Media,Excelente,Media
"Nature, Architecture, Cultural",False,Colosseum,Colosseum,36-45,Larga(8-10h),Bajo,Normal,Media,Buena,Media
Art,False,Eiffel Tower,Great Wall of China,26-35,Corta(1-4h),Medio,Normal,Media,Regular,Media
History,True,Machu Picchu,"Taj Mahal, Great Wall of China, Machu Picchu",26-35,Media(5-7h),Medio,Lento,Alta,Excelente,Media
"Art, Architecture, History",True,Eiffel Tower,"Taj Mahal, Machu Picchu",18-25,Media(5-7h),Bajo,Lento,Media,Excelente,Media
Nature,False,Great Wall of China,"Machu Picchu, Taj Mahal, Colosseum",26-35,Media(5-7h),Bajo,Lento,Media,Buena,Media
Art,False,Eiffel Tower,Eiffel Tower,46-55,Media(5-7h),Medio,Lento,Media,Excelente,Media
"Nature, Architecture, Cultural",False,Eiffel Tower,"Taj Mahal, Great Wall of China, Eiffel Tower",56+,Media(5-7h),Alto,Lento,Media,Excelente,Alta
"Cultural, Architecture",True,Taj Mahal,Colosseum,36-45,Media(5-7h),Alto,Normal,Alta,Buena,Alta
Architecture,True,Colosseum,Machu Picchu,46-55,Corta(1-4h),Alto,Lento,Media,Buena,Alta
"Art, Architecture",True,Machu Picchu,"Colosseum, Great Wall of China",56+,Media(5-7h),Alto,Lento,Media,Excelente,Alta
"Art, Nature",True,Eiffel Tower,"Taj Mahal, Machu Picchu, Great Wall of China",56+,Corta(1-4h),Alto,Rápido,Media,Excelente,Alta
"Art, History, Nature",False,Taj Mahal,"Taj Mahal, Eiffel Tower",26-35,Corta(1-4h),Medio,Rápido,Alta,Excelente,Media
"Cultural, Architecture, History",False,Colosseum,"Taj Mahal, Great Wall of China",36-45,Media(5-7h),Medio,Normal,Media,Excelente,Media
Cultural,False,Taj Mahal,"Great Wall of China, Taj Mahal, Eiffel Tower",36-45,Larga(8-10h),Medio,Normal,Alta,Excelente,Media
History,True,Eiffel Tower,Colosseum,46-55,Corta(1-4h),Medio,Lento,Baja,Buena,Media
History,False,Taj Mahal,"Machu Picchu, Taj Mahal",26-35,Corta(1-4h),Alto,Lento,Alta,Excelente,Alta
History,True,Machu Picchu,"Colosseum, Taj Mahal",36-45,Corta(1-4h),Alto,Normal,Media,Buena,Alta
"Nature, Art",False,Eiffel Tower,Machu Picchu,26-35,Corta(1-4h),Medio,Rápido,Media,Buena,Media
Architecture,True,Eiffel Tower,"Taj Mahal, Eiffel Tower, Machu Picchu",46-55,Media(5-7h),Alto,Normal,Alta,Excelente,Alta
History,True,Machu Picchu,"Great Wall of China, Machu Picchu, Eiffel Tower",36-45,Media(5-7h),Medio,Rápido,Media,Buena,Media
"Art, History",True,Machu Picchu,"Great Wall of China, Eiffel Tower",46-55,Larga(8-10h),Medio,Rápido,Media,Buena,Media
"History, Nature",False,Taj Mahal,Machu Picchu,56+,Media(5-7h),Bajo,Lento,Media,Buena,Media
"Cultural, Architecture, Nature",False,Great Wall of China,"Colosseum, Machu Picchu",26-35,Media(5-7h),Alto,Lento,Media,Excelente,Alta
Architecture,False,Great Wall of China,Taj Mahal,56+,Media(5-7h),Alto,Rápido,Alta,Buena,Alta
"Art, Architecture, Cultural",False,Great Wall of China,Taj Mahal,56+,Corta(1-4h),Bajo,Normal,Alta,Excelente,Media
Architecture,True,Colosseum,Machu Picchu,26-35,Corta(1-4h),Medio,Normal,Media,Buena,Media
"Cultural, History",False,Taj Mahal,Colosseum,36-45,Media(5-7h),Alto,Lento,Media,Buena,Alta
Nature,False,Great Wall of China,Colosseum,36-45,Media(5-7h),Medio,Lento,Media,Buena,Media
Art,True,Machu Picchu,Colosseum,18-25,Corta(1-4h),Alto,Lento,Alta,Excelente,Alta
"Architecture, Nature",True,Machu Picchu,"Machu Picchu, Great Wall of China",56+,Corta(1-4h),Bajo,Rápido,Media,Excelente,Media
Cultural,False,Eiffel Tower,"Colosseum, Taj Mahal",56+,Media(5-7h),Bajo,Lento,Media,Buena,Media
Nature,False,Great Wall of China,"Taj Mahal, Great Wall of China, Eiffel Tower",56+,Media(5-7h),Alto,Rápido,Baja,Excelente,Alta
"Architecture, Art, Cultural",True,Machu Picchu,"Taj Mahal, Machu Picchu",46-55,Corta(1-4h),Medio,Normal,Alta,Excelente,Media
"Nature, History",False,Colosseum,"Eiffel Tower, Taj Mahal",56+,Media(5-7h),Alto,Lento,Media,Excelente,Alta
"History, Art",False,Machu Picchu,Machu Picchu,56+,Larga(8-10h),Bajo,Rápido,Alta,Excelente,Media
"History, Nature",False,Taj Mahal,"Colosseum, Eiffel Tower, Great Wall of China",26-35,Corta(1-4h),Bajo,Lento,Media,Buena,Media
"Architecture, Art, History",False,Machu Picchu,"Taj Mahal, Colosseum",26-35,Media(5-7h),Medio,Rápido,Alta,Excelente,Media
History,True,Eiffel Tower,Colosseum,56+,Larga(8-10h),Alto,Normal,Alta,Buena,Alta
"History, Art, Architecture",True,Eiffel Tower,"Machu Picchu, Taj Mahal, Colosseum",18-25,Media(5-7h),Alto,Rápido,Alta,Buena,Alta
"History, Cultural",False,Eiffel Tower,"Machu Picchu, Colosseum, Taj Mahal",46-55,Media(5-7h),Medio,Rápido,Media,Excelente,Media
History,True,Colosseum,"Great Wall of China, Colosseum, Eiffel Tower",56+,Corta(1-4h),Bajo,Lento,Alta,Buena,Media
"Art, Architecture, Cultural",True,Great Wall of China,Machu Picchu,26-35,Media(5-7h),Bajo,Lento,Media,Excelente,Media
"Architecture, Cultural",False,Colosseum,Taj Mahal,26-35,Media(5-7h),Medio,Lento,Alta,Excelente,Media
Architecture,True,Machu Picchu,Eiffel Tower,46-55,Media(5-7h),Alto,Normal,Alta,Buena,Alta
Art,True,Great Wall of China,"Machu Picchu, Eiffel Tower, Taj Mahal",18-25,Media(5-7h),Alto,Lento,Media,Buena,Alta
Cultural,True,Great Wall of China,Great Wall of China,56+,Corta(1-4h),Medio,Lento,Alta,Buena,Media
"Architecture, Art",False,Taj Mahal,"Colosseum, Taj Mahal",56+,Corta(1-4h),Alto,Normal,Media,Excelente,Alta
"Cultural, History",True,Machu Picchu,"Machu Picchu, Taj Mahal",36-45,Corta(1-4h),Medio,Lento,Alta,Excelente,Media
"Cultural, Art",False,Taj Mahal,"Machu Picchu, Colosseum, Great Wall of China",56+,Media(5-7h),Medio,Lento,Media,Buena,Media
"Architecture, Art",False,Taj Mahal,"Machu Picchu, Taj Mahal",56+,Corta(1-4h),Alto,Lento,Alta,Buena,Alta
"Nature, History",False,Eiffel Tower,"Colosseum, Great Wall of China",36-45,Corta(1-4h),Medio,Rápido,Media,Excelente,Media
History,False,Machu Picchu,Great Wall of China,26-35,Media(5-7h),Medio,Lento,Media,Buena,Media
"Nature, Art",False,Great Wall of China,"Taj Mahal, Eiffel Tower, Machu Picchu",36-45,Media(5-7h),Medio,Lento,Media,Excelente,Media
"Art, Nature",True,Colosseum,"Eiffel Tower, Colosseum, Great Wall of China",56+,Larga(8-10h),Bajo,Lento,Media,Excelente,Media
"Nature, Architecture",True,Eiffel Tower,"Machu Picchu, Taj Mahal",46-55,Media(5-7h),Alto,Rápido,Media,Excelente,Alta
"Cultural, Architecture, History",False,Taj Mahal,"Great Wall of China, Taj Mahal",36-45,Corta(1-4h),Medio,Normal,Media,Excelente,Media
"History, Art",True,Machu Picchu,"Great Wall of China, Machu Picchu, Eiffel Tower",56+,Media(5-7h),Medio,Rápido,Media,Buena,Media
"Nature, Cultural, History",False,Eiffel Tower,"Taj Mahal, Machu Picchu",18-25,Corta(1-4h),Alto,Normal,Alta,Excelente,Alta
"Architecture, History, Cultural",False,Great Wall of China,Great Wall of China,26-35,Corta(1-4h),Alto,Normal,Alta,Buena,Alta
"Architecture, Cultural, Nature",True,Great Wall of China,Colosseum,26-35,Media(5-7h),Alto,Rápido,Alta,Excelente,Alta
"History, Cultural, Nature",True,Machu Picchu,Taj Mahal,36-45,Corta(1-4h),Medio,Lento,Media,Buena,Media
"Cultural, Art, History",False,Colosseum,"Taj Mahal, Great Wall of China, Colosseum",56+,Media(5-7h),Medio,Rápido,Alta,Buena,Media
Nature,False,Colosseum,Great Wall of China,26-35,Corta(1-4h),Bajo,Normal,Media,Excelente,Media
