antecedents,consequents,antecedent support,consequent support,support,confidence,lift,representativity,leverage,conviction,zhangs_metric,jaccard,certainty,kulczynski
"Entertainment, Processing & Multitasking","DDR4, Performance",0.0646186440677966,0.06673728813559322,0.05190677966101695,0.8032786885245903,12.036429872495448,1.0,0.04759430659293307,4.744085451977404,0.9802620935123766,0.6533333333333334,0.7892112167618766,0.790528233151184
"DDR4, Performance","Entertainment, Processing & Multitasking",0.06673728813559322,0.0646186440677966,0.05190677966101695,0.7777777777777778,12.036429872495448,1.0,0.04759430659293307,4.209216101694915,0.9824874331117237,0.6533333333333334,0.7624260727318485,0.790528233151184
Entertainment,"DDR4, Performance, Processing & Multitasking",0.06885593220338983,0.0646186440677966,0.05190677966101695,0.7538461538461538,11.666078184110972,1.0,0.047457402686009766,3.799986758474576,0.9818903670683289,0.6363636363636366,0.7368411882568168,0.7785624211853721
"DDR4, Performance, Processing & Multitasking",Entertainment,0.0646186440677966,0.06885593220338983,0.05190677966101695,0.8032786885245903,11.666078184110972,1.0,0.047457402686009766,4.733315677966105,0.9774423925855732,0.6363636363636366,0.7887316063335759,0.7785624211853721
Performance,"DDR4, Entertainment, Processing & Multitasking",0.07521186440677965,0.059322033898305086,0.05190677966101695,0.6901408450704226,11.63380281690141,1.0,0.04744505889112324,3.0358243451463798,0.988381606938308,0.6282051282051282,0.6706001776424313,0.7825704225352113
"DDR4, Entertainment, Processing & Multitasking",Performance,0.059322033898305086,0.07521186440677965,0.05190677966101695,0.875,11.63380281690141,1.0,0.04744505889112324,7.398305084745763,0.9716859716859717,0.6282051282051282,0.8648339060710195,0.7825704225352113
Performance,"Entertainment, Processing & Multitasking",0.07521186440677965,0.0646186440677966,0.05614406779661017,0.7464788732394367,11.552066497344727,1.0,0.0512839791008331,3.689559792843693,0.9877239620480235,0.6708860759493672,0.7289649562152075,0.8076656661279151
"Entertainment, Processing & Multitasking",Performance,0.0646186440677966,0.07521186440677965,0.05614406779661017,0.8688524590163935,11.552066497344725,1.0,0.0512839791008331,7.05150953389831,0.976537960212825,0.6708860759493672,0.8581863932548401,0.8076656661279151
"DDR4, Performance",Entertainment,0.06673728813559322,0.06885593220338983,0.05190677966101695,0.7777777777777778,11.295726495726496,1.0,0.04731152147371445,4.190148305084746,0.9766499108156317,0.620253164556962,0.7613449627101504,0.7658119658119658
Entertainment,"DDR4, Performance",0.06885593220338983,0.06673728813559322,0.05190677966101695,0.7538461538461538,11.295726495726495,1.0,0.04731152147371445,3.7913797669491522,0.9788720949130505,0.620253164556962,0.736243778922553,0.7658119658119658
"DDR4, Entertainment","Performance, Processing & Multitasking",0.0635593220338983,0.07309322033898305,0.05190677966101695,0.8166666666666668,11.172946859903384,1.0,0.04726102413099684,5.055855161787368,0.9722966109520731,0.6125,0.8022095238095239,0.7634057971014494
"Performance, Processing & Multitasking","DDR4, Entertainment",0.07309322033898305,0.0635593220338983,0.05190677966101695,0.7101449275362319,11.172946859903384,1.0,0.04726102413099684,3.230720338983051,0.9822973760932943,0.6125,0.6904715063282838,0.7634057971014494
"Performance, Processing & Multitasking",Entertainment,0.07309322033898305,0.06885593220338983,0.05614406779661017,0.7681159420289856,11.155406911928653,1.0,0.05111116597242172,4.015558792372882,0.982145552560647,0.654320987654321,0.7509686567410266,0.7917502787068005
Entertainment,"Performance, Processing & Multitasking",0.06885593220338983,0.07309322033898305,0.05614406779661017,0.8153846153846155,11.155406911928653,1.0,0.05111116597242172,5.020745056497178,0.9776761757571854,0.654320987654321,0.8008263736263738,0.7917502787068005
"DDR4, Entertainment",Performance,0.0635593220338983,0.07521186440677965,0.05190677966101695,0.8166666666666668,10.858215962441317,1.0,0.04712636455041655,5.044298921417568,0.9695262720472806,0.5975609756097562,0.8017563955708287,0.7534037558685447
Performance,"DDR4, Entertainment",0.07521186440677965,0.0635593220338983,0.05190677966101695,0.6901408450704226,10.858215962441315,1.0,0.04712636455041655,3.0221494607087833,0.9817425251887697,0.5975609756097562,0.6691096807086867,0.7534037558685447
Performance,Entertainment,0.07521186440677965,0.06885593220338983,0.05614406779661017,0.7464788732394367,10.841170097508128,1.0,0.050965284760126406,3.672846045197742,0.9815859430720353,0.6385542168674699,0.7277315771763689,0.780931744312026
Entertainment,Performance,0.06885593220338983,0.07521186440677965,0.05614406779661017,0.8153846153846155,10.841170097508128,1.0,0.050965284760126406,5.009269067796613,0.9748856977268336,0.6385542168674699,0.8003700766587366,0.780931744312026
"Core i7, Gaming","Gaming Laptop, Intel",0.05190677966101695,0.1271186440677966,0.05190677966101695,1.0,7.866666666666667,1.0,0.04530846021258259,inf,0.9206703910614525,0.4083333333333334,1.0,0.7041666666666667
"16 GB, AMD",Ryzen 7 Octa Core,0.1027542372881356,0.07097457627118645,0.05190677966101695,0.5051546391752577,7.117402677334974,1.0,0.04461384120942258,1.8774055437853108,0.9579307519938317,0.4260869565217391,0.4673500335022158,0.6182489613786737
Ryzen 7 Octa Core,"16 GB, AMD",0.07097457627118645,0.1027542372881356,0.05190677966101695,0.7313432835820896,7.117402677334974,1.0,0.04461384120942258,3.3397481167608287,0.9251623112186721,0.4260869565217391,0.7005762216074292,0.6182489613786737
"Core i7, Gaming Laptop","Gaming, Intel",0.059322033898305086,0.1239406779661017,0.05190677966101695,0.875,7.05982905982906,1.0,0.04455436656133295,7.008474576271187,0.9124839124839125,0.3951612903225806,0.8573155985489722,0.6469017094017094
"DDR4, Performance","Everyday Use, Processing & Multitasking",0.06673728813559322,0.1281779661016949,0.05508474576271186,0.8253968253968254,6.439459530368621,1.0,0.04653049590634875,4.993162557781201,0.9051121976774644,0.393939393939394,0.7997261277941715,0.627574445756264
"DDR4, Entertainment","Everyday Use, Processing & Multitasking",0.0635593220338983,0.1281779661016949,0.05190677966101695,0.8166666666666668,6.371349862258954,1.0,0.043759875035909224,4.755392912172576,0.9002677994274634,0.37121212121212127,0.7897124341838802,0.6108126721763086
"Processing & Multitasking, Ryzen 5 Hexa Core","AMD, Thin and Light Laptop",0.07203389830508475,0.11440677966101695,0.05190677966101695,0.7205882352941176,6.298474945533769,1.0,0.043665613329503014,3.169491525423729,0.9065324760041003,0.3858267716535433,0.6844919786096256,0.5871459694989107
Entertainment,"DDR4, Everyday Use, Processing & Multitasking",0.06885593220338983,0.11970338983050847,0.05190677966101695,0.7538461538461538,6.297617426820967,1.0,0.04366449116633152,3.5762049788135593,0.9034152910310882,0.3798449612403101,0.7203739701934648,0.5937372362151123
Performance,"Everyday Use, Processing & Multitasking",0.07521186440677965,0.1281779661016949,0.06038135593220339,0.8028169014084507,6.2632988010708885,1.0,0.05074085212582591,4.421383171912834,0.9086835071642451,0.4222222222222223,0.7738264336932899,0.63694564078687
Entertainment,"Everyday Use, Processing & Multitasking",0.06885593220338983,0.1281779661016949,0.05402542372881356,0.7846153846153847,6.121296884933249,1.0,0.04519961038494685,4.04774515738499,0.8985032010528898,0.3777777777777778,0.7529488737265166,0.6030514939605849
Performance,"DDR4, Everyday Use, Processing & Multitasking",0.07521186440677965,0.11970338983050847,0.05508474576271186,0.7323943661971831,6.1184095724791225,1.0,0.04608163063774777,3.2895294380017845,0.9045951185126442,0.393939393939394,0.6960051524550431,0.5962856786738128
"16 GB, Gaming Laptop, Intel",Core i7,0.07627118644067797,0.11652542372881355,0.05084745762711865,0.6666666666666666,5.721212121212121,1.0,0.041959925308819306,2.650423728813559,0.8933486238532109,0.3582089552238807,0.6227018385291766,0.5515151515151515
"DDR4, Ryzen 5 Hexa Core","8 GB, AMD, Processing & Multitasking",0.0847457627118644,0.11016949152542373,0.05190677966101695,0.6125,5.559615384615385,1.0,0.04257038207411663,2.296336796063423,0.8960695389266817,0.36296296296296304,0.5645238095238095,0.541826923076923
"DDR4, Ryzen 5 Hexa Core","8 GB, AMD",0.0847457627118644,0.1461864406779661,0.06885593220338983,0.8125,5.557971014492754,1.0,0.05646725079000287,4.553672316384181,0.8960113960113961,0.4248366013071895,0.7803970223325062,0.6417572463768115
"DDR4, Gaming, Processing & Multitasking","Gaming Laptop, Windows 10 Home",0.09957627118644068,0.13453389830508475,0.07309322033898305,0.7340425531914894,5.456190316635952,1.0,0.0596968363975869,3.254152542372881,0.9070417732310315,0.45394736842105265,0.6927003307377796,0.6386748199028314
"Gaming Laptop, Windows 10 Home","DDR4, Gaming, Processing & Multitasking",0.13453389830508475,0.09957627118644068,0.07309322033898305,0.5433070866141733,5.456190316635952,1.0,0.0596968363975869,1.971617475160725,0.9436787114398738,0.45394736842105265,0.4928022232515053,0.6386748199028314
Ryzen 5 Hexa Core,"AMD, Processing & Multitasking, Thin and Light Laptop",0.09110169491525423,0.1048728813559322,0.05190677966101695,0.5697674418604651,5.432933991073527,1.0,0.04235268241884516,2.0805657352267524,0.8977213262927549,0.3602941176470589,0.5193614971790285,0.53235846840498
"8 GB, Gaming Laptop","DDR4, Gaming, Windows 10 Home",0.09004237288135593,0.13241525423728814,0.0646186440677966,0.7176470588235294,5.419670588235294,1.0,0.05269566037058316,3.072695974576271,0.8961812248325349,0.4093959731543623,0.6745528980823099,0.6028235294117646
"DDR4, Processing & Multitasking, Ryzen 5 Hexa Core","8 GB, AMD",0.06567796610169492,0.1461864406779661,0.05190677966101695,0.7903225806451613,5.406264609630668,1.0,0.04230555156564206,4.072033898305084,0.8723217178027673,0.3245033112582782,0.7544224765868887,0.5726975222066386
Ryzen 5 Hexa Core,"8 GB, AMD, Processing & Multitasking",0.09110169491525423,0.11016949152542373,0.05402542372881356,0.5930232558139535,5.382826475849733,1.0,0.04398879632289572,2.186440677966102,0.895836189953837,0.3669064748201439,0.5426356589147288,0.5417039355992845
Ryzen 5 Hexa Core,"8 GB, AMD",0.09110169491525423,0.1461864406779661,0.07097457627118645,0.7790697674418606,5.329288843950119,1.0,0.05765674375179547,3.864629794826051,0.8937828340813416,0.426751592356688,0.741243003058457,0.6322885069093361
Ryzen 5 Hexa Core,"8 GB, AMD, DDR4, Processing & Multitasking",0.09110169491525423,0.10699152542372882,0.05190677966101695,0.5697674418604651,5.325351139765139,1.0,0.04215967035334674,2.075641319285387,0.893630179344465,0.35507246376811596,0.5182211923087534,0.5274579783559752
Ryzen 5 Hexa Core,"8 GB, AMD, DDR4",0.09110169491525423,0.1430084745762712,0.06885593220338983,0.7558139534883721,5.285099052540913,1.0,0.05582761778224648,3.5095843422114608,0.8920566612874306,0.41666666666666663,0.7150659729209188,0.6186477174849268
"8 GB, Gaming","DDR4, Gaming Laptop, Windows 10 Home",0.09322033898305085,0.13347457627118645,0.0646186440677966,0.6931818181818181,5.1933621933621925,1.0,0.052176098822177525,2.824231010671688,0.8904550329400949,0.39869281045751626,0.6459213158479662,0.588654401154401
"Gaming Laptop, Processing & Multitasking","DDR4, Gaming, Windows 10 Home",0.10699152542372882,0.13241525423728814,0.07309322033898305,0.6831683168316831,5.1592871287128705,1.0,0.05892591029876472,2.738314353813559,0.9027627348840407,0.4394904458598725,0.6348118328316348,0.6175841584158415
"DDR4, Gaming, Windows 10 Home","Gaming Laptop, Processing & Multitasking",0.13241525423728814,0.10699152542372882,0.07309322033898305,0.5519999999999999,5.1592871287128705,1.0,0.05892591029876472,1.9933224878934621,0.9292173205216683,0.4394904458598725,0.49832502965599046,0.6175841584158415
"8 GB, DDR4, Gaming","Gaming Laptop, Windows 10 Home",0.09322033898305085,0.13453389830508475,0.0646186440677966,0.6931818181818181,5.1524695776664275,1.0,0.052077348463085316,2.8207784055241674,0.888769725754558,0.39610389610389607,0.6454879270056748,0.5867483894058696
"8 GB, Gaming","Gaming Laptop, Windows 10 Home",0.09322033898305085,0.13453389830508475,0.0646186440677966,0.6931818181818181,5.1524695776664275,1.0,0.052077348463085316,2.8207784055241674,0.888769725754558,0.39610389610389607,0.6454879270056748,0.5867483894058696
"Processing & Multitasking, Ryzen 5 Hexa Core","8 GB, AMD",0.07203389830508475,0.1461864406779661,0.05402542372881356,0.75,5.130434782608695,1.0,0.04349504452743465,3.415254237288136,0.8675799086757991,0.32903225806451614,0.707196029776675,0.5597826086956522
"8 GB, DDR4, Gaming Laptop","Gaming, Windows 10 Home",0.08898305084745763,0.1419491525423729,0.0646186440677966,0.7261904761904762,5.1158493248045485,1.0,0.05198757540936512,3.1337509211495944,0.8831109416698437,0.3885350318471337,0.680893592004703,0.5907071783937455
Ryzen 5 Hexa Core,"AMD, Thin and Light Laptop",0.09110169491525423,0.11440677966101695,0.05296610169491525,0.5813953488372093,5.0818260120585705,1.0,0.042543450158000574,2.1155838041431263,0.8837296037296037,0.3472222222222222,0.5273172360075665,0.5221791559000861
"8 GB, Gaming Laptop","Gaming, Windows 10 Home",0.09004237288135593,0.1419491525423729,0.0646186440677966,0.7176470588235294,5.055662862159789,1.0,0.05183720554438379,3.038930084745763,0.8815817095746101,0.38607594936708856,0.6709368191721132,0.5864354697102722
"Processing & Multitasking, Ryzen 5 Hexa Core","8 GB, AMD, DDR4",0.07203389830508475,0.1430084745762712,0.05190677966101695,0.7205882352941176,5.038779956427015,1.0,0.041605321746624534,3.0671275646743976,0.8637592023110614,0.3181818181818182,0.6739620446448048,0.5417755991285402
"Gaming, Processing & Multitasking","DDR4, Gaming Laptop, Windows 10 Home",0.10911016949152542,0.13347457627118645,0.07309322033898305,0.6699029126213593,5.018955154877485,1.0,0.05852978669922436,2.625062313060818,0.8988264488445432,0.43124999999999997,0.6190566619982435,0.6087609801202034
"DDR4, Gaming Laptop, Windows 10 Home","Gaming, Processing & Multitasking",0.13347457627118645,0.10911016949152542,0.07309322033898305,0.5476190476190476,5.018955154877484,1.0,0.05852978669922436,1.9693354148082067,0.924099075156798,0.43124999999999997,0.4922144838910593,0.6087609801202034
"Gaming, Windows 10 Home","DDR4, Gaming Laptop, Processing & Multitasking",0.1419491525423729,0.1027542372881356,0.07309322033898305,0.5149253731343283,5.011232497307277,1.0,0.05850734343579431,1.8497066492829202,0.9328681338343172,0.4259259259259259,0.4593737334578582,0.6131327896599477
"DDR4, Gaming Laptop, Processing & Multitasking","Gaming, Windows 10 Home",0.1027542372881356,0.1419491525423729,0.07309322033898305,0.7113402061855669,5.011232497307277,1.0,0.05850734343579431,2.9725332929782073,0.8921171055558408,0.4259259259259259,0.6635866106656484,0.6131327896599477
"Core i7, DDR4","Gaming Laptop, Intel",0.0815677966101695,0.1271186440677966,0.05190677966101695,0.6363636363636364,5.006060606060606,1.0,0.04153799195633438,2.4004237288135593,0.8713132311748227,0.3310810810810811,0.5834068843777581,0.5223484848484848
"Gaming, Processing & Multitasking","Gaming Laptop, Windows 10 Home",0.10911016949152542,0.13453389830508475,0.07309322033898305,0.6699029126213593,4.979435822949316,1.0,0.05841420389255961,2.621853190428714,0.8970514742628685,0.42857142857142855,0.6185903910826966,0.6066049996177663
"Gaming Laptop, Windows 10 Home","Gaming, Processing & Multitasking",0.13453389830508475,0.10911016949152542,0.07309322033898305,0.5433070866141733,4.979435822949316,1.0,0.05841420389255961,1.950741525423729,0.9234030475582283,0.42857142857142855,0.4873744230247082,0.6066049996177663
"Ryzen 5 Hexa Core, Thin and Light Laptop","AMD, Processing & Multitasking",0.05296610169491525,0.19915254237288135,0.05190677966101695,0.9800000000000001,4.9208510638297875,1.0,0.041358445848894,40.042372881356115,0.8413459343468931,0.25925925925925924,0.9750264550264551,0.6203191489361702
"8 GB, Gaming Laptop, Windows 10 Home","DDR4, Gaming",0.06673728813559322,0.19809322033898305,0.0646186440677966,0.9682539682539681,4.887870299635005,1.0,0.05139843974432634,25.26006355932195,0.8522915464915056,0.3227513227513227,0.9604118177433896,0.6472285884050589
"Gaming, Windows 10 Home","Gaming Laptop, Processing & Multitasking",0.1419491525423729,0.10699152542372882,0.07309322033898305,0.5149253731343283,4.812767843948573,1.0,0.057905863975869,1.8409713168187742,0.9232778672392198,0.41566265060240964,0.45680848426904613,0.5990468449830058
"Gaming Laptop, Processing & Multitasking","Gaming, Windows 10 Home",0.10699152542372882,0.1419491525423729,0.07309322033898305,0.6831683168316831,4.812767843948573,1.0,0.057905863975869,2.7082229872881354,0.8871353172761187,0.41566265060240964,0.630754186529764,0.5990468449830058
"8 GB, Gaming Laptop","DDR4, Gaming",0.09004237288135593,0.19809322033898305,0.0858050847457627,0.9529411764705882,4.810569361434413,1.0,0.0679683011347314,17.04051906779659,0.8705069058192848,0.4240837696335078,0.9413163415960836,0.6930481283422459
"DDR4, Gaming, Intel","Gaming Laptop, Windows 10 Home",0.11334745762711865,0.13453389830508475,0.07309322033898305,0.6448598130841121,4.793288689381117,1.0,0.057844145001436365,2.4369703389830506,0.8925423787508874,0.41818181818181815,0.5896544229515323,0.5940834498491427
"Gaming Laptop, Windows 10 Home","DDR4, Gaming, Intel",0.13453389830508475,0.11334745762711865,0.07309322033898305,0.5433070866141733,4.793288689381117,1.0,0.057844145001436365,1.9414633255406197,0.9143916413886081,0.41818181818181815,0.48492459947882866,0.5940834498491427
"8 GB, Gaming, Windows 10 Home","DDR4, Gaming Laptop",0.06673728813559322,0.20233050847457626,0.0646186440677966,0.9682539682539681,4.7855065237264185,1.0,0.051115654625107726,25.126588983050762,0.8476023892372677,0.31606217616580307,0.9602015219545099,0.6438128480013297
"Gaming Laptop, Intel, Windows 10 Home","DDR4, Gaming",0.07733050847457627,0.19809322033898305,0.07309322033898305,0.9452054794520548,4.771518570068127,1.0,0.057774570884803214,14.63479872881356,0.8566698281169403,0.3612565445026178,0.9316697128173577,0.657094718335653
"Gaming Laptop, Windows 10 Home","DDR4, Gaming",0.13453389830508475,0.19809322033898305,0.1271186440677966,0.9448818897637795,4.769885047791486,1.0,0.10046839090778512,14.548880145278448,0.9132088943288454,0.6185567010309277,0.9312661874993499,0.7932965598551518
"DDR4, Gaming","Gaming Laptop, Windows 10 Home",0.19809322033898305,0.13453389830508475,0.1271186440677966,0.6417112299465241,4.769885047791486,1.0,0.10046839090778512,2.4155546420440173,0.985590048436812,0.6185567010309277,0.5860164027778687,0.7932965598551518
"AMD, Gaming Laptop, Windows 10 Home","DDR4, Gaming",0.057203389830508475,0.19809322033898305,0.05402542372881356,0.9444444444444444,4.767676767676767,1.0,0.0426938200229819,14.4343220338983,0.8382022471910112,0.26842105263157895,0.930720681050932,0.6085858585858586
"AMD, DDR4, Gaming","Gaming Laptop, Windows 10 Home",0.0847457627118644,0.13453389830508475,0.05402542372881356,0.6375000000000001,4.738582677165355,1.0,0.04262424590634875,2.3874926943308012,0.8620188816267247,0.3269230769230769,0.5811505507955937,0.5195374015748032
"Gaming, Intel, Windows 10 Home","DDR4, Gaming Laptop",0.07627118644067797,0.20233050847457626,0.07309322033898305,0.9583333333333333,4.7364746945898775,1.0,0.05766123240448147,19.144067796610138,0.8540087754287993,0.3556701030927835,0.9477644975652942,0.6597949389179756
"Gaming Laptop, Processing & Multitasking","DDR4, Gaming, Intel",0.10699152542372882,0.11334745762711865,0.057203389830508475,0.5346534653465346,4.716942722309613,1.0,0.045076172436081585,1.9053597187161915,0.8824085057774262,0.35064935064935066,0.4751647207731525,0.5196631812713981
"DDR4, Gaming, Intel","Gaming Laptop, Processing & Multitasking",0.11334745762711865,0.10699152542372882,0.057203389830508475,0.5046728971962616,4.716942722309613,1.0,0.045076172436081585,1.8028661656539813,0.888734014779415,0.35064935064935066,0.4453276571213179,0.5196631812713981
"16 GB, Gaming Laptop, Windows 10 Home","DDR4, Gaming",0.06779661016949153,0.19809322033898305,0.0625,0.921875,4.653743315508021,1.0,0.049069951163458775,10.264406779661018,0.8422187981510015,0.30729166666666663,0.9025759577278731,0.6186915106951871
"Gaming Laptop, Processing & Multitasking, Windows 10 Home","DDR4, Gaming",0.08050847457627118,0.19809322033898305,0.07309322033898305,0.9078947368421053,4.583169152828596,1.0,0.057145037345590344,8.706416464891046,0.8502638081880718,0.3556701030927835,0.8851421817423347,0.6384393470306783
"DDR4, Gaming Laptop, Intel","Gaming, Processing & Multitasking",0.11440677966101695,0.10911016949152542,0.057203389830508475,0.5,4.58252427184466,1.0,0.04472044671071531,1.7817796610169492,0.8827751196172249,0.34394904458598724,0.43876337693222356,0.5121359223300971
"Gaming, Processing & Multitasking","DDR4, Gaming Laptop, Intel",0.10911016949152542,0.11440677966101695,0.057203389830508475,0.5242718446601942,4.58252427184466,1.0,0.04472044671071531,1.861553095814597,0.877526753864447,0.34394904458598724,0.46281414038184604,0.5121359223300971
"8 GB, Gaming","DDR4, Gaming Laptop",0.09322033898305085,0.20233050847457626,0.0858050847457627,0.9204545454545454,4.5492622560685385,1.0,0.06694376615914967,10.027845036319608,0.8603899850005768,0.40909090909090906,0.9002776771701074,0.6722691575440266
"DDR4, Gaming, Processing & Multitasking","Gaming Laptop, Intel",0.09957627118644068,0.1271186440677966,0.057203389830508475,0.574468085106383,4.519148936170214,1.0,0.04454538925596093,2.0512711864406783,0.8648366013071895,0.3375,0.512497417888866,0.5122340425531915
"Core i7, Gaming",Gaming Laptop,0.05190677966101695,0.22139830508474576,0.05190677966101695,1.0,4.516746411483254,1.0,0.04041470662166044,inf,0.8212290502793296,0.23444976076555024,1.0,0.6172248803827751
"Core i7, Gaming, Intel",Gaming Laptop,0.05190677966101695,0.22139830508474576,0.05190677966101695,1.0,4.516746411483254,1.0,0.04041470662166044,inf,0.8212290502793296,0.23444976076555024,1.0,0.6172248803827751
"Gaming, Windows 10 Home","DDR4, Gaming Laptop, Intel",0.1419491525423729,0.11440677966101695,0.07309322033898305,0.5149253731343283,4.500829187396351,1.0,0.05685327492099971,1.8256844850065186,0.9064949006977991,0.3988439306358382,0.45226022995072473,0.5769071310116085
"DDR4, Gaming Laptop, Intel","Gaming, Windows 10 Home",0.11440677966101695,0.1419491525423729,0.07309322033898305,0.6388888888888888,4.500829187396351,1.0,0.05685327492099971,2.376140808344198,0.8783024755564801,0.3988439306358382,0.5791495198902605,0.5769071310116085
"16 GB, DDR4, Gaming","Gaming Laptop, Intel",0.1038135593220339,0.1271186440677966,0.059322033898305086,0.5714285714285714,4.495238095238095,1.0,0.04612539500143637,2.036723163841808,0.8676122931442081,0.34567901234567905,0.5090152565880721,0.519047619047619
"DDR4, Gaming Laptop, Processing & Multitasking","Gaming, Intel",0.1027542372881356,0.1239406779661017,0.057203389830508475,0.5567010309278351,4.49167327517843,1.0,0.044467959997127264,1.9762268427276313,0.8663911845730028,0.3375,0.4939852154726436,0.5091197462331483
"16 GB, DDR4, Gaming","Gaming Laptop, Windows 10 Home",0.1038135593220339,0.13453389830508475,0.0625,0.6020408163265306,4.475012052064921,1.0,0.04853355716748061,2.174760973489787,0.8664903634250912,0.35542168674698793,0.5401793520345715,0.5333038727301944
"16 GB, Gaming, Intel",Gaming Laptop,0.06673728813559322,0.22139830508474576,0.06567796610169492,0.9841269841269842,4.445052023999393,1.0,0.05090244362252227,49.05190677966119,0.8304529310534217,0.29523809523809524,0.9796134326746573,0.6403888509151667
"16 GB, DDR4, Gaming, Intel",Gaming Laptop,0.06038135593220339,0.22139830508474576,0.059322033898305086,0.9824561403508772,4.437505246369513,1.0,0.045953704036196495,44.38029661016963,0.8244282493155097,0.2666666666666667,0.977467478219358,0.6251993620414673
"DDR4, Gaming Laptop","Gaming, Windows 10 Home",0.20233050847457626,0.1419491525423729,0.1271186440677966,0.6282722513089005,4.426037352504493,1.0,0.0983979998563631,2.3082776318930533,0.9704072598494908,0.5853658536585364,0.5667765496735828,0.761897319684301
"Gaming, Windows 10 Home","DDR4, Gaming Laptop",0.1419491525423729,0.20233050847457626,0.1271186440677966,0.8955223880597014,4.426037352504493,1.0,0.0983979998563631,7.634836561743336,0.9021193415637859,0.5853658536585364,0.8690214267308873,0.761897319684301
"AMD, Gaming Laptop","DDR4, Gaming",0.09427966101694915,0.19809322033898305,0.0826271186440678,0.8764044943820225,4.424202367361653,1.0,0.06395095698075266,6.488154853620957,0.8545359124306493,0.393939393939394,0.8458729758211747,0.6467583969236316
"8 GB, DDR4, Gaming Laptop, Windows 10 Home",Gaming,0.06567796610169492,0.22245762711864406,0.0646186440677966,0.9838709677419353,4.422734254992319,1.0,0.050008079574834816,48.20762711864345,0.8282963458607487,0.28909952606635064,0.9792563944800912,0.6371735791090629
"Gaming, Intel","DDR4, Gaming Laptop, Windows 10 Home",0.1239406779661017,0.13347457627118645,0.07309322033898305,0.5897435897435898,4.418396418396418,1.0,0.056550290864694056,2.112155720338983,0.8831291730192945,0.39655172413793094,0.5265500595573945,0.5686813186813187
"DDR4, Gaming Laptop, Windows 10 Home","Gaming, Intel",0.13347457627118645,0.1239406779661017,0.07309322033898305,0.5476190476190476,4.4183964183964175,1.0,0.056550290864694056,1.9365521855486172,0.8928457531625386,0.39655172413793094,0.48361835665342306,0.5686813186813187
"16 GB, Gaming, Windows 10 Home","DDR4, Gaming Laptop",0.06991525423728813,0.20233050847457626,0.0625,0.893939393939394,4.418213549103602,1.0,0.04835401106004022,7.520883777239717,0.8318211652059766,0.297979797979798,0.8670369028934767,0.6014199587498017
"AMD, DDR4, Gaming",Gaming Laptop,0.0847457627118644,0.22139830508474576,0.0826271186440678,0.9750000000000001,4.4038277511961725,1.0,0.06386455041654697,31.14406779661028,0.8444919278252612,0.3696682464454976,0.9678911564625852,0.6741028708133971
"16 GB, Gaming, Intel","DDR4, Gaming Laptop",0.06673728813559322,0.20233050847457626,0.059322033898305086,0.8888888888888888,4.393251890634089,1.0,0.0458190444556162,7.1790254237288105,0.82761066969353,0.2828282828282828,0.8607053268407849,0.5910413030831879
"Gaming, Intel","Gaming Laptop, Windows 10 Home",0.1239406779661017,0.13453389830508475,0.07309322033898305,0.5897435897435898,4.3836058954169195,1.0,0.05641899777362827,2.109573622881356,0.8810788076336681,0.39428571428571435,0.5259705614662775,0.5665253381788815
"Gaming Laptop, Windows 10 Home","Gaming, Intel",0.13453389830508475,0.1239406779661017,0.07309322033898305,0.5433070866141733,4.3836058954169195,1.0,0.05641899777362827,1.9182678258328465,0.8918631259645576,0.39428571428571435,0.47869636005293775,0.5665253381788815
"16 GB, DDR4, Gaming",Gaming Laptop,0.1038135593220339,0.22139830508474576,0.10063559322033898,0.9693877551020408,4.37847866419295,1.0,0.07765144714162597,25.434322033898276,0.8609929078014186,0.4481132075471699,0.9606830487296959,0.7119666048237476
"Gaming, Intel, Processing & Multitasking","DDR4, Gaming Laptop",0.0646186440677966,0.20233050847457626,0.057203389830508475,0.8852459016393444,4.37524675993477,1.0,0.044129066719333525,6.951119854721556,0.8247347007256407,0.2727272727272728,0.8561382883765486,0.5839842073641748
"8 GB, Gaming, Windows 10 Home",Gaming Laptop,0.06673728813559322,0.22139830508474576,0.0646186440677966,0.9682539682539681,4.373357636515531,1.0,0.04984312158862395,24.525953389830423,0.826501181593197,0.28909952606635064,0.9592268653493142,0.6300599984810511
"8 GB, DDR4, Gaming, Windows 10 Home",Gaming Laptop,0.06673728813559322,0.22139830508474576,0.0646186440677966,0.9682539682539681,4.373357636515531,1.0,0.04984312158862395,24.525953389830423,0.826501181593197,0.28909952606635064,0.9592268653493142,0.6300599984810511
"16 GB, Gaming","DDR4, Gaming Laptop, Intel",0.11864406779661017,0.11440677966101695,0.059322033898305086,0.5,4.37037037037037,1.0,0.04574834817581155,1.771186440677966,0.875,0.34146341463414637,0.4354066985645933,0.5092592592592593
"DDR4, Gaming Laptop, Intel","16 GB, Gaming",0.11440677966101695,0.11864406779661017,0.059322033898305086,0.5185185185185185,4.37037037037037,1.0,0.04574834817581155,1.830508474576271,0.8708133971291866,0.34146341463414637,0.45370370370370366,0.5092592592592593
"Gaming, Windows 11 Home",Gaming Laptop,0.0614406779661017,0.22139830508474576,0.059322033898305086,0.9655172413793103,4.36099653522521,1.0,0.04571917193335249,22.579449152542328,0.821146404385682,0.2654028436018958,0.9557119399483931,0.6167299125556839
"Gaming Laptop, Intel","16 GB, Gaming",0.1271186440677966,0.11864406779661017,0.06567796610169492,0.5166666666666667,4.354761904761905,1.0,0.050596093076702105,1.8234950321449446,0.8825555903538992,0.36470588235294116,0.45160256410256416,0.5351190476190477
"16 GB, Gaming","Gaming Laptop, Intel",0.11864406779661017,0.1271186440677966,0.06567796610169492,0.5535714285714286,4.354761904761905,1.0,0.050596093076702105,1.9552542372881359,0.8740694789081888,0.36470588235294116,0.4885575589459085,0.5351190476190477
"8 GB, Gaming Laptop, Windows 10 Home",Gaming,0.06673728813559322,0.22245762711864406,0.0646186440677966,0.9682539682539681,4.352532123960695,1.0,0.0497724253088193,24.492584745762628,0.8253288922796375,0.2877358490566037,0.9591713161195449,0.6293650793650793
"AMD, DDR4, Gaming, Windows 10 Home",Gaming Laptop,0.05614406779661017,0.22139830508474576,0.05402542372881356,0.9622641509433962,4.346303150672565,1.0,0.04159522227808101,20.632944915254242,0.8157170836909399,0.24170616113744078,0.9515338210756,0.6031416448496886
"Gaming Laptop, Intel","DDR4, Gaming, Windows 10 Home",0.1271186440677966,0.13241525423728814,0.07309322033898305,0.5750000000000001,4.3424000000000005,1.0,0.05626077276644642,2.0413758723828517,0.8818066694807934,0.3920454545454545,0.5101343101343102,0.5635
"DDR4, Gaming, Windows 10 Home","Gaming Laptop, Intel",0.13241525423728814,0.1271186440677966,0.07309322033898305,0.5519999999999999,4.3424,1.0,0.05626077276644642,1.9483958837772395,0.8871901045814089,0.3920454545454545,0.486757281553398,0.5635
"DDR4, Gaming, Windows 10 Home",Gaming Laptop,0.13241525423728814,0.22139830508474576,0.1271186440677966,0.9599999999999999,4.336076555023923,1.0,0.0978021312122953,19.465042372881285,0.8868030118030118,0.5607476635514018,0.9486258503401359,0.7670813397129186
Gaming Laptop,"DDR4, Gaming, Windows 10 Home",0.22139830508474576,0.13241525423728814,0.1271186440677966,0.5741626794258373,4.336076555023923,1.0,0.0978021312122953,2.03736193106075,0.9881519274376416,0.5607476635514018,0.5091691933797197,0.7670813397129186
"8 GB, DDR4, Gaming Laptop",Gaming,0.08898305084745763,0.22245762711864406,0.0858050847457627,0.9642857142857142,4.33469387755102,1.0,0.06601012640045964,21.77118644067791,0.8444444444444446,0.380281690140845,0.954067730634488,0.6749999999999999
"AMD, DDR4, Gaming Laptop","Gaming, Windows 10 Home",0.08792372881355932,0.1419491525423729,0.05402542372881356,0.6144578313253012,4.328717856500629,1.0,0.0415447249353634,2.22556938559322,0.8431144815649837,0.3072289156626506,0.5506767811988695,0.49752742312533715
"Gaming, Intel, Windows 10 Home",Gaming Laptop,0.07627118644067797,0.22139830508474576,0.07309322033898305,0.9583333333333333,4.328548644338118,1.0,0.0562069089342143,18.68644067796607,0.8324690865576385,0.3254716981132076,0.946485260770975,0.6442384370015949
"DDR4, Gaming, Intel, Windows 10 Home",Gaming Laptop,0.07627118644067797,0.22139830508474576,0.07309322033898305,0.9583333333333333,4.328548644338118,1.0,0.0562069089342143,18.68644067796607,0.8324690865576385,0.3254716981132076,0.946485260770975,0.6442384370015949
"AMD, Gaming Laptop","DDR4, Gaming, Windows 10 Home",0.09427966101694915,0.13241525423728814,0.05402542372881356,0.5730337078651686,4.327550561797753,1.0,0.04154135844584889,2.0319747992863517,0.8489622749684669,0.31288343558282206,0.5078679123622944,0.49051685393258426
"AMD, DDR4, Gaming Laptop, Windows 10 Home",Gaming,0.05614406779661017,0.22245762711864406,0.05402542372881356,0.9622641509433962,4.325606469002696,1.0,0.04153574762999138,20.604872881355938,0.8145507361193636,0.2405660377358491,0.9514677908590818,0.6025606469002696
"Gaming Laptop, Processing & Multitasking","Gaming, Intel",0.10699152542372882,0.1239406779661017,0.057203389830508475,0.5346534653465346,4.313785224676313,1.0,0.04394278763286412,1.8825955643707175,0.8602214313958086,0.32926829268292684,0.4688184658852825,0.49809596344249807
"16 GB, DDR4, Gaming, Windows 10 Home",Gaming Laptop,0.06567796610169492,0.22139830508474576,0.0625,0.9516129032258064,4.298194165766322,1.0,0.04795900962367136,16.09110169491523,0.8212844459817826,0.2783018867924528,0.9378538512179064,0.6169547769717549
"8 GB, Gaming Laptop",Gaming,0.09004237288135593,0.22245762711864406,0.0858050847457627,0.9529411764705882,4.283697478991597,1.0,0.06577447213444412,16.522775423728795,0.8424093476479974,0.37850467289719625,0.9394774803654431,0.6693277310924369
Gaming,"DDR4, Gaming Laptop, Windows 10 Home",0.22245762711864406,0.13347457627118645,0.1271186440677966,0.5714285714285714,4.2811791383219955,1.0,0.09742620654984199,2.0218926553672314,0.9856948228882833,0.5555555555555556,0.505413901501921,0.7619047619047619
"DDR4, Gaming Laptop, Windows 10 Home",Gaming,0.13347457627118645,0.22245762711864406,0.1271186440677966,0.9523809523809523,4.2811791383219955,1.0,0.09742620654984199,16.328389830508456,0.8844743276283619,0.5555555555555556,0.9387569741793175,0.7619047619047619
Gaming Laptop,"DDR4, Gaming",0.22139830508474576,0.19809322033898305,0.1875,0.84688995215311,4.275209170227464,1.0,0.14364249676817006,5.237453654661016,0.983934816864599,0.8082191780821918,0.8090675228963485,0.8967070081621165
"DDR4, Gaming",Gaming Laptop,0.19809322033898305,0.22139830508474576,0.1875,0.946524064171123,4.275209170227464,1.0,0.14364249676817006,14.559851694915256,0.9553396174312816,0.8082191780821918,0.9313179817381498,0.8967070081621165
"DDR4, Gaming, Processing & Multitasking, Windows 10 Home",Gaming Laptop,0.07733050847457627,0.22139830508474576,0.07309322033898305,0.9452054794520548,4.269253457429377,1.0,0.055972376831370296,14.209480932203391,0.8299472536980648,0.323943661971831,0.9296244525207343,0.6376745100609557
"16 GB, DDR4, Gaming Laptop","Gaming, Intel",0.11228813559322035,0.1239406779661017,0.059322033898305086,0.5283018867924528,4.262538300274149,1.0,0.0454049662453318,1.8572457627118646,0.8622144561882031,0.3353293413173653,0.4615682964112158,0.5034671827124657
"Gaming Laptop, Intel, Windows 10 Home",Gaming,0.07733050847457627,0.22245762711864406,0.07309322033898305,0.9452054794520548,4.248923679060666,1.0,0.055890458919850616,14.190148305084747,0.8287325912244795,0.3224299065420561,0.9295285730282558,0.6368884540117417
"DDR4, Gaming Laptop, Intel, Windows 10 Home",Gaming,0.07733050847457627,0.22245762711864406,0.07309322033898305,0.9452054794520548,4.248923679060666,1.0,0.055890458919850616,14.190148305084747,0.8287325912244795,0.3224299065420561,0.9295285730282558,0.6368884540117417
"Gaming Laptop, Processing & Multitasking","DDR4, Gaming",0.10699152542372882,0.19809322033898305,0.09004237288135593,0.8415841584158414,4.248424842484248,1.0,0.06884807706118931,5.062036546610165,0.8562277580071175,0.41871921182266003,0.802451050917509,0.648064806480648
"Gaming Laptop, Windows 10 Home",Gaming,0.13453389830508475,0.22245762711864406,0.1271186440677966,0.9448818897637795,4.247469066366704,1.0,0.09719055228382648,14.106840193704597,0.8834149326805385,0.5529953917050691,0.9291124031839344,0.7581552305961754
Gaming,"Gaming Laptop, Windows 10 Home",0.22245762711864406,0.13453389830508475,0.1271186440677966,0.5714285714285714,4.247469066366704,1.0,0.09719055228382648,2.019420903954802,0.9833106267029971,0.5529953917050691,0.5048085329603077,0.7581552305961754
"AMD, Gaming Laptop, Windows 10 Home",Gaming,0.057203389830508475,0.22245762711864406,0.05402542372881356,0.9444444444444444,4.245502645502645,1.0,0.04130009336397587,13.995762711864401,0.81083939193655,0.23943661971830987,0.9285498032092038,0.5936507936507937
"16 GB, Gaming Laptop","Gaming, Intel",0.125,0.1239406779661017,0.06567796610169492,0.5254237288135594,4.239316239316239,1.0,0.05018538135593221,1.8459821428571432,0.8732718894009216,0.3583815028901734,0.4582829504232165,0.5276691293640446
"Gaming, Intel","16 GB, Gaming Laptop",0.1239406779661017,0.125,0.06567796610169492,0.5299145299145299,4.239316239316239,1.0,0.05018538135593221,1.8613636363636363,0.8722159379022506,0.3583815028901734,0.4627594627594628,0.5276691293640446
"Core i7, Gaming Laptop","16 GB, Intel",0.059322033898305086,0.20233050847457626,0.05084745762711865,0.8571428571428572,4.236350037397158,1.0,0.03884480034472853,5.583686440677969,0.8121246246246245,0.24120603015075381,0.8209068487952951,0.5542258788332087
Gaming Laptop,"16 GB, Gaming",0.22139830508474576,0.11864406779661017,0.11122881355932203,0.5023923444976076,4.23444976076555,1.0,0.08496121804079287,1.7711864406779658,0.9810430839002269,0.4861111111111111,0.43540669856459324,0.7199461722488038
"16 GB, Gaming",Gaming Laptop,0.11864406779661017,0.22139830508474576,0.11122881355932203,0.9374999999999999,4.23444976076555,1.0,0.08496121804079287,12.457627118644046,0.8666666666666667,0.4861111111111111,0.9197278911564625,0.7199461722488038
"AMD, DDR4, Gaming Laptop",Gaming,0.08792372881355932,0.22245762711864406,0.0826271186440678,0.9397590361445783,4.224440619621343,1.0,0.06306781456478024,12.907203389830515,0.8368623246672027,0.3627906976744186,0.9225238829979319,0.655593803786575
Gaming Laptop,"Gaming, Intel",0.22139830508474576,0.1239406779661017,0.11546610169491525,0.521531100478469,4.2079090500143135,1.0,0.08802584566216604,1.8309639830508477,0.9791300006241028,0.5023041474654378,0.45383961167070697,0.7265775160512002
"Gaming, Intel",Gaming Laptop,0.1239406779661017,0.22139830508474576,0.11546610169491525,0.9316239316239315,4.207909050014313,1.0,0.08802584566216604,11.387049788135577,0.8702062278823646,0.5023041474654378,0.9121809407523692,0.7265775160512002
"Gaming Laptop, Intel, Processing & Multitasking","DDR4, Gaming",0.06885593220338983,0.19809322033898305,0.057203389830508475,0.8307692307692308,4.193829699712053,1.0,0.043563496480896295,4.738540061633284,0.8178696330004634,0.2727272727272727,0.7889645361243777,0.5597696421225833
"16 GB, Gaming","DDR4, Gaming Laptop",0.11864406779661017,0.20233050847457626,0.10063559322033898,0.8482142857142857,4.192221391174271,1.0,0.07663027865555874,5.255234297108673,0.8639676113360324,0.4567307692307693,0.809713526845001,0.6727982423335827
"DDR4, Gaming, Intel","16 GB, Gaming Laptop",0.11334745762711865,0.125,0.059322033898305086,0.5233644859813084,4.186915887850467,1.0,0.04515360169491525,1.83578431372549,0.8584656084656084,0.33136094674556216,0.45527369826435243,0.4989703785838745
"Gaming, Intel","DDR4, Gaming Laptop",0.1239406779661017,0.20233050847457626,0.1048728813559322,0.8461538461538461,4.182037857430528,1.0,0.07979590096236713,5.184851694915254,0.8685280861822577,0.47368421052631576,0.8071304525487792,0.6822392267418446
"DDR4, Gaming Laptop","Gaming, Intel",0.20233050847457626,0.1239406779661017,0.1048728813559322,0.518324607329843,4.182037857430528,1.0,0.07979590096236713,1.8187753316138544,0.9538814439212845,0.47368421052631576,0.45017947922535884,0.6822392267418446
"DDR4, Gaming, Intel",Gaming Laptop,0.11334745762711865,0.22139830508474576,0.1048728813559322,0.9252336448598131,4.179045745204132,1.0,0.0797779463516231,10.413797669491524,0.8579583167396787,0.45622119815668205,0.9039735520376375,0.6994589276930645
"DDR4, Gaming Laptop",Gaming,0.20233050847457626,0.22245762711864406,0.1875,0.9267015706806283,4.165744203440539,1.0,0.14249003519103706,10.607899515738504,0.9527089382582664,0.7901785714285715,0.9057306304121432,0.8847793567688855
Gaming,"DDR4, Gaming Laptop",0.22245762711864406,0.20233050847457626,0.1875,0.8428571428571429,4.165744203440539,1.0,0.14249003519103706,5.076078582434515,0.9773703412921997,0.7901785714285715,0.8029975336748245,0.8847793567688855
"DDR4, Gaming","Gaming Laptop, Intel",0.19809322033898305,0.1271186440677966,0.1048728813559322,0.5294117647058824,4.1647058823529415,1.0,0.07969153978741741,1.8548728813559323,0.9476001761338618,0.47596153846153855,0.46087949743004,0.6772058823529412
"Gaming Laptop, Intel","DDR4, Gaming",0.1271186440677966,0.19809322033898305,0.1048728813559322,0.8250000000000001,4.1647058823529415,1.0,0.07969153978741741,4.582324455205813,0.8705501618122977,0.47596153846153855,0.781770145310436,0.6772058823529412
"Core i7, Processing & Multitasking","16 GB, Intel",0.08686440677966102,0.20233050847457626,0.07309322033898305,0.8414634146341463,4.15885582939599,1.0,0.055517900746911805,5.031453715775749,0.831803355862672,0.338235294117647,0.8012502834191688,0.601359979568382
"Gaming, Processing & Multitasking, Windows 10 Home","DDR4, Gaming Laptop",0.08686440677966102,0.20233050847457626,0.07309322033898305,0.8414634146341463,4.15885582939599,1.0,0.055517900746911805,5.031453715775749,0.831803355862672,0.338235294117647,0.8012502834191688,0.601359979568382
"8 GB, DDR4, Gaming",Gaming Laptop,0.09322033898305085,0.22139830508474576,0.0858050847457627,0.9204545454545454,4.157459765115267,1.0,0.0651662596954898,9.788135593220334,0.837544709818853,0.37499999999999994,0.8978354978354978,0.6540071770334928
"8 GB, Gaming",Gaming Laptop,0.09322033898305085,0.22139830508474576,0.0858050847457627,0.9204545454545454,4.157459765115267,1.0,0.0651662596954898,9.788135593220334,0.837544709818853,0.37499999999999994,0.8978354978354978,0.6540071770334928
"AMD, Gaming","DDR4, Gaming Laptop",0.09851694915254237,0.20233050847457626,0.0826271186440678,0.8387096774193549,4.1452457355176495,1.0,0.06269413422866993,4.945550847457628,0.8416794721142549,0.3786407766990292,0.7977980550914622,0.6235433203850701
"16 GB, Gaming Laptop, Windows 10 Home",Gaming,0.06779661016949153,0.22245762711864406,0.0625,0.921875,4.144047619047619,1.0,0.047418126975007184,9.952542372881357,0.8138674884437597,0.2744186046511628,0.8995231607629428,0.6014136904761904
"16 GB, DDR4, Gaming Laptop, Windows 10 Home",Gaming,0.06779661016949153,0.22245762711864406,0.0625,0.921875,4.144047619047619,1.0,0.047418126975007184,9.952542372881357,0.8138674884437597,0.2744186046511628,0.8995231607629428,0.6014136904761904
"AMD, Gaming Laptop",Gaming,0.09427966101694915,0.22245762711864406,0.08686440677966102,0.9213483146067416,4.141680042803639,1.0,0.06589117710428039,9.885895883777245,0.8375124803879619,0.37788018433179726,0.8988457888130301,0.655912252541466
"DDR4, Gaming Laptop, Processing & Multitasking, Windows 10 Home",Gaming,0.07944915254237288,0.22245762711864406,0.07309322033898305,0.92,4.135619047619048,1.0,0.055419150387819596,9.719279661016955,0.8236353629859409,0.3194444444444445,0.8971117166212534,0.6242857142857143
Core i7,"16 GB, Intel",0.11652542372881355,0.20233050847457626,0.09745762711864407,0.8363636363636364,4.133650642551166,1.0,0.07388097888537777,4.874646892655369,0.8580700656865812,0.4401913875598087,0.7948569358927925,0.6590195145168968
"Gaming, Processing & Multitasking","Gaming Laptop, Intel",0.10911016949152542,0.1271186440677966,0.057203389830508475,0.5242718446601942,4.1242718446601945,1.0,0.043333453030738295,1.8348322379799378,0.8503104769454353,0.319526627218935,0.4549910453388632,0.48713592233009706
"DDR4, Gaming Laptop, Intel",Gaming,0.11440677966101695,0.22245762711864406,0.1048728813559322,0.9166666666666666,4.120634920634921,1.0,0.07942222062625683,9.330508474576268,0.8551544149630275,0.452054794520548,0.8928247048138056,0.694047619047619
"8 GB, Ryzen 5 Hexa Core","AMD, DDR4, Processing & Multitasking",0.07097457627118645,0.17796610169491525,0.05190677966101695,0.7313432835820896,4.109452736318408,1.0,0.039275711002585464,3.059792843691149,0.8144648965629582,0.26344086021505375,0.6731804893060471,0.5115049751243781
"AMD, Gaming","DDR4, Gaming Laptop, Windows 10 Home",0.09851694915254237,0.13347457627118645,0.05402542372881356,0.5483870967741935,4.108550947260624,1.0,0.04087591568514795,1.918734866828087,0.8392894172945324,0.3035714285714286,0.47882325104503504,0.47657450076804914
Gaming,Gaming Laptop,0.22245762711864406,0.22139830508474576,0.20233050847457626,0.9095238095238095,4.108088402825245,1.0,0.1530787668773341,8.605597680642282,0.9730373625119477,0.837719298245614,0.8837965662455458,0.911699703804967
Gaming Laptop,Gaming,0.22139830508474576,0.22245762711864406,0.20233050847457626,0.9138755980861244,4.108088402825245,1.0,0.1530787668773341,9.02813088512241,0.9717135021547886,0.837719298245614,0.8892351016257513,0.911699703804967
"16 GB, Core i7","Gaming Laptop, Intel",0.09745762711864407,0.1271186440677966,0.05084745762711865,0.5217391304347826,4.104347826086957,1.0,0.03845877621373169,1.8251155624036979,0.8380281690140845,0.2926829268292683,0.45208948923596454,0.4608695652173913
"DDR4, Gaming, Processing & Multitasking",Gaming Laptop,0.09957627118644068,0.22139830508474576,0.09004237288135593,0.9042553191489362,4.084291967830602,1.0,0.06799635521401895,8.132062146892657,0.8386712802768166,0.38990825688073394,0.8770299609205384,0.6554769418711188
Gaming,"Gaming Laptop, Intel",0.22245762711864406,0.1271186440677966,0.11546610169491525,0.5190476190476191,4.083174603174604,1.0,0.08718758977305371,1.8149018291659675,0.9711271654625903,0.493212669683258,0.4490060101710588,0.7136904761904762
"Gaming Laptop, Intel",Gaming,0.1271186440677966,0.22245762711864406,0.11546610169491525,0.9083333333333333,4.083174603174603,1.0,0.08718758977305371,8.482280431432974,0.8650574507882781,0.493212669683258,0.8821071752951862,0.7136904761904762
"Gaming Laptop, Processing & Multitasking, Windows 10 Home",Gaming,0.08050847457627118,0.22245762711864406,0.07309322033898305,0.9078947368421053,4.0812030075187975,1.0,0.05518349612180408,8.441888619854726,0.8210779402925266,0.3179723502304148,0.8815430947942063,0.6182330827067669
"Gaming, Processing & Multitasking","DDR4, Gaming Laptop",0.10911016949152542,0.20233050847457626,0.09004237288135593,0.8252427184466019,4.078686524678494,1.0,0.0679660568083884,4.564442090395479,0.8472686577603694,0.4066985645933014,0.7809151742544386,0.6351344482285366
"AMD, Gaming","Gaming Laptop, Windows 10 Home",0.09851694915254237,0.13453389830508475,0.05402542372881356,0.5483870967741935,4.076200152400304,1.0,0.04077155451019822,1.9163892251815977,0.8371466095251261,0.3017751479289941,0.47818533580763606,0.4749809499618999
"AMD, Gaming, Windows 10 Home","DDR4, Gaming Laptop",0.06567796610169492,0.20233050847457626,0.05402542372881356,0.8225806451612903,4.065529471373079,1.0,0.04073676745188164,4.495955315870568,0.8070339246809836,0.2524752475247525,0.7775778606006083,0.5447981759837865
"16 GB, Gaming Laptop","DDR4, Gaming",0.125,0.19809322033898305,0.10063559322033898,0.8050847457627118,4.064171122994653,1.0,0.0758739406779661,4.114130434782608,0.8616541353383459,0.45238095238095244,0.7569352708058124,0.6565530680685217
"DDR4, Gaming","16 GB, Gaming Laptop",0.19809322033898305,0.125,0.10063559322033898,0.5080213903743316,4.064171122994653,1.0,0.0758739406779661,1.7785326086956523,0.9401932837377459,0.45238095238095244,0.43773873185637896,0.6565530680685217
Ryzen 5 Hexa Core,"AMD, DDR4, Processing & Multitasking",0.09110169491525423,0.17796610169491525,0.06567796610169492,0.7209302325581396,4.05094130675526,1.0,0.04946495259982764,2.9456214689265545,0.8286337318595383,0.3229166666666667,0.6605130664109328,0.5449889258028793
"Gaming Laptop, Intel","Gaming, Windows 10 Home",0.1271186440677966,0.1419491525423729,0.07309322033898305,0.5750000000000001,4.050746268656717,1.0,0.055048836541223785,2.018943170488535,0.8628113127902067,0.37297297297297294,0.5046913580246914,0.5449626865671642
"Gaming, Windows 10 Home","Gaming Laptop, Intel",0.1419491525423729,0.1271186440677966,0.07309322033898305,0.5149253731343283,4.050746268656716,1.0,0.055048836541223785,1.7994784876140806,0.8777241009125066,0.37297297297297294,0.4442834371830169,0.5449626865671642
"Gaming, Windows 10 Home",Gaming Laptop,0.1419491525423729,0.22139830508474576,0.1271186440677966,0.8955223880597014,4.04484753267157,1.0,0.09569134228669922,7.452330508474571,0.8773045267489712,0.5381165919282511,0.8658137882018478,0.7348425337427693
Gaming Laptop,"Gaming, Windows 10 Home",0.22139830508474576,0.1419491525423729,0.1271186440677966,0.5741626794258373,4.04484753267157,1.0,0.09569134228669922,2.014973338411731,0.9668253968253968,0.5381165919282511,0.5037155177506054,0.7348425337427693
"16 GB, Gaming, Windows 10 Home",Gaming Laptop,0.06991525423728813,0.22139830508474576,0.0625,0.893939393939394,4.037697549659272,1.0,0.04702088121229532,7.3411016949152605,0.8088876877340644,0.27314814814814814,0.8637806637806639,0.5881180223285487
"AMD, Gaming Laptop","Gaming, Windows 10 Home",0.09427966101694915,0.1419491525423729,0.05402542372881356,0.5730337078651686,4.036894180781486,1.0,0.04064250574547544,2.0096454058876008,0.8305928219240913,0.2965116279069767,0.5023997780552089,0.47681536139527086
"16 GB, DDR4, Gaming Laptop",Gaming,0.11228813559322035,0.22245762711864406,0.10063559322033898,0.8962264150943395,4.028751123090745,1.0,0.07565624102269462,7.492681047765788,0.8468785328476321,0.4298642533936652,0.8665364248624748,0.6743036837376459
Travel & Business,"DDR4, Everyday Use",0.06038135593220339,0.2097457627118644,0.05084745762711865,0.8421052631578948,4.014885699096226,1.0,0.03818272407354209,5.004943502824861,0.7991826381059752,0.2318840579710145,0.8001975448003388,0.5422647527910687
Core i7,"Gaming Laptop, Intel",0.11652542372881355,0.1271186440677966,0.059322033898305086,0.5090909090909091,4.004848484848486,1.0,0.04450948003447286,1.7780916509730071,0.8492634463857487,0.32183908045977017,0.4375992939099736,0.4878787878787879
Travel & Business,Everyday Use,0.06038135593220339,0.21927966101694915,0.05296610169491525,0.8771929824561403,4.000339011780659,1.0,0.03972569843435794,6.3572941888619825,0.798218714768884,0.2336448598130841,0.8427003737294388,0.5593694380879736
Gaming,"16 GB, Gaming Laptop",0.22245762711864406,0.125,0.11122881355932203,0.5,4.0,1.0,0.08342161016949153,1.75,0.9645776566757494,0.47085201793721976,0.42857142857142855,0.6949152542372881
"16 GB, Gaming Laptop",Gaming,0.125,0.22245762711864406,0.11122881355932203,0.8898305084745762,4.0,1.0,0.08342161016949153,7.057692307692306,0.8571428571428572,0.47085201793721976,0.8583106267029972,0.6949152542372881
"DDR4, Gaming, Intel, Processing & Multitasking",Gaming Laptop,0.0646186440677966,0.22139830508474576,0.057203389830508475,0.8852459016393444,3.998431249509766,1.0,0.04289693155702384,6.78495762711865,0.8017071431567468,0.25,0.8526151444184232,0.5718095536904856
"Gaming, Intel, Processing & Multitasking",Gaming Laptop,0.0646186440677966,0.22139830508474576,0.057203389830508475,0.8852459016393444,3.998431249509766,1.0,0.04289693155702384,6.78495762711865,0.8017071431567468,0.25,0.8526151444184232,0.5718095536904856
"DDR4, Entertainment, Processing & Multitasking",Everyday Use,0.059322033898305086,0.21927966101694915,0.05190677966101695,0.875,3.9903381642512077,1.0,0.03889866417696064,6.245762711864407,0.7966537966537965,0.22897196261682246,0.8398914518317503,0.5558574879227053
"AMD, Gaming",Gaming Laptop,0.09851694915254237,0.22139830508474576,0.08686440677966102,0.8817204301075269,3.9825075886196433,1.0,0.06505292121516806,6.582723420647149,0.8307443180189734,0.37272727272727274,0.8480871918659937,0.6370324638575913
"DDR4, Travel & Business",Everyday Use,0.05826271186440678,0.21927966101694915,0.05084745762711865,0.8727272727272728,3.9799736495388673,1.0,0.03807162991956335,6.1342312348668315,0.7950646794150733,0.22429906542056077,0.8369803873196004,0.5523056653491436
Ryzen 5 Hexa Core,"AMD, Processing & Multitasking",0.09110169491525423,0.19915254237288135,0.07203389830508475,0.7906976744186047,3.970311726867888,1.0,0.05389076414823327,3.826271186440679,0.8231180584121759,0.3300970873786408,0.7386489479512736,0.5761999010390896
"8 GB, Ryzen 5 Hexa Core","AMD, DDR4",0.07097457627118645,0.24470338983050846,0.06885593220338983,0.9701492537313432,3.964592621309039,1.0,0.05148821279804654,25.302436440677894,0.8048943075168845,0.27896995708154504,0.96047811433715,0.6257672675583124
"16 GB, Gaming","DDR4, Gaming Laptop, Windows 10 Home",0.11864406779661017,0.13347457627118645,0.0625,0.5267857142857143,3.9467120181405897,1.0,0.04666403332375754,1.8311480652382477,0.8471316818774446,0.329608938547486,0.4538945162417045,0.4975198412698413
"DDR4, Gaming Laptop, Processing & Multitasking",Gaming,0.1027542372881356,0.22245762711864406,0.09004237288135593,0.8762886597938143,3.9391261659302894,1.0,0.06718390907785118,6.285134180790955,0.8315855267726925,0.3828828828828829,0.8408944071462681,0.6405252822778595
"Core i7, Gaming Laptop, Intel",Gaming,0.059322033898305086,0.22245762711864406,0.05190677966101695,0.875,3.9333333333333336,1.0,0.038710140764148235,6.220338983050848,0.7927927927927928,0.22580645161290325,0.8392370572207084,0.5541666666666667
"Core i7, Gaming Laptop",Gaming,0.059322033898305086,0.22245762711864406,0.05190677966101695,0.875,3.9333333333333336,1.0,0.038710140764148235,6.220338983050848,0.7927927927927928,0.22580645161290325,0.8392370572207084,0.5541666666666667
"8 GB, Processing & Multitasking, Ryzen 5 Hexa Core","AMD, DDR4",0.05402542372881356,0.24470338983050846,0.05190677966101695,0.9607843137254902,3.9263220439691033,1.0,0.038686575337546686,19.26006355932205,0.787873940169573,0.2103004291845494,0.9480790913840993,0.5864527629233511
"16 GB, Gaming Laptop, Intel","DDR4, Gaming",0.07627118644067797,0.19809322033898305,0.059322033898305086,0.7777777777777778,3.926322043969103,1.0,0.044213228957196204,3.6085805084745766,0.8068479685452161,0.2758620689655173,0.7228827242037282,0.5386215092097445
"16 GB, DDR4, Gaming Laptop","Gaming, Windows 10 Home",0.11228813559322035,0.1419491525423729,0.0625,0.5566037735849056,3.921148972120529,1.0,0.04656079431197931,1.9351785070320953,0.839205533756725,0.3259668508287293,0.4832518052643838,0.49845114052379613
"16 GB, Gaming","Gaming Laptop, Windows 10 Home",0.11864406779661017,0.13453389830508475,0.0625,0.5267857142857143,3.9156355455568055,1.0,0.04653835104854927,1.8289094979213303,0.8448500651890483,0.3277777777777778,0.45322608847700646,0.49567632170978626
"DDR4, Ryzen 5 Hexa Core","AMD, Processing & Multitasking",0.0847457627118644,0.19915254237288135,0.06567796610169492,0.7750000000000001,3.8914893617021282,1.0,0.0488006320022982,3.559322033898307,0.8118279569892475,0.30097087378640774,0.7190476190476192,0.5523936170212767
"DDR4, Performance, Processing & Multitasking",Everyday Use,0.0646186440677966,0.21927966101694915,0.05508474576271186,0.8524590163934427,3.8875425675140574,1.0,0.04091519139615053,5.291548964218458,0.7940804948166217,0.2407407407407407,0.8110194185555086,0.5518333729310209
"16 GB, DDR4, Gaming Laptop, Intel",Gaming,0.06885593220338983,0.22245762711864406,0.059322033898305086,0.8615384615384616,3.872820512820513,1.0,0.04400450660729675,5.615583804143128,0.7966439135381115,0.25570776255707767,0.8219241249214002,0.5641025641025641
"Gaming Laptop, Windows 11 Home",Gaming,0.06885593220338983,0.22245762711864406,0.059322033898305086,0.8615384615384616,3.872820512820513,1.0,0.04400450660729675,5.615583804143128,0.7966439135381115,0.25570776255707767,0.8219241249214002,0.5641025641025641
"16 GB, Gaming Laptop, Intel",Gaming,0.07627118644067797,0.22245762711864406,0.06567796610169492,0.8611111111111112,3.8708994708994715,1.0,0.048710858948578004,5.598305084745765,0.8029002663509915,0.28181818181818186,0.8213745080230095,0.5781746031746032
"DDR4, Gaming Laptop, Intel, Processing & Multitasking",Gaming,0.06673728813559322,0.22245762711864406,0.057203389830508475,0.8571428571428571,3.853061224489796,1.0,0.04235717107153117,5.44279661016949,0.793416572077185,0.24657534246575344,0.8162709225379524,0.5571428571428572
"Core i7, DDR4","16 GB, Intel",0.0815677966101695,0.20233050847457626,0.0635593220338983,0.7792207792207791,3.851227306724689,1.0,0.04705566827061189,3.612973579262212,0.8060938100730488,0.28846153846153844,0.7232196754109104,0.5466784524376147
"Entertainment, Processing & Multitasking","DDR4, Everyday Use",0.0646186440677966,0.2097457627118644,0.05190677966101695,0.8032786885245903,3.829773141248552,1.0,0.038353292875610456,4.017125706214691,0.7899322809531513,0.23333333333333334,0.7510657935217335,0.5253767179996689
"8 GB, Ryzen 5 Hexa Core","AMD, Processing & Multitasking",0.07097457627118645,0.19915254237288135,0.05402542372881356,0.7611940298507462,3.82216576691013,1.0,0.039890656420568806,3.353548728813559,0.7947772039260402,0.25,0.7018084182263287,0.5162353127977135
Core i7,"16 GB, Intel, Processing & Multitasking",0.11652542372881355,0.1641949152542373,0.07309322033898305,0.6272727272727273,3.820293255131965,1.0,0.05396033826486642,2.2424038859032662,0.8356097730511243,0.35204081632653067,0.5540500057610324,0.536217008797654
"Entertainment, Processing & Multitasking",Everyday Use,0.0646186440677966,0.21927966101694915,0.05402542372881356,0.836065573770492,3.812782133523403,1.0,0.03985586936225223,4.762394067796614,0.7886882952501499,0.23502304147465436,0.7900215761727876,0.5412211926823475
Ryzen 5 Hexa Core,"AMD, DDR4",0.09110169491525423,0.24470338983050846,0.0847457627118644,0.9302325581395349,3.801469847981476,1.0,0.062452869146796895,10.825918079096043,0.8108100233100233,0.33755274261603374,0.9076290811833393,0.6382764522299406
"Gaming, Processing & Multitasking, Windows 10 Home",Gaming Laptop,0.08686440677966102,0.22139830508474576,0.07309322033898305,0.8414634146341463,3.8006768584432256,1.0,0.0538615879057742,4.911179921773141,0.8069874575473285,0.3108108108108108,0.7963829434212709,0.5858034776520014
"DDR4, Entertainment",Everyday Use,0.0635593220338983,0.21927966101694915,0.05296610169491525,0.8333333333333334,3.8003220611916264,1.0,0.03902883510485493,4.684322033898306,0.7868778280542987,0.23041474654377883,0.7865219357756672,0.5374396135265701
"8 GB, DDR4, Ryzen 5 Hexa Core","AMD, Processing & Multitasking",0.06885593220338983,0.19915254237288135,0.05190677966101695,0.7538461538461538,3.7852700490998363,1.0,0.03819394570525711,3.253442796610169,0.7902300852081446,0.24019607843137256,0.6926332926332927,0.5072422258592472
"Gaming Laptop, Processing & Multitasking",Gaming,0.10699152542372882,0.22245762711864406,0.09004237288135593,0.8415841584158414,3.7831211692597826,1.0,0.06624129201378914,4.908236228813555,0.8238085269695068,0.3761061946902654,0.7962608249925809,0.623173031588873
"16 GB, Gaming Laptop","DDR4, Gaming, Windows 10 Home",0.125,0.13241525423728814,0.0625,0.5,3.776,1.0,0.04594809322033898,1.7351694915254237,0.8401937046004841,0.3206521739130434,0.4236874236874237,0.486
"Performance, Processing & Multitasking",Everyday Use,0.07309322033898305,0.21927966101694915,0.06038135593220339,0.8260869565217391,3.767275782398656,1.0,0.044353499353634016,4.489141949152542,0.7924812030075188,0.2602739726027397,0.7772402808093918,0.5507246376811594
"DDR4, Performance",Everyday Use,0.06673728813559322,0.21927966101694915,0.05508474576271186,0.8253968253968254,3.764128517751706,1.0,0.04045061584314852,4.471398305084745,0.7868462411595215,0.23853211009174308,0.7763563136697464,0.5383022774327122
"Gaming Laptop, Intel, Processing & Multitasking",Gaming,0.06885593220338983,0.22245762711864406,0.057203389830508475,0.8307692307692308,3.7345054945054947,1.0,0.04188586253950015,4.5945685670261955,0.7863734041208444,0.24434389140271495,0.7823517082372669,0.543956043956044
"Gaming, Processing & Multitasking",Gaming Laptop,0.10911016949152542,0.22139830508474576,0.09004237288135593,0.8252427184466019,3.7274120871463743,1.0,0.06588556628842286,4.455331920903954,0.8213331468140169,0.3744493392070484,0.7755498315831186,0.6159706415199517
"Processing & Multitasking, Ryzen 5 Hexa Core","AMD, DDR4",0.07203389830508475,0.24470338983050846,0.06567796610169492,0.911764705882353,3.7259994907053735,1.0,0.048051027003734564,8.56002824858758,0.7884077183679482,0.2616033755274262,0.8831779556142234,0.5900814871403107
"AMD, Gaming, Windows 10 Home",Gaming Laptop,0.06567796610169492,0.22139830508474576,0.05402542372881356,0.8225806451612903,3.7153881771878376,1.0,0.039484433352484916,4.388482280431432,0.7822240007113956,0.2318181818181818,0.7721307877989905,0.5332998919586356
"Processing & Multitasking, Ryzen 5 Hexa Core",AMD,0.07203389830508475,0.2701271186440678,0.07203389830508475,1.0,3.7019607843137257,1.0,0.0525755889112324,inf,0.7865296803652967,0.26666666666666666,1.0,0.6333333333333333
Ryzen 5 Hexa Core,AMD,0.09110169491525423,0.2701271186440678,0.09110169491525423,1.0,3.7019607843137257,1.0,0.06649265656420568,inf,0.8030303030303029,0.3372549019607843,1.0,0.6686274509803921
"16 GB, Ryzen 7 Octa Core",AMD,0.05190677966101695,0.2701271186440678,0.05190677966101695,1.0,3.7019607843137257,1.0,0.03788535083309394,inf,0.7698324022346369,0.19215686274509805,1.0,0.596078431372549
"DDR4, Ryzen 5 Hexa Core",AMD,0.0847457627118644,0.2701271186440678,0.0847457627118644,1.0,3.7019607843137257,1.0,0.06185363401321459,inf,0.7974537037037037,0.3137254901960784,1.0,0.6568627450980392
"8 GB, DDR4, Ryzen 5 Hexa Core",AMD,0.06885593220338983,0.2701271186440678,0.06885593220338983,1.0,3.7019607843137257,1.0,0.050256077635736855,inf,0.7838452787258249,0.2549019607843137,1.0,0.6274509803921569
"8 GB, Ryzen 5 Hexa Core",AMD,0.07097457627118645,0.2701271186440678,0.07097457627118645,1.0,3.7019607843137257,1.0,0.051802418486067224,inf,0.7856328392246293,0.2627450980392157,1.0,0.6313725490196078
Ryzen 7 Octa Core,AMD,0.07097457627118645,0.2701271186440678,0.07097457627118645,1.0,3.7019607843137257,1.0,0.051802418486067224,inf,0.7856328392246293,0.2627450980392157,1.0,0.6313725490196078
"Ryzen 5 Hexa Core, Thin and Light Laptop",AMD,0.05296610169491525,0.2701271186440678,0.05296610169491525,1.0,3.7019607843137257,1.0,0.03865852125825912,inf,0.7706935123042504,0.19607843137254902,1.0,0.5980392156862745
"8 GB, DDR4, Processing & Multitasking, Ryzen 5 Hexa Core",AMD,0.05190677966101695,0.2701271186440678,0.05190677966101695,1.0,3.7019607843137257,1.0,0.03788535083309394,inf,0.7698324022346369,0.19215686274509805,1.0,0.596078431372549
"8 GB, Processing & Multitasking, Ryzen 5 Hexa Core",AMD,0.05402542372881356,0.2701271186440678,0.05402542372881356,1.0,3.7019607843137257,1.0,0.03943169168342431,inf,0.7715565509518478,0.2,1.0,0.6
"Processing & Multitasking, Ryzen 5 Hexa Core, Thin and Light Laptop",AMD,0.05190677966101695,0.2701271186440678,0.05190677966101695,1.0,3.7019607843137257,1.0,0.03788535083309394,inf,0.7698324022346369,0.19215686274509805,1.0,0.596078431372549
"DDR4, Processing & Multitasking, Ryzen 5 Hexa Core",AMD,0.06567796610169492,0.2701271186440678,0.06567796610169492,1.0,3.7019607843137257,1.0,0.04793656636024131,inf,0.7811791383219955,0.2431372549019608,1.0,0.6215686274509804
"DDR4, Ryzen 7 Octa Core",AMD,0.0614406779661017,0.2701271186440678,0.0614406779661017,1.0,3.7019607843137257,1.0,0.044843884659580585,inf,0.7776523702031602,0.22745098039215686,1.0,0.6137254901960785
Entertainment,"DDR4, Everyday Use",0.06885593220338983,0.2097457627118644,0.05296610169491525,0.7692307692307693,3.667443667443668,1.0,0.03852386167767882,3.4244350282485883,0.7811149032992035,0.2347417840375587,0.7079810270158796,0.5108780108780109
Performance,Everyday Use,0.07521186440677965,0.21927966101694915,0.06038135593220339,0.8028169014084507,3.661155337824046,1.0,0.043888923800632,3.959367433414044,0.7859769699161994,0.2579185520361991,0.7474344028895217,0.5390896101245153
Core i7,"16 GB, DDR4, Intel",0.11652542372881355,0.149364406779661,0.0635593220338983,0.5454545454545454,3.6518375241779495,1.0,0.04615457124389543,1.8713983050847456,0.8219424460431655,0.3141361256544502,0.46564021283822027,0.4854932301740812
Entertainment,Everyday Use,0.06885593220338983,0.21927966101694915,0.05508474576271186,0.8,3.6483091787439617,1.0,0.03998604029014651,3.9036016949152548,0.7795790671217293,0.23636363636363633,0.7438263229308006,0.5256038647342995
"Performance, Processing & Multitasking","DDR4, Everyday Use",0.07309322033898305,0.2097457627118644,0.05508474576271186,0.7536231884057971,3.5930317669448106,1.0,0.039753752513645504,3.207502492522433,0.7785934065934066,0.2418604651162791,0.6882309515483546,0.5081247255160299
Ryzen 7 Octa Core,"AMD, DDR4",0.07097457627118645,0.24470338983050846,0.0614406779661017,0.8656716417910447,3.5376364928603734,1.0,0.04407295856075841,5.62276365348399,0.772126764439901,0.2416666666666667,0.8221515145171756,0.5583769464366479
"16 GB, Gaming Laptop","Gaming, Windows 10 Home",0.125,0.1419491525423729,0.0625,0.5,3.5223880597014925,1.0,0.04475635593220339,1.7161016949152543,0.8184019370460048,0.30569948186528495,0.4172839506172839,0.4701492537313433
Performance,"DDR4, Everyday Use",0.07521186440677965,0.2097457627118644,0.05508474576271186,0.7323943661971831,3.491819604495661,1.0,0.039309375897730536,2.953055307760928,0.7716538902105912,0.23963133640552997,0.6613676698259261,0.4975103144117229
"Core i7, DDR4",Gaming Laptop,0.0815677966101695,0.22139830508474576,0.05190677966101695,0.6363636363636364,2.8742931709438886,1.0,0.033847807742028155,2.141154661016949,0.7100016477179107,0.20675105485232073,0.5329622758194187,0.4354066985645933
"Core i7, DDR4, Intel",Gaming Laptop,0.0815677966101695,0.22139830508474576,0.05190677966101695,0.6363636363636364,2.8742931709438886,1.0,0.033847807742028155,2.141154661016949,0.7100016477179107,0.20675105485232073,0.5329622758194187,0.4354066985645933
"Core i7, Gaming Laptop",16 GB,0.059322033898305086,0.3061440677966102,0.05084745762711865,0.8571428571428572,2.799802273850717,1.0,0.03268636885952313,4.856991525423731,0.6833708708708708,0.16161616161616163,0.7941112322791712,0.5116164112703905
"Core i7, Gaming Laptop, Intel",16 GB,0.059322033898305086,0.3061440677966102,0.05084745762711865,0.8571428571428572,2.799802273850717,1.0,0.03268636885952313,4.856991525423731,0.6833708708708708,0.16161616161616163,0.7941112322791712,0.5116164112703905
"8 GB, DDR4, Everyday Use, Intel",Core i3,0.11652542372881355,0.22033898305084745,0.07097457627118645,0.6090909090909091,2.7643356643356647,1.0,0.04529948290721058,1.9944816712652742,0.7224310104155482,0.26693227091633465,0.4986166007905139,0.46560314685314685
"Core i7, Intel, Processing & Multitasking",16 GB,0.08686440677966102,0.3061440677966102,0.07309322033898305,0.8414634146341463,2.74858637859735,1.0,0.04650019750071818,4.376629726205996,0.6966945761458019,0.22847682119205295,0.7715136846024948,0.5401088699468309
"Core i7, Processing & Multitasking",16 GB,0.08686440677966102,0.3061440677966102,0.07309322033898305,0.8414634146341463,2.74858637859735,1.0,0.04650019750071818,4.376629726205996,0.6966945761458019,0.22847682119205295,0.7715136846024948,0.5401088699468309
"8 GB, Everyday Use, Intel",Core i3,0.1228813559322034,0.22033898305084745,0.07415254237288135,0.603448275862069,2.7387267904509285,1.0,0.04707698937087043,1.9661016949152543,0.7238095238095238,0.27559055118110243,0.49137931034482757,0.4699933687002652
"Core i7, Intel",16 GB,0.11652542372881355,0.3061440677966102,0.09745762711864407,0.8363636363636364,2.7319282793331237,1.0,0.06178405989658144,4.240230696798495,0.7175737670732979,0.29967426710097717,0.7641637751561416,0.5773513683548286
Core i7,16 GB,0.11652542372881355,0.3061440677966102,0.09745762711864407,0.8363636363636364,2.7319282793331237,1.0,0.06178405989658144,4.240230696798495,0.7175737670732979,0.29967426710097717,0.7641637751561416,0.5773513683548286
"8 GB, Everyday Use, Intel","Core i3, DDR4",0.1228813559322034,0.2129237288135593,0.07097457627118645,0.5775862068965517,2.71264367816092,1.0,0.04481021976443551,1.8632826011760637,0.7198067632850242,0.26800000000000007,0.4633127581565879,0.45545977011494254
Core i7,"16 GB, Processing & Multitasking",0.11652542372881355,0.2341101694915254,0.07309322033898305,0.6272727272727273,2.6793911970382562,1.0,0.04581343363975869,2.054826374534932,0.7094498314391965,0.26335877862595414,0.5133408776562304,0.46974496092143153
"Core i7, Intel","16 GB, Processing & Multitasking",0.11652542372881355,0.2341101694915254,0.07309322033898305,0.6272727272727273,2.6793911970382562,1.0,0.04581343363975869,2.054826374534932,0.7094498314391965,0.26335877862595414,0.5133408776562304,0.46974496092143153
"16 GB, DDR4, Windows 10 Home","Gaming, Gaming Laptop",0.11652542372881355,0.20233050847457626,0.0625,0.5363636363636364,2.650928129462161,1.0,0.0389233517667337,1.7204636091724828,0.7049140348737959,0.243801652892562,0.418761318362912,0.42263207996192287
"DDR4, Everyday Use, Intel, Thin and Light Laptop",Core i3,0.08898305084745763,0.22033898305084745,0.05190677966101695,0.5833333333333334,2.647435897435898,1.0,0.03230034472852629,1.8711864406779664,0.6830564784053157,0.2016460905349794,0.4655797101449276,0.4094551282051282
"16 GB, DDR4, Windows 10 Home",Gaming Laptop,0.11652542372881355,0.22139830508474576,0.06779661016949153,0.5818181818181818,2.627925184862984,1.0,0.04199807885665039,1.8618736182756077,0.7011765587529977,0.25098039215686274,0.46290661719233145,0.44401913875598087
"8 GB, DDR4, Intel, Processing & Multitasking, Windows 11 Home",Core i3,0.1048728813559322,0.22033898305084745,0.06038135593220339,0.5757575757575758,2.6130536130536135,1.0,0.03727377190462511,1.8377723970944313,0.6896293989411398,0.22800000000000004,0.4558629776021081,0.4248980186480187
"Everyday Use, Thin and Light Laptop","8 GB, DDR4, Windows 11 Home",0.1228813559322034,0.1917372881355932,0.0614406779661017,0.5,2.6077348066298343,1.0,0.03787974001723643,1.6165254237288136,0.7028985507246377,0.24267782426778245,0.381389252948886,0.41022099447513816
"Everyday Use, Intel, Thin and Light Laptop",Core i3,0.09639830508474577,0.22033898305084745,0.05508474576271186,0.5714285714285714,2.5934065934065935,1.0,0.033844441252513645,1.8192090395480225,0.6799531066822978,0.2105263157894737,0.45031055900621114,0.4107142857142857
"Everyday Use, Thin and Light Laptop","8 GB, Windows 11 Home",0.1228813559322034,0.2108050847457627,0.06673728813559322,0.5431034482758621,2.576329925489517,1.0,0.04083327348463085,1.72729453149984,0.6975692048155816,0.25,0.4210599398287434,0.42984318142436323
"8 GB, DDR4, Intel, Windows 11 Home",Core i3,0.13877118644067796,0.22033898305084745,0.07838983050847458,0.5648854961832062,2.5637110980622433,1.0,0.04781312841137604,1.7918525126375262,0.7082211362654167,0.279245283018868,0.4419183538001992,0.4603273634762185
"DDR4, Everyday Use, Thin and Light Laptop","8 GB, Windows 11 Home",0.11440677966101695,0.2108050847457627,0.0614406779661017,0.5370370370370371,2.547552577703332,1.0,0.03732314708417122,1.7046610169491527,0.6859429137106089,0.23293172690763056,0.41337310464827254,0.41424716173459897
"Core i7, DDR4",16 GB,0.0815677966101695,0.3061440677966102,0.0635593220338983,0.7792207792207791,2.545274794409742,1.0,0.03858782497845446,3.142759222333,0.661034217608612,0.196078431372549,0.6818082680678099,0.493416617984092
"Core i7, DDR4, Intel",16 GB,0.0815677966101695,0.3061440677966102,0.0635593220338983,0.7792207792207791,2.545274794409742,1.0,0.03858782497845446,3.142759222333,0.661034217608612,0.196078431372549,0.6818082680678099,0.493416617984092
"16 GB, DDR4, Windows 10 Home",Gaming,0.11652542372881355,0.22245762711864406,0.06567796610169492,0.5636363636363637,2.533679653679654,1.0,0.03975599683998852,1.7818679378531077,0.6851551017250717,0.24031007751937988,0.43879118157047325,0.4294372294372295
"Everyday Use, Intel, Thin and Light Laptop","Core i3, DDR4",0.09639830508474577,0.2129237288135593,0.05190677966101695,0.5384615384615384,2.5288939915805586,1.0,0.031381293091065784,1.7053319209039548,0.6690671579299949,0.2016460905349794,0.41360389274251985,0.3911213164944508
"16 GB, Intel, Thin and Light Laptop","Core i5, Processing & Multitasking",0.09427966101694915,0.2627118644067797,0.0625,0.6629213483146068,2.523378035520116,1.0,0.0377316144785981,2.1872881355932208,0.6665477252453167,0.21223021582733814,0.5428128632313057,0.4504122870605292
"8 GB, DDR4, Intel, Thin and Light Laptop, Windows 11 Home",Core i3,0.09957627118644068,0.22033898305084745,0.05508474576271186,0.5531914893617021,2.5106382978723407,1.0,0.03314421143349612,1.7449556093623892,0.6682352941176469,0.20800000000000002,0.42691951896392233,0.4015957446808511
"8 GB, Intel, Processing & Multitasking, Windows 11 Home",Core i3,0.1228813559322034,0.22033898305084745,0.06779661016949153,0.5517241379310345,2.503978779840849,1.0,0.040721057167480604,1.7392438070404173,0.6847826086956521,0.24615384615384617,0.42503748125937035,0.4297082228116711
"Core i3, DDR4, Windows 11 Home","8 GB, Intel, Thin and Light Laptop",0.09004237288135593,0.2457627118644068,0.05508474576271186,0.611764705882353,2.489249492900609,1.0,0.032955688020683716,1.942732408834104,0.6574729112563805,0.19622641509433963,0.48526107072042307,0.4179513184584179
"8 GB, Intel, Windows 11 Home",Core i3,0.15677966101694915,0.22033898305084745,0.0858050847457627,0.5472972972972973,2.483887733887734,1.0,0.051260413674231536,1.7222362762458892,0.7084806749798375,0.2945454545454545,0.4193595769682726,0.4683601871101871
"Core i3, Windows 11 Home","8 GB, DDR4, Intel, Thin and Light Laptop",0.09745762711864407,0.2298728813559322,0.05508474576271186,0.5652173913043478,2.4588258865958723,1.0,0.03268188020683711,1.7712923728813557,0.6573672806067172,0.20233463035019456,0.4354404640870761,0.40242436385493885
"Core i3, Windows 11 Home","8 GB, Intel, Thin and Light Laptop",0.09745762711864407,0.2457627118644068,0.05826271186440678,0.5978260869565217,2.4325337331334334,1.0,0.03431126113185866,1.8754008245533669,0.6524967989756721,0.2044609665427509,0.46678065461651197,0.4174475262368815
"DDR4, Everyday Use, Intel",Core i3,0.15889830508474576,0.22033898305084745,0.0847457627118644,0.5333333333333333,2.4205128205128204,1.0,0.04973427176098822,1.6707021791767556,0.6977329974811084,0.28776978417266186,0.40144927536231884,0.45897435897435895
"8 GB, Intel, Thin and Light Laptop, Windows 11 Home",Core i3,0.11016949152542373,0.22033898305084745,0.05826271186440678,0.5288461538461539,2.400147928994083,1.0,0.03398807813846595,1.6547907298512627,0.6555844155844156,0.2140077821011673,0.3956939799331104,0.3966346153846154
"AMD, Ryzen 7 Octa Core",16 GB,0.07097457627118645,0.3061440677966102,0.05190677966101695,0.7313432835820896,2.3888860197283477,1.0,0.030178334171215165,2.582685969868173,0.6258115560933608,0.15960912052117265,0.6128061980175459,0.4504467282962351
Ryzen 7 Octa Core,16 GB,0.07097457627118645,0.3061440677966102,0.05190677966101695,0.7313432835820896,2.3888860197283477,1.0,0.030178334171215165,2.582685969868173,0.6258115560933608,0.15960912052117265,0.6128061980175459,0.4504467282962351
"Everyday Use, Intel",Core i3,0.1673728813559322,0.22033898305084745,0.08792372881355932,0.5253164556962026,2.3841285296981503,1.0,0.05104495834530308,1.6424858757062148,0.6972623317698274,0.2932862190812721,0.39116675839295545,0.46217745861733206
"8 GB, Intel, Thin and Light Laptop, Windows 10 Home","Core i5, DDR4, Processing & Multitasking",0.10699152542372882,0.2288135593220339,0.05826271186440678,0.5445544554455445,2.3799046571323794,1.0,0.03378160011490951,1.6932571849668383,0.6492828642294834,0.20992366412213742,0.40942226090740935,0.39959204253758707
"Everyday Use, Intel","Core i3, DDR4",0.1673728813559322,0.2129237288135593,0.0847457627118644,0.5063291139240507,2.377983500220417,1.0,0.04910810471128986,1.594333985223816,0.6959605597964377,0.2867383512544803,0.3727788473005435,0.4521695320864034
"16 GB, Core i7, Intel",Gaming Laptop,0.09745762711864407,0.22139830508474576,0.05084745762711865,0.5217391304347826,2.3565633451216974,1.0,0.029270504165469696,1.6279853620955316,0.6378129890453834,0.18972332015810278,0.3857438627624963,0.37570210110255875
"16 GB, Core i7",Gaming Laptop,0.09745762711864407,0.22139830508474576,0.05084745762711865,0.5217391304347826,2.3565633451216974,1.0,0.029270504165469696,1.6279853620955316,0.6378129890453834,0.18972332015810278,0.3857438627624963,0.37570210110255875
Windows 10,Everyday Use,0.09851694915254237,0.21927966101694915,0.05084745762711865,0.5161290322580645,2.3537478572541684,1.0,0.02924469441252514,1.6134887005649716,0.6379994124559343,0.19047619047619052,0.38022497483258194,0.3740065451145395
"8 GB, Intel, Windows 11 Home","Core i3, DDR4",0.15677966101694915,0.2129237288135593,0.07838983050847458,0.5,2.3482587064676617,1.0,0.04500772048261994,1.5741525423728815,0.6809045226130653,0.26909090909090916,0.36473755047106327,0.4340796019900498
"8 GB, Intel, Thin and Light Laptop, Windows 11 Home","Core i3, DDR4",0.11016949152542373,0.2129237288135593,0.05508474576271186,0.5,2.3482587064676617,1.0,0.031627046825624824,1.5741525423728815,0.6452380952380954,0.2055335968379447,0.36473755047106327,0.37935323383084574
"Core i5, DDR4, Thin and Light Laptop, Windows 10 Home","8 GB, Intel, Processing & Multitasking",0.07521186440677965,0.3305084745762712,0.05826271186440678,0.7746478873239437,2.3438064283134707,1.0,0.03340455328928468,2.9708686440677976,0.6199729251275642,0.1676829268292683,0.6633981101800679,0.47546496930299753
Core i7,"16 GB, DDR4",0.11652542372881355,0.23516949152542374,0.0635593220338983,0.5454545454545454,2.319410319410319,1.0,0.036156097385808675,1.6826271186440676,0.6438848920863309,0.22058823529411764,0.40569126164694025,0.4078624078624078
"Core i7, Intel","16 GB, DDR4",0.11652542372881355,0.23516949152542374,0.0635593220338983,0.5454545454545454,2.319410319410319,1.0,0.036156097385808675,1.6826271186440676,0.6438848920863309,0.22058823529411764,0.40569126164694025,0.4078624078624078
"DDR4, Laptop",Everyday Use,0.13347457627118645,0.21927966101694915,0.06779661016949153,0.5079365079365079,2.316386780154896,1.0,0.038528350330364836,1.5866252050300709,0.6558297677261613,0.2379182156133829,0.3697314294329219,0.4085576259489303
"Gaming Laptop, Intel","16 GB, DDR4",0.1271186440677966,0.23516949152542374,0.06885593220338983,0.5416666666666666,2.303303303303303,1.0,0.03896150531456478,1.6687211093990753,0.6482449589245706,0.23465703971119128,0.4007386888273314,0.4172297297297297
Core i7,Gaming Laptop,0.11652542372881355,0.22139830508474576,0.059322033898305086,0.5090909090909091,2.2994345367551112,1.0,0.03352350258546395,1.5860404896421847,0.6396454265159303,0.2129277566539924,0.36949907235621526,0.38851674641148326
"Core i7, Intel",Gaming Laptop,0.11652542372881355,0.22139830508474576,0.059322033898305086,0.5090909090909091,2.2994345367551112,1.0,0.03352350258546395,1.5860404896421847,0.6396454265159303,0.2129277566539924,0.36949907235621526,0.38851674641148326
"Gaming Laptop, Processing & Multitasking","16 GB, DDR4",0.10699152542372882,0.23516949152542374,0.057203389830508475,0.5346534653465346,2.273481402194273,1.0,0.03204224719908072,1.643571943743238,0.6272571503888229,0.2007434944237918,0.39156907380488726,0.3889483542948889
"16 GB, AMD",Gaming,0.1027542372881356,0.22245762711864406,0.05190677966101695,0.5051546391752577,2.270790378006873,1.0,0.02904831585751221,1.57128354519774,0.6237139483892731,0.18992248062015507,0.36357762858507264,0.36924398625429555
"Core i5, Thin and Light Laptop, Windows 10 Home","8 GB, Intel, Processing & Multitasking",0.0847457627118644,0.3305084745762712,0.0635593220338983,0.75,2.269230769230769,1.0,0.03555012927319735,2.6779661016949152,0.611111111111111,0.18072289156626506,0.6265822784810127,0.47115384615384615
"16 GB, Windows 10 Home",Gaming,0.13877118644067796,0.22245762711864406,0.06991525423728813,0.5038167938931297,2.2647764449291166,1.0,0.03904454538925596,1.5670469361147326,0.6484401207648441,0.24,0.3618570210287663,0.409051254089422
"8 GB, Intel, Thin and Light Laptop, Windows 10 Home","Core i5, Processing & Multitasking",0.10699152542372882,0.2627118644067797,0.0635593220338983,0.594059405940594,2.261258383902906,1.0,0.03545137891410513,1.816246382802811,0.6245947014630286,0.20761245674740483,0.4494139069079321,0.4179974449057809
"Core i5, Thin and Light Laptop, Windows 10 Home","8 GB, DDR4, Intel, Processing & Multitasking",0.0847457627118644,0.3061440677966102,0.05826271186440678,0.6875,2.245674740484429,1.0,0.03231829933927032,2.2203389830508473,0.6060606060606061,0.1751592356687898,0.549618320610687,0.43890570934256057
"16 GB, Intel, Thin and Light Laptop",Core i5,0.09427966101694915,0.3072033898305085,0.0635593220338983,0.6741573033707865,2.1944982564897324,1.0,0.03459629057742028,2.1261689070718877,0.6009746588693957,0.18808777429467086,0.5296704807064563,0.4405269275474622
"Gaming, Gaming Laptop, Intel","16 GB, DDR4",0.11546610169491525,0.23516949152542374,0.059322033898305086,0.5137614678899083,2.1846433589552854,1.0,0.032167929474288995,1.5729533098816757,0.6130453378956372,0.20363636363636364,0.3642532211746169,0.38300686007108026
"16 GB, Intel, Processing & Multitasking, Thin and Light Laptop",Core i5,0.09322033898305085,0.3072033898305085,0.0625,0.6704545454545454,2.1824451410658305,1.0,0.033862395863257684,2.102279368790181,0.5974972279423412,0.1849529780564263,0.5243258270781206,0.43695141065830717
"8 GB, DDR4, Intel, Thin and Light Laptop, Windows 10 Home","Core i5, Processing & Multitasking",0.1016949152542373,0.2627118644067797,0.05826271186440678,0.5729166666666666,2.180779569892473,1.0,0.03154625107727664,1.7263331955353451,0.6027444253859348,0.19031141868512108,0.4207375478927202,0.3973454301075269
"Core i3, Processing & Multitasking","8 GB, DDR4, Intel, Thin and Light Laptop",0.17372881355932204,0.2298728813559322,0.08686440677966102,0.5,2.175115207373272,1.0,0.04692886383223212,1.5402542372881356,0.6538461538461537,0.274247491638796,0.35075653370013754,0.43894009216589863
Gaming Laptop,"16 GB, DDR4",0.22139830508474576,0.23516949152542374,0.11228813559322035,0.5071770334928231,2.1566446829604726,1.0,0.06022200876185005,1.5519376337008395,0.688820433833911,0.3261538461538461,0.3556442099961564,0.4923272554851503
"Gaming Laptop, Windows 10 Home","16 GB, DDR4",0.13453389830508475,0.23516949152542374,0.06779661016949153,0.5039370078740157,2.142867276725544,1.0,0.03615834171215168,1.5418011837503363,0.6162408200734395,0.2245614035087719,0.3514079438131175,0.396112648081152
"Core i3, Windows 11 Home","8 GB, Intel",0.09745762711864407,0.413135593220339,0.0858050847457627,0.8804347826086956,2.1311036789297657,1.0,0.04554187015225509,4.9083204930662525,0.5880716397148321,0.20199501246882792,0.7962643227122899,0.5440635451505016
"Core i3, DDR4, Processing & Multitasking","8 GB, Intel, Thin and Light Laptop",0.1663135593220339,0.2457627118644068,0.08686440677966102,0.5222929936305732,2.1251921809795737,1.0,0.04599073542085608,1.5788700564971752,0.6350760839247529,0.2671009771986971,0.3666356544764904,0.4378706347463211
"Core i3, Processing & Multitasking","8 GB, Intel, Thin and Light Laptop",0.17372881355932204,0.2457627118644068,0.09004237288135593,0.5182926829268292,2.1089150546677877,1.0,0.04734630853203102,1.5657584209397122,0.6363800904977375,0.2733118971061093,0.3613318717456836,0.44233599663582834
"Core i3, DDR4, Windows 11 Home","8 GB, Intel",0.09004237288135593,0.413135593220339,0.07838983050847458,0.8705882352941177,2.1072699849170435,1.0,0.04119012137316863,4.534861325115563,0.5774470628952586,0.18453865336658354,0.7794860904650669,0.5301659125188537
"Core i3, Windows 11 Home","8 GB, Intel, Processing & Multitasking",0.09745762711864407,0.3305084745762712,0.06779661016949153,0.6956521739130435,2.10479375696767,1.0,0.03558603849468543,2.1997578692493946,0.5815727699530516,0.18823529411764703,0.5454045129334066,0.45039018952062426
"Core i3, Thin and Light Laptop, Windows 11 Home","8 GB, DDR4, Intel",0.06779661016949153,0.3877118644067797,0.05508474576271186,0.8125,2.0956284153005464,1.0,0.028799195633438666,3.265536723163842,0.5608391608391609,0.13756613756613756,0.6937716262975778,0.4772882513661202
"Core i3, Processing & Multitasking, Windows 10 Home","DDR4, Intel, Thin and Light Laptop",0.07521186440677965,0.3294491525423729,0.05190677966101695,0.6901408450704226,2.094832661564241,1.0,0.027128294671071532,2.1640504622496155,0.5651401454052412,0.14714714714714713,0.5379035667400931,0.4238485575834428
"Core i3, Processing & Multitasking, Windows 11 Home","8 GB, Intel",0.07838983050847458,0.413135593220339,0.06779661016949153,0.8648648648648649,2.0934164934164934,1.0,0.03541098103993105,4.342796610169493,0.5667385057471264,0.15999999999999998,0.7697336325495171,0.5144837144837145
Natural Silver,"DDR4, Processing & Multitasking, Thin and Light Laptop",0.06991525423728813,0.3983050847457627,0.05826271186440678,0.8333333333333334,2.0921985815602837,1.0,0.030415110600402185,3.6101694915254243,0.5612756264236902,0.1421188630490956,0.7230046948356809,0.4898049645390071
"8 GB, Intel, Processing & Multitasking, Windows 10 Home","Core i5, DDR4",0.1663135593220339,0.2711864406779661,0.09427966101694915,0.5668789808917197,2.0903662420382165,1.0,0.04917767882792301,1.6827018943170489,0.6256728009936754,0.27469135802469136,0.4057176714560805,0.45726761544585987
"Core i3, Everyday Use","8 GB, DDR4, Intel",0.08792372881355932,0.3877118644067797,0.07097457627118645,0.8072289156626506,2.0820330502337216,1.0,0.036885503447285264,3.1762447033898313,0.5697990881827795,0.17539267015706805,0.6851627965147788,0.49514451247613406
"Core i3, Thin and Light Laptop, Windows 11 Home","8 GB, Intel",0.06779661016949153,0.413135593220339,0.05826271186440678,0.859375,2.0801282051282053,1.0,0.030253519103705828,4.173258003766478,0.5570247933884297,0.13784461152882205,0.7603790613718412,0.5002003205128205
"Core i5, Windows 10 Home","8 GB, DDR4, Intel, Processing & Multitasking",0.1483050847457627,0.3061440677966102,0.09427966101694915,0.6357142857142858,2.076520019772615,1.0,0.048876939097960356,1.904702558989698,0.6086980826206049,0.2617647058823529,0.47498364231188667,0.4718363816114681
"Core i3, Windows 11 Home","8 GB, DDR4, Intel",0.09745762711864407,0.3877118644067797,0.07838983050847458,0.8043478260869564,2.074602043240674,1.0,0.04060435219764435,3.129472693032014,0.5739119401091232,0.19270833333333331,0.680457349180081,0.5032668092183415
"Core i5, DDR4, Windows 10 Home","8 GB, Intel, Processing & Multitasking",0.13771186440677965,0.3305084745762712,0.09427966101694915,0.6846153846153846,2.0714003944773176,1.0,0.048764722780810114,2.1227780074410916,0.5998398807387572,0.2521246458923513,0.528919182083739,0.48493589743589743
"Core i5, Processing & Multitasking, Windows 11 Home","Intel, Thin and Light Laptop",0.08898305084745763,0.3855932203389831,0.07097457627118645,0.7976190476190477,2.0685504971219255,1.0,0.03666331513932778,3.035892323030908,0.5670253384241581,0.17585301837270342,0.6706075533661742,0.4908424908424909
"Core i3, DDR4","8 GB, Intel, Thin and Light Laptop",0.2129237288135593,0.2457627118644068,0.10805084745762712,0.5074626865671642,2.0648481729284613,1.0,0.05572213444412526,1.5313302516692349,0.6552133639458475,0.3081570996978852,0.34697300016770083,0.4735589294904786
"8 GB, Core i5, DDR4, Thin and Light Laptop","Intel, Processing & Multitasking, Windows 10 Home",0.10699152542372882,0.263771186440678,0.05826271186440678,0.5445544554455445,2.0644956061871245,1.0,0.030041430264291864,1.6165023949889459,0.577396743233042,0.1864406779661017,0.3813804402022935,0.3827189947910453
"Core i3, DDR4, Thin and Light Laptop, Windows 11 Home","8 GB, Intel",0.0646186440677966,0.413135593220339,0.05508474576271186,0.8524590163934427,2.0633879781420768,1.0,0.028388483912668773,3.977636534839926,0.5509626274065685,0.13032581453634084,0.7485944250458663,0.492896174863388
"Core i3, DDR4, Processing & Multitasking, Windows 11 Home","8 GB, Intel",0.07097457627118645,0.413135593220339,0.06038135593220339,0.8507462686567163,2.059242250287026,1.0,0.03105923226084458,3.9319915254237263,0.5536818099981995,0.14250000000000002,0.7456759523681231,0.49845005740528125
"8 GB, Intel, Windows 10 Home","Core i5, DDR4",0.19385593220338984,0.2711864406779661,0.10805084745762712,0.5573770491803278,2.055327868852459,1.0,0.05547974719908073,1.6465787821720024,0.6369328283218676,0.30267062314540055,0.3926801372474265,0.4779072745901639
Core i3,"8 GB, Intel, Thin and Light Laptop",0.22033898305084745,0.2457627118644068,0.11122881355932203,0.5048076923076923,2.054045092838196,1.0,0.05707770755530019,1.5231199605068289,0.6581780538302276,0.3134328358208955,0.3434528954191875,0.47869694960212195
"Core i5, Windows 10 Home","8 GB, Intel, Processing & Multitasking",0.1483050847457627,0.3305084745762712,0.10063559322033898,0.6785714285714286,2.0531135531135534,1.0,0.05161950588911232,2.0828625235404896,0.6022518984027233,0.2661064425770308,0.5198915009041591,0.49152930402930406
"Core i3, Processing & Multitasking, Windows 11 Home","DDR4, Intel, Thin and Light Laptop",0.07838983050847458,0.3294491525423729,0.05296610169491525,0.6756756756756757,2.0509255235943336,1.0,0.027140638465958055,2.067531779661017,0.5559999999999999,0.14925373134328357,0.5163314973741513,0.41822368992786996
"DDR4, Intel, Thin and Light Laptop, Windows 10 Home","Core i5, Processing & Multitasking",0.13983050847457626,0.2627118644067797,0.07521186440677965,0.5378787878787878,2.0474095796676437,1.0,0.03847673082447572,1.595443178660739,0.5947408589467841,0.22977346278317146,0.37321490769766624,0.4120845552297165
"Intel, Thin and Light Laptop, Windows 10 Home","Core i5, Processing & Multitasking",0.15783898305084745,0.2627118644067797,0.0847457627118644,0.5369127516778524,2.04373240961247,1.0,0.04327958919850617,1.592114959469418,0.6064150943396226,0.252365930599369,0.37190465170099507,0.4297466984195713
"Core i7, DDR4","Intel, Windows 10 Home",0.0815677966101695,0.3114406779661017,0.05190677966101695,0.6363636363636364,2.0432900432900434,1.0,0.02650324978454467,1.8935381355932204,0.5559400230680507,0.15217391304347827,0.47188811188811186,0.4015151515151515
"Core i3, Everyday Use","8 GB, Intel",0.08792372881355932,0.413135593220339,0.07415254237288135,0.8433734939759036,2.0413963546493665,1.0,0.03782812051134731,3.7469035202086034,0.5593164094906256,0.173697270471464,0.7331129572441389,0.5114303367315415
"Core i3, Thin and Light Laptop","8 GB, DDR4, Intel, Processing & Multitasking",0.13983050847457626,0.3061440677966102,0.08686440677966102,0.6212121212121213,2.029149627765545,1.0,0.04405612611318587,1.8317796610169497,0.5896311426168449,0.2418879056047198,0.454082812861439,0.4524745727167873
"Core i3, DDR4, Windows 11 Home","8 GB, Intel, Processing & Multitasking",0.09004237288135593,0.3305084745762712,0.06038135593220339,0.6705882352941177,2.0289592760181,1.0,0.030621588623958633,2.032384987893463,0.5573187917407022,0.16764705882352943,0.5079672375279226,0.4266402714932127
"8 GB, Intel, Processing & Multitasking, Thin and Light Laptop, Windows 10 Home","Core i5, DDR4",0.1059322033898305,0.2711864406779661,0.05826271186440678,0.55,2.028125,1.0,0.02953533467394427,1.6195856873822978,0.5669969840585954,0.18272425249169436,0.38255813953488377,0.382421875
"Core i3, DDR4, Everyday Use","8 GB, Intel",0.0847457627118644,0.413135593220339,0.07097457627118645,0.8375000000000001,2.0271794871794873,1.0,0.03596308532031026,3.6114732724902248,0.5536207849640685,0.16625310173697272,0.7231046931407944,0.504647435897436
"Core i3, Thin and Light Laptop, Windows 10 Home","DDR4, Intel, Processing & Multitasking",0.05296610169491525,0.4841101694915254,0.05190677966101695,0.9800000000000001,2.0243326039387313,1.0,0.026265351192186155,25.79449152542385,0.5343103684426791,0.10698689956331879,0.9612320328542097,0.5436105032822758
"Core i3, Windows 11 Home","8 GB, DDR4, Intel, Processing & Multitasking",0.09745762711864407,0.3061440677966102,0.06038135593220339,0.6195652173913043,2.0237701218594855,1.0,0.030545281528296463,1.8238498789346245,0.560497487851083,0.1759259259259259,0.45170925987387983,0.4083985256506695
"8 GB, Core i5, Thin and Light Laptop","Intel, Processing & Multitasking, Windows 10 Home",0.11970338983050847,0.263771186440678,0.0635593220338983,0.5309734513274336,2.0130077833457722,1.0,0.03198501687733409,1.5696953949472334,0.5716606498194945,0.19867549668874168,0.36293372381740613,0.38596865337456016
"Core i3, Windows 11 Home","DDR4, Intel, Thin and Light Laptop",0.09745762711864407,0.3294491525423729,0.0646186440677966,0.6630434782608695,2.0125821333706133,1.0,0.032511311404768733,1.990021869874248,0.5574540136996843,0.17836257309941517,0.49749295968129664,0.42959247868027395
"8 GB, Intel, Thin and Light Laptop, Windows 10 Home","Core i5, DDR4",0.10699152542372882,0.2711864406779661,0.05826271186440678,0.5445544554455445,2.0080445544554455,1.0,0.02924806090203964,1.6002210759027264,0.5621481721125848,0.18211920529801326,0.3750863458438866,0.37969910272277224
"Core i3, Windows 10 Home","DDR4, Intel, Processing & Multitasking, Thin and Light Laptop",0.08898305084745763,0.2913135593220339,0.05190677966101695,0.5833333333333334,2.0024242424242424,1.0,0.025984810399310544,1.7008474576271186,0.5495016611295681,0.15806451612903225,0.41205779770802203,0.3807575757575758
"Core i3, Processing & Multitasking","DDR4, Intel, Thin and Light Laptop",0.17372881355932204,0.3294491525423729,0.11440677966101695,0.6585365853658536,1.998902046898282,1.0,0.0571719692617064,1.9637560532687648,0.6047958214624881,0.2942779291553133,0.49077177975571207,0.5029017331973962
"Core i3, Thin and Light Laptop","8 GB, DDR4, Intel",0.13983050847457626,0.3877118644067797,0.10805084745762712,0.7727272727272728,1.9930452061599604,1.0,0.053836900316001156,2.6940677966101707,0.579252390611417,0.25757575757575757,0.6288140924819127,0.5257078986587184
"Natural Silver, Processing & Multitasking","DDR4, Thin and Light Laptop",0.06567796610169492,0.4459745762711864,0.05826271186440678,0.8870967741935483,1.989119607692897,1.0,0.02897200876185004,4.9070823244552,0.5322201607915893,0.12850467289719625,0.7962129155615861,0.5088690521799095
"Core i3, Processing & Multitasking, Windows 11 Home","8 GB, DDR4, Intel",0.07838983050847458,0.3877118644067797,0.06038135593220339,0.7702702702702703,1.9867080194949047,1.0,0.029988688595231253,2.665254237288136,0.5388989715668482,0.14882506527415143,0.6248012718600954,0.4630039875941515
"Core i5, DDR4, Processing & Multitasking, Windows 11 Home","Intel, Thin and Light Laptop",0.06779661016949153,0.3855932203389831,0.05190677966101695,0.765625,1.985576923076923,1.0,0.025764866417696063,2.621468926553672,0.5324675324675324,0.12928759894459105,0.6185344827586208,0.4501201923076923
"8 GB, Intel, Windows 10 Home","Core i5, Processing & Multitasking",0.19385593220338984,0.2627118644067797,0.10063559322033898,0.5191256830601092,1.9760267935836413,1.0,0.049707339844872155,1.5332241910631739,0.6127118057956981,0.2827380952380952,0.3477796620815274,0.4510950995945707
Core i3,"8 GB, DDR4, Intel",0.22033898305084745,0.3877118644067797,0.1684322033898305,0.7644230769230769,1.9716267339218156,1.0,0.08300416546969261,2.5991006572120368,0.6320754716981131,0.3831325301204819,0.6152515304764438,0.5994246532156368
"8 GB, Intel, Processing & Multitasking, Windows 10 Home",Core i5,0.1663135593220339,0.3072033898305085,0.10063559322033898,0.6050955414012739,1.9696903140786293,1.0,0.0495435040218328,1.7543398031711317,0.5905169531197753,0.26988636363636365,0.4299850016556613,0.4663408741489128
"DDR4, Gaming Laptop, Intel",16 GB,0.11440677966101695,0.3061440677966102,0.06885593220338983,0.6018518518518519,1.9659105472254261,1.0,0.03383097529445561,1.7427079227433977,0.5548030916451969,0.19578313253012045,0.42618037885213456,0.4133826733307702
"Gaming Laptop, Intel",16 GB,0.1271186440677966,0.3061440677966102,0.07627118644067797,0.6000000000000001,1.959861591695502,1.0,0.037354567652973285,1.734639830508475,0.5610841423948221,0.2136498516320475,0.4235114503816795,0.42456747404844297
"Gaming, Gaming Laptop, Processing & Multitasking","DDR4, Windows 10 Home",0.09004237288135593,0.4141949152542373,0.07309322033898305,0.8117647058823529,1.9598615916955018,1.0,0.0357981273340994,3.1120895127118646,0.5382227396197129,0.16953316953316952,0.6786724816508881,0.49411764705882355
"8 GB, Intel, Processing & Multitasking, Thin and Light Laptop, Windows 10 Home",Core i5,0.1059322033898305,0.3072033898305085,0.0635593220338983,0.6,1.9531034482758618,1.0,0.03101659006032749,1.7319915254237288,0.5458135860979462,0.1818181818181818,0.4226299694189602,0.40344827586206894
"8 GB, Core i3, Windows 11 Home","DDR4, Intel, Thin and Light Laptop",0.0858050847457627,0.3294491525423729,0.05508474576271186,0.6419753086419754,1.9486324480965427,1.0,0.026816333309393852,1.8729178842782004,0.5325118103217756,0.15294117647058825,0.4660737620189964,0.40458894049462113
"Core i3, Thin and Light Laptop","8 GB, Intel, Processing & Multitasking",0.13983050847457626,0.3305084745762712,0.09004237288135593,0.6439393939393939,1.9483294483294482,1.0,0.04382720482619937,1.8802740714028128,0.5658649666763257,0.23676880222841226,0.46816263904871497,0.4581876456876457
"Core i3, Windows 10 Home","8 GB, DDR4, Intel, Processing & Multitasking",0.08898305084745763,0.3061440677966102,0.05296610169491525,0.5952380952380952,1.9443071346185532,1.0,0.025724468543521974,1.7142323030907278,0.5331162790697674,0.1547987616099071,0.41664849145765176,0.3841242379304663
"16 GB, Core i5, Processing & Multitasking","Intel, Thin and Light Laptop",0.0836864406779661,0.3855932203389831,0.0625,0.7468354430379747,1.9368479621644177,1.0,0.030231075840275783,2.4269067796610164,0.5278730283139021,0.15364583333333331,0.5879528590135312,0.45446167756294337
"Core i3, DDR4, Processing & Multitasking, Windows 11 Home","Intel, Thin and Light Laptop",0.07097457627118645,0.3855932203389831,0.05296610169491525,0.7462686567164178,1.9353780547810395,1.0,0.025598786268313696,2.421485543369889,0.5202280501710375,0.1312335958005249,0.5870303654143078,0.4418156470395276
"8 GB, Intel, Thin and Light Laptop, Windows 10 Home",Core i5,0.10699152542372882,0.3072033898305085,0.0635593220338983,0.594059405940594,1.9337657903721406,1.0,0.030691162740591776,1.7066453079785036,0.5407275603005139,0.18126888217522658,0.4140551669845883,0.40047797883236597
Core i3,"8 GB, Intel",0.22033898305084745,0.413135593220339,0.17584745762711865,0.7980769230769231,1.9317554240631165,1.0,0.08481758115484056,2.906376109765941,0.6186485070717652,0.38425925925925924,0.6559289086364899,0.6118589743589744
"16 GB, Core i5","Intel, Processing & Multitasking, Thin and Light Laptop",0.09322033898305085,0.3474576271186441,0.0625,0.6704545454545454,1.92960088691796,1.0,0.030109882217753514,1.9801285797779076,0.5312846507207349,0.165266106442577,0.4949822904368358,0.42516629711751663
"8 GB, Core i3, Processing & Multitasking","DDR4, Intel, Thin and Light Laptop",0.13665254237288135,0.3294491525423729,0.08686440677966102,0.6356589147286822,1.9294598569256463,1.0,0.04184434250215456,1.8404480706815725,0.5579679784527908,0.22905027932960895,0.45665405292871397,0.44966225479199384
"8 GB, Everyday Use, Thin and Light Laptop","DDR4, Windows 11 Home",0.09957627118644068,0.3199152542372881,0.0614406779661017,0.6170212765957447,1.9287022685641821,1.0,0.029584709853490383,1.7757768361581923,0.5347667342799189,0.1715976331360947,0.43686617617816664,0.4045371283640975
"Core i5, Windows 11 Home","Intel, Processing & Multitasking, Thin and Light Laptop",0.1059322033898305,0.3474576271186441,0.07097457627118645,0.67,1.9282926829268292,1.0,0.03416762424590635,1.9774011299435033,0.5384452146848694,0.18559556786703602,0.4942857142857143,0.4371341463414634
"Core i3, Thin and Light Laptop","8 GB, Intel",0.13983050847457626,0.413135593220339,0.11122881355932203,0.7954545454545455,1.9254079254079255,1.0,0.053459853490376325,2.8691148775894546,0.5587614356087263,0.2517985611510791,0.6514604529044964,0.5323426573426574
"Core i3, DDR4, Thin and Light Laptop","8 GB, Intel, Processing & Multitasking",0.13665254237288135,0.3305084745762712,0.08686440677966102,0.6356589147286822,1.9232756907175512,1.0,0.04169958345303074,1.8375405697800218,0.55603770761634,0.22841225626740946,0.4557943283289177,0.4492397137745975
"8 GB, Intel, Windows 10 Home",Core i5,0.19385593220338984,0.3072033898305085,0.11440677966101695,0.5901639344262295,1.9210853589598642,1.0,0.05485358014938235,1.6904237288135593,0.5947583588845086,0.2958904109589041,0.4084323457161477,0.48128886376483887
"8 GB, Core i5, DDR4, Processing & Multitasking, Thin and Light Laptop","Intel, Windows 10 Home",0.09745762711864407,0.3114406779661017,0.05826271186440678,0.5978260869565217,1.919550428867199,1.0,0.02791044240160873,1.7120934493815851,0.5307725138711054,0.16616314199395768,0.4159197324414715,0.39245045844424725
"Core i5, Windows 11 Home","Intel, Thin and Light Laptop",0.1059322033898305,0.3855932203389831,0.07838983050847458,0.74,1.919120879120879,1.0,0.03754309106578569,2.3631029986962186,0.535673113872166,0.18974358974358974,0.5768275862068966,0.4716483516483516
"Core i3, Processing & Multitasking","8 GB, DDR4, Intel",0.17372881355932204,0.3877118644067797,0.1292372881355932,0.7439024390243901,1.9186991869918695,1.0,0.06188056592933064,2.3908393866020976,0.5794871794871794,0.2990196078431372,0.5817368554308378,0.5386178861788617
"8 GB, DDR4, Intel, Processing & Multitasking, Windows 10 Home",Core i5,0.15995762711864406,0.3072033898305085,0.09427966101694915,0.5894039735099338,1.9186115551495775,1.0,0.045140135736857226,1.687294969928923,0.5699590518157474,0.25284090909090906,0.4073353990724426,0.44815026261703583
Core i3,"8 GB, DDR4, Intel, Processing & Multitasking",0.22033898305084745,0.3061440677966102,0.1292372881355932,0.5865384615384615,1.9158903380356664,1.0,0.06178181557023843,1.6781631848640122,0.6131503920171062,0.3253333333333333,0.4041103934233704,0.5043418951290923
"Core i3, DDR4","8 GB, Intel",0.2129237288135593,0.413135593220339,0.1684322033898305,0.791044776119403,1.9147340221967089,1.0,0.0804658323757541,2.8085653753026643,0.6069732598593158,0.3680555555555555,0.6439463333153727,0.5993685419058554
"8 GB, DDR4, Intel, Windows 10 Home","Core i5, Processing & Multitasking",0.1875,0.2627118644067797,0.09427966101694915,0.5028248587570622,1.9139784946236558,1.0,0.04502118644067796,1.4829545454545456,0.5877268798617112,0.26488095238095233,0.32567049808429116,0.4308479132494988
"Core i3, DDR4, Thin and Light Laptop","8 GB, Intel",0.13665254237288135,0.413135593220339,0.10805084745762712,0.7906976744186047,1.9138938580799048,1.0,0.051594818299339276,2.8039077212806034,0.5530855286900037,0.24460431654676257,0.6433548820418102,0.5261180679785331
"Core i3, Processing & Multitasking, Thin and Light Laptop","8 GB, DDR4, Intel",0.11758474576271187,0.3877118644067797,0.08686440677966102,0.7387387387387387,1.9053807906266922,1.0,0.041275405774202814,2.343585622443016,0.5384885661581705,0.20759493670886076,0.5733034072134418,0.48139122729286665
"Core i3, Processing & Multitasking","8 GB, Intel",0.17372881355932204,0.413135593220339,0.13665254237288135,0.7865853658536585,1.9039399624765476,1.0,0.06487898592358517,2.749878934624696,0.574597495527728,0.3035294117647059,0.6363476270141761,0.5586772983114446
Natural Silver,"DDR4, Thin and Light Laptop",0.06991525423728813,0.4459745762711864,0.059322033898305086,0.8484848484848486,1.9025408479090193,1.0,0.028141608014938244,3.656567796610173,0.5100471851610805,0.12993039443155452,0.7265194970739907,0.4907507377816167
"Core i5, DDR4, Windows 10 Home","8 GB, Intel",0.13771186440677965,0.413135593220339,0.10805084745762712,0.7846153846153847,1.8991715976331363,1.0,0.05115717466245332,2.72472760290557,0.5490677843619021,0.24401913875598089,0.6329908358789227,0.5230769230769231
"Core i5, DDR4, Thin and Light Laptop","8 GB, Intel, Processing & Multitasking",0.15572033898305085,0.3305084745762712,0.09745762711864407,0.6258503401360545,1.8935984650270365,1.0,0.04599073542085608,1.7893682588597843,0.5589438655828923,0.2506811989100818,0.44114354602600536,0.4603610675039247
"8 GB, Core i5, Thin and Light Laptop, Windows 10 Home","DDR4, Intel, Processing & Multitasking",0.0635593220338983,0.4841101694915254,0.05826271186440678,0.9166666666666666,1.8935083880379284,1.0,0.027492997701809824,6.190677966101692,0.5039078568490333,0.11904761904761907,0.838466803559206,0.5185083880379285
"8 GB, Core i5, DDR4, Processing & Multitasking","Intel, Windows 10 Home",0.15995762711864406,0.3114406779661017,0.09427966101694915,0.5894039735099338,1.892507996576114,1.0,0.044462349181269754,1.6769751230180427,0.5614010229961602,0.25,0.4036882322975038,0.44606253097265397
"Core i5, DDR4, Processing & Multitasking, Windows 10 Home","8 GB, Intel",0.12076271186440678,0.413135593220339,0.09427966101694915,0.7807017543859649,1.889698605488079,1.0,0.04438828641195059,2.676101694915254,0.535481250846081,0.21445783132530122,0.6263221229970232,0.5044534412955466
"8 GB, DDR4, Intel, Processing & Multitasking, Thin and Light Laptop, Windows 10 Home",Core i5,0.10063559322033898,0.3072033898305085,0.05826271186440678,0.5789473684210527,1.884573502722323,1.0,0.027347116489514503,1.6453919491525426,0.5218974194239211,0.16666666666666666,0.39224207307258974,0.3843012704174229
Core i3,"DDR4, Intel, Thin and Light Laptop",0.22033898305084745,0.3294491525423729,0.13665254237288135,0.6201923076923077,1.882512985406876,1.0,0.0640620511347314,1.7655009654580565,0.6012807549713516,0.33076923076923076,0.4335885283752582,0.5174916522384367
"Core i3, DDR4, Processing & Multitasking","8 GB, Intel",0.1663135593220339,0.413135593220339,0.1292372881355932,0.7770700636942675,1.8809080516086885,1.0,0.06052723714449869,2.6325060532687643,0.5617722415481075,0.28705882352941176,0.6201338269447445,0.5449452882573901
"Core i5, Windows 10 Home","8 GB, DDR4, Intel",0.1483050847457627,0.3877118644067797,0.10805084745762712,0.7285714285714286,1.8791569086651054,1.0,0.050551206549842,2.2557983942908124,0.5493122622183202,0.2524752475247525,0.5566979733069699,0.5036299765807963
Core i3,"8 GB, Intel, Processing & Multitasking",0.22033898305084745,0.3305084745762712,0.13665254237288135,0.6201923076923077,1.8764792899408285,1.0,0.06382864119505889,1.7627118644067796,0.5990899898887765,0.329923273657289,0.4326923076923077,0.5168269230769231
"8 GB, DDR4, Intel, Windows 10 Home",Core i5,0.1875,0.3072033898305085,0.10805084745762712,0.576271186440678,1.8758620689655172,1.0,0.05045021186440678,1.6350000000000002,0.5746606334841629,0.27945205479452057,0.38837920489296635,0.46399766218585625
"Core i5, DDR4, Processing & Multitasking, Thin and Light Laptop, Windows 10 Home","8 GB, Intel",0.07521186440677965,0.413135593220339,0.05826271186440678,0.7746478873239437,1.8750451426507766,1.0,0.027190013645504163,2.6042108050847466,0.5046339685514943,0.1354679802955665,0.6160065083642652,0.45783676417479235
"Core i5, DDR4, Thin and Light Laptop, Windows 10 Home","8 GB, Intel",0.07521186440677965,0.413135593220339,0.05826271186440678,0.7746478873239437,1.8750451426507766,1.0,0.027190013645504163,2.6042108050847466,0.5046339685514943,0.1354679802955665,0.6160065083642652,0.45783676417479235
"Core i5, Windows 10 Home","8 GB, Intel",0.1483050847457627,0.413135593220339,0.11440677966101695,0.7714285714285715,1.8672527472527474,1.0,0.053136670496983625,2.5675317796610173,0.5453289110005528,0.2559241706161138,0.6105208870551831,0.5241758241758242
"Core i3, Windows 11 Home","DDR4, Intel, Processing & Multitasking, Thin and Light Laptop",0.09745762711864407,0.2913135593220339,0.05296610169491525,0.5434782608695652,1.8656126482213438,1.0,0.024575373455903472,1.5523607748184016,0.5140845070422535,0.15772870662460564,0.35581984792357185,0.36264822134387353
"8 GB, Core i3","DDR4, Intel, Thin and Light Laptop",0.17584745762711865,0.3294491525423729,0.10805084745762712,0.6144578313253012,1.8651067291674737,1.0,0.05011805156564206,1.7392412605932204,0.5628055849589193,0.27199999999999996,0.42503663944879033,0.47121605392631616
"8 GB, DDR4, Intel, Thin and Light Laptop, Windows 10 Home",Core i5,0.1016949152542373,0.3072033898305085,0.05826271186440678,0.5729166666666666,1.864942528735632,1.0,0.027021689169778793,1.622157916494419,0.5162950257289879,0.16616314199395768,0.38353720693170223,0.38128591954022983
"Core i3, DDR4, Windows 11 Home","Intel, Thin and Light Laptop",0.09004237288135593,0.3855932203389831,0.0646186440677966,0.7176470588235294,1.8611506140917904,1.0,0.029898915541511056,2.1760240112994347,0.5084829863165328,0.1572164948453608,0.5404462474645031,0.4426147382029735
"8 GB, Core i5, Processing & Multitasking","DDR4, Intel, Windows 10 Home",0.17584745762711865,0.288135593220339,0.09427966101694915,0.536144578313253,1.8607370659107016,1.0,0.043611749497270896,1.534668721109399,0.5612778371508621,0.2550143266475645,0.34839357429718876,0.43167523033309707
"Everyday Use, Thin and Light Laptop","DDR4, Windows 11 Home",0.1228813559322034,0.3199152542372881,0.07309322033898305,0.5948275862068966,1.8593286138387761,1.0,0.03378160011490951,1.678507032095204,0.5269201148218161,0.19770773638968483,0.40423246320764855,0.41165220369947475
"Gaming, Gaming Laptop, Intel",16 GB,0.11546610169491525,0.3061440677966102,0.06567796610169492,0.5688073394495413,1.8579727627694358,1.0,0.030328704036196502,1.6091552470248829,0.5220591075912692,0.18452380952380953,0.378555921283003,0.39167010571092986
"Core i3, Processing & Multitasking, Windows 11 Home","Intel, Thin and Light Laptop",0.07838983050847458,0.3855932203389831,0.05614406779661017,0.7162162162162162,1.8574398574398574,1.0,0.025917480609020396,2.165052461662631,0.5008891780524831,0.13766233766233765,0.5381174277726002,0.43091030591030594
"Core i5, Processing & Multitasking, Windows 10 Home","8 GB, Intel",0.13135593220338984,0.413135593220339,0.10063559322033898,0.7661290322580644,1.8544251447477251,1.0,0.04636778224648089,2.509351256575101,0.5304236200256739,0.22673031026252982,0.601490625363922,0.504859387923904
"Core i3, Processing & Multitasking, Thin and Light Laptop","8 GB, Intel",0.11758474576271187,0.413135593220339,0.09004237288135593,0.7657657657657657,1.8535458535458533,1.0,0.04146392918701522,2.5054595827900905,0.521855801143987,0.20432692307692307,0.6008716297524961,0.49185724185724183
"8 GB, Core i5, Processing & Multitasking, Thin and Light Laptop","Intel, Windows 10 Home",0.11016949152542373,0.3114406779661017,0.0635593220338983,0.5769230769230769,1.8524332810047095,1.0,0.029248060902039644,1.6275038520801233,0.5171428571428572,0.17751479289940827,0.3855621301775147,0.39050235478806905
"8 GB, Core i3, Thin and Light Laptop","Intel, Windows 11 Home",0.11122881355932203,0.2828389830508475,0.05826271186440678,0.5238095238095238,1.8519707508471552,1.0,0.026802867351335823,1.5060381355932202,0.5176075414454437,0.17350157728706625,0.3360061897728072,0.36490101658640983
"Core i5, Processing & Multitasking, Windows 10 Home","8 GB, DDR4, Intel",0.13135593220338984,0.3877118644067797,0.09427966101694915,0.7177419354838709,1.8512251013573062,1.0,0.04335140764148233,2.169249394673123,0.529350506988216,0.2219451371571072,0.5390110503404396,0.4804556671954874
"DDR4, Gaming, Gaming Laptop, Intel",16 GB,0.1048728813559322,0.3061440677966102,0.059322033898305086,0.5656565656565656,1.847680961867813,1.0,0.02721582339844872,1.597482262514781,0.5125316990701606,0.1686746987951807,0.3740149587477831,0.37971409597707173
Gaming Laptop,16 GB,0.22139830508474576,0.3061440677966102,0.125,0.5645933014354068,1.844207877353024,1.0,0.057220222278081004,1.5935812069286648,0.5879280525769629,0.31052631578947365,0.3724825596259908,0.4864488998526515
"Core i5, DDR4, Windows 11 Home","Intel, Thin and Light Laptop",0.0836864406779661,0.3855932203389831,0.059322033898305086,0.7088607594936709,1.8383641674780915,1.0,0.02705310973858087,2.1103537214443624,0.4976878612716763,0.14470284237726097,0.5261457878655609,0.43135345666991237
"Core i3, DDR4, Processing & Multitasking, Thin and Light Laptop","8 GB, Intel",0.11440677966101695,0.413135593220339,0.08686440677966102,0.7592592592592593,1.8377967711301044,1.0,0.03959889399597817,2.4377444589309,0.5147625160462131,0.1971153846153846,0.5897847305789544,0.4847578347578348
"8 GB, Core i5, Processing & Multitasking","Intel, Windows 10 Home",0.17584745762711865,0.3114406779661017,0.10063559322033898,0.572289156626506,1.837554298827965,1.0,0.04586954179833381,1.6098710909524947,0.5530510079826816,0.2602739726027397,0.3788322520852641,0.44770920416359317
"Core i3, DDR4","8 GB, Intel, Processing & Multitasking",0.2129237288135593,0.3305084745762712,0.1292372881355932,0.6069651741293532,1.83645873198112,1.0,0.058864191324332085,1.7033898305084747,0.5786907309754429,0.31202046035805625,0.4129353233830846,0.4989954075774971
"8 GB, Core i5, Processing & Multitasking, Thin and Light Laptop","DDR4, Intel, Windows 10 Home",0.11016949152542373,0.288135593220339,0.05826271186440678,0.5288461538461539,1.8354072398190044,1.0,0.026518960068945704,1.5108958837772397,0.5115151515151516,0.17133956386292834,0.33814102564102566,0.3655260180995475
"Core i3, DDR4, Windows 11 Home","8 GB, Thin and Light Laptop",0.09004237288135593,0.3336864406779661,0.05508474576271186,0.611764705882353,1.8333520074696548,1.0,0.025038826845733986,1.716262198253724,0.4995298647801559,0.14942528735632185,0.4173384457121482,0.388422035480859
"Core i3, DDR4, Intel, Windows 11 Home","8 GB, Thin and Light Laptop",0.09004237288135593,0.3336864406779661,0.05508474576271186,0.611764705882353,1.8333520074696548,1.0,0.025038826845733986,1.716262198253724,0.4995298647801559,0.14942528735632185,0.4173384457121482,0.388422035480859
"Core i5, Thin and Light Laptop, Windows 10 Home","DDR4, Intel, Processing & Multitasking",0.0847457627118644,0.4841101694915254,0.07521186440677965,0.8875,1.8332603938730854,1.0,0.034185578856650384,4.58568738229755,0.4966092853416797,0.1523605150214592,0.781930184804928,0.5214305251641138
"8 GB, Core i3, DDR4, Windows 11 Home","Intel, Thin and Light Laptop",0.07838983050847458,0.3855932203389831,0.05508474576271186,0.7027027027027027,1.8223938223938223,1.0,0.024858158575122087,2.0666409861325117,0.4896551724137931,0.13471502590673573,0.5161230195712955,0.4227799227799228
"DDR4, Gaming Laptop, Processing & Multitasking",16 GB,0.1027542372881356,0.3061440677966102,0.057203389830508475,0.5567010309278351,1.8184282809545893,1.0,0.02574578964378052,1.5652098935750887,0.5016179107088197,0.16265060240963855,0.36110805068072716,0.3717761210002497
"16 GB, DDR4, Intel, Processing & Multitasking",Core i5,0.11758474576271187,0.3072033898305085,0.06567796610169492,0.5585585585585586,1.8182044113078597,1.0,0.029555533611031318,1.5693964026288485,0.509971730627735,0.18289085545722714,0.36281235363804176,0.38617583100341724
"8 GB, Gaming, Gaming Laptop","DDR4, Windows 10 Home",0.0858050847457627,0.4141949152542373,0.0646186440677966,0.7530864197530864,1.8181932998642292,1.0,0.029078614263142774,2.372510593220339,0.49224018388009805,0.1484184914841849,0.5785055700667515,0.4545483249660573
"Core i3, Processing & Multitasking, Windows 10 Home","8 GB, DDR4, Intel",0.07521186440677965,0.3877118644067797,0.05296610169491525,0.7042253521126761,1.8163626568152083,1.0,0.023805569520252798,2.0701170298627933,0.4860022909507445,0.1291989664082687,0.516935523173644,0.4204186869852998
"Core i5, Processing & Multitasking, Thin and Light Laptop, Windows 10 Home","8 GB, Intel",0.0847457627118644,0.413135593220339,0.0635593220338983,0.75,1.8153846153846154,1.0,0.02854783108302212,2.347457627118644,0.49074074074074076,0.14634146341463414,0.5740072202166064,0.4519230769230769
"DDR4, Natural Silver","Processing & Multitasking, Thin and Light Laptop",0.06885593220338983,0.4661016949152542,0.05826271186440678,0.8461538461538461,1.8153846153846154,1.0,0.026168845159436946,3.4703389830508473,0.4823663253697384,0.12222222222222223,0.7118437118437119,0.4855769230769231
"Core i5, Thin and Light Laptop, Windows 10 Home","8 GB, Intel",0.0847457627118644,0.413135593220339,0.0635593220338983,0.75,1.8153846153846154,1.0,0.02854783108302212,2.347457627118644,0.49074074074074076,0.14634146341463414,0.5740072202166064,0.4519230769230769
"DDR4, Gaming Laptop",16 GB,0.20233050847457626,0.3061440677966102,0.11228813559322035,0.5549738219895288,1.8127864635228899,1.0,0.05034585068945706,1.5591350947158524,0.5620912576110652,0.2834224598930482,0.35861876024139727,0.46087791445497206
"Core i3, Windows 10 Home","8 GB, DDR4, Intel",0.08898305084745763,0.3877118644067797,0.0625,0.7023809523809524,1.8116055165235494,1.0,0.02800021545532893,2.057288135593221,0.49176192353173037,0.15089514066496162,0.5139232163453618,0.43179156908665106
"Gaming Laptop, Processing & Multitasking",16 GB,0.10699152542372882,0.3061440677966102,0.059322033898305086,0.5544554455445544,1.8110932200486483,1.0,0.026567213085320306,1.557321092278719,0.5015039823758684,0.16766467065868265,0.35787166502909823,0.3741135359210661
"8 GB, Core i5, DDR4","Intel, Windows 10 Home",0.1917372881355932,0.3114406779661017,0.10805084745762712,0.56353591160221,1.809448641334987,1.0,0.048336056449296186,1.5775852821282987,0.5534654228663943,0.27345844504021455,0.3661198470038249,0.45523734355620704
"Core i3, Windows 10 Home","DDR4, Intel, Thin and Light Laptop",0.08898305084745763,0.3294491525423729,0.05296610169491525,0.5952380952380952,1.806767723166437,1.0,0.02365071100258546,1.6566550348953142,0.4901395348837209,0.14492753623188406,0.39637403144512146,0.37800489970907974
"Core i3, Windows 11 Home","Intel, Thin and Light Laptop",0.09745762711864407,0.3855932203389831,0.06779661016949153,0.6956521739130435,1.804108934543717,1.0,0.03021760988221775,2.0187651331719123,0.493838028169014,0.16326530612244897,0.5046476761619191,0.43573817486860966
"8 GB, Core i3, DDR4, Thin and Light Laptop","Intel, Windows 11 Home",0.10805084745762712,0.2828389830508475,0.05508474576271186,0.5098039215686274,1.8024528163325253,1.0,0.024523753950014358,1.4630084745762708,0.49913210305134287,0.1640378548895899,0.3164769600602427,0.3522802379378718
"Core i3, DDR4, Windows 10 Home","8 GB, Intel, Processing & Multitasking",0.08898305084745763,0.3305084745762712,0.05296610169491525,0.5952380952380952,1.800976800976801,1.0,0.023556449296179255,1.654037886340977,0.48818604651162784,0.1445086705202312,0.39541892706449666,0.37774725274725274
"Core i3, Windows 10 Home","8 GB, Intel, Processing & Multitasking",0.08898305084745763,0.3305084745762712,0.05296610169491525,0.5952380952380952,1.800976800976801,1.0,0.023556449296179255,1.654037886340977,0.48818604651162784,0.1445086705202312,0.39541892706449666,0.37774725274725274
"Core i5, Thin and Light Laptop","8 GB, Intel, Processing & Multitasking",0.1853813559322034,0.3305084745762712,0.11016949152542373,0.5942857142857143,1.7980952380952382,1.0,0.0488993823613904,1.6501551682979232,0.5448634590377113,0.2715404699738903,0.393996383363472,0.4638095238095238
"8 GB, Core i5","DDR4, Intel, Windows 10 Home",0.2086864406779661,0.288135593220339,0.10805084745762712,0.5177664974619289,1.796954314720812,1.0,0.047920856075840276,1.4761819803746654,0.5604640785363677,0.2779291553133515,0.3225767464346144,0.44638324873096447
"Gaming, Gaming Laptop",16 GB,0.20233050847457626,0.3061440677966102,0.11122881355932203,0.5497382198952879,1.795684704433051,1.0,0.04928652865555874,1.5410056168703192,0.5555049642699045,0.27999999999999997,0.35107309859717833,0.45653000960162315
"DDR4, Gaming, Gaming Laptop, Processing & Multitasking",Windows 10 Home,0.09004237288135593,0.4523305084745763,0.07309322033898305,0.8117647058823529,1.7946273591403774,1.0,0.03236430802930192,2.909494173728813,0.48659546827284844,0.15575620767494355,0.6562976447832518,0.4866786058685769
"Gaming, Gaming Laptop, Processing & Multitasking",Windows 10 Home,0.09004237288135593,0.4523305084745763,0.07309322033898305,0.8117647058823529,1.7946273591403774,1.0,0.03236430802930192,2.909494173728813,0.48659546827284844,0.15575620767494355,0.6562976447832518,0.4866786058685769
"16 GB, Thin and Light Laptop","Processing & Multitasking, Windows 11 Home",0.1292372881355932,0.2923728813559322,0.06779661016949153,0.5245901639344263,1.7942504157757189,1.0,0.030011131858661305,1.4884570426651083,0.5083637469586375,0.19161676646706588,0.32816334544026704,0.3782371109527204
"Gaming Laptop, Processing & Multitasking","DDR4, Windows 10 Home",0.10699152542372882,0.4141949152542373,0.07944915254237288,0.7425742574257425,1.7928135524549895,1.0,0.03513380673656995,2.275627444589308,0.49519968366943456,0.17985611510791363,0.5605607577032565,0.467195057101618
"Core i3, Everyday Use","DDR4, Intel, Thin and Light Laptop",0.08792372881355932,0.3294491525423729,0.05190677966101695,0.5903614457831325,1.791965288807965,1.0,0.022940381715024417,1.6369329511465605,0.48455758610064237,0.14202898550724638,0.3891014294143398,0.3739588579397978
"Core i3, Windows 11 Home","8 GB, Thin and Light Laptop",0.09745762711864407,0.3336864406779661,0.05826271186440678,0.5978260869565217,1.7915804002760525,1.0,0.02574242315426601,1.6567796610169492,0.48954332052923594,0.15625,0.3964194373401534,0.3862146307798482
"Core i3, Intel, Windows 11 Home","8 GB, Thin and Light Laptop",0.09745762711864407,0.3336864406779661,0.05826271186440678,0.5978260869565217,1.7915804002760525,1.0,0.02574242315426601,1.6567796610169492,0.48954332052923594,0.15625,0.3964194373401534,0.3862146307798482
"Core i3, Intel, Windows 11 Home","8 GB, DDR4, Thin and Light Laptop",0.09745762711864407,0.3156779661016949,0.05508474576271186,0.5652173913043478,1.7904873066822293,1.0,0.024319520252800916,1.5739406779661016,0.48916576381365107,0.15384615384615385,0.3646520393054246,0.3698570177998249
"Core i3, Windows 11 Home","8 GB, DDR4, Thin and Light Laptop",0.09745762711864407,0.3156779661016949,0.05508474576271186,0.5652173913043478,1.7904873066822293,1.0,0.024319520252800916,1.5739406779661016,0.48916576381365107,0.15384615384615385,0.3646520393054246,0.3698570177998249
"Core i3, Processing & Multitasking, Windows 10 Home","Intel, Thin and Light Laptop",0.07521186440677965,0.3855932203389831,0.05190677966101695,0.6901408450704226,1.7898158179848322,1.0,0.022905594656707842,1.982858243451464,0.4771723122238586,0.12694300518134716,0.4956775133559982,0.4123781148429036
"Core i3, DDR4, Processing & Multitasking, Windows 10 Home","Intel, Thin and Light Laptop",0.07521186440677965,0.3855932203389831,0.05190677966101695,0.6901408450704226,1.7898158179848322,1.0,0.022905594656707842,1.982858243451464,0.4771723122238586,0.12694300518134716,0.4956775133559982,0.4123781148429036
Natural Silver,"Processing & Multitasking, Thin and Light Laptop",0.06991525423728813,0.4661016949152542,0.05826271186440678,0.8333333333333334,1.787878787878788,1.0,0.025675093363975873,3.2033898305084754,0.4738041002277905,0.12195121951219512,0.6878306878306879,0.4791666666666667
"Core i5, DDR4, Windows 11 Home","Intel, Processing & Multitasking, Thin and Light Laptop",0.0836864406779661,0.3474576271186441,0.05190677966101695,0.620253164556962,1.7851188638468662,1.0,0.022829287561045675,1.718361581920904,0.4799811253981361,0.13687150837988826,0.4180503041262534,0.3848217042297005
"Core i5, DDR4","8 GB, Intel, Processing & Multitasking",0.2711864406779661,0.3305084745762712,0.15995762711864406,0.58984375,1.7846554487179487,1.0,0.07032821028440102,1.6322841000807102,0.6032650546742645,0.3621103117505995,0.3873615506329114,0.5369090544871795
"Core i3, DDR4, Processing & Multitasking","Intel, Thin and Light Laptop",0.1663135593220339,0.3855932203389831,0.11440677966101695,0.6878980891719745,1.7839994400503951,1.0,0.050277398735995404,1.9686094776893803,0.5271306885029884,0.26150121065375304,0.4920272347902481,0.49230069293763556
Core i3,"DDR4, Intel, Processing & Multitasking, Thin and Light Laptop",0.22033898305084745,0.2913135593220339,0.11440677966101695,0.5192307692307693,1.7823776223776224,1.0,0.05021904625107727,1.4740677966101694,0.5630032206119162,0.288,0.32160515120156385,0.455979020979021
"Core i5, Thin and Light Laptop, Windows 10 Home","8 GB, DDR4, Intel",0.0847457627118644,0.3877118644067797,0.05826271186440678,0.6875,1.7732240437158469,1.0,0.025405774202815277,1.9593220338983053,0.47643097643097637,0.14066496163682862,0.4896193771626297,0.4188866120218579
"Core i5, Processing & Multitasking, Thin and Light Laptop, Windows 10 Home","8 GB, DDR4, Intel",0.0847457627118644,0.3877118644067797,0.05826271186440678,0.6875,1.7732240437158469,1.0,0.025405774202815277,1.9593220338983053,0.47643097643097637,0.14066496163682862,0.4896193771626297,0.4188866120218579
"Core i5, Processing & Multitasking, Windows 11 Home","DDR4, Intel, Thin and Light Laptop",0.08898305084745763,0.3294491525423729,0.05190677966101695,0.5833333333333334,1.7706323687031083,1.0,0.02259138896868716,1.6093220338983054,0.47774086378737535,0.14161849710982657,0.37862032648762506,0.3704448017148982
"16 GB, Core i5","Intel, Thin and Light Laptop",0.09322033898305085,0.3855932203389831,0.0635593220338983,0.6818181818181818,1.768231768231768,1.0,0.027614191324332085,1.9309927360774812,0.4791277258566978,0.1530612244897959,0.4821316614420062,0.4233266733266733
"Everyday Use, Thin and Light Laptop","Intel, Windows 11 Home",0.1228813559322034,0.2828389830508475,0.0614406779661017,0.5,1.7677902621722845,1.0,0.026685040218328064,1.434322033898305,0.4951690821256038,0.17846153846153845,0.30280649926144754,0.3586142322097378
"DDR4, Intel, Processing & Multitasking, Thin and Light Laptop, Windows 10 Home",Core i5,0.13877118644067796,0.3072033898305085,0.07521186440677965,0.5419847328244275,1.764253750987102,1.0,0.03258088552140189,1.51260593220339,0.5029884101657918,0.20285714285714285,0.3388892779606415,0.393406159515662
"Everyday Use, Processing & Multitasking, Thin and Light Laptop",Windows 11 Home,0.07733050847457627,0.388771186440678,0.05296610169491525,0.684931506849315,1.7617856742936058,1.0,0.022902228167193332,1.939987103905674,0.468633754305396,0.1282051282051282,0.4845326559198499,0.4105856444328319
"8 GB, Gaming Laptop","DDR4, Windows 10 Home",0.09004237288135593,0.4141949152542373,0.06567796610169492,0.7294117647058824,1.7610350534075525,1.0,0.02838287309681127,2.1649318349299933,0.47491456682564137,0.14975845410628022,0.5380916923731519,0.44398976982097194
"8 GB, Core i3, Windows 11 Home","Intel, Thin and Light Laptop",0.0858050847457627,0.3855932203389831,0.05826271186440678,0.6790123456790124,1.7609550942884276,1.0,0.02517685291582878,1.9141134289439372,0.4726851364163067,0.14102564102564102,0.4775649212430822,0.41505562338895674
"8 GB, Core i5","Intel, Windows 10 Home",0.2086864406779661,0.3114406779661017,0.11440677966101695,0.5482233502538071,1.7602817776856934,1.0,0.04941333309393853,1.52411445438964,0.5458128811542466,0.2819843342036554,0.3438812963686059,0.4577851445146587
"Gaming, Processing & Multitasking",Windows 10 Home,0.10911016949152542,0.4523305084745763,0.08686440677966102,0.796116504854369,1.760032741411064,1.0,0.03751054833381213,2.686188458434222,0.48471622052724694,0.18303571428571427,0.627725300933316,0.49407698779018216
"Intel, Processing & Multitasking, Thin and Light Laptop, Windows 10 Home",Core i5,0.15677966101694915,0.3072033898305085,0.0847457627118644,0.5405405405405406,1.7595526561043802,1.0,0.0365825193909796,1.5078514456630112,0.5119346733668341,0.22346368715083798,0.3368046946028597,0.4082013047530289
"Gaming, Intel",16 GB,0.1239406779661017,0.3061440677966102,0.06673728813559322,0.5384615384615384,1.7588501463933988,1.0,0.028793584817581153,1.5033545197740112,0.49248574883399543,0.18367346938775508,0.3348209042865531,0.37822730902315677
"8 GB, Core i5, Processing & Multitasking, Windows 10 Home","DDR4, Intel, Thin and Light Laptop",0.10063559322033898,0.3294491525423729,0.05826271186440678,0.5789473684210527,1.7573193433745136,1.0,0.025108400962367133,1.5925582627118646,0.47917335903201624,0.15669515669515668,0.37207948781907374,0.3778981215095617
"Core i3, Processing & Multitasking","Intel, Thin and Light Laptop",0.17372881355932204,0.3855932203389831,0.11758474576271187,0.676829268292683,1.7552934870008041,1.0,0.0505960930767021,1.9011832427246562,0.5207669207669208,0.26618705035971224,0.4740117746005047,0.4908871616188689
"DDR4, Natural Silver, Processing & Multitasking",Thin and Light Laptop,0.0646186440677966,0.513771186440678,0.05826271186440678,0.9016393442622951,1.7549433834713537,1.0,0.025063514435507035,4.94332627118644,0.45989910429321523,0.11201629327902239,0.797707060966463,0.5075207030589826
"DDR4, Gaming, Gaming Laptop",16 GB,0.1875,0.3061440677966102,0.10063559322033898,0.5367231638418078,1.753171856978085,1.0,0.04323358050847457,1.4977134146341462,0.528744939271255,0.25606469002695414,0.33231552162849864,0.43272144351259945
"Everyday Use, Intel, Thin and Light Laptop","DDR4, Windows 11 Home",0.09639830508474577,0.3199152542372881,0.05402542372881356,0.5604395604395604,1.7518375664071029,1.0,0.023186135449583454,1.5471927966101697,0.4749557501781486,0.14912280701754388,0.3536681387148677,0.3646568663124955
"8 GB, Core i5, Thin and Light Laptop, Windows 10 Home","Intel, Processing & Multitasking",0.0635593220338983,0.5709745762711864,0.0635593220338983,1.0,1.75139146567718,1.0,0.02726856506750934,inf,0.4581447963800906,0.11131725417439703,1.0,0.5556586270871985
"Core i5, DDR4, Thin and Light Laptop, Windows 10 Home","Intel, Processing & Multitasking",0.07521186440677965,0.5709745762711864,0.07521186440677965,1.0,1.75139146567718,1.0,0.032267801996552714,inf,0.4639175257731959,0.13172541743970315,1.0,0.5658627087198516
"8 GB, Core i5, DDR4, Thin and Light Laptop, Windows 10 Home","Intel, Processing & Multitasking",0.05826271186440678,0.5709745762711864,0.05826271186440678,1.0,1.75139146567718,1.0,0.02499618464521689,inf,0.4555680539932509,0.10204081632653061,1.0,0.5510204081632653
"Core i5, Thin and Light Laptop, Windows 10 Home","Intel, Processing & Multitasking",0.0847457627118644,0.5709745762711864,0.0847457627118644,1.0,1.75139146567718,1.0,0.03635808675667911,inf,0.46875000000000006,0.14842300556586271,1.0,0.5742115027829313
Core i7,"Intel, Windows 10 Home",0.11652542372881355,0.3114406779661017,0.0635593220338983,0.5454545454545454,1.7513914656771798,1.0,0.027268565067509333,1.5148305084745763,0.4856115107913669,0.1744186046511628,0.3398601398601398,0.3747680890538033
"DDR4, Intel, Thin and Light Laptop, Windows 10 Home",Core i5,0.13983050847457626,0.3072033898305085,0.07521186440677965,0.5378787878787878,1.7508881922675024,1.0,0.032255458201666184,1.499166435120867,0.4985776729341566,0.20227920227920224,0.3329626540635714,0.39135318704284217
"8 GB, Core i3, Windows 10 Home","DDR4, Intel, Processing & Multitasking",0.0625,0.4841101694915254,0.05296610169491525,0.847457627118644,1.75054704595186,1.0,0.022709216101694914,3.3819444444444438,0.4573333333333333,0.10729613733905578,0.704312114989733,0.47843340874531765
"8 GB, Core i5, DDR4, Thin and Light Laptop","Intel, Windows 10 Home",0.10699152542372882,0.3114406779661017,0.05826271186440678,0.5445544554455445,1.7485013807503196,1.0,0.02494119864981327,1.51183677229182,0.4793702146015313,0.16176470588235295,0.3385529322162984,0.36581464268875863
"8 GB, Core i5, Windows 10 Home","DDR4, Intel, Processing & Multitasking, Thin and Light Laptop",0.11440677966101695,0.2913135593220339,0.05826271186440678,0.5092592592592592,1.748148148148148,1.0,0.024934465670784257,1.4441157659098174,0.4832535885167465,0.1676829268292683,0.3075347395227813,0.3546296296296296
"Intel, Thin and Light Laptop, Windows 10 Home",Core i5,0.15783898305084745,0.3072033898305085,0.0847457627118644,0.5369127516778524,1.7477435778754917,1.0,0.03625709207124389,1.4960390567428152,0.5080188679245282,0.2228412256267409,0.3315682531863801,0.4063874103216848
"Core i3, Windows 10 Home","DDR4, Intel, Processing & Multitasking",0.08898305084745763,0.4841101694915254,0.07521186440677965,0.8452380952380952,1.745962279879129,1.0,0.03213426457914392,3.3334419817470664,0.46898132983950214,0.15106382978723404,0.7000097780385255,0.5002995727831614
"8 GB, Core i3, DDR4, Processing & Multitasking","Intel, Thin and Light Laptop",0.1292372881355932,0.3855932203389831,0.08686440677966102,0.6721311475409837,1.7431093496667267,1.0,0.037031384659580585,1.8739406779661019,0.4895851878226812,0.20297029702970293,0.4663651780667045,0.44870293640785447
Gaming,16 GB,0.22245762711864406,0.3061440677966102,0.11864406779661017,0.5333333333333333,1.7420991926182237,1.0,0.05053998491812697,1.4868341404358354,0.5478542234332424,0.289405684754522,0.3274300254452926,0.46043829296424454
"Core i5, Windows 10 Home","DDR4, Intel, Processing & Multitasking, Thin and Light Laptop",0.1483050847457627,0.2913135593220339,0.07521186440677965,0.5071428571428571,1.7408831168831167,1.0,0.03200858230393565,1.4379145173176122,0.499684675215472,0.20639534883720928,0.30454836643177446,0.38266233766233765
"DDR4, Gaming, Intel",16 GB,0.11334745762711865,0.3061440677966102,0.06038135593220339,0.5327102803738317,1.7400640300100247,1.0,0.025680704179833376,1.484851694915254,0.47967888658324415,0.168141592920354,0.3265320682028964,0.3649710571419332
"Core i5, Processing & Multitasking, Windows 10 Home","DDR4, Intel, Thin and Light Laptop",0.13135593220338984,0.3294491525423729,0.07521186440677965,0.5725806451612903,1.737993984026553,1.0,0.031936763860959484,1.568835944995203,0.4888354517347989,0.195054945054945,0.36258472200988623,0.40043823254849076
Core i5,"8 GB, Intel, Processing & Multitasking",0.3072033898305085,0.3305084745762712,0.17584745762711865,0.5724137931034483,1.7319186560565871,1.0,0.0743141338695777,1.5657463094587207,0.6099996315537378,0.38073394495412843,0.36132693147097344,0.5522325375773651
"8 GB, Intel, Processing & Multitasking",Core i5,0.3305084745762712,0.3072033898305085,0.17584745762711865,0.532051282051282,1.731918656056587,1.0,0.0743141338695777,1.4804968655676807,0.6312337959432667,0.38073394495412843,0.32455108601897587,0.5522325375773651
"8 GB, Gaming","DDR4, Windows 10 Home",0.09322033898305085,0.4141949152542373,0.06673728813559322,0.7159090909090909,1.7284352476168334,1.0,0.028125897730537204,2.062033898305085,0.4647678385996143,0.15144230769230768,0.5150419201052112,0.4385172053010928
Transparent Silver,"DDR4, Processing & Multitasking, Thin and Light Laptop",0.0815677966101695,0.3983050847457627,0.05614406779661017,0.6883116883116883,1.728101685548494,1.0,0.023655199655271478,1.9304378531073445,0.4587495375508695,0.1325,0.48198280592646797,0.4146345675600995
"Natural Silver, Processing & Multitasking",Thin and Light Laptop,0.06567796610169492,0.513771186440678,0.05826271186440678,0.8870967741935483,1.7266378450282671,1.0,0.024519265297328348,4.306598062953991,0.45042259327973605,0.11178861788617885,0.767798158689999,0.5002494180246092
"Core i5, Processing & Multitasking","Intel, Thin and Light Laptop",0.2627118644067797,0.3855932203389831,0.17478813559322035,0.6653225806451613,1.725451967387451,1.0,0.0734882217753519,1.8358178476618334,0.5702542668059909,0.3691275167785235,0.4552836484983314,0.5593096419709322
"8 GB, Everyday Use, Thin and Light Laptop",Windows 11 Home,0.09957627118644068,0.388771186440678,0.06673728813559322,0.6702127659574468,1.7239260246970838,1.0,0.02802490304510198,1.8534034991798798,0.46636788048552746,0.15829145728643215,0.46045208156642947,0.42093744564902313
"16 GB, Core i5, Thin and Light Laptop","Intel, Processing & Multitasking",0.0635593220338983,0.5709745762711864,0.0625,0.9833333333333334,1.7222016079158937,1.0,0.026209243033611038,25.741525423728906,0.44781041490911894,0.10925925925925925,0.9611522633744858,0.5463976499690786
"AMD, Gaming",16 GB,0.09851694915254237,0.3061440677966102,0.05190677966101695,0.5268817204301075,1.721025412062358,1.0,0.021746400100545817,1.466559129429892,0.4647353653564833,0.14714714714714713,0.31813182303209386,0.34821594672024403
"Core i5, Thin and Light Laptop","8 GB, DDR4, Intel, Processing & Multitasking",0.1853813559322034,0.3061440677966102,0.09745762711864407,0.5257142857142857,1.717212061295106,1.0,0.040704224719908075,1.4629492546457012,0.5127070729914627,0.24731182795698925,0.3164492911668484,0.4220266930301532
"DDR4, Gaming, Processing & Multitasking",Windows 10 Home,0.09957627118644068,0.4523305084745763,0.07733050847457627,0.7765957446808511,1.716876775125816,1.0,0.03228912309681126,2.4514729620661826,0.4637228041901692,0.16294642857142858,0.5920819786822504,0.47377796601724054
"Everyday Use, Windows 11 Home","8 GB, Thin and Light Laptop",0.11652542372881355,0.3336864406779661,0.06673728813559322,0.5727272727272728,1.7163636363636365,1.0,0.027854334243033615,1.5594572664983775,0.47242206235011996,0.17403314917127075,0.35875126463361756,0.38636363636363635
"Core i3, DDR4, Thin and Light Laptop, Windows 10 Home","Intel, Processing & Multitasking",0.05296610169491525,0.5709745762711864,0.05190677966101695,0.9800000000000001,1.7163636363636365,1.0,0.021664482189026144,21.451271186440778,0.4407158836689038,0.09074074074074076,0.953382716049383,0.5354545454545455
"Core i3, Thin and Light Laptop, Windows 10 Home","Intel, Processing & Multitasking",0.05296610169491525,0.5709745762711864,0.05190677966101695,0.9800000000000001,1.7163636363636365,1.0,0.021664482189026144,21.451271186440778,0.4407158836689038,0.09074074074074076,0.953382716049383,0.5354545454545455
"DDR4, Gaming",16 GB,0.19809322033898305,0.3061440677966102,0.1038135593220339,0.5240641711229946,1.7118220676128266,1.0,0.04316849504452743,1.4578770710340887,0.518547974011269,0.25925925925925924,0.31407111074825483,0.43158225857187793
"Core i5, DDR4","8 GB, Intel",0.2711864406779661,0.413135593220339,0.1917372881355932,0.70703125,1.7113782051282052,1.0,0.07970051709278941,2.0031638418079094,0.5703456250803031,0.3892473118279569,0.5007897111913358,0.585566907051282
"Gaming, Processing & Multitasking","DDR4, Windows 10 Home",0.10911016949152542,0.4141949152542373,0.07733050847457627,0.7087378640776699,1.7111215951133514,1.0,0.03213763106865843,2.0112641242937856,0.46648640724512563,0.17339667458432304,0.5028002598360224,0.4477193156705485
"DDR4, Gaming Laptop, Processing & Multitasking",Windows 10 Home,0.1027542372881356,0.4523305084745763,0.07944915254237288,0.7731958762886597,1.7093604384461236,1.0,0.03297027614191324,2.414724576271185,0.4625108225108225,0.16703786191536746,0.5858740951963148,0.4744199521958521
"8 GB, Core i3, Processing & Multitasking","Intel, Thin and Light Laptop",0.13665254237288135,0.3855932203389831,0.09004237288135593,0.6589147286821705,1.7088338018570575,1.0,0.037350079000287265,1.8013289676425264,0.4804619271021291,0.20833333333333331,0.4448543170275327,0.446215606099327
"Core i5, DDR4, Intel, Thin and Light Laptop, Windows 10 Home","8 GB, Processing & Multitasking",0.07521186440677965,0.4533898305084746,0.05826271186440678,0.7746478873239437,1.7085691720415954,1.0,0.024162417408790576,2.425582627118645,0.4484431948349474,0.12387387387387387,0.5877279178949668,0.45157628011057
"Core i5, DDR4, Thin and Light Laptop, Windows 10 Home","8 GB, Processing & Multitasking",0.07521186440677965,0.4533898305084746,0.05826271186440678,0.7746478873239437,1.7085691720415954,1.0,0.024162417408790576,2.425582627118645,0.4484431948349474,0.12387387387387387,0.5877279178949668,0.45157628011057
"8 GB, Core i5, Thin and Light Laptop","Intel, Windows 10 Home",0.11970338983050847,0.3114406779661017,0.0635593220338983,0.5309734513274336,1.7048943471193785,1.0,0.02627881715024418,1.4680604413175566,0.4696750902527076,0.17291066282420747,0.3188291354663035,0.3675275419902474
"Core i3, DDR4, Processing & Multitasking, Windows 10 Home","8 GB, Intel",0.07521186440677965,0.413135593220339,0.05296610169491525,0.7042253521126761,1.704586493318888,1.0,0.021893403476012638,1.984160613397902,0.4469644902634593,0.121654501216545,0.4960085422280979,0.41621524015890216
"Core i3, Processing & Multitasking, Windows 10 Home","8 GB, Intel",0.07521186440677965,0.413135593220339,0.05296610169491525,0.7042253521126761,1.704586493318888,1.0,0.021893403476012638,1.984160613397902,0.4469644902634593,0.121654501216545,0.4960085422280979,0.41621524015890216
"8 GB, Core i5, Windows 10 Home","DDR4, Intel, Processing & Multitasking",0.11440677966101695,0.4841101694915254,0.09427966101694915,0.8240740740740741,1.702244914498744,1.0,0.038894175524274634,2.9324264049955397,0.4658351701521424,0.1869747899159664,0.6589854741805461,0.5094112164681093
"8 GB, DDR4, Intel, Processing & Multitasking",Core i5,0.3061440677966102,0.3072033898305085,0.15995762711864406,0.5224913494809688,1.700799427275981,1.0,0.0659091317150244,1.4508566691230653,0.5938425762094938,0.3528037383177569,0.31075203961778974,0.5215905023266912
Core i5,"8 GB, DDR4, Intel, Processing & Multitasking",0.3072033898305085,0.3061440677966102,0.15995762711864406,0.5206896551724137,1.700799427275981,1.0,0.0659091317150244,1.4476130959639066,0.5947505923810679,0.3528037383177569,0.30920768623321915,0.5215905023266912
"Core i3, DDR4, Windows 10 Home","8 GB, Intel",0.08898305084745763,0.413135593220339,0.0625,0.7023809523809524,1.7001221001221003,1.0,0.025737934501580004,1.9718644067796613,0.45202995664170276,0.14216867469879518,0.49286573835310304,0.42683150183150187
"Core i3, Windows 10 Home","8 GB, Intel",0.08898305084745763,0.413135593220339,0.0625,0.7023809523809524,1.7001221001221003,1.0,0.025737934501580004,1.9718644067796613,0.45202995664170276,0.14216867469879518,0.49286573835310304,0.42683150183150187
"Core i5, Windows 11 Home","DDR4, Intel, Thin and Light Laptop",0.1059322033898305,0.3294491525423729,0.059322033898305086,0.56,1.699807073954984,1.0,0.024422759264579146,1.5239791987673346,0.46047731888964116,0.15774647887323945,0.3438230647709321,0.37003215434083603
"8 GB, DDR4, Everyday Use, Thin and Light Laptop",Windows 11 Home,0.09322033898305085,0.388771186440678,0.0614406779661017,0.6590909090909091,1.695318305672529,1.0,0.025199296179258833,1.7929378531073443,0.45230422172091517,0.146095717884131,0.44225618402394823,0.4085645281149368
"Core i5, DDR4, Processing & Multitasking","Intel, Windows 10 Home",0.2288135593220339,0.3114406779661017,0.12076271186440678,0.5277777777777778,1.6946334089191233,1.0,0.04950086182131572,1.4581256231306083,0.531521110468479,0.2878787878787879,0.3141880341880342,0.45776643990929705
"Core i3, DDR4, Windows 11 Home","Intel, Processing & Multitasking, Thin and Light Laptop",0.09004237288135593,0.3474576271186441,0.05296610169491525,0.5882352941176471,1.6929698708751793,1.0,0.021680192473427173,1.5847457627118646,0.449825378346915,0.1377410468319559,0.3689839572192513,0.3703371592539455
"8 GB, Intel, Processing & Multitasking, Thin and Light Laptop",Core i5,0.211864406779661,0.3072033898305085,0.11016949152542373,0.52,1.6926896551724138,1.0,0.0450840275782821,1.4433262711864407,0.5192307692307692,0.26943005181347146,0.3071559633027523,0.43931034482758624
"Core i5, DDR4, Processing & Multitasking","8 GB, Intel",0.2288135593220339,0.413135593220339,0.15995762711864406,0.6990740740740741,1.6921177587844254,1.0,0.06542660155127836,1.9501955671447195,0.5303835237610072,0.33186813186813185,0.487230913223693,0.5431267806267805
"Core i3, Thin and Light Laptop","DDR4, Intel, Processing & Multitasking",0.13983050847457626,0.4841101694915254,0.11440677966101695,0.8181818181818182,1.6900736025462504,1.0,0.04671340850330366,2.837394067796611,0.4746852764094145,0.22453222453222457,0.6475639350382678,0.5272528346926597
"DDR4, Everyday Use, Windows 11 Home","8 GB, Thin and Light Laptop",0.10911016949152542,0.3336864406779661,0.0614406779661017,0.5631067961165048,1.6875327477269224,1.0,0.02503209386670497,1.525117702448211,0.457316823157981,0.16111111111111112,0.3443129022797783,0.3736168901217445
"Everyday Use, Thin and Light Laptop",Windows 11 Home,0.1228813559322034,0.388771186440678,0.08050847457627118,0.6551724137931033,1.685239124307056,1.0,0.032735744039069224,1.7725635593220332,0.46357742181540806,0.18673218673218672,0.43584533556445326,0.4311284412289767
"8 GB, Core i5, Processing & Multitasking","DDR4, Intel, Thin and Light Laptop",0.17584745762711865,0.3294491525423729,0.09745762711864407,0.5542168674698795,1.6822531282687019,1.0,0.03952483122665901,1.5042086578103528,0.49209232144853016,0.23896103896103896,0.3351986143626639,0.4250184015805989
"Core i5, Windows 10 Home","DDR4, Intel, Processing & Multitasking",0.1483050847457627,0.4841101694915254,0.12076271186440678,0.8142857142857143,1.6820256330103158,1.0,0.04896671215168055,2.777868318122555,0.47608448983154406,0.23602484472049692,0.6400117336462305,0.5318693341669272
"8 GB, Core i5, Thin and Light Laptop","DDR4, Intel, Processing & Multitasking",0.11970338983050847,0.4841101694915254,0.09745762711864407,0.8141592920353983,1.6817644894560524,1.0,0.03950799877908647,2.7759786117836973,0.46051117040757594,0.19246861924686193,0.6397666769638932,0.5077361011599311
"Core i3, Windows 10 Home","Intel, Processing & Multitasking, Thin and Light Laptop",0.08898305084745763,0.3474576271186441,0.05190677966101695,0.5833333333333334,1.6788617886178863,1.0,0.020988939959781672,1.5661016949152544,0.4438538205980066,0.1349862258953168,0.3614718614718615,0.3663617886178862
"Core i3, DDR4, Windows 10 Home","Intel, Processing & Multitasking, Thin and Light Laptop",0.08898305084745763,0.3474576271186441,0.05190677966101695,0.5833333333333334,1.6788617886178863,1.0,0.020988939959781672,1.5661016949152544,0.4438538205980066,0.1349862258953168,0.3614718614718615,0.3663617886178862
"DDR4, Natural Silver",Thin and Light Laptop,0.06885593220338983,0.513771186440678,0.059322033898305086,0.8615384615384616,1.6768913560666139,1.0,0.02394583991669061,3.5116525423728824,0.4335080448561678,0.11336032388663966,0.7152337858220212,0.4885011895321174
"Core i5, Processing & Multitasking","DDR4, Intel, Thin and Light Laptop",0.2627118644067797,0.3294491525423729,0.1451271186440678,0.5524193548387096,1.6767970127580125,1.0,0.05857691755242746,1.4981676591846083,0.5474452554744526,0.32464454976303314,0.33251796361412617,0.4964669121460429
"Core i5, Processing & Multitasking, Windows 10 Home","Intel, Thin and Light Laptop",0.13135593220338984,0.3855932203389831,0.0847457627118644,0.6451612903225805,1.6731655441332856,1.0,0.03409580580293018,1.7315100154083196,0.4631707317073169,0.196078431372549,0.42246941045606207,0.43247075505140015
"Everyday Use, Windows 11 Home","8 GB, DDR4, Thin and Light Laptop",0.11652542372881355,0.3156779661016949,0.0614406779661017,0.5272727272727273,1.6702867602196463,1.0,0.024656169204251656,1.447604302477184,0.4542297196725379,0.16571428571428573,0.30920349000844366,0.36095179987797443
"8 GB, DDR4, Gaming, Gaming Laptop",Windows 10 Home,0.0858050847457627,0.4523305084745763,0.0646186440677966,0.7530864197530864,1.6649029982363315,1.0,0.02580638645504165,2.2180614406779657,0.43684820393974505,0.13646532438478745,0.5491558612125989,0.4479717813051146
"8 GB, Gaming, Gaming Laptop",Windows 10 Home,0.0858050847457627,0.4523305084745763,0.0646186440677966,0.7530864197530864,1.6649029982363315,1.0,0.02580638645504165,2.2180614406779657,0.43684820393974505,0.13646532438478745,0.5491558612125989,0.4479717813051146
"Core i3, DDR4","Intel, Thin and Light Laptop",0.2129237288135593,0.3855932203389831,0.13665254237288135,0.6417910447761195,1.6644251271116943,1.0,0.05455059609307669,1.7152189265536724,0.5071833234217032,0.2958715596330275,0.4169840452907876,0.4980933245858619
"Core i5, DDR4, Processing & Multitasking, Thin and Light Laptop","Intel, Windows 10 Home",0.1451271186440678,0.3114406779661017,0.07521186440677965,0.5182481751824817,1.6640349570485127,1.0,0.030013376185004305,1.4292822290703646,0.4667958182801891,0.19722222222222222,0.3003481190342503,0.3798723869109687
"8 GB, Core i3, DDR4","Intel, Thin and Light Laptop",0.1684322033898305,0.3855932203389831,0.10805084745762712,0.6415094339622642,1.6636947957702675,1.0,0.0431045317437518,1.713871543264942,0.47973023604346193,0.24228028503562946,0.41652569941444384,0.4608646070910222
"Gaming Laptop, Processing & Multitasking",Windows 10 Home,0.10699152542372882,0.4523305084745763,0.08050847457627118,0.7524752475247524,1.6635518352772043,1.0,0.03211294347888537,2.212584745762711,0.44666604233002427,0.16814159292035394,0.548039910374016,0.46523059800125205
"Core i5, DDR4, Thin and Light Laptop","8 GB, Intel",0.15572033898305085,0.413135593220339,0.10699152542372882,0.6870748299319728,1.663073434502006,1.0,0.04265791080149382,1.8754145173176122,0.4722412015354609,0.23165137614678902,0.46678454775411965,0.4730245944531659
"DDR4, Gaming Laptop, Windows 10 Home",16 GB,0.13347457627118645,0.3061440677966102,0.06779661016949153,0.5079365079365079,1.659142088207832,1.0,0.026934160442401607,1.4100943138326953,0.4584734107579462,0.18233618233618232,0.2908275778504786,0.36469489756686985
"16 GB, Intel, Processing & Multitasking",Core i5,0.1641949152542373,0.3072033898305085,0.0836864406779661,0.5096774193548387,1.6590878754171299,1.0,0.033245206118931336,1.4129404549509366,0.47530121448396456,0.21584699453551912,0.29225609154582216,0.39104560622914347
"Core i3, Windows 11 Home","Intel, Processing & Multitasking, Thin and Light Laptop",0.09745762711864407,0.3474576271186441,0.05614406779661017,0.5760869565217391,1.6580063626723223,1.0,0.02228167193335248,1.539330725771404,0.43972008149526076,0.1444141689373297,0.3503670242800677,0.36883616118769885
"Core i5, Intel, Thin and Light Laptop, Windows 10 Home","8 GB, Processing & Multitasking",0.0847457627118644,0.4533898305084746,0.0635593220338983,0.75,1.6542056074766354,1.0,0.025136455041654696,2.1864406779661016,0.43209876543209874,0.13392857142857142,0.5426356589147286,0.44509345794392524
"Core i5, Thin and Light Laptop, Windows 10 Home","8 GB, Processing & Multitasking",0.0847457627118644,0.4533898305084746,0.0635593220338983,0.75,1.6542056074766354,1.0,0.025136455041654696,2.1864406779661016,0.43209876543209874,0.13392857142857142,0.5426356589147286,0.44509345794392524
Natural Silver,Thin and Light Laptop,0.06991525423728813,0.513771186440678,0.059322033898305086,0.8484848484848486,1.651483911277726,1.0,0.02340159077851193,3.2091101694915283,0.4241376505043932,0.11313131313131311,0.6883871393675318,0.4819743830053109
"Core i5, Thin and Light Laptop","Intel, Processing & Multitasking",0.1853813559322034,0.5709745762711864,0.17478813559322035,0.9428571428571428,1.6513119533527698,1.0,0.06894009444125251,7.507944915254235,0.48417858690940613,0.30054644808743175,0.8668077601410934,0.6244897959183673
"Gaming Laptop, Windows 10 Home",16 GB,0.13453389830508475,0.3061440677966102,0.06779661016949153,0.5039370078740157,1.6460779772770617,1.0,0.026609855285837397,1.3987254506322302,0.4535074969400244,0.1818181818181818,0.2850634128749173,0.36269514753562376
Core i3,"Intel, Thin and Light Laptop",0.22033898305084745,0.3855932203389831,0.13983050847457626,0.6346153846153846,1.6458157227387995,1.0,0.054869290433783385,1.6815343443354145,0.5032938076416337,0.29999999999999993,0.40530503978779836,0.4986263736263736
"Core i5, DDR4, Processing & Multitasking","Intel, Thin and Light Laptop",0.2288135593220339,0.3855932203389831,0.1451271186440678,0.6342592592592593,1.644892144892145,1.0,0.05689816144785981,1.6798970178073374,0.508382128820085,0.309255079006772,0.40472541507024273,0.5053164428164428
"Core i5, Windows 10 Home","Intel, Processing & Multitasking, Thin and Light Laptop",0.1483050847457627,0.3474576271186441,0.0847457627118644,0.5714285714285714,1.6445993031358883,1.0,0.03321602987647227,1.5225988700564972,0.46019900497512434,0.20618556701030927,0.34322820037105745,0.4076655052264808
"8 GB, Intel",Core i5,0.413135593220339,0.3072033898305085,0.2086864406779661,0.5051282051282051,1.6442793987621573,1.0,0.08176978598103993,1.3999516993062264,0.6676684564496326,0.40786749482401646,0.28568964165294436,0.5922192749778956
Core i5,"8 GB, Intel",0.3072033898305085,0.413135593220339,0.2086864406779661,0.6793103448275861,1.6442793987621571,1.0,0.08176978598103993,1.8300072899580822,0.56557847839923,0.40786749482401646,0.453554089381302,0.5922192749778956
"DDR4, Everyday Use, Thin and Light Laptop",Windows 11 Home,0.11440677966101695,0.388771186440678,0.07309322033898305,0.6388888888888888,1.6433545261883133,1.0,0.028615160873312263,1.6926336375488915,0.44206365716663193,0.16995073891625612,0.4092046986327748,0.4134498940357251
"8 GB, Core i3","Intel, Thin and Light Laptop",0.17584745762711865,0.3855932203389831,0.11122881355932203,0.6325301204819277,1.640407784986098,1.0,0.04342322608445848,1.6719922200611277,0.4736932305055697,0.24705882352941172,0.40191109264644787,0.46049582947173306
"Everyday Use, Intel, Thin and Light Laptop",Windows 11 Home,0.09639830508474577,0.388771186440678,0.0614406779661017,0.6373626373626373,1.6394286911998082,1.0,0.02396379452743464,1.6855097586029786,0.4316408618668391,0.145,0.40670767707162847,0.39770039225080095
"8 GB, Gaming Laptop",Windows 10 Home,0.09004237288135593,0.4523305084745763,0.06673728813559322,0.7411764705882353,1.638572806171649,1.0,0.026008375825912096,2.115995762711864,0.4282757728625016,0.1403118040089087,0.5274092615769713,0.4443587270973963
"8 GB, Core i5, Processing & Multitasking, Windows 10 Home","Intel, Thin and Light Laptop",0.10063559322033898,0.3855932203389831,0.0635593220338983,0.631578947368421,1.6379410063620587,1.0,0.024754919563343865,1.6676755447941884,0.43305850019630937,0.15037593984962405,0.4003629764065335,0.3982070561017929
Core i5,"Intel, Processing & Multitasking, Thin and Light Laptop",0.3072033898305085,0.3474576271186441,0.17478813559322035,0.5689655172413793,1.637510513036165,1.0,0.06804797471990807,1.5138983050847459,0.5619497729589472,0.3642384105960265,0.33945364979847736,0.5360071488645921
"Intel, Processing & Multitasking, Thin and Light Laptop",Core i5,0.3474576271186441,0.3072033898305085,0.17478813559322035,0.5030487804878049,1.6375105130361647,1.0,0.06804797471990807,1.3940937922429033,0.5966155057064148,0.3642384105960265,0.2826881479823972,0.5360071488645921
"DDR4, Intel, Processing & Multitasking, Windows 10 Home",Core i5,0.24046610169491525,0.3072033898305085,0.12076271186440678,0.5022026431718062,1.6347561901868448,1.0,0.04689071028440103,1.3917241637918105,0.5112187721745087,0.2828784119106699,0.2814668121623624,0.44765304572383413
"Core i5, DDR4, Thin and Light Laptop","Intel, Processing & Multitasking",0.15572033898305085,0.5709745762711864,0.1451271186440678,0.9319727891156463,1.632249189100501,1.0,0.05621476407641483,6.306673728813563,0.45879163652016236,0.24954462659380694,0.8414378096917781,0.5930735930735931
"8 GB, DDR4, Gaming Laptop",Windows 10 Home,0.08898305084745763,0.4523305084745763,0.06567796610169492,0.7380952380952381,1.6317609010817442,1.0,0.025428217466245337,2.0911016949152543,0.42498124531132786,0.13808463251670378,0.5217831813576496,0.4416471506635441
"Core i5, DDR4","Intel, Windows 10 Home",0.2711864406779661,0.3114406779661017,0.13771186440677965,0.5078125,1.6305272108843538,1.0,0.053253375466819866,1.398977670164111,0.5305903398926654,0.3095238095238095,0.2851923076923077,0.4749946853741497
"Processing & Multitasking, Transparent Silver","DDR4, Thin and Light Laptop",0.07733050847457627,0.4459745762711864,0.05614406779661017,0.726027397260274,1.6279569192724435,1.0,0.02165662704682563,2.02219279661017,0.41806208435327,0.12018140589569164,0.5054873097776265,0.42595906680115836
"Core i3, Processing & Multitasking, Thin and Light Laptop, Windows 10 Home","DDR4, Intel",0.05190677966101695,0.614406779661017,0.05190677966101695,1.0,1.6275862068965516,1.0,0.02001490232691755,inf,0.4067039106145251,0.08448275862068966,1.0,0.5422413793103449
"Core i3, Laptop","DDR4, Intel",0.05084745762711865,0.614406779661017,0.05084745762711865,1.0,1.6275862068965516,1.0,0.019606434932490664,inf,0.40624999999999994,0.08275862068965517,1.0,0.5413793103448276
"Core i3, Windows 10 Home","DDR4, Intel",0.08898305084745763,0.614406779661017,0.08898305084745763,1.0,1.6275862068965516,1.0,0.03431126113185866,inf,0.4232558139534883,0.14482758620689654,1.0,0.5724137931034483
"8 GB, Core i3, Processing & Multitasking, Windows 10 Home","DDR4, Intel",0.05296610169491525,0.614406779661017,0.05296610169491525,1.0,1.6275862068965516,1.0,0.02042336972134444,inf,0.407158836689038,0.08620689655172413,1.0,0.5431034482758621
"8 GB, Core i3, Windows 10 Home","DDR4, Intel",0.0625,0.614406779661017,0.0625,1.0,1.6275862068965516,1.0,0.02409957627118644,inf,0.41129943502824856,0.10172413793103448,1.0,0.5508620689655173
"Core i3, Processing & Multitasking, Windows 10 Home","DDR4, Intel",0.07521186440677965,0.614406779661017,0.07521186440677965,1.0,1.6275862068965516,1.0,0.0290011850043091,inf,0.41695303550973645,0.12241379310344826,1.0,0.5612068965517242
"Core i3, Thin and Light Laptop, Windows 10 Home","DDR4, Intel",0.05296610169491525,0.614406779661017,0.05296610169491525,1.0,1.6275862068965516,1.0,0.02042336972134444,inf,0.407158836689038,0.08620689655172413,1.0,0.5431034482758621
"Core i5, DDR4, Processing & Multitasking, Thin and Light Laptop","8 GB, Intel",0.1451271186440678,0.413135593220339,0.09745762711864407,0.6715328467153285,1.6254538648699235,1.0,0.037500448865268605,1.7866760828625239,0.45011044663541844,0.21149425287356324,0.44030145721889913,0.45371514130638224
"Core i3, Everyday Use","Intel, Thin and Light Laptop",0.08792372881355932,0.3855932203389831,0.05508474576271186,0.6265060240963856,1.6247848537005163,1.0,0.021181952025280087,1.6450246036085292,0.42160278745644597,0.13164556962025317,0.3921063564603241,0.3846815834767642
"8 GB, Core i5, Processing & Multitasking","Intel, Thin and Light Laptop",0.17584745762711865,0.3855932203389831,0.11016949152542373,0.6265060240963856,1.6247848537005163,1.0,0.042363904050560175,1.6450246036085292,0.4665809768637531,0.24413145539906098,0.3921063564603241,0.45611015490533563
"Core i5, Processing & Multitasking","8 GB, Intel",0.2627118644067797,0.413135593220339,0.17584745762711865,0.6693548387096774,1.6201819685690653,1.0,0.06731183567940247,1.774906986357999,0.5191801689516686,0.35169491525423724,0.4365901944800279,0.5474979321753515
"Core i5, Intel, Thin and Light Laptop, Windows 10 Home","8 GB, DDR4, Processing & Multitasking",0.0847457627118644,0.4247881355932203,0.05826271186440678,0.6875,1.6184538653366585,1.0,0.02226371732260845,1.8406779661016948,0.4175084175084176,0.12910798122065725,0.45672191528545125,0.4123285536159601
"Core i5, Thin and Light Laptop, Windows 10 Home","8 GB, DDR4, Processing & Multitasking",0.0847457627118644,0.4247881355932203,0.05826271186440678,0.6875,1.6184538653366585,1.0,0.02226371732260845,1.8406779661016948,0.4175084175084176,0.12910798122065725,0.45672191528545125,0.4123285536159601
"Core i5, Thin and Light Laptop","DDR4, Intel, Processing & Multitasking",0.1853813559322034,0.4841101694915254,0.1451271186440678,0.7828571428571428,1.6171053454204438,1.0,0.05538211900316001,2.3758084299732376,0.4684536747885679,0.2767676767676768,0.579090642417131,0.5413191622381994
"Core i5, DDR4, Processing & Multitasking, Windows 10 Home","Intel, Thin and Light Laptop",0.12076271186440678,0.3855932203389831,0.07521186440677965,0.6228070175438596,1.6151918257181412,1.0,0.02864658144211433,1.6288923925896723,0.4331919226200576,0.17444717444717442,0.3860859044162129,0.4089309812994023
"Core i3, Thin and Light Laptop, Windows 11 Home","DDR4, Intel, Processing & Multitasking",0.06779661016949153,0.4841101694915254,0.05296610169491525,0.78125,1.613785557986871,1.0,0.020145073254811838,2.358353510895884,0.4080000000000001,0.10615711252653925,0.5759753593429158,0.44532959518599563
"8 GB, Core i3, Thin and Light Laptop","DDR4, Intel, Processing & Multitasking",0.11122881355932203,0.4841101694915254,0.08686440677966102,0.7809523809523811,1.6131707825362096,1.0,0.033017406995116357,2.355149226234342,0.42767231605569944,0.17083333333333334,0.5753984550699132,0.48019172658122333
"8 GB, Core i5, Thin and Light Laptop","Intel, Processing & Multitasking",0.11970338983050847,0.5709745762711864,0.11016949152542373,0.9203539823008849,1.6119001100037762,1.0,0.04182189923872451,5.386652542372881,0.4312343793390725,0.18978102189781024,0.8143559488692231,0.5566519447682532
Core i5,"8 GB, DDR4, Intel",0.3072033898305085,0.3877118644067797,0.1917372881355932,0.6241379310344827,1.609798379498775,1.0,0.07263088911232402,1.6290234800186594,0.5467754743440281,0.3810526315789473,0.3861353060493973,0.5593367250800828
"DDR4, Thin and Light Laptop, Windows 10 Home","8 GB, Intel, Processing & Multitasking",0.1896186440677966,0.3305084745762712,0.10063559322033898,0.5307262569832402,1.6057871365133933,1.0,0.03796502441827061,1.4266545601291363,0.4655245958032336,0.2398989898989899,0.29905947245597897,0.4176067182352098
"Core i5, Processing & Multitasking","Intel, Windows 10 Home",0.2627118644067797,0.3114406779661017,0.13135593220338984,0.5,1.6054421768707483,1.0,0.049536771042803796,1.3771186440677967,0.5114942528735632,0.2966507177033493,0.2738461538461538,0.4608843537414966
"8 GB, Core i5, DDR4, Processing & Multitasking, Windows 10 Home","Intel, Thin and Light Laptop",0.09427966101694915,0.3855932203389831,0.05826271186440678,0.6179775280898876,1.6026669959254227,1.0,0.02190911376041367,1.608300099700897,0.4151834130781499,0.13819095477386933,0.37822549399457567,0.38453821459439436
"Everyday Use, Processing & Multitasking","DDR4, Windows 11 Home",0.1281779661016949,0.3199152542372881,0.06567796610169492,0.5123966942148761,1.6016638388703412,1.0,0.024671879488652695,1.3947500718184433,0.4308783757300201,0.17174515235457066,0.28302566875209195,0.35884735372995463
"DDR4, Transparent Silver","Processing & Multitasking, Thin and Light Laptop",0.07521186440677965,0.4661016949152542,0.05614406779661017,0.7464788732394367,1.6015364916773371,1.0,0.021087690318873892,2.1059322033898313,0.4061466640731376,0.11572052401746727,0.5251509054325958,0.4334667093469911
"8 GB, Core i5, Windows 10 Home","Intel, Processing & Multitasking, Thin and Light Laptop",0.11440677966101695,0.3474576271186441,0.0635593220338983,0.5555555555555556,1.5989159891598916,1.0,0.023807813846595798,1.468220338983051,0.4229665071770334,0.1595744680851064,0.3189033189033189,0.3692411924119241
"Core i5, Gaming","DDR4, Intel",0.05614406779661017,0.614406779661017,0.05508474576271186,0.981132075471698,1.5968770331815223,1.0,0.0205894498707268,20.436440677965983,0.39601139601139596,0.08950086058519792,0.9510678001244036,0.5353936239427456
"8 GB, Core i5, DDR4, Thin and Light Laptop","Intel, Processing & Multitasking",0.10699152542372882,0.5709745762711864,0.09745762711864407,0.9108910891089109,1.5953268796267384,1.0,0.03636818622522264,4.8146186440677985,0.41787869410490486,0.16788321167883213,0.7922992299229924,0.5407887727548265
"Core i3, Thin and Light Laptop","DDR4, Intel",0.13983050847457626,0.614406779661017,0.13665254237288135,0.9772727272727273,1.5905956112852664,1.0,0.05073972996265441,16.966101694915267,0.4316645663879024,0.22126929674099485,0.9410589410589411,0.5998432601880878
"Core i3, DDR4, Everyday Use","Intel, Thin and Light Laptop",0.0847457627118644,0.3855932203389831,0.05190677966101695,0.6125,1.5884615384615384,1.0,0.019229388106865843,1.5855658829961727,0.4047619047619047,0.12405063291139239,0.3693103448275863,0.3735576923076923
"DDR4, Intel, Thin and Light Laptop, Windows 10 Home","8 GB, Processing & Multitasking",0.13983050847457626,0.4533898305084746,0.10063559322033898,0.7196969696969697,1.5873690172755592,1.0,0.03723786268313703,1.9500687127805774,0.43017889551464866,0.20430107526881722,0.48719755696499883,0.4708297932596998
"Core i5, Thin and Light Laptop, Windows 11 Home","Intel, Processing & Multitasking",0.07838983050847458,0.5709745762711864,0.07097457627118645,0.9054054054054055,1.5857193000050145,1.0,0.02621597601264005,4.535411622276033,0.400789157659976,0.12271062271062272,0.779512846179513,0.5148548362834078
"Core i3, Intel, Processing & Multitasking","8 GB, DDR4, Thin and Light Laptop",0.17372881355932204,0.3156779661016949,0.08686440677966102,0.5,1.5838926174496644,1.0,0.03202204826199368,1.3686440677966103,0.4461538461538461,0.21578947368421053,0.2693498452012384,0.3875838926174497
"Core i3, Processing & Multitasking","8 GB, DDR4, Thin and Light Laptop",0.17372881355932204,0.3156779661016949,0.08686440677966102,0.5,1.5838926174496644,1.0,0.03202204826199368,1.3686440677966103,0.4461538461538461,0.21578947368421053,0.2693498452012384,0.3875838926174497
"Core i3, Processing & Multitasking, Thin and Light Laptop","DDR4, Intel",0.11758474576271187,0.614406779661017,0.11440677966101695,0.9729729729729729,1.583597390493942,1.0,0.042161914679689744,14.266949152542342,0.4176337201547285,0.18524871355060035,0.9299079299079298,0.5795899347623485
"8 GB, Core i5","DDR4, Intel, Processing & Multitasking",0.2086864406779661,0.4841101694915254,0.15995762711864406,0.766497461928934,1.5833120438969666,1.0,0.05893039895145073,2.2093542741341192,0.4655708928428947,0.3001988071570576,0.5473790637801103,0.5484566084261737
"8 GB, DDR4, Gaming",Windows 10 Home,0.09322033898305085,0.4523305084745763,0.06673728813559322,0.7159090909090909,1.5827123695976155,1.0,0.024570884803217466,1.9277966101694914,0.4060228452751817,0.13938053097345132,0.4812730789519959,0.4317250372578242
"8 GB, Gaming",Windows 10 Home,0.09322033898305085,0.4523305084745763,0.06673728813559322,0.7159090909090909,1.5827123695976155,1.0,0.024570884803217466,1.9277966101694914,0.4060228452751817,0.13938053097345132,0.4812730789519959,0.4317250372578242
"8 GB, Core i3, Thin and Light Laptop","DDR4, Intel",0.11122881355932203,0.614406779661017,0.10805084745762712,0.9714285714285715,1.5810837438423646,1.0,0.03971111031312842,13.495762711864455,0.41351749281357364,0.1749571183533448,0.9259026687598119,0.5736453201970444
"8 GB, Core i5, DDR4, Processing & Multitasking","Intel, Thin and Light Laptop",0.15995762711864406,0.3855932203389831,0.09745762711864407,0.6092715231788081,1.5800887853867989,1.0,0.03577905056018386,1.5724648089629418,0.43703053895498656,0.21749408983451538,0.364055720484129,0.4310093879630304
"8 GB, Everyday Use","DDR4, Windows 11 Home",0.1641949152542373,0.3199152542372881,0.0826271186440678,0.5032258064516129,1.5729972228156377,1.0,0.030098660586038495,1.3690017609509135,0.43583243963472096,0.2058047493403694,0.2695407496733996,0.38075197607348854
Core i3,"DDR4, Intel",0.22033898305084745,0.614406779661017,0.2129237288135593,0.9663461538461539,1.572811671087533,1.0,0.07754596380350473,11.45762711864407,0.4671209171533636,0.34241908006814303,0.9127218934911243,0.6564489389920425
Transparent Silver,"DDR4, Thin and Light Laptop",0.0815677966101695,0.4459745762711864,0.057203389830508475,0.7012987012987013,1.5725082518431688,1.0,0.02082622629991382,1.8547807663964628,0.39640736468879495,0.12162162162162161,0.46085272280300965,0.41478236727642903
"16 GB, Core i5","Intel, Processing & Multitasking",0.09322033898305085,0.5709745762711864,0.0836864406779661,0.8977272727272727,1.5722718839601957,1.0,0.03045999712726228,4.194915254237287,0.40139595409913637,0.14416058394160583,0.7616161616161616,0.5221474953617811
"Core i5, DDR4, Windows 10 Home","Intel, Processing & Multitasking, Thin and Light Laptop",0.13771186440677965,0.3474576271186441,0.07521186440677965,0.5461538461538461,1.5718574108818009,1.0,0.027362826773915536,1.4378052283826486,0.42191230923625284,0.18346253229974155,0.3044955044955044,0.3813086303939962
"Core i5, Processing & Multitasking","8 GB, DDR4, Intel",0.2627118644067797,0.3877118644067797,0.15995762711864406,0.6088709677419354,1.5704212938480517,1.0,0.05810112036771041,1.5654377074960681,0.4926543350841134,0.32613390928725694,0.36120102690032346,0.5107196368764322
"8 GB, Core i3, Processing & Multitasking, Thin and Light Laptop","DDR4, Intel",0.09004237288135593,0.614406779661017,0.08686440677966102,0.9647058823529413,1.5701419878296148,1.0,0.03154176242459064,10.92514124293789,0.3990459695050968,0.1406518010291595,0.90846800258565,0.5530425963488844
"Core i3, Everyday Use","DDR4, Intel",0.08792372881355932,0.614406779661017,0.0847457627118644,0.963855421686747,1.5687577897798088,1.0,0.03072482763573685,10.668079096045195,0.39750290360046453,0.13722126929674097,0.9062624122865086,0.5508932280847528
"8 GB, Everyday Use, Windows 11 Home","DDR4, Thin and Light Laptop",0.08792372881355932,0.4459745762711864,0.0614406779661017,0.6987951807228916,1.5668946570128497,1.0,0.022228930264291874,1.8393644067796613,0.3966718731226722,0.13004484304932737,0.4563339399663665,0.4182812008127522
"Core i3, DDR4, Intel, Processing & Multitasking","8 GB, Thin and Light Laptop",0.1663135593220339,0.3336864406779661,0.08686440677966102,0.5222929936305732,1.565220907896067,1.0,0.03136782713300776,1.394816384180791,0.4331515170297828,0.21025641025641026,0.2830597551466791,0.3913052269740168
"Core i3, DDR4, Processing & Multitasking","8 GB, Thin and Light Laptop",0.1663135593220339,0.3336864406779661,0.08686440677966102,0.5222929936305732,1.565220907896067,1.0,0.03136782713300776,1.394816384180791,0.4331515170297828,0.21025641025641026,0.2830597551466791,0.3913052269740168
Core i5,"Intel, Thin and Light Laptop",0.3072033898305085,0.3855932203389831,0.1853813559322034,0.603448275862069,1.5649867374005304,1.0,0.06692581154840563,1.5493736182756077,0.5211009174311926,0.36534446764091855,0.35457788347205704,0.5421087533156499
"Core i5, Thin and Light Laptop","8 GB, Intel",0.1853813559322034,0.413135593220339,0.11970338983050847,0.6457142857142857,1.5629597069597068,1.0,0.04311575337546682,1.6564721159103333,0.4421556555462214,0.25,0.3963073749355337,0.4677289377289377
"DDR4, Everyday Use, Intel, Thin and Light Laptop",Windows 11 Home,0.08898305084745763,0.388771186440678,0.05402542372881356,0.6071428571428572,1.5616971584274038,1.0,0.01943137747773628,1.5558551617873653,0.39480164158686726,0.1275,0.357266650160931,0.37305371739976645
Core i3,"DDR4, Intel, Processing & Multitasking",0.22033898305084745,0.4841101694915254,0.1663135593220339,0.7548076923076923,1.559165123716546,1.0,0.0596452168916978,2.104021269524759,0.45998338410412637,0.3090551181102363,0.5247196335492024,0.5491762750378724
"8 GB, Core i3","DDR4, Intel",0.17584745762711865,0.614406779661017,0.1684322033898305,0.9578313253012047,1.5589530535936849,1.0,0.060390333237575394,9.144067796610152,0.43504551260286806,0.2708688245315162,0.8906394810009266,0.6159846281678437
"Core i3, Processing & Multitasking","DDR4, Intel",0.17372881355932204,0.614406779661017,0.1663135593220339,0.9573170731707317,1.5581160639192597,1.0,0.05957339844872163,9.033898305084737,0.4335129838314551,0.2674616695059625,0.8893058161350843,0.6140033641715728
"8 GB, Core i3, Everyday Use","DDR4, Intel",0.07415254237288135,0.614406779661017,0.07097457627118645,0.9571428571428573,1.5578325123152712,1.0,0.02541475150818731,8.99717514124297,0.3867618429591176,0.11492281303602057,0.8888540031397179,0.5363300492610839
"8 GB, Core i5","DDR4, Intel, Thin and Light Laptop",0.2086864406779661,0.3294491525423729,0.10699152542372882,0.5126903553299492,1.556204808461325,1.0,0.03823995439528871,1.376026218220339,0.4516680583721022,0.24815724815724816,0.27326966102918177,0.41872459888683955
"Core i3, Processing & Multitasking","8 GB, Thin and Light Laptop",0.17372881355932204,0.3336864406779661,0.09004237288135593,0.5182926829268292,1.5532326751838945,1.0,0.03207142344153978,1.3832332117571335,0.4310708898944192,0.215736040609137,0.27705610919384216,0.3940669763840495
"Core i3, Intel, Processing & Multitasking","8 GB, Thin and Light Laptop",0.17372881355932204,0.3336864406779661,0.09004237288135593,0.5182926829268292,1.5532326751838945,1.0,0.03207142344153978,1.3832332117571335,0.4310708898944192,0.215736040609137,0.27705610919384216,0.3940669763840495
"DDR4, Thin and Light Laptop, Windows 10 Home","8 GB, Processing & Multitasking",0.1896186440677966,0.4533898305084746,0.13347457627118645,0.7039106145251397,1.5525505142797473,1.0,0.047503411376041374,1.8460984969619445,0.43917418819379606,0.26195426195426197,0.4583170932397904,0.49915156894481283
"Core i5, Processing & Multitasking, Windows 11 Home",Thin and Light Laptop,0.08898305084745763,0.513771186440678,0.07097457627118645,0.7976190476190477,1.5524791359842907,1.0,0.025257648664176964,2.4025423728813564,0.390628254078445,0.13346613545816732,0.5837742504409172,0.4678816887579774
"Core i5, Intel, Processing & Multitasking, Windows 11 Home",Thin and Light Laptop,0.08898305084745763,0.513771186440678,0.07097457627118645,0.7976190476190477,1.5524791359842907,1.0,0.025257648664176964,2.4025423728813564,0.390628254078445,0.13346613545816732,0.5837742504409172,0.4678816887579774
"8 GB, Core i5, DDR4, Windows 10 Home","Intel, Processing & Multitasking, Thin and Light Laptop",0.10805084745762712,0.3474576271186441,0.05826271186440678,0.5392156862745098,1.5518890483022476,1.0,0.02071962079862108,1.416155787955283,0.3987043835024832,0.14666666666666667,0.29386299974535257,0.353449306551889
"Core i3, Thin and Light Laptop, Windows 11 Home","DDR4, Intel",0.06779661016949153,0.614406779661017,0.0646186440677966,0.9531249999999999,1.5512931034482755,1.0,0.02296394714162596,8.225988700564951,0.38122205663189257,0.10463121783876499,0.8784340659340656,0.5291487068965517
"16 GB, Core i5, DDR4","Intel, Processing & Multitasking",0.07415254237288135,0.5709745762711864,0.06567796610169492,0.8857142857142858,1.5512324410283596,1.0,0.02333874964090779,3.753972457627121,0.38381191407691745,0.11334552102376601,0.7336155202821871,0.5003710575139148
"Core i5, Windows 10 Home","Intel, Processing & Multitasking",0.1483050847457627,0.5709745762711864,0.13135593220338984,0.8857142857142858,1.5512324410283596,1.0,0.04667749928181558,3.753972457627121,0.4172283742577436,0.22342342342342342,0.7336155202821871,0.5578849721706866
"Core i3, Processing & Multitasking, Windows 10 Home","DDR4, Thin and Light Laptop",0.07521186440677965,0.4459745762711864,0.05190677966101695,0.6901408450704226,1.5474892107992375,1.0,0.018364200301637462,1.787991140215717,0.3825653972929378,0.1106094808126411,0.4407131123259636,0.4032651968820047
"Core i3, Intel, Processing & Multitasking, Windows 10 Home","DDR4, Thin and Light Laptop",0.07521186440677965,0.4459745762711864,0.05190677966101695,0.6901408450704226,1.5474892107992375,1.0,0.018364200301637462,1.787991140215717,0.3825653972929378,0.1106094808126411,0.4407131123259636,0.4032651968820047
"Core i3, DDR4","Intel, Processing & Multitasking, Thin and Light Laptop",0.2129237288135593,0.3474576271186441,0.11440677966101695,0.5373134328358209,1.5464142701128503,1.0,0.04042480609020396,1.4103335155822854,0.4489307611784058,0.25653206650831356,0.29094785811203716,0.43329086275937384
"8 GB, Core i5, Windows 10 Home","DDR4, Intel, Thin and Light Laptop",0.11440677966101695,0.3294491525423729,0.05826271186440678,0.5092592592592592,1.545790163153507,1.0,0.02057149525998276,1.366405500479693,0.39869508481948673,0.1510989010989011,0.2681528289743138,0.34305406692866497
"Core i3, Windows 10 Home","Intel, Thin and Light Laptop",0.08898305084745763,0.3855932203389831,0.05296610169491525,0.5952380952380952,1.543694400837258,1.0,0.018654840563056586,1.5179461615154535,0.3866046511627906,0.12562814070351758,0.3412151067323481,0.3663003663003663
"Core i3, DDR4, Windows 10 Home","Intel, Thin and Light Laptop",0.08898305084745763,0.3855932203389831,0.05296610169491525,0.5952380952380952,1.543694400837258,1.0,0.018654840563056586,1.5179461615154535,0.3866046511627906,0.12562814070351758,0.3412151067323481,0.3663003663003663
"DDR4, Gaming, Gaming Laptop, Intel",Windows 10 Home,0.1048728813559322,0.4523305084745763,0.07309322033898305,0.696969696969697,1.540841671989213,1.0,0.025656016590060324,1.8073093220338983,0.3921276048366349,0.15098468271334792,0.4466912842154623,0.42928110141224896
"8 GB, Core i5, Windows 10 Home","Intel, Processing & Multitasking",0.11440677966101695,0.5709745762711864,0.10063559322033898,0.8796296296296295,1.540575826290112,1.0,0.035312230680838844,3.5642112125162946,0.3962226139511459,0.1721014492753623,0.7194330132601735,0.5279409743695458
"Core i5, DDR4","Intel, Processing & Multitasking, Thin and Light Laptop",0.2711864406779661,0.3474576271186441,0.1451271186440678,0.53515625,1.5402057926829267,1.0,0.050901321459350765,1.403788634097707,0.4812425734170769,0.30648769574944074,0.2876420454545454,0.47641958841463417
"DDR4, Processing & Multitasking, Transparent Silver",Thin and Light Laptop,0.07097457627118645,0.513771186440678,0.05614406779661017,0.7910447761194029,1.539683028158178,1.0,0.01967937553863832,2.3269521791767547,0.3772939480648006,0.10621242484969941,0.5702533086202971,0.4501615633174334
"Core i5, Windows 10 Home","DDR4, Intel, Thin and Light Laptop",0.1483050847457627,0.3294491525423729,0.07521186440677965,0.5071428571428571,1.5393661001378043,1.0,0.026352879919563338,1.3605379513633014,0.41139373554761405,0.18684210526315786,0.26499661475964786,0.3677193385392742
"8 GB, Core i3, Processing & Multitasking","DDR4, Intel",0.13665254237288135,0.614406779661017,0.1292372881355932,0.945736434108527,1.5392675755145682,1.0,0.045277039643780506,7.105932203389817,0.4057930202152267,0.2078364565587734,0.8592725104353008,0.5780406308473669
"Core i3, Intel, Windows 11 Home",8 GB,0.09745762711864407,0.5720338983050848,0.0858050847457627,0.8804347826086956,1.5391304347826085,1.0,0.03005601838552139,3.5793528505392884,0.38810641627543024,0.147005444646098,0.7206198880757638,0.5152173913043477
"Core i3, Windows 11 Home",8 GB,0.09745762711864407,0.5720338983050848,0.0858050847457627,0.8804347826086956,1.5391304347826085,1.0,0.03005601838552139,3.5793528505392884,0.38810641627543024,0.147005444646098,0.7206198880757638,0.5152173913043477
"8 GB, Core i3, Thin and Light Laptop, Windows 11 Home","DDR4, Intel",0.05826271186440678,0.614406779661017,0.05508474576271186,0.9454545454545454,1.538808777429467,1.0,0.019287740591783967,7.06920903954802,0.37180929306913557,0.08919382504288163,0.8585414585414585,0.5175548589341693
Core i5,"DDR4, Intel, Thin and Light Laptop",0.3072033898305085,0.3294491525423729,0.15572033898305085,0.506896551724138,1.5386184721144252,1.0,0.05451244254524561,1.3598583619770062,0.5052944725290727,0.32378854625550657,0.26462929672604457,0.4897826810067635
Core i5,"DDR4, Intel, Processing & Multitasking",0.3072033898305085,0.4841101694915254,0.2288135593220339,0.7448275862068965,1.5385497623179656,1.0,0.08009327420281528,2.021730416857535,0.5052525767357572,0.4067796610169492,0.5053742122778445,0.6087376443069493
"8 GB, Core i5, Windows 10 Home","DDR4, Intel",0.11440677966101695,0.614406779661017,0.10805084745762712,0.9444444444444444,1.5371647509578543,1.0,0.03775854639471417,6.940677966101691,0.3945961159583451,0.17406143344709898,0.8559218559218559,0.5601532567049808
Core i3,"Intel, Processing & Multitasking, Thin and Light Laptop",0.22033898305084745,0.3474576271186441,0.11758474576271187,0.5336538461538461,1.5358818011257034,1.0,0.04102628555012927,1.3992661191682685,0.4475127301214257,0.2611764705882353,0.2853396603396603,0.43603424015009384
"Core i5, DDR4, Windows 10 Home","Intel, Processing & Multitasking",0.13771186440677965,0.5709745762711864,0.12076271186440678,0.8769230769230769,1.5358355929784502,1.0,0.042132738437230685,3.4858315677966103,0.40460795723953624,0.20540540540540542,0.7131244064577398,0.5442129299272156
"Core i3, Processing & Multitasking, Thin and Light Laptop, Windows 11 Home","DDR4, Intel",0.05614406779661017,0.614406779661017,0.05296610169491525,0.9433962264150942,1.5354586857514636,1.0,0.018470805802930187,6.812146892655355,0.36947250280583604,0.0857632933104631,0.8532034003732114,0.5148015614834092
"Core i3, Windows 11 Home","8 GB, Processing & Multitasking",0.09745762711864407,0.4533898305084746,0.06779661016949153,0.6956521739130435,1.5343356359203575,1.0,0.023610313128411373,1.796004842615012,0.385856807511737,0.14035087719298245,0.44320862824401747,0.42259244209670865
"Core i3, Intel, Windows 11 Home","8 GB, Processing & Multitasking",0.09745762711864407,0.4533898305084746,0.06779661016949153,0.6956521739130435,1.5343356359203575,1.0,0.023610313128411373,1.796004842615012,0.385856807511737,0.14035087719298245,0.44320862824401747,0.42259244209670865
"Core i3, Everyday Use, Thin and Light Laptop","DDR4, Intel",0.05508474576271186,0.614406779661017,0.05190677966101695,0.9423076923076923,1.5336870026525198,1.0,0.018062338408503305,6.683615819209037,0.368262103047497,0.08404802744425387,0.8503803888419272,0.5133952254641909
"Core i5, DDR4, Thin and Light Laptop, Windows 11 Home","Intel, Processing & Multitasking",0.059322033898305086,0.5709745762711864,0.05190677966101695,0.875,1.5324675324675325,1.0,0.018035406492387246,3.4322033898305087,0.36936936936936937,0.08974358974358976,0.708641975308642,0.48295454545454547
"Core i5, Everyday Use","DDR4, Intel",0.05402542372881356,0.614406779661017,0.05084745762711865,0.9411764705882353,1.5318458417849898,1.0,0.017653871014076415,6.55508474576271,0.3670212765957447,0.08233276157804459,0.8474466709760827,0.5119675456389452
"Gaming, Gaming Laptop, Intel","DDR4, Windows 10 Home",0.11546610169491525,0.4141949152542373,0.07309322033898305,0.6330275229357798,1.5283324338909876,1.0,0.02526774813272048,1.5963188559322035,0.39081836327345304,0.16009280742459395,0.37355873716342874,0.404749055585537
"8 GB, Core i5, DDR4, Windows 10 Home","Intel, Processing & Multitasking",0.10805084745762712,0.5709745762711864,0.09427966101694915,0.8725490196078431,1.528174906326167,1.0,0.032585374174087904,3.3661994784876144,0.38749366142677943,0.161231884057971,0.7029290728637134,0.5188348066499326
"Core i5, Processing & Multitasking, Thin and Light Laptop","8 GB, Intel",0.17478813559322035,0.413135593220339,0.11016949152542373,0.6303030303030303,1.5256565656565655,1.0,0.03795829143924159,1.587420116699083,0.41752246469833115,0.23059866962305983,0.37004704080516343,0.4484848484848485
"8 GB, Core i5, Processing & Multitasking, Windows 10 Home","DDR4, Intel",0.10063559322033898,0.614406779661017,0.09427966101694915,0.9368421052631579,1.5247912885662431,1.0,0.0324484702671646,6.105225988700567,0.38268418893344447,0.15187713310580203,0.8362058993637942,0.5451451905626135
"Core i3, DDR4, Windows 11 Home",8 GB,0.09004237288135593,0.5720338983050848,0.07838983050847458,0.8705882352941177,1.521917211328976,1.0,0.026882540936512496,3.307010785824345,0.3768681370544002,0.13430127041742285,0.6976121141525917,0.5038126361655774
"Core i3, DDR4, Intel, Windows 11 Home",8 GB,0.09004237288135593,0.5720338983050848,0.07838983050847458,0.8705882352941177,1.521917211328976,1.0,0.026882540936512496,3.307010785824345,0.3768681370544002,0.13430127041742285,0.6976121141525917,0.5038126361655774
"Core i3, DDR4, Intel","8 GB, Thin and Light Laptop",0.2129237288135593,0.3336864406779661,0.10805084745762712,0.5074626865671642,1.520777067045724,1.0,0.037001086253950016,1.3528184386235236,0.43508035784973476,0.2463768115942029,0.2608025057542178,0.41563610518834404
"Core i3, DDR4","8 GB, Thin and Light Laptop",0.2129237288135593,0.3336864406779661,0.10805084745762712,0.5074626865671642,1.520777067045724,1.0,0.037001086253950016,1.3528184386235236,0.43508035784973476,0.2463768115942029,0.2608025057542178,0.41563610518834404
"8 GB, Core i5","Intel, Processing & Multitasking, Thin and Light Laptop",0.2086864406779661,0.3474576271186441,0.11016949152542373,0.5279187817258884,1.5193760059428005,1.0,0.037659796035621945,1.3822671769637327,0.4319843476469982,0.24703087885985747,0.2765508603072055,0.42249597622879786
"8 GB, Core i3","DDR4, Intel, Processing & Multitasking",0.17584745762711865,0.4841101694915254,0.1292372881355932,0.7349397590361445,1.5181250164772875,1.0,0.04410774561907496,1.9463116332819717,0.41411353196510586,0.2435129740518962,0.48620766433289614,0.5009490917719015
"Gaming, Gaming Laptop","DDR4, Windows 10 Home",0.20233050847457626,0.4141949152542373,0.1271186440677966,0.6282722513089005,1.5168516757943786,1.0,0.043314376256822745,1.5758981857245167,0.4271691013722886,0.2597402597402597,0.36544123912405435,0.4675888110764451
"Core i3, Intel, Processing & Multitasking, Windows 11 Home","DDR4, Thin and Light Laptop",0.07838983050847458,0.4459745762711864,0.05296610169491525,0.6756756756756757,1.5150542466456955,1.0,0.01800623024992818,1.7082450564971752,0.36887356321839077,0.11235955056179775,0.4146038964394605,0.39722026064068816
"Core i3, Processing & Multitasking, Windows 11 Home","DDR4, Thin and Light Laptop",0.07838983050847458,0.4459745762711864,0.05296610169491525,0.6756756756756757,1.5150542466456955,1.0,0.01800623024992818,1.7082450564971752,0.36887356321839077,0.11235955056179775,0.4146038964394605,0.39722026064068816
"Thin and Light Laptop, Windows 10 Home","8 GB, Intel, Processing & Multitasking",0.211864406779661,0.3305084745762712,0.1059322033898305,0.5,1.5128205128205128,1.0,0.03590922148807814,1.3389830508474576,0.43010752688172044,0.24271844660194172,0.25316455696202533,0.41025641025641024
Core i3,"8 GB, Thin and Light Laptop",0.22033898305084745,0.3336864406779661,0.11122881355932203,0.5048076923076923,1.5128205128205128,1.0,0.037704682562482036,1.3455652460095442,0.43478260869565205,0.2511961722488038,0.25681790387672737,0.4190705128205128
"Core i3, Intel","8 GB, Thin and Light Laptop",0.22033898305084745,0.3336864406779661,0.11122881355932203,0.5048076923076923,1.5128205128205128,1.0,0.037704682562482036,1.3455652460095442,0.43478260869565205,0.2511961722488038,0.25681790387672737,0.4190705128205128
"Core i3, Intel, Processing & Multitasking, Windows 11 Home",8 GB,0.07838983050847458,0.5720338983050848,0.06779661016949153,0.8648648648648649,1.511911911911912,1.0,0.022954969836253947,3.1669491525423736,0.3673850574712643,0.11636363636363636,0.6842386941396843,0.4916916916916917
"Core i3, Processing & Multitasking, Windows 11 Home",8 GB,0.07838983050847458,0.5720338983050848,0.06779661016949153,0.8648648648648649,1.511911911911912,1.0,0.022954969836253947,3.1669491525423736,0.3673850574712643,0.11636363636363636,0.6842386941396843,0.4916916916916917
"Core i5, Windows 10 Home","DDR4, Intel",0.1483050847457627,0.614406779661017,0.13771186440677965,0.9285714285714286,1.5113300492610837,1.0,0.046592214880781385,5.398305084745765,0.3972445464982779,0.22033898305084745,0.8147566718995292,0.5763546798029556
"Core i5, DDR4, Intel, Windows 10 Home","8 GB, Processing & Multitasking",0.13771186440677965,0.4533898305084746,0.09427966101694915,0.6846153846153846,1.5099928109273903,1.0,0.03184250215455329,1.733154195948739,0.39168484112304336,0.18976545842217485,0.42301729278473466,0.4462796549245147
"Core i5, DDR4, Windows 10 Home","8 GB, Processing & Multitasking",0.13771186440677965,0.4533898305084746,0.09427966101694915,0.6846153846153846,1.5099928109273903,1.0,0.03184250215455329,1.733154195948739,0.39168484112304336,0.18976545842217485,0.42301729278473466,0.4462796549245147
"Core i3, Windows 11 Home","DDR4, Intel, Processing & Multitasking",0.09745762711864407,0.4841101694915254,0.07097457627118645,0.7282608695652174,1.5043287984016744,1.0,0.02379434788853778,1.8984745762711865,0.37145259617405924,0.13900414937759337,0.4732613159539327,0.43743459233184284
"Core i3, Windows 11 Home","DDR4, Intel",0.09745762711864407,0.614406779661017,0.09004237288135593,0.9239130434782608,1.5037481259370313,1.0,0.030163746049985625,5.067796610169483,0.37116818558409265,0.14480408858603067,0.8026755852842806,0.5352323838080959
"Everyday Use, Thin and Light Laptop","8 GB, Intel",0.1228813559322034,0.413135593220339,0.07627118644067797,0.6206896551724138,1.5023872679045094,1.0,0.0255045245619075,1.5471879815100154,0.3812399355877617,0.16589861751152074,0.3536661272251961,0.4026525198938992
"Core i3, Thin and Light Laptop, Windows 11 Home",8 GB,0.06779661016949153,0.5720338983050848,0.05826271186440678,0.859375,1.5023148148148147,1.0,0.019480752657282385,3.0433145009416194,0.35867768595041316,0.10018214936247721,0.6714108910891089,0.48061342592592593
"Core i3, Intel, Thin and Light Laptop, Windows 11 Home",8 GB,0.06779661016949153,0.5720338983050848,0.05826271186440678,0.859375,1.5023148148148147,1.0,0.019480752657282385,3.0433145009416194,0.35867768595041316,0.10018214936247721,0.6714108910891089,0.48061342592592593
"DDR4, Everyday Use, Thin and Light Laptop","8 GB, Intel",0.11440677966101695,0.413135593220339,0.07097457627118645,0.6203703703703705,1.5016144349477685,1.0,0.023709063487503595,1.5458867300537416,0.3772048846675713,0.15545243619489557,0.35312207514373595,0.39608262108262116
"AMD, Gaming, Gaming Laptop","DDR4, Windows 10 Home",0.08686440677966102,0.4141949152542373,0.05402542372881356,0.6219512195121951,1.5015906680805937,1.0,0.018046628124102272,1.5495489338436306,0.365815931941222,0.12085308056872038,0.3546509063643981,0.3761930010604454
"Core i5, DDR4, Windows 11 Home","8 GB, Intel",0.0836864406779661,0.413135593220339,0.05190677966101695,0.620253164556962,1.5013307367737747,1.0,0.017332932347026715,1.5454096045197738,0.36442137548661074,0.11666666666666665,0.3529223598226934,0.3729470950989938
"Intel, Thin and Light Laptop, Windows 10 Home","8 GB, DDR4, Processing & Multitasking",0.15783898305084745,0.4247881355932203,0.10063559322033898,0.6375838926174496,1.500945622520879,1.0,0.03358746588623959,1.5871586629001881,0.3963058589870905,0.2087912087912088,0.36994326819681855,0.4372458116453832
"DDR4, Gaming, Gaming Laptop",Windows 10 Home,0.1875,0.4523305084745763,0.1271186440677966,0.6779661016949152,1.4988290398126463,1.0,0.042306673728813554,1.7006578947368418,0.40961538461538455,0.2479338842975206,0.4119922630560928,0.4794982733298932
"Core i3, Intel, Thin and Light Laptop, Windows 11 Home","8 GB, DDR4",0.06779661016949153,0.5423728813559322,0.05508474576271186,0.8125,1.498046875,1.0,0.018313702958919847,2.440677966101695,0.3566433566433566,0.09923664122137403,0.5902777777777778,0.45703125
"Core i3, Thin and Light Laptop, Windows 11 Home","8 GB, DDR4",0.06779661016949153,0.5423728813559322,0.05508474576271186,0.8125,1.498046875,1.0,0.018313702958919847,2.440677966101695,0.3566433566433566,0.09923664122137403,0.5902777777777778,0.45703125
Core i5,"Intel, Processing & Multitasking",0.3072033898305085,0.5709745762711864,0.2627118644067797,0.8551724137931035,1.4977416671997954,1.0,0.087306539069233,2.962318401937047,0.4796907369044096,0.42685025817555944,0.6624265644955302,0.657641865523639
"Core i5, Windows 10 Home","8 GB, Processing & Multitasking",0.1483050847457627,0.4533898305084746,0.10063559322033898,0.6785714285714286,1.4966622162883845,1.0,0.03339557598391267,1.7005649717514126,0.38963079340141404,0.20084566596194506,0.4119601328903655,0.45026702269692925
"Core i5, Intel, Windows 10 Home","8 GB, Processing & Multitasking",0.1483050847457627,0.4533898305084746,0.10063559322033898,0.6785714285714286,1.4966622162883845,1.0,0.03339557598391267,1.7005649717514126,0.38963079340141404,0.20084566596194506,0.4119601328903655,0.45026702269692925
"Core i5, Windows 10 Home","8 GB, DDR4, Processing & Multitasking",0.1483050847457627,0.4247881355932203,0.09427966101694915,0.6357142857142858,1.496544353402209,1.0,0.03128142056880208,1.5790129611166503,0.3895690088881437,0.19690265486725667,0.3666929755327547,0.4288297114356965
"Core i5, Intel, Windows 10 Home","8 GB, DDR4, Processing & Multitasking",0.1483050847457627,0.4247881355932203,0.09427966101694915,0.6357142857142858,1.496544353402209,1.0,0.03128142056880208,1.5790129611166503,0.3895690088881437,0.19690265486725667,0.3666929755327547,0.4288297114356965
"Core i5, Processing & Multitasking, Windows 10 Home","DDR4, Intel",0.13135593220338984,0.614406779661017,0.12076271186440678,0.9193548387096773,1.4963292547274747,1.0,0.04005673656995115,4.781355932203381,0.3818570817287119,0.19322033898305085,0.7908543069833388,0.5579532814238042
"8 GB, Core i5","DDR4, Intel",0.2086864406779661,0.614406779661017,0.1917372881355932,0.9187817258883249,1.495396464204446,1.0,0.06351892415972421,4.7476165254237275,0.4186469635447868,0.30369127516778516,0.7893679924136776,0.6154253457027831
"DDR4, Gaming Laptop, Intel",Windows 10 Home,0.11440677966101695,0.4523305084745763,0.07733050847457627,0.6759259259259259,1.4943186746465436,1.0,0.025580831657569664,1.6899515738498787,0.3735334600511241,0.15800865800865802,0.40826706784153594,0.42344305663977794
"8 GB, Core i5, Processing & Multitasking, Thin and Light Laptop, Windows 10 Home","DDR4, Intel",0.0635593220338983,0.614406779661017,0.05826271186440678,0.9166666666666666,1.4919540229885055,1.0,0.019211433496121803,4.627118644067794,0.3521184697655286,0.09401709401709402,0.7838827838827838,0.5057471264367815
"8 GB, Core i5, Thin and Light Laptop, Windows 10 Home","DDR4, Intel",0.0635593220338983,0.614406779661017,0.05826271186440678,0.9166666666666666,1.4919540229885055,1.0,0.019211433496121803,4.627118644067794,0.3521184697655286,0.09401709401709402,0.7838827838827838,0.5057471264367815
"Core i3, DDR4, Intel, Thin and Light Laptop, Windows 11 Home",8 GB,0.0646186440677966,0.5720338983050848,0.05508474576271186,0.8524590163934427,1.4902246508803887,1.0,0.01812069089342143,2.9006591337099823,0.3516856869065249,0.09471766848816028,0.6552507709787373,0.4743776563448695
"Core i3, DDR4, Thin and Light Laptop, Windows 11 Home",8 GB,0.0646186440677966,0.5720338983050848,0.05508474576271186,0.8524590163934427,1.4902246508803887,1.0,0.01812069089342143,2.9006591337099823,0.3516856869065249,0.09471766848816028,0.6552507709787373,0.4743776563448695
"Core i5, DDR4, Intel, Processing & Multitasking, Windows 11 Home",Thin and Light Laptop,0.06779661016949153,0.513771186440678,0.05190677966101695,0.765625,1.4902061855670103,1.0,0.017074834817581153,2.0745762711864404,0.35287569573283856,0.09799999999999999,0.5179738562091503,0.43332796391752576
"Core i5, DDR4, Processing & Multitasking, Windows 11 Home",Thin and Light Laptop,0.06779661016949153,0.513771186440678,0.05190677966101695,0.765625,1.4902061855670103,1.0,0.017074834817581153,2.0745762711864404,0.35287569573283856,0.09799999999999999,0.5179738562091503,0.43332796391752576
"Everyday Use, Thin and Light Laptop","8 GB, DDR4, Intel",0.1228813559322034,0.3877118644067797,0.07097457627118645,0.5775862068965517,1.4897305445637836,1.0,0.02333201666187877,1.4494984434451748,0.3747927031509121,0.1614457831325301,0.3101061925784512,0.3803231580930846
"Core i5, DDR4","Intel, Thin and Light Laptop",0.2711864406779661,0.3855932203389831,0.15572033898305085,0.57421875,1.4891826923076923,1.0,0.0511526860097673,1.443010418286425,0.450719822812846,0.3107822410147991,0.30700431034482756,0.48903245192307687
"Core i5, Thin and Light Laptop","8 GB, DDR4, Intel",0.1853813559322034,0.3877118644067797,0.10699152542372882,0.5771428571428572,1.4885870413739266,1.0,0.03511697428899742,1.4479786990380212,0.40291493388610644,0.22954545454545452,0.30938210578348985,0.4265495706479313
"Core i3, Everyday Use","8 GB, DDR4",0.08792372881355932,0.5423728813559322,0.07097457627118645,0.8072289156626506,1.488328313253012,1.0,0.02328713013501868,2.373940677966102,0.35973442890079227,0.1268939393939394,0.5787594823739403,0.4690441453313253
"Core i3, Everyday Use, Intel","8 GB, DDR4",0.08792372881355932,0.5423728813559322,0.07097457627118645,0.8072289156626506,1.488328313253012,1.0,0.02328713013501868,2.373940677966102,0.35973442890079227,0.1268939393939394,0.5787594823739403,0.4690441453313253
"DDR4, Gaming, Intel",Windows 10 Home,0.11334745762711865,0.4523305084745763,0.07627118644067797,0.6728971962616823,1.4876228413841408,1.0,0.025000673297902905,1.6743038740920098,0.36969003053232447,0.15584415584415584,0.4027368535222981,0.4207577316203025
"8 GB, Core i5","Intel, Thin and Light Laptop",0.2086864406779661,0.3855932203389831,0.11970338983050847,0.5736040609137056,1.4875885535784013,1.0,0.03923531312841137,1.4409301856335754,0.414211417943159,0.25223214285714285,0.30600385086644505,0.44202181067663304
"Core i3, DDR4, Processing & Multitasking, Windows 11 Home",8 GB,0.07097457627118645,0.5720338983050848,0.06038135593220339,0.8507462686567163,1.4872305140961855,1.0,0.01978149238724504,2.86737288135593,0.3526375802676588,0.10363636363636364,0.6512487069602481,0.4781509121061359
"Core i3, DDR4, Intel, Processing & Multitasking, Windows 11 Home",8 GB,0.07097457627118645,0.5720338983050848,0.06038135593220339,0.8507462686567163,1.4872305140961855,1.0,0.01978149238724504,2.86737288135593,0.3526375802676588,0.10363636363636364,0.6512487069602481,0.4781509121061359
"8 GB, Core i3, Windows 11 Home","DDR4, Intel",0.0858050847457627,0.614406779661017,0.07838983050847458,0.9135802469135803,1.4869306087696892,1.0,0.02567060471128986,4.461864406779664,0.3582098900754753,0.12606473594548553,0.7758784425451094,0.520583226905066
"Core i3, Intel, Windows 11 Home","DDR4, Thin and Light Laptop",0.09745762711864407,0.4459745762711864,0.0646186440677966,0.6630434782608695,1.4867293194257978,1.0,0.02115502010916403,1.6442044833242206,0.36273377972754556,0.1349557522123894,0.39180314240585246,0.40396829494991215
"Core i3, Windows 11 Home","DDR4, Thin and Light Laptop",0.09745762711864407,0.4459745762711864,0.0646186440677966,0.6630434782608695,1.4867293194257978,1.0,0.02115502010916403,1.6442044833242206,0.36273377972754556,0.1349557522123894,0.39180314240585246,0.40396829494991215
"Gaming, Intel","DDR4, Windows 10 Home",0.1239406779661017,0.4141949152542373,0.07627118644067797,0.6153846153846154,1.4857367696242376,1.0,0.02493558783395576,1.5230932203389833,0.373186215235792,0.1651376146788991,0.3434413687578245,0.39976391894550467
"8 GB, Processing & Multitasking, Windows 11 Home","DDR4, Thin and Light Laptop",0.163135593220339,0.4459745762711864,0.10805084745762712,0.6623376623376623,1.4851466822963262,1.0,0.03529652039643781,1.6407676010430248,0.3903449987589973,0.21564482029598311,0.39052916490775,0.4523089736866459
"8 GB, Core i3, DDR4","Intel, Processing & Multitasking, Thin and Light Laptop",0.1684322033898305,0.3474576271186441,0.08686440677966102,0.5157232704402516,1.4842767295597483,1.0,0.028341353059465675,1.347457627118644,0.3923566878980892,0.20246913580246914,0.25786163522012573,0.3828616352201258
"8 GB, Core i3, Windows 10 Home","Intel, Processing & Multitasking",0.0625,0.5709745762711864,0.05296610169491525,0.847457627118644,1.484230055658627,1.0,0.0172801906779661,2.8124999999999996,0.348,0.09124087591240876,0.6444444444444444,0.4701110027986541
"8 GB, Core i3, DDR4, Windows 10 Home","Intel, Processing & Multitasking",0.0625,0.5709745762711864,0.05296610169491525,0.847457627118644,1.484230055658627,1.0,0.0172801906779661,2.8124999999999996,0.348,0.09124087591240876,0.6444444444444444,0.4701110027986541
"Thin and Light Laptop, Windows 10 Home","8 GB, DDR4, Processing & Multitasking",0.211864406779661,0.4247881355932203,0.13347457627118645,0.63,1.4830922693266835,1.0,0.04347708991669062,1.554626660558864,0.41329578426352637,0.26526315789473687,0.3567587476979743,0.47210723192019954
"Core i3, Windows 11 Home","8 GB, DDR4",0.09745762711864407,0.5423728813559322,0.07838983050847458,0.8043478260869564,1.483016304347826,1.0,0.025531456478023552,2.3389830508474567,0.36086791016368475,0.139622641509434,0.5724637681159418,0.4744395380434782
"Core i3, Intel, Windows 11 Home","8 GB, DDR4",0.09745762711864407,0.5423728813559322,0.07838983050847458,0.8043478260869564,1.483016304347826,1.0,0.025531456478023552,2.3389830508474567,0.36086791016368475,0.139622641509434,0.5724637681159418,0.4744395380434782
"Core i5, Windows 10 Home","Intel, Thin and Light Laptop",0.1483050847457627,0.3855932203389831,0.0847457627118644,0.5714285714285714,1.4819466248037674,1.0,0.027560327492099967,1.4336158192090394,0.3818407960199005,0.18867924528301885,0.30246305418719205,0.3956043956043956
"8 GB, Core i5, Processing & Multitasking","DDR4, Intel",0.17584745762711865,0.614406779661017,0.15995762711864406,0.9096385542168673,1.4805151641046943,1.0,0.05191575696638895,4.267231638418073,0.3938099048332452,0.253781512605042,0.7656560307162713,0.5849916909015371
"DDR4, Transparent Silver",Thin and Light Laptop,0.07521186440677965,0.513771186440678,0.057203389830508475,0.7605633802816902,1.4803542906926095,1.0,0.018561701019821894,2.0307203389830515,0.3508760765347249,0.10756972111553785,0.5075639019300993,0.43595179323362865
"Core i3, Windows 10 Home","Intel, Processing & Multitasking",0.08898305084745763,0.5709745762711864,0.07521186440677965,0.8452380952380952,1.4803427864652354,1.0,0.0244048046538351,2.7721642764015644,0.3561742548313134,0.1286231884057971,0.6392710170487949,0.4884817563388992
"Core i3, DDR4, Windows 10 Home","Intel, Processing & Multitasking",0.08898305084745763,0.5709745762711864,0.07521186440677965,0.8452380952380952,1.4803427864652354,1.0,0.0244048046538351,2.7721642764015644,0.3561742548313134,0.1286231884057971,0.6392710170487949,0.4884817563388992
"Intel, Thin and Light Laptop, Windows 10 Home","8 GB, Processing & Multitasking",0.15783898305084745,0.4533898305084746,0.1059322033898305,0.6711409395973155,1.480273474252023,1.0,0.03436961361677679,1.6621411276374958,0.38525786163522013,0.20964360587002093,0.398366370116019,0.4523928997051998
"Core i3, DDR4, Intel, Windows 11 Home","8 GB, Processing & Multitasking",0.09004237288135593,0.4533898305084746,0.06038135593220339,0.6705882352941177,1.4790544255085212,1.0,0.019557059752944556,1.659352300242131,0.3559422421011785,0.12499999999999999,0.39735522115823085,0.4018829026937878
"Core i3, DDR4, Windows 11 Home","8 GB, Processing & Multitasking",0.09004237288135593,0.4533898305084746,0.06038135593220339,0.6705882352941177,1.4790544255085212,1.0,0.019557059752944556,1.659352300242131,0.3559422421011785,0.12499999999999999,0.39735522115823085,0.4018829026937878
"Everyday Use, Intel, Processing & Multitasking",Windows 11 Home,0.09216101694915255,0.388771186440678,0.05296610169491525,0.5747126436781609,1.4782799336026808,1.0,0.017136553792013787,1.4372136967475948,0.3563827304550758,0.12376237623762373,0.3042092471961592,0.35547621284725484
"DDR4, Gaming",Windows 10 Home,0.19809322033898305,0.4523305084745763,0.13241525423728814,0.6684491978609626,1.4777893273553833,1.0,0.04281164715598966,1.6518418534718424,0.40318097754293264,0.2556237218813906,0.39461516978868216,0.48059462234968503
"Core i5, DDR4","Intel, Processing & Multitasking",0.2711864406779661,0.5709745762711864,0.2288135593220339,0.84375,1.4777365491651206,1.0,0.07397299626544096,2.745762711864407,0.44358311800172257,0.37305699481865295,0.6358024691358025,0.6222460575139146
"8 GB, Everyday Use, Windows 11 Home",Thin and Light Laptop,0.08792372881355932,0.513771186440678,0.06673728813559322,0.7590361445783133,1.4773816917153149,1.0,0.02156460966676242,2.0178495762711863,0.3542761277952915,0.12475247524752474,0.5044229204399296,0.44446652589740404
Transparent Silver,"Processing & Multitasking, Thin and Light Laptop",0.0815677966101695,0.4661016949152542,0.05614406779661017,0.6883116883116883,1.476741440377804,1.0,0.018125179546107442,1.7129237288135595,0.35150486387673835,0.1142241379310345,0.4162028447742734,0.4043831168831169
"Core i3, Processing & Multitasking","DDR4, Thin and Light Laptop",0.17372881355932204,0.4459745762711864,0.11440677966101695,0.6585365853658536,1.4766236023405364,1.0,0.03692814564780236,1.6225030266343823,0.3906457739791074,0.22641509433962267,0.3836683299911392,0.45753432593708354
"Core i3, Intel, Processing & Multitasking","DDR4, Thin and Light Laptop",0.17372881355932204,0.4459745762711864,0.11440677966101695,0.6585365853658536,1.4766236023405364,1.0,0.03692814564780236,1.6225030266343823,0.3906457739791074,0.22641509433962267,0.3836683299911392,0.45753432593708354
"8 GB, Core i5","Intel, Processing & Multitasking",0.2086864406779661,0.5709745762711864,0.17584745762711865,0.8426395939086294,1.4757917934132583,1.0,0.05669280558747487,2.7263873701476213,0.4074208480508379,0.2912280701754386,0.6332142633327066,0.5753086652288972
"Core i3, Everyday Use",8 GB,0.08792372881355932,0.5720338983050848,0.07415254237288135,0.8433734939759036,1.474341811691209,1.0,0.02385718902614191,2.732398956975227,0.3527459764393562,0.12658227848101264,0.6340212334486459,0.4865015618027666
"Core i3, Everyday Use, Intel",8 GB,0.08792372881355932,0.5720338983050848,0.07415254237288135,0.8433734939759036,1.474341811691209,1.0,0.02385718902614191,2.732398956975227,0.3527459764393562,0.12658227848101264,0.6340212334486459,0.4865015618027666
"AMD, Gaming",Windows 10 Home,0.09851694915254237,0.4523305084745763,0.06567796610169492,0.6666666666666667,1.473848555815769,1.0,0.021115744398161454,1.6430084745762714,0.35663924794359586,0.13537117903930132,0.39136041263700855,0.4059328649492584
"8 GB, Core i3","Intel, Processing & Multitasking, Thin and Light Laptop",0.17584745762711865,0.3474576271186441,0.09004237288135593,0.5120481927710843,1.4736996767558035,1.0,0.02894283251939097,1.337309060472902,0.39001965824890356,0.20782396088019556,0.2522296980128304,0.3855972671172494
"Core i3, Processing & Multitasking, Windows 11 Home","DDR4, Intel",0.07838983050847458,0.614406779661017,0.07097457627118645,0.9054054054054055,1.4736253494874185,1.0,0.02281133295030164,4.076271186440681,0.3487390633041688,0.11413969335604769,0.7546777546777549,0.510461323392358
"Core i3, Thin and Light Laptop","Intel, Processing & Multitasking",0.13983050847457626,0.5709745762711864,0.11758474576271187,0.840909090909091,1.472761005228538,1.0,0.037745080436656156,2.6967312348668306,0.37318599387564927,0.19821428571428573,0.6291806958473629,0.5234230055658627
"Core i5, Windows 11 Home","Intel, Processing & Multitasking",0.1059322033898305,0.5709745762711864,0.08898305084745763,0.8400000000000001,1.4711688311688313,1.0,0.028498455903476015,2.681408898305086,0.3582148499210111,0.15135135135135136,0.6270617283950619,0.497922077922078
"DDR4, Everyday Use, Thin and Light Laptop, Windows 11 Home",8 GB,0.07309322033898305,0.5720338983050848,0.0614406779661017,0.8405797101449276,1.4694578636607623,1.0,0.019628878195920713,2.6845146379044693,0.34466995073891626,0.10526315789473686,0.627493184101019,0.4739935587761675
"Gaming Laptop, Intel","DDR4, Windows 10 Home",0.1271186440677966,0.4141949152542373,0.07733050847457627,0.6083333333333334,1.4687127024722935,1.0,0.0246786124676817,1.4956725567976923,0.3656071286075276,0.16666666666666666,0.3314044605183846,0.39751705029838025
"Everyday Use, Processing & Multitasking",Windows 11 Home,0.1281779661016949,0.388771186440678,0.07309322033898305,0.5702479338842975,1.4667957754408087,1.0,0.023261320382074117,1.4222824315514992,0.3650307288640005,0.16467780429594273,0.29690476531503784,0.3791294165334294
"Thin and Light Laptop, Windows 10 Home","8 GB, Processing & Multitasking",0.211864406779661,0.4533898305084746,0.1408898305084746,0.6650000000000001,1.466728971962617,1.0,0.044832663027865566,1.6316721477358975,0.4037513137682917,0.2686868686868687,0.3871317829457367,0.487873831775701
"Core i3, DDR4, Thin and Light Laptop","Intel, Processing & Multitasking",0.13665254237288135,0.5709745762711864,0.11440677966101695,0.8372093023255814,1.4662812270785694,1.0,0.03638165218328067,2.6354418886198556,0.36833674164962515,0.19285714285714287,0.6205569910996269,0.5187901799197481
"AMD, DDR4, Gaming",Windows 10 Home,0.0847457627118644,0.4523305084745763,0.05614406779661017,0.6625000000000001,1.4646370023419206,1.0,0.017810973858086762,1.622724419334589,0.3466107617051014,0.11674008810572686,0.38375241779497116,0.39331088992974245
"Core i3, Windows 10 Home","DDR4, Processing & Multitasking, Thin and Light Laptop",0.08898305084745763,0.3983050847457627,0.05190677966101695,0.5833333333333334,1.4645390070921986,1.0,0.016464378052283825,1.4440677966101696,0.348172757475083,0.1192214111922141,0.307511737089202,0.3568262411347518
"Core i3, Intel, Windows 10 Home","DDR4, Processing & Multitasking, Thin and Light Laptop",0.08898305084745763,0.3983050847457627,0.05190677966101695,0.5833333333333334,1.4645390070921986,1.0,0.016464378052283825,1.4440677966101696,0.348172757475083,0.1192214111922141,0.307511737089202,0.3568262411347518
"Core i3, DDR4, Everyday Use, Intel",8 GB,0.0847457627118644,0.5720338983050848,0.07097457627118645,0.8375000000000001,1.4640740740740743,1.0,0.02249712726228096,2.6336375488917882,0.3463239358761747,0.12115732368896925,0.6202970297029706,0.4807870370370371
"Core i3, DDR4, Everyday Use",8 GB,0.0847457627118644,0.5720338983050848,0.07097457627118645,0.8375000000000001,1.4640740740740743,1.0,0.02249712726228096,2.6336375488917882,0.3463239358761747,0.12115732368896925,0.6202970297029706,0.4807870370370371
"8 GB, Core i5, DDR4","Intel, Processing & Multitasking, Thin and Light Laptop",0.1917372881355932,0.3474576271186441,0.09745762711864407,0.5082872928176796,1.4628756232313704,1.0,0.03083704395288711,1.3270805560845556,0.3914752977377629,0.2206235011990408,0.24646624094137906,0.3943875488478642
"Core i3, Thin and Light Laptop","8 GB, DDR4, Processing & Multitasking",0.13983050847457626,0.4247881355932203,0.08686440677966102,0.6212121212121213,1.462404594574171,1.0,0.02746606578569378,1.5185593220338987,0.36759581881533115,0.18181818181818182,0.3414811094369108,0.4128504496334921
"Core i3, Intel, Thin and Light Laptop","8 GB, DDR4, Processing & Multitasking",0.13983050847457626,0.4247881355932203,0.08686440677966102,0.6212121212121213,1.462404594574171,1.0,0.02746606578569378,1.5185593220338987,0.36759581881533115,0.18181818181818182,0.3414811094369108,0.4128504496334921
"8 GB, Everyday Use, Processing & Multitasking",Windows 11 Home,0.09322033898305085,0.388771186440678,0.05296610169491525,0.5681818181818181,1.4614812979935594,1.0,0.016724719908072387,1.4154772524531665,0.3482242990654204,0.12345679012345678,0.29352449976366773,0.35221080009908345
"8 GB, Core i5, DDR4","Intel, Processing & Multitasking",0.1917372881355932,0.5709745762711864,0.15995762711864406,0.8342541436464088,1.4611055873881447,1.0,0.050480510270037346,2.588453389830508,0.39045073038632794,0.26537785588752194,0.6136689175363208,0.5572012833259874
"8 GB, DDR4, Processing & Multitasking, Windows 11 Home",Thin and Light Laptop,0.1440677966101695,0.513771186440678,0.10805084745762712,0.75,1.4597938144329896,1.0,0.03403296466532606,1.944915254237288,0.367986798679868,0.19653179190751444,0.485838779956427,0.48015463917525775
"Core i3, Windows 11 Home","8 GB, DDR4, Processing & Multitasking",0.09745762711864407,0.4247881355932203,0.06038135593220339,0.6195652173913043,1.4585275940583324,1.0,0.018982512209135306,1.5119854721549635,0.34832386129643356,0.13073394495412843,0.3386179838257667,0.3808549278976472
"Core i3, Intel, Windows 11 Home","8 GB, DDR4, Processing & Multitasking",0.09745762711864407,0.4247881355932203,0.06038135593220339,0.6195652173913043,1.4585275940583324,1.0,0.018982512209135306,1.5119854721549635,0.34832386129643356,0.13073394495412843,0.3386179838257667,0.3808549278976472
"DDR4, Gaming Laptop",Windows 10 Home,0.20233050847457626,0.4523305084745763,0.13347457627118645,0.6596858638743456,1.458415586644923,1.0,0.0419543144929618,1.609305736636245,0.3940534159657666,0.25609756097560976,0.3786140338440662,0.47738391554373016
Gaming Laptop,"DDR4, Windows 10 Home",0.22139830508474576,0.4141949152542373,0.13347457627118645,0.6028708133971292,1.4555244190457544,1.0,0.041772524059178404,1.4750995507453546,0.4019544325666775,0.2658227848101266,0.32207965252602166,0.46256072639165924
"Natural Silver, Thin and Light Laptop","DDR4, Processing & Multitasking",0.059322033898305086,0.6747881355932204,0.05826271186440678,0.9821428571428571,1.455483292217986,1.0,0.01823290721057167,18.21186440677961,0.33267813267813257,0.08620689655172414,0.9450907398790134,0.5342425431711145
"16 GB, Core i5","DDR4, Intel, Processing & Multitasking",0.09322033898305085,0.4841101694915254,0.06567796610169492,0.7045454545454546,1.45534115774816,1.0,0.02054905199655272,1.7460886571056065,0.34504069942719334,0.1283643892339545,0.42729139443718506,0.42010642530336184
"8 GB, DDR4, Intel, Processing & Multitasking, Windows 11 Home",Thin and Light Laptop,0.1048728813559322,0.513771186440678,0.07838983050847458,0.7474747474747475,1.4548786837446632,1.0,0.024509165828784832,1.9254661016949155,0.3492883415960339,0.14509803921568626,0.4806452322792193,0.4500260335311882
"8 GB, Core i5, Thin and Light Laptop","DDR4, Intel",0.11970338983050847,0.614406779661017,0.10699152542372882,0.8938053097345133,1.454745193774794,1.0,0.033444951163458775,3.6310028248587587,0.3551012140925283,0.17060810810810811,0.7245939900807159,0.5339716203844981
"Thin and Light Laptop, Transparent Silver","DDR4, Processing & Multitasking",0.057203389830508475,0.6747881355932204,0.05614406779661017,0.9814814814814815,1.454503168788883,1.0,0.01754389902326918,17.56144067796613,0.33143947424210307,0.08307210031347963,0.9430570635782363,0.532341996627711
"16 GB, Core i5, Processing & Multitasking",Thin and Light Laptop,0.0836864406779661,0.513771186440678,0.0625,0.7468354430379747,1.4536343468615425,1.0,0.01950431808388394,1.9206038135593217,0.3405701969236798,0.11683168316831684,0.4793304100824577,0.4342424637870286
"16 GB, Core i5, Intel, Processing & Multitasking",Thin and Light Laptop,0.0836864406779661,0.513771186440678,0.0625,0.7468354430379747,1.4536343468615425,1.0,0.01950431808388394,1.9206038135593217,0.3405701969236798,0.11683168316831684,0.4793304100824577,0.4342424637870286
"8 GB, Core i3, Windows 11 Home","DDR4, Intel, Processing & Multitasking",0.0858050847457627,0.4841101694915254,0.06038135593220339,0.7037037037037037,1.4536023988978037,1.0,0.018842241812697502,1.7411281779661019,0.3413429285844972,0.11850311850311852,0.42565974598828815,0.4142150903638869
"Core i3, DDR4, Intel, Processing & Multitasking, Windows 11 Home",Thin and Light Laptop,0.07097457627118645,0.513771186440678,0.05296610169491525,0.7462686567164178,1.4525311586397907,1.0,0.0165014094369434,1.9163135593220333,0.3353477765108322,0.099601593625498,0.478164731896075,0.4246807201107862
"Core i3, DDR4, Processing & Multitasking, Windows 11 Home",Thin and Light Laptop,0.07097457627118645,0.513771186440678,0.05296610169491525,0.7462686567164178,1.4525311586397907,1.0,0.0165014094369434,1.9163135593220333,0.3353477765108322,0.099601593625498,0.478164731896075,0.4246807201107862
"Core i3, Thin and Light Laptop, Windows 10 Home","DDR4, Processing & Multitasking",0.05296610169491525,0.6747881355932204,0.05190677966101695,0.9800000000000001,1.4523076923076923,1.0,0.016165882648664177,16.260593220339057,0.32885906040268453,0.0768025078369906,0.9385016286644954,0.5284615384615385
"Core i3, Intel, Thin and Light Laptop, Windows 10 Home","DDR4, Processing & Multitasking",0.05296610169491525,0.6747881355932204,0.05190677966101695,0.9800000000000001,1.4523076923076923,1.0,0.016165882648664177,16.260593220339057,0.32885906040268453,0.0768025078369906,0.9385016286644954,0.5284615384615385
"8 GB, Core i5, DDR4, Thin and Light Laptop","Processing & Multitasking, Windows 10 Home",0.10699152542372882,0.375,0.05826271186440678,0.5445544554455445,1.452145214521452,1.0,0.018140889830508468,1.3722826086956519,0.3486681764261834,0.1375,0.2712871287128712,0.34996084354198126
"8 GB, Core i5, DDR4, Intel, Thin and Light Laptop","Processing & Multitasking, Windows 10 Home",0.10699152542372882,0.375,0.05826271186440678,0.5445544554455445,1.452145214521452,1.0,0.018140889830508468,1.3722826086956519,0.3486681764261834,0.1375,0.2712871287128712,0.34996084354198126
"Core i3, Thin and Light Laptop, Windows 11 Home","Intel, Processing & Multitasking",0.06779661016949153,0.5709745762711864,0.05614406779661017,0.828125,1.4503710575139148,1.0,0.017433927032461938,2.4961479198767336,0.3331046312178388,0.09636363636363637,0.5993827160493828,0.46322762059369205
"8 GB, Core i3, Processing & Multitasking, Windows 11 Home","DDR4, Intel",0.06779661016949153,0.614406779661017,0.06038135593220339,0.890625,1.4495689655172412,1.0,0.018726659006032743,3.5254237288135593,0.3326953748006379,0.09710391822827938,0.7163461538461539,0.4944504310344828
"Everyday Use, Thin and Light Laptop, Windows 11 Home",8 GB,0.08050847457627118,0.5720338983050848,0.06673728813559322,0.8289473684210528,1.449122807017544,1.0,0.02068371157713301,2.501955671447199,0.33706385780118503,0.11392405063291139,0.6003126628452322,0.47280701754385973
LPDDR4X,"Processing & Multitasking, Thin and Light Laptop",0.0847457627118644,0.4661016949152542,0.057203389830508475,0.675,1.4481818181818182,1.0,0.017703246193622527,1.6427640156453718,0.3381344307270234,0.11587982832618027,0.3912698412698414,0.39886363636363636
"8 GB, DDR4, Everyday Use, Windows 11 Home",Thin and Light Laptop,0.0826271186440678,0.513771186440678,0.0614406779661017,0.7435897435897436,1.4473169442241607,1.0,0.01898924518816432,1.896292372881356,0.3369037190411722,0.11485148514851487,0.47265515892966875,0.4315886862278615
"8 GB, Core i5, DDR4","Intel, Thin and Light Laptop",0.1917372881355932,0.3855932203389831,0.10699152542372882,0.5580110497237569,1.4471495355473256,1.0,0.03305892703246194,1.3900953389830508,0.3822846242684557,0.22747747747747746,0.2806248809297009,0.4177417885981422
"AMD, DDR4, Gaming, Gaming Laptop",Windows 10 Home,0.0826271186440678,0.4523305084745763,0.05402542372881356,0.6538461538461539,1.4455053143577734,1.0,0.01665065713875323,1.582156308851224,0.3359597880722727,0.11233480176211455,0.3679511977384318,0.38664204647811207
"Core i5, Processing & Multitasking, Thin and Light Laptop, Windows 10 Home","DDR4, Intel",0.0847457627118644,0.614406779661017,0.07521186440677965,0.8875,1.4444827586206894,1.0,0.023143493249066352,3.42749529190207,0.33620239958268117,0.12054329371816637,0.7082417582417581,0.5049568965517242
"Core i5, Thin and Light Laptop, Windows 10 Home","DDR4, Intel",0.0847457627118644,0.614406779661017,0.07521186440677965,0.8875,1.4444827586206894,1.0,0.023143493249066352,3.42749529190207,0.33620239958268117,0.12054329371816637,0.7082417582417581,0.5049568965517242
"8 GB, Thin and Light Laptop, Windows 10 Home","DDR4, Intel, Processing & Multitasking",0.1440677966101695,0.4841101694915254,0.10063559322033898,0.6985294117647058,1.4429141459647317,1.0,0.030890907785119215,1.7112443158329886,0.3586242834809797,0.19076305220883535,0.4156299069935982,0.4532034367357446
"8 GB, Core i5, Windows 10 Home","Intel, Thin and Light Laptop",0.11440677966101695,0.3855932203389831,0.0635593220338983,0.5555555555555556,1.4407814407814408,1.0,0.019444843435794307,1.382415254237288,0.3454545454545454,0.14563106796116504,0.2766283524904215,0.3601953601953602
"Core i5, Windows 11 Home",Thin and Light Laptop,0.1059322033898305,0.513771186440678,0.07838983050847458,0.74,1.4403298969072165,1.0,0.023964916690606144,1.8701108213820077,0.34193672345331105,0.1448140900195695,0.4652723311546841,0.44628865979381444
"Core i5, Intel, Windows 11 Home",Thin and Light Laptop,0.1059322033898305,0.513771186440678,0.07838983050847458,0.74,1.4403298969072165,1.0,0.023964916690606144,1.8701108213820077,0.34193672345331105,0.1448140900195695,0.4652723311546841,0.44628865979381444
"8 GB, Core i5, Processing & Multitasking, Thin and Light Laptop","DDR4, Intel",0.11016949152542373,0.614406779661017,0.09745762711864407,0.8846153846153847,1.4397877984084881,1.0,0.029768744613616782,3.3418079096045217,0.34327122153209116,0.15540540540540537,0.7007607776838548,0.5216180371352785
"8 GB, Core i3, Windows 11 Home","DDR4, Thin and Light Laptop",0.0858050847457627,0.4459745762711864,0.05508474576271186,0.6419753086419754,1.4394885780475648,1.0,0.0168178594513071,1.547450321449445,0.3339647027364294,0.11555555555555555,0.3537757004933552,0.38274537403595205
"8 GB, Core i3, Intel, Windows 11 Home","DDR4, Thin and Light Laptop",0.0858050847457627,0.4459745762711864,0.05508474576271186,0.6419753086419754,1.4394885780475648,1.0,0.0168178594513071,1.547450321449445,0.3339647027364294,0.11555555555555555,0.3537757004933552,0.38274537403595205
"16 GB, Core i5, Intel","Processing & Multitasking, Thin and Light Laptop",0.09322033898305085,0.4661016949152542,0.0625,0.6704545454545454,1.4384297520661158,1.0,0.019049841999425457,1.6201052016364699,0.3361317915412641,0.1257995735607676,0.3827561327561327,0.4022727272727272
"16 GB, Core i5","Processing & Multitasking, Thin and Light Laptop",0.09322033898305085,0.4661016949152542,0.0625,0.6704545454545454,1.4384297520661158,1.0,0.019049841999425457,1.6201052016364699,0.3361317915412641,0.1257995735607676,0.3827561327561327,0.4022727272727272
"Core i5, Processing & Multitasking, Thin and Light Laptop","8 GB, DDR4, Intel",0.17478813559322035,0.3877118644067797,0.09745762711864407,0.5575757575757576,1.4381188938565987,1.0,0.029690193191611605,1.3839389366148134,0.3691745269855445,0.20956719817767655,0.2774247666981231,0.40447093889716845
"AMD, Gaming Laptop","DDR4, Windows 10 Home",0.09427966101694915,0.4141949152542373,0.05614406779661017,0.5955056179775281,1.437742463863904,1.0,0.017093911591496702,1.4482403483992468,0.33615800507558213,0.12412177985948479,0.3095068777048581,0.3655277450501451
"Core i5, Intel, Windows 11 Home","Processing & Multitasking, Thin and Light Laptop",0.1059322033898305,0.4661016949152542,0.07097457627118645,0.67,1.4374545454545455,1.0,0.02159939672507901,1.6178736517719572,0.3403833911013653,0.1416490486257928,0.381904761904762,0.41113636363636363
"Core i5, Windows 11 Home","Processing & Multitasking, Thin and Light Laptop",0.1059322033898305,0.4661016949152542,0.07097457627118645,0.67,1.4374545454545455,1.0,0.02159939672507901,1.6178736517719572,0.3403833911013653,0.1416490486257928,0.381904761904762,0.41113636363636363
Gaming,"DDR4, Windows 10 Home",0.22245762711864406,0.4141949152542373,0.13241525423728814,0.5952380952380953,1.4370965777615397,1.0,0.04027443622522264,1.4472831505483554,0.3911716621253406,0.26260504201680673,0.30905020235942493,0.4574655949336257
Core i5,"DDR4, Intel",0.3072033898305085,0.614406779661017,0.2711864406779661,0.8827586206896552,1.4367657550535076,1.0,0.08243859523125538,3.288883349950149,0.43879013761467883,0.4169381107491856,0.6959454338764683,0.6620689655172414
"Core i3, DDR4, Thin and Light Laptop, Windows 11 Home","Intel, Processing & Multitasking",0.0646186440677966,0.5709745762711864,0.05296610169491525,0.819672131147541,1.4355667751452297,1.0,0.01607049877908647,2.379140986132512,0.3243714609286524,0.09090909090909091,0.5796802266747623,0.4562182548131026
"8 GB, Intel, Processing & Multitasking, Windows 11 Home","DDR4, Thin and Light Laptop",0.1228813559322034,0.4459745762711864,0.07838983050847458,0.6379310344827586,1.430420181833074,1.0,0.023587869864981327,1.5301654560129134,0.3430604517561039,0.15982721382289417,0.34647590162853553,0.4068515029895978
"8 GB, Core i3, Intel, Processing & Multitasking","DDR4, Thin and Light Laptop",0.13665254237288135,0.4459745762711864,0.08686440677966102,0.6356589147286822,1.4253254525032684,1.0,0.025920847098534913,1.5206229715109991,0.34563818644321426,0.17521367521367523,0.3423747906383862,0.41521663076101567
"8 GB, Core i3, Processing & Multitasking","DDR4, Thin and Light Laptop",0.13665254237288135,0.4459745762711864,0.08686440677966102,0.6356589147286822,1.4253254525032684,1.0,0.025920847098534913,1.5206229715109991,0.34563818644321426,0.17521367521367523,0.3423747906383862,0.41521663076101567
"Core i3, Thin and Light Laptop","8 GB, DDR4",0.13983050847457626,0.5423728813559322,0.10805084745762712,0.7727272727272728,1.4247159090909092,1.0,0.03221057167480611,2.013559322033899,0.3465662126919735,0.18819188191881922,0.5033670033670036,0.4859730113636364
"Core i3, Intel, Thin and Light Laptop","8 GB, DDR4",0.13983050847457626,0.5423728813559322,0.10805084745762712,0.7727272727272728,1.4247159090909092,1.0,0.03221057167480611,2.013559322033899,0.3465662126919735,0.18819188191881922,0.5033670033670036,0.4859730113636364
"DDR4, Everyday Use, Thin and Light Laptop",8 GB,0.11440677966101695,0.5720338983050848,0.09322033898305085,0.8148148148148148,1.4244170096021946,1.0,0.02777578282102844,2.311016949152542,0.3364506307090039,0.1571428571428571,0.5672900623395671,0.4888888888888889
"8 GB, Intel, Windows 11 Home","DDR4, Thin and Light Laptop",0.15677966101694915,0.4459745762711864,0.09957627118644068,0.6351351351351351,1.4241509918469537,1.0,0.029656528296466533,1.518440050219711,0.35320218111835777,0.19789473684210523,0.341429383494393,0.4292065224369262
"Core i7, Gaming Laptop","DDR4, Intel",0.059322033898305086,0.614406779661017,0.05190677966101695,0.875,1.4241379310344826,1.0,0.015458919850617633,3.084745762711864,0.31660231660231647,0.08347529812606475,0.6758241758241758,0.47974137931034483
"DDR4, Ryzen 5 Hexa Core",8 GB,0.0847457627118644,0.5720338983050848,0.06885593220338983,0.8125,1.4203703703703703,1.0,0.02037848319448434,2.2824858757062145,0.32336182336182334,0.1171171171171171,0.5618811881188118,0.4664351851851852
"AMD, DDR4, Ryzen 5 Hexa Core",8 GB,0.0847457627118644,0.5720338983050848,0.06885593220338983,0.8125,1.4203703703703703,1.0,0.02037848319448434,2.2824858757062145,0.32336182336182334,0.1171171171171171,0.5618811881188118,0.4664351851851852
"Core i3, Thin and Light Laptop","8 GB, Processing & Multitasking",0.13983050847457626,0.4533898305084746,0.09004237288135593,0.6439393939393939,1.4202775417728688,1.0,0.02664464234415398,1.535160476018752,0.3440162271805274,0.17894736842105263,0.3486023020906741,0.4212687623902577
"Core i3, Intel, Thin and Light Laptop","8 GB, Processing & Multitasking",0.13983050847457626,0.4533898305084746,0.09004237288135593,0.6439393939393939,1.4202775417728688,1.0,0.02664464234415398,1.535160476018752,0.3440162271805274,0.17894736842105263,0.3486023020906741,0.4212687623902577
"Core i3, Processing & Multitasking, Windows 11 Home","8 GB, DDR4",0.07838983050847458,0.5423728813559322,0.06038135593220339,0.7702702702702703,1.4201858108108107,1.0,0.017864837690318873,1.992023928215354,0.32103246622302883,0.10775047258979206,0.49799799799799804,0.44079919763513514
"Core i3, Intel, Processing & Multitasking, Windows 11 Home","8 GB, DDR4",0.07838983050847458,0.5423728813559322,0.06038135593220339,0.7702702702702703,1.4201858108108107,1.0,0.017864837690318873,1.992023928215354,0.32103246622302883,0.10775047258979206,0.49799799799799804,0.44079919763513514
"8 GB, Windows 11 Home","DDR4, Thin and Light Laptop",0.2108050847457627,0.4459745762711864,0.13347457627118645,0.6331658291457287,1.4197352558517053,1.0,0.03946086792588338,1.5102884838634785,0.374613827633962,0.25506072874493924,0.3378748426645658,0.4662266200360473
"Core i5, DDR4, Windows 11 Home","Intel, Processing & Multitasking",0.0836864406779661,0.5709745762711864,0.06779661016949153,0.810126582278481,1.4188487823207534,1.0,0.020013780163746053,2.2595338983050848,0.3221640173410405,0.11552346570397114,0.5574308485700891,0.46443249336558556
"8 GB, Core i3, Thin and Light Laptop","Intel, Processing & Multitasking",0.11122881355932203,0.5709745762711864,0.09004237288135593,0.8095238095238095,1.417793091262479,1.0,0.02653354819017524,2.2523834745762716,0.33155717590969647,0.15205724508050092,0.5560258671369783,0.4836116264687693
"Core i5, Processing & Multitasking","DDR4, Intel",0.2627118644067797,0.614406779661017,0.2288135593220339,0.8709677419354838,1.4175750834260288,1.0,0.06740160873312265,2.988347457627116,0.3995317156236695,0.3529411764705882,0.6653668911733425,0.6216907675194661
"Everyday Use, Thin and Light Laptop",8 GB,0.1228813559322034,0.5720338983050848,0.09957627118644068,0.8103448275862069,1.4166028097062577,1.0,0.02928397012352771,2.2565485362095523,0.33528625758042946,0.16725978647686832,0.5568453397063843,0.49220945083014045
"Core i5, DDR4, Windows 10 Home","Intel, Thin and Light Laptop",0.13771186440677965,0.3855932203389831,0.07521186440677965,0.5461538461538461,1.4163989856297545,1.0,0.02211110313128411,1.3537776501005454,0.3409350451603972,0.16784869976359335,0.2613262599469495,0.37060439560439556
"8 GB, Core i5, Intel, Thin and Light Laptop","Processing & Multitasking, Windows 10 Home",0.11970338983050847,0.375,0.0635593220338983,0.5309734513274336,1.4159292035398228,1.0,0.018670550847457626,1.3325471698113205,0.33369434416365823,0.14742014742014742,0.2495575221238937,0.3502324883755812
"8 GB, Core i5, Thin and Light Laptop","Processing & Multitasking, Windows 10 Home",0.11970338983050847,0.375,0.0635593220338983,0.5309734513274336,1.4159292035398228,1.0,0.018670550847457626,1.3325471698113205,0.33369434416365823,0.14742014742014742,0.2495575221238937,0.3502324883755812
"8 GB, Processing & Multitasking, Windows 11 Home",Thin and Light Laptop,0.163135593220339,0.513771186440678,0.11864406779661017,0.7272727272727273,1.4155576382380506,1.0,0.03482970051709279,1.7828389830508475,0.35079113924050637,0.2125237191650854,0.43909685086155675,0.4791002811621368
"8 GB, Processing & Multitasking, Windows 11 Home","Intel, Thin and Light Laptop",0.163135593220339,0.3855932203389831,0.08898305084745763,0.5454545454545454,1.4145854145854144,1.0,0.026079072105716736,1.351694915254237,0.3502109704641349,0.1935483870967742,0.2601880877742946,0.38811188811188807
"Processing & Multitasking, Transparent Silver",Thin and Light Laptop,0.07733050847457627,0.513771186440678,0.05614406779661017,0.726027397260274,1.4131337381725744,1.0,0.016413880709566217,1.7747351694915254,0.3168554903277517,0.10495049504950496,0.4365356492673173,0.417652873887869
"AMD, DDR4, Gaming Laptop",Windows 10 Home,0.08792372881355932,0.4523305084745763,0.05614406779661017,0.6385542168674699,1.4116983155102847,1.0,0.016373482835392132,1.5152189265536724,0.3197466745556944,0.11597374179431073,0.34002936310037063,0.38133799836347737
"DDR4, Everyday Use, Processing & Multitasking",Windows 11 Home,0.11970338983050847,0.388771186440678,0.06567796610169492,0.5486725663716815,1.4112994622748427,1.0,0.019140737216317157,1.354291292788302,0.3310624587554832,0.14832535885167467,0.2616064170794927,0.35880494803597696
"8 GB, DDR4, Processing & Multitasking, Windows 11 Home","Intel, Thin and Light Laptop",0.1440677966101695,0.3855932203389831,0.07838983050847458,0.5441176470588235,1.4111182934712345,1.0,0.02283826486641769,1.3477310005467464,0.3403799839443403,0.1737089201877934,0.2580121703853955,0.37370717517776336
Gaming,Windows 10 Home,0.22245762711864406,0.4523305084745763,0.1419491525423729,0.6380952380952382,1.410683617709379,1.0,0.04132478095374893,1.5132972792149868,0.37441538899507915,0.2664015904572564,0.33919130514875206,0.4759562841530055
"Everyday Use, Processing & Multitasking, Windows 11 Home",Thin and Light Laptop,0.07309322033898305,0.513771186440678,0.05296610169491525,0.7246376811594203,1.4104288062154489,1.0,0.015412911160586032,1.765778322925959,0.313942857142857,0.0992063492063492,0.43367749676360073,0.41386523233228745
"8 GB, Intel, Processing & Multitasking, Windows 11 Home",Thin and Light Laptop,0.1228813559322034,0.513771186440678,0.08898305084745763,0.7241379310344828,1.4094560966939211,1.0,0.02585015081873024,1.7625794491525424,0.33120542903151584,0.16247582205029013,0.4326496882277815,0.44866690366157125
Core i3,"8 GB, DDR4",0.22033898305084745,0.5423728813559322,0.1684322033898305,0.7644230769230769,1.409405048076923,1.0,0.04892631427750646,1.9425804219993077,0.37257314738856984,0.2834224598930481,0.4852207977207976,0.5374849759615384
"Core i3, Intel","8 GB, DDR4",0.22033898305084745,0.5423728813559322,0.1684322033898305,0.7644230769230769,1.409405048076923,1.0,0.04892631427750646,1.9425804219993077,0.37257314738856984,0.2834224598930481,0.4852207977207976,0.5374849759615384
"Core i3, Windows 11 Home","Intel, Processing & Multitasking",0.09745762711864407,0.5709745762711864,0.07838983050847458,0.8043478260869564,1.408727918044688,1.0,0.02274400316001149,2.1927966101694905,0.32146935668062426,0.13285457809694795,0.5439613526570046,0.47081955311768975
"8 GB, Core i3, DDR4, Thin and Light Laptop","Intel, Processing & Multitasking",0.10805084745762712,0.5709745762711864,0.08686440677966102,0.803921568627451,1.407981374367929,1.0,0.025170119936799774,2.1880296610169494,0.3248653032848619,0.14669051878354203,0.542967804405713,0.47802757466623014
"Everyday Use, Thin and Light Laptop, Windows 11 Home","8 GB, DDR4",0.08050847457627118,0.5423728813559322,0.0614406779661017,0.7631578947368421,1.4070723684210527,1.0,0.017775064636598684,1.9322033898305089,0.3146353090735739,0.10943396226415096,0.4824561403508773,0.4382195723684211
"Core i7, DDR4",Windows 10 Home,0.0815677966101695,0.4523305084745763,0.05190677966101695,0.6363636363636364,1.4068554396423247,1.0,0.015011176745188162,1.506091101694915,0.31487889273356395,0.1076923076923077,0.3360295410585546,0.37555886736214605
"Core i7, DDR4, Intel",Windows 10 Home,0.0815677966101695,0.4523305084745763,0.05190677966101695,0.6363636363636364,1.4068554396423247,1.0,0.015011176745188162,1.506091101694915,0.31487889273356395,0.1076923076923077,0.3360295410585546,0.37555886736214605
"Everyday Use, Windows 11 Home","DDR4, Thin and Light Laptop",0.11652542372881355,0.4459745762711864,0.07309322033898305,0.6272727272727273,1.4065212697041678,1.0,0.021125843866704977,1.4864096734187684,0.3271469780697182,0.14935064935064934,0.32723796280201645,0.39558410710429714
"Core i5, Windows 11 Home","8 GB, Intel",0.1059322033898305,0.413135593220339,0.0614406779661017,0.5800000000000001,1.403897435897436,1.0,0.017676314277506468,1.3972962066182408,0.32178460532766795,0.13425925925925924,0.284332129963899,0.3643589743589744
"AMD, DDR4, Thin and Light Laptop","8 GB, Processing & Multitasking",0.1048728813559322,0.4533898305084746,0.06673728813559322,0.6363636363636364,1.4035683942225998,1.0,0.019188990232691758,1.5031779661016949,0.3212172442941674,0.13577586206896552,0.3347427766032417,0.39177994902293967
"8 GB, Core i3",Intel,0.17584745762711865,0.7129237288135594,0.17584745762711865,1.0,1.4026745913818721,1.0,0.05048163243320883,inf,0.3483290488431875,0.24665676077265972,1.0,0.6233283803863299
"Core i3, DDR4, Everyday Use, Thin and Light Laptop",Intel,0.05190677966101695,0.7129237288135594,0.05190677966101695,1.0,1.4026745913818721,1.0,0.01490120475438092,inf,0.3027932960893854,0.07280832095096582,1.0,0.5364041604754829
"8 GB, Core i3, Windows 10 Home",Intel,0.0625,0.7129237288135594,0.0625,1.0,1.4026745913818721,1.0,0.01794226694915254,inf,0.3062146892655367,0.08766716196136701,1.0,0.5438335809806835
"Core i5, DDR4, Processing & Multitasking",Intel,0.2288135593220339,0.7129237288135594,0.2288135593220339,1.0,1.4026745913818721,1.0,0.06568694340706693,inf,0.37225274725274726,0.3209509658246657,1.0,0.6604754829123328
"Core i5, DDR4, Thin and Light Laptop",Intel,0.15572033898305085,0.7129237288135594,0.15572033898305085,1.0,1.4026745913818721,1.0,0.044703614263142774,inf,0.34002509410288584,0.21842496285289748,1.0,0.6092124814264488
"8 GB, Core i3, Processing & Multitasking, Windows 10 Home",Intel,0.05296610169491525,0.7129237288135594,0.05296610169491525,1.0,1.4026745913818721,1.0,0.015205310973858084,inf,0.3031319910514541,0.07429420505200593,1.0,0.537147102526003
"Core i5, Processing & Multitasking, Windows 11 Home",Intel,0.08898305084745763,0.7129237288135594,0.08898305084745763,1.0,1.4026745913818721,1.0,0.025544922436081585,inf,0.3151162790697674,0.12481426448736997,1.0,0.562407132243685
"Core i5, Processing & Multitasking, Windows 10 Home",Intel,0.13135593220338984,0.7129237288135594,0.13135593220338984,1.0,1.4026745913818721,1.0,0.03770917121516805,inf,0.3304878048780487,0.18424962852897475,1.0,0.5921248142644874
"Core i5, Processing & Multitasking, Thin and Light Laptop, Windows 10 Home",Intel,0.0847457627118644,0.7129237288135594,0.0847457627118644,1.0,1.4026745913818721,1.0,0.024328497558172936,inf,0.3136574074074074,0.1188707280832095,1.0,0.5594353640416048
"Core i5, Processing & Multitasking, Thin and Light Laptop, Windows 11 Home",Intel,0.07097457627118645,0.7129237288135594,0.07097457627118645,1.0,1.4026745913818721,1.0,0.020375116704969838,inf,0.3090079817559863,0.09955423476968797,1.0,0.549777117384844
"Core i7, DDR4, Gaming Laptop",Intel,0.05190677966101695,0.7129237288135594,0.05190677966101695,1.0,1.4026745913818721,1.0,0.01490120475438092,inf,0.3027932960893854,0.07280832095096582,1.0,0.5364041604754829
"8 GB, Core i3, DDR4",Intel,0.1684322033898305,0.7129237288135594,0.1684322033898305,1.0,1.4026745913818721,1.0,0.0483528888968687,inf,0.3452229299363056,0.23625557206537884,1.0,0.6181277860326895
"16 GB, Core i5",Intel,0.09322033898305085,0.7129237288135594,0.09322033898305085,1.0,1.4026745913818721,1.0,0.026761347313990227,inf,0.3165887850467289,0.13075780089153047,1.0,0.5653789004457652
"Core i5, Gaming Laptop",Intel,0.05084745762711865,0.7129237288135594,0.05084745762711865,1.0,1.4026745913818721,1.0,0.014597098534903763,inf,0.3024553571428571,0.0713224368499257,1.0,0.5356612184249628
"Core i5, Gaming",Intel,0.05614406779661017,0.7129237288135594,0.05614406779661017,1.0,1.4026745913818721,1.0,0.01611762963228957,inf,0.30415263748597077,0.0787518573551263,1.0,0.5393759286775631
"8 GB, Core i3, DDR4, Thin and Light Laptop",Intel,0.10805084745762712,0.7129237288135594,0.10805084745762712,1.0,1.4026745913818721,1.0,0.031018834386670496,inf,0.3218527315914489,0.1515601783060921,1.0,0.575780089153046
"Core i5, DDR4, Processing & Multitasking, Windows 10 Home",Intel,0.12076271186440678,0.7129237288135594,0.12076271186440678,1.0,1.4026745913818721,1.0,0.03466810902039644,inf,0.32650602409638557,0.16939078751857353,1.0,0.5846953937592868
"Core i5, DDR4, Processing & Multitasking, Windows 11 Home",Intel,0.06779661016949153,0.7129237288135594,0.06779661016949153,1.0,1.4026745913818721,1.0,0.019462798046538346,inf,0.3079545454545454,0.0950965824665676,1.0,0.5475482912332839
"Core i5, DDR4, Thin and Light Laptop, Windows 11 Home",Intel,0.059322033898305086,0.7129237288135594,0.059322033898305086,1.0,1.4026745913818721,1.0,0.017029948290721054,inf,0.3051801801801801,0.08320950965824665,1.0,0.5416047548291233
"Core i5, Thin and Light Laptop",Intel,0.1853813559322034,0.7129237288135594,0.1853813559322034,1.0,1.4026745913818721,1.0,0.0532185884085033,inf,0.3524057217165149,0.2600297176820208,1.0,0.6300148588410104
Core i3,Intel,0.22033898305084745,0.7129237288135594,0.22033898305084745,1.0,1.4026745913818721,1.0,0.06325409365124962,inf,0.36820652173913027,0.3090638930163447,1.0,0.6545319465081724
"Core i7, DDR4, Processing & Multitasking",Intel,0.057203389830508475,0.7129237288135594,0.057203389830508475,1.0,1.4026745913818721,1.0,0.016421735851766733,inf,0.30449438202247187,0.08023774145616641,1.0,0.5401188707280832
"8 GB, Core i5, DDR4, Processing & Multitasking, Thin and Light Laptop",Intel,0.09745762711864407,0.7129237288135594,0.09745762711864407,1.0,1.4026745913818721,1.0,0.02797777219189887,inf,0.3180751173708919,0.13670133729569092,1.0,0.5683506686478454
"Core i3, DDR4, Windows 11 Home",Intel,0.09004237288135593,0.7129237288135594,0.09004237288135593,1.0,1.4026745913818721,1.0,0.025849028655558742,inf,0.3154831199068684,0.1263001485884101,1.0,0.563150074294205
"16 GB, Core i7",Intel,0.09745762711864407,0.7129237288135594,0.09745762711864407,1.0,1.4026745913818721,1.0,0.02797777219189887,inf,0.3180751173708919,0.13670133729569092,1.0,0.5683506686478454
"Core i7, Gaming, Gaming Laptop",Intel,0.05190677966101695,0.7129237288135594,0.05190677966101695,1.0,1.4026745913818721,1.0,0.01490120475438092,inf,0.3027932960893854,0.07280832095096582,1.0,0.5364041604754829
"Core i7, DDR4, Windows 10 Home",Intel,0.05190677966101695,0.7129237288135594,0.05190677966101695,1.0,1.4026745913818721,1.0,0.01490120475438092,inf,0.3027932960893854,0.07280832095096582,1.0,0.5364041604754829
"Core i5, DDR4",Intel,0.2711864406779661,0.7129237288135594,0.2711864406779661,1.0,1.4026745913818721,1.0,0.07785119218615338,inf,0.39389534883720917,0.38038632986627036,1.0,0.6901931649331352
"Core i3, Thin and Light Laptop, Windows 11 Home",Intel,0.06779661016949153,0.7129237288135594,0.06779661016949153,1.0,1.4026745913818721,1.0,0.019462798046538346,inf,0.3079545454545454,0.0950965824665676,1.0,0.5475482912332839
"8 GB, Core i5, DDR4, Windows 10 Home",Intel,0.10805084745762712,0.7129237288135594,0.10805084745762712,1.0,1.4026745913818721,1.0,0.031018834386670496,inf,0.3218527315914489,0.1515601783060921,1.0,0.575780089153046
"8 GB, Core i5, DDR4, Windows 11 Home",Intel,0.05190677966101695,0.7129237288135594,0.05190677966101695,1.0,1.4026745913818721,1.0,0.01490120475438092,inf,0.3027932960893854,0.07280832095096582,1.0,0.5364041604754829
"8 GB, Core i5, DDR4, Processing & Multitasking, Thin and Light Laptop, Windows 10 Home",Intel,0.05826271186440678,0.7129237288135594,0.05826271186440678,1.0,1.4026745913818721,1.0,0.01672584207124389,inf,0.3048368953880764,0.08172362555720653,1.0,0.5408618127786032
"Core i3, DDR4, Processing & Multitasking, Thin and Light Laptop, Windows 10 Home",Intel,0.05190677966101695,0.7129237288135594,0.05190677966101695,1.0,1.4026745913818721,1.0,0.01490120475438092,inf,0.3027932960893854,0.07280832095096582,1.0,0.5364041604754829
"Core i3, DDR4, Processing & Multitasking, Thin and Light Laptop",Intel,0.11440677966101695,0.7129237288135594,0.11440677966101695,1.0,1.4026745913818721,1.0,0.03284347170353347,inf,0.3241626794258373,0.16047548291233282,1.0,0.5802377414561664
"Core i5, DDR4, Everyday Use",Intel,0.05084745762711865,0.7129237288135594,0.05084745762711865,1.0,1.4026745913818721,1.0,0.014597098534903763,inf,0.3024553571428571,0.0713224368499257,1.0,0.5356612184249628
"8 GB, Core i5, DDR4, Thin and Light Laptop",Intel,0.10699152542372882,0.7129237288135594,0.10699152542372882,1.0,1.4026745913818721,1.0,0.03071472816719334,inf,0.32147093712930014,0.150074294205052,1.0,0.575037147102526
"Core i3, Thin and Light Laptop, Windows 10 Home",Intel,0.05296610169491525,0.7129237288135594,0.05296610169491525,1.0,1.4026745913818721,1.0,0.015205310973858084,inf,0.3031319910514541,0.07429420505200593,1.0,0.537147102526003
"8 GB, Core i3, Processing & Multitasking, Windows 11 Home",Intel,0.06779661016949153,0.7129237288135594,0.06779661016949153,1.0,1.4026745913818721,1.0,0.019462798046538346,inf,0.3079545454545454,0.0950965824665676,1.0,0.5475482912332839
"Core i3, DDR4, Windows 10 Home",Intel,0.08898305084745763,0.7129237288135594,0.08898305084745763,1.0,1.4026745913818721,1.0,0.025544922436081585,inf,0.3151162790697674,0.12481426448736997,1.0,0.562407132243685
"Core i3, DDR4, Thin and Light Laptop",Intel,0.13665254237288135,0.7129237288135594,0.13665254237288135,1.0,1.4026745913818721,1.0,0.03922970231255386,inf,0.3325153374233129,0.19167904903417532,1.0,0.5958395245170877
"8 GB, Core i3, DDR4, Thin and Light Laptop, Windows 11 Home",Intel,0.05508474576271186,0.7129237288135594,0.05508474576271186,1.0,1.4026745913818721,1.0,0.015813523412812405,inf,0.303811659192825,0.07726597325408617,1.0,0.5386329866270431
"Core i3, DDR4, Processing & Multitasking",Intel,0.1663135593220339,0.7129237288135594,0.1663135593220339,1.0,1.4026745913818721,1.0,0.04774467645791439,inf,0.3443456162642948,0.2332838038632987,1.0,0.6166419019316494
"8 GB, Core i5, Processing & Multitasking, Thin and Light Laptop",Intel,0.11016949152542373,0.7129237288135594,0.11016949152542373,1.0,1.4026745913818721,1.0,0.03162704682562481,inf,0.3226190476190475,0.15453194650817234,1.0,0.5772659732540861
"8 GB, Core i5, Processing & Multitasking, Windows 10 Home",Intel,0.10063559322033898,0.7129237288135594,0.10063559322033898,1.0,1.4026745913818721,1.0,0.028890090850330355,inf,0.3191990577149587,0.1411589895988113,1.0,0.5705794947994056
"8 GB, Core i3, DDR4, Processing & Multitasking",Intel,0.1292372881355932,0.7129237288135594,0.1292372881355932,1.0,1.4026745913818721,1.0,0.03710095877621372,inf,0.3296836982968369,0.18127786032689447,1.0,0.5906389301634473
"8 GB, Core i3, DDR4, Processing & Multitasking, Thin and Light Laptop",Intel,0.08686440677966102,0.7129237288135594,0.08686440677966102,1.0,1.4026745913818721,1.0,0.024936709997127257,inf,0.31438515081206486,0.12184249628528974,1.0,0.5609212481426449
"8 GB, Core i5, Thin and Light Laptop, Windows 10 Home",Intel,0.0635593220338983,0.7129237288135594,0.0635593220338983,1.0,1.4026745913818721,1.0,0.018246373168629704,inf,0.3065610859728507,0.08915304606240713,1.0,0.5445765230312035
"Core i5, Thin and Light Laptop, Windows 11 Home",Intel,0.07838983050847458,0.7129237288135594,0.07838983050847458,1.0,1.4026745913818721,1.0,0.022503860241309966,inf,0.3114942528735632,0.1099554234769688,1.0,0.5549777117384844
"Core i5, Thin and Light Laptop, Windows 10 Home",Intel,0.0847457627118644,0.7129237288135594,0.0847457627118644,1.0,1.4026745913818721,1.0,0.024328497558172936,inf,0.3136574074074074,0.1188707280832095,1.0,0.5594353640416048
"16 GB, Core i7, Processing & Multitasking",Intel,0.07309322033898305,0.7129237288135594,0.07309322033898305,1.0,1.4026745913818721,1.0,0.02098332914392416,inf,0.3097142857142857,0.1025260029717682,1.0,0.5512630014858841
"8 GB, Core i5, DDR4, Processing & Multitasking, Windows 10 Home",Intel,0.09427966101694915,0.7129237288135594,0.09427966101694915,1.0,1.4026745913818721,1.0,0.027065453533467385,inf,0.3169590643274853,0.13224368499257058,1.0,0.5661218424962853
"8 GB, Core i5, DDR4, Thin and Light Laptop, Windows 10 Home",Intel,0.05826271186440678,0.7129237288135594,0.05826271186440678,1.0,1.4026745913818721,1.0,0.01672584207124389,inf,0.3048368953880764,0.08172362555720653,1.0,0.5408618127786032
"Core i5, Processing & Multitasking",Intel,0.2627118644067797,0.7129237288135594,0.2627118644067797,1.0,1.4026745913818721,1.0,0.0754183424303361,inf,0.3893678160919539,0.36849925705794945,1.0,0.6842496285289748
"16 GB, Core i7, DDR4",Intel,0.0635593220338983,0.7129237288135594,0.0635593220338983,1.0,1.4026745913818721,1.0,0.018246373168629704,inf,0.3065610859728507,0.08915304606240713,1.0,0.5445765230312035
"Core i5, Windows 11 Home",Intel,0.1059322033898305,0.7129237288135594,0.1059322033898305,1.0,1.4026745913818721,1.0,0.030410621947716168,inf,0.3210900473933649,0.14858841010401186,1.0,0.5742942050520059
"Core i5, Windows 10 Home",Intel,0.1483050847457627,0.7129237288135594,0.1483050847457627,1.0,1.4026745913818721,1.0,0.04257487072680263,inf,0.33706467661691536,0.20802377414561665,1.0,0.6040118870728083
"8 GB, Core i3, Windows 11 Home",Intel,0.0858050847457627,0.7129237288135594,0.0858050847457627,1.0,1.4026745913818721,1.0,0.024632603777650093,inf,0.3140208574739281,0.12035661218424963,1.0,0.5601783060921248
"Core i3, Processing & Multitasking, Windows 11 Home",Intel,0.07838983050847458,0.7129237288135594,0.07838983050847458,1.0,1.4026745913818721,1.0,0.022503860241309966,inf,0.3114942528735632,0.1099554234769688,1.0,0.5549777117384844
"Core i3, Processing & Multitasking, Thin and Light Laptop",Intel,0.11758474576271187,0.7129237288135594,0.11758474576271187,1.0,1.4026745913818721,1.0,0.03375579036196495,inf,0.3253301320528211,0.1649331352154532,1.0,0.5824665676077266
"8 GB, Core i5, Processing & Multitasking, Thin and Light Laptop, Windows 10 Home",Intel,0.0635593220338983,0.7129237288135594,0.0635593220338983,1.0,1.4026745913818721,1.0,0.018246373168629704,inf,0.3065610859728507,0.08915304606240713,1.0,0.5445765230312035
"Core i3, Processing & Multitasking, Windows 10 Home",Intel,0.07521186440677965,0.7129237288135594,0.07521186440677965,1.0,1.4026745913818721,1.0,0.02159154158287848,inf,0.31042382588774337,0.10549777117384843,1.0,0.5527488855869243
"Core i3, Processing & Multitasking, Thin and Light Laptop, Windows 10 Home",Intel,0.05190677966101695,0.7129237288135594,0.05190677966101695,1.0,1.4026745913818721,1.0,0.01490120475438092,inf,0.3027932960893854,0.07280832095096582,1.0,0.5364041604754829
"8 GB, Core i3, Everyday Use",Intel,0.07415254237288135,0.7129237288135594,0.07415254237288135,1.0,1.4026745913818721,1.0,0.021287435363401316,inf,0.31006864988558347,0.10401188707280831,1.0,0.5520059435364042
"8 GB, Core i3, Processing & Multitasking",Intel,0.13665254237288135,0.7129237288135594,0.13665254237288135,1.0,1.4026745913818721,1.0,0.03922970231255386,inf,0.3325153374233129,0.19167904903417532,1.0,0.5958395245170877
"16 GB, Core i5, Processing & Multitasking, Thin and Light Laptop",Intel,0.0625,0.7129237288135594,0.0625,1.0,1.4026745913818721,1.0,0.01794226694915254,inf,0.3062146892655367,0.08766716196136701,1.0,0.5438335809806835
"16 GB, Core i5, Processing & Multitasking",Intel,0.0836864406779661,0.7129237288135594,0.0836864406779661,1.0,1.4026745913818721,1.0,0.024024391338695772,inf,0.3132947976878612,0.11738484398216936,1.0,0.5586924219910847
"16 GB, Core i5, Thin and Light Laptop",Intel,0.0635593220338983,0.7129237288135594,0.0635593220338983,1.0,1.4026745913818721,1.0,0.018246373168629704,inf,0.3065610859728507,0.08915304606240713,1.0,0.5445765230312035
"Core i3, Thin and Light Laptop",Intel,0.13983050847457626,0.7129237288135594,0.13983050847457626,1.0,1.4026745913818721,1.0,0.040142020970985334,inf,0.3337438423645319,0.19613670133729566,1.0,0.5980683506686478
"Core i3, Windows 10 Home",Intel,0.08898305084745763,0.7129237288135594,0.08898305084745763,1.0,1.4026745913818721,1.0,0.025544922436081585,inf,0.3151162790697674,0.12481426448736997,1.0,0.562407132243685
"8 GB, Core i5, DDR4",Intel,0.1917372881355932,0.7129237288135594,0.1917372881355932,1.0,1.4026745913818721,1.0,0.05504322572536627,inf,0.3551769331585845,0.2689450222882615,1.0,0.6344725111441307
"8 GB, Core i5",Intel,0.2086864406779661,0.7129237288135594,0.2086864406779661,1.0,1.4026745913818721,1.0,0.059908925237000865,inf,0.3627844712182062,0.2927191679049034,1.0,0.6463595839524516
"8 GB, Core i3, Thin and Light Laptop, Windows 11 Home",Intel,0.05826271186440678,0.7129237288135594,0.05826271186440678,1.0,1.4026745913818721,1.0,0.01672584207124389,inf,0.3048368953880764,0.08172362555720653,1.0,0.5408618127786032
"Core i3, DDR4, Everyday Use",Intel,0.0847457627118644,0.7129237288135594,0.0847457627118644,1.0,1.4026745913818721,1.0,0.024328497558172936,inf,0.3136574074074074,0.1188707280832095,1.0,0.5594353640416048
"Core i3, DDR4, Laptop",Intel,0.05084745762711865,0.7129237288135594,0.05084745762711865,1.0,1.4026745913818721,1.0,0.014597098534903763,inf,0.3024553571428571,0.0713224368499257,1.0,0.5356612184249628
"Core i7, Processing & Multitasking",Intel,0.08686440677966102,0.7129237288135594,0.08686440677966102,1.0,1.4026745913818721,1.0,0.024936709997127257,inf,0.31438515081206486,0.12184249628528974,1.0,0.5609212481426449
"Core i7, Windows 10 Home",Intel,0.0635593220338983,0.7129237288135594,0.0635593220338983,1.0,1.4026745913818721,1.0,0.018246373168629704,inf,0.3065610859728507,0.08915304606240713,1.0,0.5445765230312035
"Core i7, DDR4",Intel,0.0815677966101695,0.7129237288135594,0.0815677966101695,1.0,1.4026745913818721,1.0,0.02341617889974145,inf,0.3125720876585928,0.11441307578008918,1.0,0.5572065378900446
Core i7,Intel,0.11652542372881355,0.7129237288135594,0.11652542372881355,1.0,1.4026745913818721,1.0,0.03345168414248778,inf,0.3249400479616306,0.16344725111441305,1.0,0.5817236255572065
"8 GB, Core i3, Thin and Light Laptop",Intel,0.11122881355932203,0.7129237288135594,0.11122881355932203,1.0,1.4026745913818721,1.0,0.03193115304510198,inf,0.3230035756853397,0.15601783060921245,1.0,0.5780089153046062
"Core i5, DDR4, Thin and Light Laptop, Windows 10 Home",Intel,0.07521186440677965,0.7129237288135594,0.07521186440677965,1.0,1.4026745913818721,1.0,0.02159154158287848,inf,0.31042382588774337,0.10549777117384843,1.0,0.5527488855869243
"Core i3, Processing & Multitasking, Thin and Light Laptop, Windows 11 Home",Intel,0.05614406779661017,0.7129237288135594,0.05614406779661017,1.0,1.4026745913818721,1.0,0.01611762963228957,inf,0.30415263748597077,0.0787518573551263,1.0,0.5393759286775631
"8 GB, Core i3, DDR4, Windows 10 Home",Intel,0.0625,0.7129237288135594,0.0625,1.0,1.4026745913818721,1.0,0.01794226694915254,inf,0.3062146892655367,0.08766716196136701,1.0,0.5438335809806835
"Core i5, Processing & Multitasking, Thin and Light Laptop",Intel,0.17478813559322035,0.7129237288135594,0.17478813559322035,1.0,1.4026745913818721,1.0,0.050177526213731685,inf,0.34788189987163026,0.2451708766716196,1.0,0.6225854383358098
"8 GB, Core i3, DDR4, Windows 11 Home",Intel,0.07838983050847458,0.7129237288135594,0.07838983050847458,1.0,1.4026745913818721,1.0,0.022503860241309966,inf,0.3114942528735632,0.1099554234769688,1.0,0.5549777117384844
"Core i5, DDR4, Processing & Multitasking, Thin and Light Laptop",Intel,0.1451271186440678,0.7129237288135594,0.1451271186440678,1.0,1.4026745913818721,1.0,0.04166255206837115,inf,0.335811648079306,0.20356612184249628,1.0,0.6017830609212481
"Core i5, Everyday Use",Intel,0.05402542372881356,0.7129237288135594,0.05402542372881356,1.0,1.4026745913818721,1.0,0.015509417193335248,inf,0.303471444568869,0.07578008915304606,1.0,0.537890044576523
"16 GB, Core i7, Gaming Laptop",Intel,0.05084745762711865,0.7129237288135594,0.05084745762711865,1.0,1.4026745913818721,1.0,0.014597098534903763,inf,0.3024553571428571,0.0713224368499257,1.0,0.5356612184249628
"8 GB, Core i3, Processing & Multitasking, Thin and Light Laptop",Intel,0.09004237288135593,0.7129237288135594,0.09004237288135593,1.0,1.4026745913818721,1.0,0.025849028655558742,inf,0.3154831199068684,0.1263001485884101,1.0,0.563150074294205
"Core i3, Windows 11 Home",Intel,0.09745762711864407,0.7129237288135594,0.09745762711864407,1.0,1.4026745913818721,1.0,0.02797777219189887,inf,0.3180751173708919,0.13670133729569092,1.0,0.5683506686478454
"8 GB, Core i5, DDR4, Processing & Multitasking",Intel,0.15995762711864406,0.7129237288135594,0.15995762711864406,1.0,1.4026745913818721,1.0,0.045920039141051416,inf,0.3417402269861286,0.22436849925705793,1.0,0.612184249628529
"Core i7, Gaming",Intel,0.05190677966101695,0.7129237288135594,0.05190677966101695,1.0,1.4026745913818721,1.0,0.01490120475438092,inf,0.3027932960893854,0.07280832095096582,1.0,0.5364041604754829
"Core i3, DDR4, Thin and Light Laptop, Windows 11 Home",Intel,0.0646186440677966,0.7129237288135594,0.0646186440677966,1.0,1.4026745913818721,1.0,0.01855047938810686,inf,0.3069082672706681,0.09063893016344723,1.0,0.5453194650817236
"Core i3, Everyday Use, Thin and Light Laptop",Intel,0.05508474576271186,0.7129237288135594,0.05508474576271186,1.0,1.4026745913818721,1.0,0.015813523412812405,inf,0.303811659192825,0.07726597325408617,1.0,0.5386329866270431
"Core i3, DDR4, Thin and Light Laptop, Windows 10 Home",Intel,0.05296610169491525,0.7129237288135594,0.05296610169491525,1.0,1.4026745913818721,1.0,0.015205310973858084,inf,0.3031319910514541,0.07429420505200593,1.0,0.537147102526003
"16 GB, Core i5, DDR4",Intel,0.07415254237288135,0.7129237288135594,0.07415254237288135,1.0,1.4026745913818721,1.0,0.021287435363401316,inf,0.31006864988558347,0.10401188707280831,1.0,0.5520059435364042
"16 GB, Core i5, DDR4, Processing & Multitasking",Intel,0.06567796610169492,0.7129237288135594,0.06567796610169492,1.0,1.4026745913818721,1.0,0.018854585607584025,inf,0.30725623582766437,0.09212481426448738,1.0,0.5460624071322437
"Core i3, Processing & Multitasking",Intel,0.17372881355932204,0.7129237288135594,0.17372881355932204,1.0,1.4026745913818721,1.0,0.049873419994254514,inf,0.3474358974358973,0.2436849925705795,1.0,0.6218424962852898
"Core i7, Gaming Laptop",Intel,0.059322033898305086,0.7129237288135594,0.059322033898305086,1.0,1.4026745913818721,1.0,0.017029948290721054,inf,0.3051801801801801,0.08320950965824665,1.0,0.5416047548291233
"8 GB, Core i5, Windows 11 Home",Intel,0.0614406779661017,0.7129237288135594,0.0614406779661017,1.0,1.4026745913818721,1.0,0.017638160729675376,inf,0.3058690744920992,0.08618127786032688,1.0,0.5430906389301634
"8 GB, Core i5, Windows 10 Home",Intel,0.11440677966101695,0.7129237288135594,0.11440677966101695,1.0,1.4026745913818721,1.0,0.03284347170353347,inf,0.3241626794258373,0.16047548291233282,1.0,0.5802377414561664
"8 GB, Core i5, Thin and Light Laptop",Intel,0.11970338983050847,0.7129237288135594,0.11970338983050847,1.0,1.4026745913818721,1.0,0.034364002800919266,inf,0.326113116726835,0.16790490341753342,1.0,0.5839524517087668
"Core i5, DDR4, Gaming",Intel,0.05508474576271186,0.7129237288135594,0.05508474576271186,1.0,1.4026745913818721,1.0,0.015813523412812405,inf,0.303811659192825,0.07726597325408617,1.0,0.5386329866270431
"Core i3, DDR4, Processing & Multitasking, Windows 10 Home",Intel,0.07521186440677965,0.7129237288135594,0.07521186440677965,1.0,1.4026745913818721,1.0,0.02159154158287848,inf,0.31042382588774337,0.10549777117384843,1.0,0.5527488855869243
"8 GB, Core i5, Processing & Multitasking",Intel,0.17584745762711865,0.7129237288135594,0.17584745762711865,1.0,1.4026745913818721,1.0,0.05048163243320883,inf,0.3483290488431875,0.24665676077265972,1.0,0.6233283803863299
"Core i3, DDR4, Processing & Multitasking, Thin and Light Laptop, Windows 11 Home",Intel,0.05296610169491525,0.7129237288135594,0.05296610169491525,1.0,1.4026745913818721,1.0,0.015205310973858084,inf,0.3031319910514541,0.07429420505200593,1.0,0.537147102526003
"Core i5, DDR4, Windows 10 Home",Intel,0.13771186440677965,0.7129237288135594,0.13771186440677965,1.0,1.4026745913818721,1.0,0.03953380853203102,inf,0.3329238329238329,0.19316493313521543,1.0,0.5965824665676077
"Core i5, DDR4, Windows 11 Home",Intel,0.0836864406779661,0.7129237288135594,0.0836864406779661,1.0,1.4026745913818721,1.0,0.024024391338695772,inf,0.3132947976878612,0.11738484398216936,1.0,0.5586924219910847
"Core i3, DDR4, Processing & Multitasking, Windows 11 Home",Intel,0.07097457627118645,0.7129237288135594,0.07097457627118645,1.0,1.4026745913818721,1.0,0.020375116704969838,inf,0.3090079817559863,0.09955423476968797,1.0,0.549777117384844
"Core i3, Everyday Use",Intel,0.08792372881355932,0.7129237288135594,0.08792372881355932,1.0,1.4026745913818721,1.0,0.025240816216604414,inf,0.3147502903600463,0.12332838038632986,1.0,0.5616641901931649
"Core i3, DDR4",Intel,0.2129237288135593,0.7129237288135594,0.2129237288135593,1.0,1.4026745913818721,1.0,0.061125350114909494,inf,0.36473755047106315,0.29866270430906383,1.0,0.6493313521545319
"8 GB, Core i3, DDR4, Everyday Use",Intel,0.07097457627118645,0.7129237288135594,0.07097457627118645,1.0,1.4026745913818721,1.0,0.020375116704969838,inf,0.3090079817559863,0.09955423476968797,1.0,0.549777117384844
"8 GB, Core i3, DDR4, Processing & Multitasking, Windows 10 Home",Intel,0.05296610169491525,0.7129237288135594,0.05296610169491525,1.0,1.4026745913818721,1.0,0.015205310973858084,inf,0.3031319910514541,0.07429420505200593,1.0,0.537147102526003
"Core i5, DDR4, Processing & Multitasking, Thin and Light Laptop, Windows 10 Home",Intel,0.07521186440677965,0.7129237288135594,0.07521186440677965,1.0,1.4026745913818721,1.0,0.02159154158287848,inf,0.31042382588774337,0.10549777117384843,1.0,0.5527488855869243
"8 GB, Core i3, DDR4, Processing & Multitasking, Windows 11 Home",Intel,0.06038135593220339,0.7129237288135594,0.06038135593220339,1.0,1.4026745913818721,1.0,0.01733405451019822,inf,0.3055242390078918,0.08469539375928677,1.0,0.5423476968796433
"Core i3, Laptop",Intel,0.05084745762711865,0.7129237288135594,0.05084745762711865,1.0,1.4026745913818721,1.0,0.014597098534903763,inf,0.3024553571428571,0.0713224368499257,1.0,0.5356612184249628
"Core i5, DDR4, Processing & Multitasking, Thin and Light Laptop, Windows 11 Home",Intel,0.05190677966101695,0.7129237288135594,0.05190677966101695,1.0,1.4026745913818721,1.0,0.01490120475438092,inf,0.3027932960893854,0.07280832095096582,1.0,0.5364041604754829
Core i5,Intel,0.3072033898305085,0.7129237288135594,0.3072033898305085,1.0,1.4026745913818721,1.0,0.08819080364837689,inf,0.4143730886850152,0.4309063893016344,1.0,0.7154531946508172
"AMD, Processing & Multitasking, Ryzen 5 Hexa Core",Thin and Light Laptop,0.07203389830508475,0.513771186440678,0.05190677966101695,0.7205882352941176,1.4025469981807155,1.0,0.014897838264866417,1.7401873327386261,0.3092908396235206,0.09722222222222222,0.4253492246571831,0.4108095815645846
"Processing & Multitasking, Ryzen 5 Hexa Core",Thin and Light Laptop,0.07203389830508475,0.513771186440678,0.05190677966101695,0.7205882352941176,1.4025469981807155,1.0,0.014897838264866417,1.7401873327386261,0.3092908396235206,0.09722222222222222,0.4253492246571831,0.4108095815645846
"Core i3, DDR4, Intel, Thin and Light Laptop","8 GB, Processing & Multitasking",0.13665254237288135,0.4533898305084746,0.08686440677966102,0.6356589147286822,1.4020140549155982,1.0,0.024907533754668205,1.5002704652001444,0.3321262905880593,0.1726315789473684,0.3334535184183643,0.41362384988770556
"Core i3, DDR4, Thin and Light Laptop","8 GB, Processing & Multitasking",0.13665254237288135,0.4533898305084746,0.08686440677966102,0.6356589147286822,1.4020140549155982,1.0,0.024907533754668205,1.5002704652001444,0.3321262905880593,0.1726315789473684,0.3334535184183643,0.41362384988770556
"Core i3, Windows 10 Home","8 GB, DDR4, Processing & Multitasking",0.08898305084745763,0.4247881355932203,0.05296610169491525,0.5952380952380952,1.4012587578672366,1.0,0.015167157426027006,1.4211116650049849,0.3143255813953489,0.11494252873563217,0.2963255283697273,0.35996318726992044
"Core i3, Intel, Windows 10 Home","8 GB, DDR4, Processing & Multitasking",0.08898305084745763,0.4247881355932203,0.05296610169491525,0.5952380952380952,1.4012587578672366,1.0,0.015167157426027006,1.4211116650049849,0.3143255813953489,0.11494252873563217,0.2963255283697273,0.35996318726992044
"Gaming, Gaming Laptop, Intel",Windows 10 Home,0.11546610169491525,0.4523305084745763,0.07309322033898305,0.6330275229357798,1.399480050705799,1.0,0.020864379847744897,1.4923993644067794,0.3227110995400503,0.14775160599571732,0.32993806895817435,0.39731001439529035
"Everyday Use, Thin and Light Laptop","8 GB, DDR4",0.1228813559322034,0.5423728813559322,0.09322033898305085,0.7586206896551724,1.398706896551724,1.0,0.026572823901177822,1.8958837772397092,0.3249890206411945,0.16296296296296295,0.47254150702426556,0.4652478448275862
"16 GB, DDR4, Gaming",Windows 10 Home,0.1038135593220339,0.4523305084745763,0.06567796610169492,0.6326530612244898,1.3986522009272093,1.0,0.018719926027003737,1.4908780602636533,0.31804316327308785,0.13390928725701945,0.32925433229384604,0.38892606222816994
"8 GB, Core i5, DDR4, Windows 10 Home","Intel, Thin and Light Laptop",0.10805084745762712,0.3855932203389831,0.05826271186440678,0.5392156862745098,1.3984055160525748,1.0,0.016599037632864112,1.3333934367111429,0.319412653854459,0.13381995133819952,0.25003380662609864,0.34515729368670545
"Core i3, DDR4, Intel, Windows 11 Home",Thin and Light Laptop,0.09004237288135593,0.513771186440678,0.0646186440677966,0.7176470588235294,1.396822316555488,1.0,0.018357467322608442,1.722060381355932,0.31220061451554415,0.1198428290766208,0.4193002691272587,0.42171012734990904
"Core i3, DDR4, Windows 11 Home",Thin and Light Laptop,0.09004237288135593,0.513771186440678,0.0646186440677966,0.7176470588235294,1.396822316555488,1.0,0.018357467322608442,1.722060381355932,0.31220061451554415,0.1198428290766208,0.4193002691272587,0.42171012734990904
"8 GB, DDR4, Intel, Windows 11 Home",Thin and Light Laptop,0.13877118644067796,0.513771186440678,0.09957627118644068,0.717557251908397,1.39664751711655,1.0,0.028279634085033034,1.7215128263857082,0.3297610635680825,0.1800766283524904,0.41911556819504747,0.45568584244904387
"Entertainment, Everyday Use","DDR4, Processing & Multitasking",0.05508474576271186,0.6747881355932204,0.05190677966101695,0.9423076923076923,1.3964497041420116,1.0,0.014736246768170064,5.637005649717512,0.30044843049327347,0.0765625,0.8226008519168128,0.5096153846153846
"Core i3, Intel",8 GB,0.22033898305084745,0.5720338983050848,0.17584745762711865,0.7980769230769231,1.3951566951566952,1.0,0.04980609020396437,2.1194511702986283,0.36327920377160805,0.2852233676975945,0.5281797410510283,0.5527421652421652
Core i3,8 GB,0.22033898305084745,0.5720338983050848,0.17584745762711865,0.7980769230769231,1.3951566951566952,1.0,0.04980609020396437,2.1194511702986283,0.36327920377160805,0.2852233676975945,0.5281797410510283,0.5527421652421652
"DDR4, Everyday Use, Intel, Thin and Light Laptop",8 GB,0.08898305084745763,0.5720338983050848,0.07097457627118645,0.7976190476190477,1.3943562610229276,1.0,0.02007325481183568,2.1146560319042877,0.31044776119402984,0.12028725314183124,0.5271098538425272,0.4608465608465609
"Core i3, Processing & Multitasking, Windows 11 Home",Thin and Light Laptop,0.07838983050847458,0.513771186440678,0.05614406779661017,0.7162162162162162,1.3940373363053775,1.0,0.015869631571387537,1.7133777239709442,0.30670136629798317,0.10474308300395258,0.41635753400459286,0.4127472833658401
"Core i3, Intel, Processing & Multitasking, Windows 11 Home",Thin and Light Laptop,0.07838983050847458,0.513771186440678,0.05614406779661017,0.7162162162162162,1.3940373363053775,1.0,0.015869631571387537,1.7133777239709442,0.30670136629798317,0.10474308300395258,0.41635753400459286,0.4127472833658401
"8 GB, Intel, Thin and Light Laptop, Windows 10 Home","DDR4, Processing & Multitasking",0.10699152542372882,0.6747881355932204,0.10063559322033898,0.9405940594059405,1.393910191647108,1.0,0.028438981255386367,5.474399717514119,0.31645127052506694,0.14774494556765164,0.8173315702905793,0.5448653185569734
"AMD, Ryzen 5 Hexa Core","8 GB, DDR4",0.09110169491525423,0.5423728813559322,0.06885593220338983,0.7558139534883721,1.393531976744186,1.0,0.019444843435794314,1.87409200968523,0.3107046799354492,0.12195121951219512,0.46640826873385016,0.44138353924418605
Ryzen 5 Hexa Core,"8 GB, DDR4",0.09110169491525423,0.5423728813559322,0.06885593220338983,0.7558139534883721,1.393531976744186,1.0,0.019444843435794314,1.87409200968523,0.3107046799354492,0.12195121951219512,0.46640826873385016,0.44138353924418605
"Core i3, Intel","DDR4, Thin and Light Laptop",0.22033898305084745,0.4459745762711864,0.13665254237288135,0.6201923076923077,1.3906449844692126,1.0,0.03838695777075553,1.4586998498176358,0.3602965958881024,0.258,0.31445800853066636,0.4633028046775078
Core i3,"DDR4, Thin and Light Laptop",0.22033898305084745,0.4459745762711864,0.13665254237288135,0.6201923076923077,1.3906449844692126,1.0,0.03838695777075553,1.4586998498176358,0.3602965958881024,0.258,0.31445800853066636,0.4633028046775078
"Core i3, Thin and Light Laptop",8 GB,0.13983050847457626,0.5720338983050848,0.11122881355932203,0.7954545454545455,1.3905723905723906,1.0,0.031241022694627973,2.092278719397364,0.3265306122448979,0.18518518518518517,0.5220522052205222,0.494949494949495
"Core i3, Intel, Thin and Light Laptop",8 GB,0.13983050847457626,0.5720338983050848,0.11122881355932203,0.7954545454545455,1.3905723905723906,1.0,0.031241022694627973,2.092278719397364,0.3265306122448979,0.18518518518518517,0.5220522052205222,0.494949494949495
"Gaming, Gaming Laptop",Windows 10 Home,0.20233050847457626,0.4523305084745763,0.1271186440677966,0.6282722513089005,1.3889672253761172,1.0,0.03559838228957196,1.473308068751492,0.35107348384240816,0.24096385542168672,0.3212553292758261,0.45465134813688585
"8 GB, Core i3, Windows 11 Home","Intel, Processing & Multitasking",0.0858050847457627,0.5709745762711864,0.06779661016949153,0.7901234567901235,1.3838154790535744,1.0,0.018804088264866424,2.0441799601196418,0.3033929606025494,0.11510791366906475,0.5108062795305596,0.4544309306214068
"Everyday Use, Intel, Thin and Light Laptop",8 GB,0.09639830508474577,0.5720338983050848,0.07627118644067797,0.7912087912087912,1.3831501831501831,1.0,0.02112808819304797,2.049732381801962,0.3065650644783117,0.12880143112701253,0.512131432923512,0.46227106227106224
"Core i3, DDR4, Intel",8 GB,0.2129237288135593,0.5720338983050848,0.1684322033898305,0.791044776119403,1.3828634604754009,1.0,0.04663261275495546,2.048123486682809,0.35176109093679364,0.27319587628865977,0.5117481897443477,0.5427446102819238
"Core i3, DDR4",8 GB,0.2129237288135593,0.5720338983050848,0.1684322033898305,0.791044776119403,1.3828634604754009,1.0,0.04663261275495546,2.048123486682809,0.35176109093679364,0.27319587628865977,0.5117481897443477,0.5427446102819238
"Core i3, DDR4, Intel, Thin and Light Laptop",8 GB,0.13665254237288135,0.5720338983050848,0.10805084745762712,0.7906976744186047,1.3822566752799312,1.0,0.029880960930767017,2.0447269303201514,0.3203175748827138,0.17989417989417988,0.5109371402256506,0.4897932816537468
"Core i3, DDR4, Thin and Light Laptop",8 GB,0.13665254237288135,0.5720338983050848,0.10805084745762712,0.7906976744186047,1.3822566752799312,1.0,0.029880960930767017,2.0447269303201514,0.3203175748827138,0.17989417989417988,0.5109371402256506,0.4897932816537468
"DDR4, Processing & Multitasking, Ryzen 5 Hexa Core",8 GB,0.06567796610169492,0.5720338983050848,0.05190677966101695,0.7903225806451613,1.3816009557945041,1.0,0.014336756679115194,2.041069100391134,0.29561756675459294,0.08860759493670885,0.5100606834877035,0.440531660692951
"AMD, DDR4, Processing & Multitasking, Ryzen 5 Hexa Core",8 GB,0.06567796610169492,0.5720338983050848,0.05190677966101695,0.7903225806451613,1.3816009557945041,1.0,0.014336756679115194,2.041069100391134,0.29561756675459294,0.08860759493670885,0.5100606834877035,0.440531660692951
Core i3,"Intel, Processing & Multitasking",0.22033898305084745,0.5709745762711864,0.17372881355932204,0.7884615384615385,1.3809048094762382,1.0,0.04792085607584029,2.028120184899847,0.3537910922587487,0.28130360205831906,0.5069325735992405,0.5463643499357785
"Core i3, Intel","8 GB, DDR4, Processing & Multitasking",0.22033898305084745,0.4247881355932203,0.1292372881355932,0.5865384615384615,1.3807788221753308,1.0,0.03563990232691755,1.3912100906582574,0.3537063435495367,0.25051334702258726,0.2812013033007507,0.44538893151736036
Core i3,"8 GB, DDR4, Processing & Multitasking",0.22033898305084745,0.4247881355932203,0.1292372881355932,0.5865384615384615,1.3807788221753308,1.0,0.03563990232691755,1.3912100906582574,0.3537063435495367,0.25051334702258726,0.2812013033007507,0.44538893151736036
"Core i3, DDR4, Windows 11 Home","Intel, Processing & Multitasking",0.09004237288135593,0.5709745762711864,0.07097457627118645,0.7882352941176471,1.3805085670631891,1.0,0.01956267056880208,2.0259533898305095,0.3029034107692042,0.12028725314183124,0.5064052287581702,0.4562697806395286
"Core i5, DDR4, Intel, Thin and Light Laptop","8 GB, Processing & Multitasking",0.15572033898305085,0.4533898305084746,0.09745762711864407,0.6258503401360545,1.3803801894589611,1.0,0.026855609020396437,1.460939907550077,0.32638699470841737,0.19047619047619047,0.3155091493961926,0.42040180558204593
"Core i5, DDR4, Thin and Light Laptop","8 GB, Processing & Multitasking",0.15572033898305085,0.4533898305084746,0.09745762711864407,0.6258503401360545,1.3803801894589611,1.0,0.026855609020396437,1.460939907550077,0.32638699470841737,0.19047619047619047,0.3155091493961926,0.42040180558204593
"Core i5, DDR4, Windows 11 Home",Thin and Light Laptop,0.0836864406779661,0.513771186440678,0.059322033898305086,0.7088607594936709,1.3797207360041759,1.0,0.016326351982189027,1.67009027266028,0.30035094962840625,0.11023622047244094,0.4012299715948264,0.41216233850972206
"Core i5, DDR4, Intel, Windows 11 Home",Thin and Light Laptop,0.0836864406779661,0.513771186440678,0.059322033898305086,0.7088607594936709,1.3797207360041759,1.0,0.016326351982189027,1.67009027266028,0.30035094962840625,0.11023622047244094,0.4012299715948264,0.41216233850972206
"8 GB, Core i3","DDR4, Thin and Light Laptop",0.17584745762711865,0.4459745762711864,0.10805084745762712,0.6144578313253012,1.3777866811664712,1.0,0.029627352054007475,1.43700344279661,0.33270326125308736,0.21030927835051552,0.304107443156949,0.42836905818046533
"8 GB, Core i3, Intel","DDR4, Thin and Light Laptop",0.17584745762711865,0.4459745762711864,0.10805084745762712,0.6144578313253012,1.3777866811664712,1.0,0.029627352054007475,1.43700344279661,0.33270326125308736,0.21030927835051552,0.304107443156949,0.42836905818046533
"8 GB, Everyday Use",Windows 11 Home,0.1641949152542373,0.388771186440678,0.08792372881355932,0.535483870967742,1.3773754065219301,1.0,0.02408947680264291,1.315839806967985,0.3278055186525568,0.18906605922551253,0.24002907139263155,0.38082095455744047
Black,"DDR4, Windows 10 Home",0.1059322033898305,0.4141949152542373,0.06038135593220339,0.5700000000000001,1.3761636828644503,1.0,0.016504775926457917,1.362337406385495,0.30572877691859984,0.1313364055299539,0.2659674502712478,0.3578900255754476
"AMD, Gaming","DDR4, Windows 10 Home",0.09851694915254237,0.4141949152542373,0.05614406779661017,0.5698924731182796,1.3759040783213707,1.0,0.015338848391266882,1.3619968220338985,0.30306188058444017,0.12296983758700698,0.2657838962453091,0.3527211726205209
"Core i3, Intel, Processing & Multitasking",8 GB,0.17372881355932204,0.5720338983050848,0.13665254237288135,0.7865853658536585,1.3750677506775066,1.0,0.037273771904625094,2.0053268765133163,0.3301132975551579,0.22434782608695653,0.5013281815986474,0.5127371273712736
"Core i3, Processing & Multitasking",8 GB,0.17372881355932204,0.5720338983050848,0.13665254237288135,0.7865853658536585,1.3750677506775066,1.0,0.037273771904625094,2.0053268765133163,0.3301132975551579,0.22434782608695653,0.5013281815986474,0.5127371273712736
"8 GB, Core i5, Windows 11 Home","DDR4, Intel",0.0614406779661017,0.614406779661017,0.05190677966101695,0.8448275862068966,1.3750297265160523,1.0,0.014157210571674801,2.484934086629002,0.29059750310959587,0.0831918505942275,0.5975748389541493,0.4646551724137931
"AMD, Gaming, Gaming Laptop",Windows 10 Home,0.08686440677966102,0.4523305084745763,0.05402542372881356,0.6219512195121951,1.3749928599988575,1.0,0.014734002441827057,1.4486741388737012,0.2986670306173512,0.11135371179039301,0.3097136387224607,0.3706945793111327
Transparent Silver,"8 GB, Processing & Multitasking",0.0815677966101695,0.4533898305084746,0.05084745762711865,0.6233766233766234,1.3749241412792814,1.0,0.013865448147084174,1.4513442431326709,0.29690503652441375,0.10503282275711161,0.31098359005335746,0.3677630780434519
"AMD, Thin and Light Laptop","8 GB, DDR4, Processing & Multitasking",0.11440677966101695,0.4247881355932203,0.06673728813559322,0.5833333333333334,1.373233582709892,1.0,0.018138645504165475,1.3805084745762712,0.30690362269309646,0.14125560538116594,0.2756292203806017,0.37022028262676643
"16 GB, DDR4, Gaming, Gaming Laptop",Windows 10 Home,0.10063559322033898,0.4523305084745763,0.0625,0.6210526315789474,1.3730062862073216,1.0,0.016979450948003447,1.445238935969868,0.30207023217743706,0.12742980561555076,0.308072890155757,0.3796129668433379
"8 GB, Thin and Light Laptop, Windows 10 Home","DDR4, Processing & Multitasking",0.1440677966101695,0.6747881355932204,0.13347457627118645,0.9264705882352942,1.3729799612152553,1.0,0.0362593363975869,4.422881355932205,0.3173817381738174,0.19474497681607417,0.7739030465606439,0.562136393018746
"16 GB, Processing & Multitasking, Thin and Light Laptop",Windows 11 Home,0.1271186440677966,0.388771186440678,0.06779661016949153,0.5333333333333333,1.3718437783832877,1.0,0.018376544096523985,1.30977602905569,0.3105279126213592,0.15130023640661938,0.23651068746389367,0.3538601271571299
"Core i5, DDR4, Intel, Windows 10 Home",8 GB,0.13771186440677965,0.5720338983050848,0.10805084745762712,0.7846153846153847,1.3716239316239318,1.0,0.02927499281815571,1.9869854721549645,0.314207255383726,0.1795774647887324,0.49672505712109694,0.4867521367521368
"DDR4, Everyday Use, Processing & Multitasking, Thin and Light Laptop",8 GB,0.06885593220338983,0.5720338983050848,0.05402542372881356,0.7846153846153847,1.3716239316239318,1.0,0.014637496409077855,1.9869854721549645,0.2909723616409022,0.09205776173285199,0.49672505712109694,0.4395299145299146
"Core i5, DDR4, Windows 10 Home",8 GB,0.13771186440677965,0.5720338983050848,0.10805084745762712,0.7846153846153847,1.3716239316239318,1.0,0.02927499281815571,1.9869854721549645,0.314207255383726,0.1795774647887324,0.49672505712109694,0.4867521367521368
"Core i3, Intel, Processing & Multitasking","8 GB, DDR4",0.17372881355932204,0.5423728813559322,0.1292372881355932,0.7439024390243901,1.3715701219512193,1.0,0.035011490950876176,1.7869249394673115,0.3278688524590163,0.22021660649819494,0.44037940379403767,0.49109184451219506
"Core i3, Processing & Multitasking","8 GB, DDR4",0.17372881355932204,0.5423728813559322,0.1292372881355932,0.7439024390243901,1.3715701219512193,1.0,0.035011490950876176,1.7869249394673115,0.3278688524590163,0.22021660649819494,0.44037940379403767,0.49109184451219506
Everyday Use,"8 GB, DDR4, Intel",0.21927966101694915,0.3877118644067797,0.11652542372881355,0.5314009661835749,1.3706079564953406,1.0,0.031508097529445556,1.3066355058535735,0.34634266683113357,0.23758099352051837,0.23467562643130568,0.4159737071355033
"16 GB, Thin and Light Laptop",Windows 11 Home,0.1292372881355932,0.388771186440678,0.06885593220338983,0.5327868852459017,1.3704382007415017,1.0,0.018612198362539502,1.3082441272673209,0.31042485495040245,0.15330188679245282,0.23561667187544397,0.3549493009335775
"Entertainment, Performance","DDR4, Processing & Multitasking",0.05614406779661017,0.6747881355932204,0.05190677966101695,0.9245283018867924,1.3701015965166907,1.0,0.01402142882792301,4.309057203389825,0.28619528619528617,0.07644305772230889,0.7679306742056417,0.5007256894049347
"Intel, Processing & Multitasking, Windows 11 Home",Thin and Light Laptop,0.21822033898305085,0.513771186440678,0.15360169491525424,0.7038834951456311,1.370033029726754,1.0,0.04148637245044527,1.6420186162823007,0.3454817306793757,0.26556776556776557,0.39099350635615626,0.5014262836552897
Natural Silver,"DDR4, Processing & Multitasking",0.06991525423728813,0.6747881355932204,0.0646186440677966,0.9242424242424242,1.3696779411065123,1.0,0.017440660011490944,4.292796610169488,0.29019007431196076,0.09501557632398752,0.767051623729148,0.5100019028590457
"Core i3, DDR4","Intel, Processing & Multitasking",0.2129237288135593,0.5709745762711864,0.1663135593220339,0.7810945273631841,1.368002289111031,1.0,0.044739523484630866,1.9598661402157165,0.34178018191014226,0.2692967409948543,0.4897610711872735,0.5361873378930948
"Core i3, Intel","8 GB, Processing & Multitasking",0.22033898305084745,0.4533898305084746,0.13665254237288135,0.6201923076923077,1.367900790797987,1.0,0.03675308819304797,1.4391761424587,0.34496124031007747,0.25443786982248523,0.30515802027429934,0.4607970884255931
Core i3,"8 GB, Processing & Multitasking",0.22033898305084745,0.4533898305084746,0.13665254237288135,0.6201923076923077,1.367900790797987,1.0,0.03675308819304797,1.4391761424587,0.34496124031007747,0.25443786982248523,0.30515802027429934,0.4607970884255931
"Core i5, Thin and Light Laptop, Windows 11 Home","DDR4, Intel, Processing & Multitasking",0.07838983050847458,0.4841101694915254,0.05190677966101695,0.6621621621621622,1.367792299958602,1.0,0.013957465527147377,1.5270338983050848,0.29176636171710074,0.1016597510373444,0.3451356901048893,0.3846915843633568
"8 GB, Core i3, DDR4, Windows 11 Home",Thin and Light Laptop,0.07838983050847458,0.513771186440678,0.05508474576271186,0.7027027027027027,1.3677347450543327,1.0,0.014810309537489227,1.6354969183359016,0.2917329796640142,0.10256410256410255,0.3885650356238592,0.40495959877403176
"8 GB, Intel, Windows 11 Home",Thin and Light Laptop,0.15677966101694915,0.513771186440678,0.11016949152542373,0.7027027027027027,1.3677347450543327,1.0,0.029620619074978455,1.6354969183359016,0.31885388480865867,0.19659735349716445,0.3885650356238592,0.4585678461967122
"8 GB, Core i3, DDR4, Intel, Windows 11 Home",Thin and Light Laptop,0.07838983050847458,0.513771186440678,0.05508474576271186,0.7027027027027027,1.3677347450543327,1.0,0.014810309537489227,1.6354969183359016,0.2917329796640142,0.10256410256410255,0.3885650356238592,0.40495959877403176
"Everyday Use, Intel",Windows 11 Home,0.1673728813559322,0.388771186440678,0.08898305084745763,0.5316455696202531,1.3675025006035937,1.0,0.023913297184717033,1.3050561154374711,0.3227614200896643,0.19047619047619047,0.2337494241274158,0.38026420170385955
"Everyday Use, Windows 11 Home","Intel, Thin and Light Laptop",0.11652542372881355,0.3855932203389831,0.0614406779661017,0.5272727272727273,1.3674325674325676,1.0,0.016509264579143923,1.2997066492829206,0.3041428925824857,0.13942307692307693,0.23059561128526654,0.34330669330669333
"Core i5, Thin and Light Laptop","DDR4, Intel",0.1853813559322034,0.614406779661017,0.15572033898305085,0.84,1.3671724137931034,1.0,0.041820777075553,2.4099576271186436,0.32967985633785374,0.24177631578947367,0.5850549450549449,0.5467241379310345
Everyday Use,Windows 11 Home,0.21927966101694915,0.388771186440678,0.11652542372881355,0.5314009661835749,1.3668733299108846,1.0,0.03127580975294454,1.304374890791543,0.3437893178734426,0.23706896551724135,0.2333492410351728,0.4155642433097711
Transparent Silver,Thin and Light Laptop,0.0815677966101695,0.513771186440678,0.057203389830508475,0.7012987012987013,1.3650020083009773,1.0,0.015296206190749784,1.6278095062638172,0.2911487034901106,0.10629921259842517,0.38567750332456213,0.4063194537421342
"Everyday Use, Processing & Multitasking, Thin and Light Laptop",8 GB,0.07733050847457627,0.5720338983050848,0.06038135593220339,0.7808219178082192,1.3649923896499239,1.0,0.01614568371157713,1.9525953389830508,0.28980603057586557,0.10251798561151079,0.48786111487861117,0.44318873668188735
"Core i5, DDR4, Intel, Processing & Multitasking, Windows 10 Home",8 GB,0.12076271186440678,0.5720338983050848,0.09427966101694915,0.7807017543859649,1.364782326185835,1.0,0.025199296179258826,1.9515254237288133,0.3039935020982807,0.1575221238938053,0.48758033698106645,0.4727582846003898
"Core i5, DDR4, Processing & Multitasking, Windows 10 Home",8 GB,0.12076271186440678,0.5720338983050848,0.09427966101694915,0.7807017543859649,1.364782326185835,1.0,0.025199296179258826,1.9515254237288133,0.3039935020982807,0.1575221238938053,0.48758033698106645,0.4727582846003898
"Core i3, Intel, Windows 11 Home","DDR4, Processing & Multitasking, Thin and Light Laptop",0.09745762711864407,0.3983050847457627,0.05296610169491525,0.5434782608695652,1.364477335800185,1.0,0.014148233266302782,1.3179983857949957,0.2959624413145539,0.11961722488038276,0.2412737293325168,0.33822849213691025
"Core i3, Windows 11 Home","DDR4, Processing & Multitasking, Thin and Light Laptop",0.09745762711864407,0.3983050847457627,0.05296610169491525,0.5434782608695652,1.364477335800185,1.0,0.014148233266302782,1.3179983857949957,0.2959624413145539,0.11961722488038276,0.2412737293325168,0.33822849213691025
"Processing & Multitasking, Windows 11 Home","Intel, Thin and Light Laptop",0.2923728813559322,0.3855932203389831,0.15360169491525424,0.5253623188405797,1.3624781016085363,1.0,0.04086469405343292,1.2944753525682493,0.3759653107577947,0.29292929292929293,0.2274862568715642,0.46185698359611405
"Core i3, Processing & Multitasking, Thin and Light Laptop","8 GB, DDR4",0.11758474576271187,0.5423728813559322,0.08686440677966102,0.7387387387387387,1.3620495495495495,1.0,0.023089629416834248,1.7516072472238458,0.30123268819723015,0.15157116451016636,0.42909576242909575,0.44944749436936937
"Core i3, Intel, Processing & Multitasking, Thin and Light Laptop","8 GB, DDR4",0.11758474576271187,0.5423728813559322,0.08686440677966102,0.7387387387387387,1.3620495495495495,1.0,0.023089629416834248,1.7516072472238458,0.30123268819723015,0.15157116451016636,0.42909576242909575,0.44944749436936937
Ryzen 5 Hexa Core,8 GB,0.09110169491525423,0.5720338983050848,0.07097457627118645,0.7790697674418606,1.361929371231697,1.0,0.01886131858661305,1.9371097234611967,0.2923842326827403,0.11985688729874777,0.4837669813492981,0.45157192075796737
"AMD, Ryzen 5 Hexa Core",8 GB,0.09110169491525423,0.5720338983050848,0.07097457627118645,0.7790697674418606,1.361929371231697,1.0,0.01886131858661305,1.9371097234611967,0.2923842326827403,0.11985688729874777,0.4837669813492981,0.45157192075796737
"Everyday Use, Intel, Windows 11 Home","DDR4, Thin and Light Laptop",0.08898305084745763,0.4459745762711864,0.05402542372881356,0.6071428571428572,1.3613844587716324,1.0,0.014341245331801214,1.4102465331278893,0.2913816689466486,0.11233480176211455,0.29090412455613235,0.36414149983033595
"DDR4, Intel, Processing & Multitasking, Windows 11 Home",Thin and Light Laptop,0.17266949152542374,0.513771186440678,0.12076271186440678,0.6993865030674846,1.3612801214344443,1.0,0.03205010234128122,1.6174550328606017,0.32078756430127797,0.2134831460674157,0.38174479062245203,0.4672190247296186
"Processing & Multitasking, Windows 11 Home",Thin and Light Laptop,0.2923728813559322,0.513771186440678,0.2044491525423729,0.6992753623188406,1.361063797997908,1.0,0.05423639040505601,1.616857259546661,0.3748875306382054,0.33978873239436624,0.3815162135707745,0.5486067533243688
"8 GB, Core i3","Intel, Processing & Multitasking",0.17584745762711865,0.5709745762711864,0.13665254237288135,0.7771084337349398,1.361021078749134,1.0,0.03624811476587188,1.924816765918461,0.3218548853151591,0.22395833333333334,0.48047002826119295,0.5082202651049467
"Gaming, Intel",Windows 10 Home,0.1239406779661017,0.4523305084745763,0.07627118644067797,0.6153846153846154,1.3604755899837868,1.0,0.02020903655558748,1.4239406779661017,0.3024486094316808,0.15254237288135594,0.29772355304270204,0.39200144118176905
"8 GB, Core i5, Intel, Thin and Light Laptop, Windows 10 Home","DDR4, Processing & Multitasking",0.0635593220338983,0.6747881355932204,0.05826271186440678,0.9166666666666666,1.358451072736787,1.0,0.01537363544958345,3.9025423728813537,0.2817770464829288,0.08566978193146416,0.7437567861020629,0.5015044479330193
"8 GB, Core i5, Thin and Light Laptop, Windows 10 Home","DDR4, Processing & Multitasking",0.0635593220338983,0.6747881355932204,0.05826271186440678,0.9166666666666666,1.358451072736787,1.0,0.01537363544958345,3.9025423728813537,0.2817770464829288,0.08566978193146416,0.7437567861020629,0.5015044479330193
"Core i3, DDR4, Intel, Processing & Multitasking",8 GB,0.1663135593220339,0.5720338983050848,0.1292372881355932,0.7770700636942675,1.3584335928284972,1.0,0.03410029445561619,1.9197336561743334,0.316495511071302,0.2121739130434782,0.47909440625591204,0.5014979948100967
"Core i3, DDR4, Processing & Multitasking",8 GB,0.1663135593220339,0.5720338983050848,0.1292372881355932,0.7770700636942675,1.3584335928284972,1.0,0.03410029445561619,1.9197336561743334,0.316495511071302,0.2121739130434782,0.47909440625591204,0.5014979948100967
"8 GB, AMD, Processing & Multitasking","DDR4, Thin and Light Laptop",0.11016949152542373,0.4459745762711864,0.06673728813559322,0.6057692307692308,1.3583044034350449,1.0,0.01760449583453031,1.405332782141381,0.29644746787603937,0.13636363636363635,0.2884247683482867,0.3777064681162069
"Everyday Use, Intel, Thin and Light Laptop","8 GB, DDR4",0.09639830508474577,0.5423728813559322,0.07097457627118645,0.7362637362637363,1.357486263736264,1.0,0.018690749784544672,1.735169491525424,0.2914384700180224,0.125,0.4236874236874238,0.43356155563186816
"DDR4, Thin and Light Laptop","8 GB, Processing & Multitasking",0.4459745762711864,0.4533898305084746,0.274364406779661,0.6152019002375297,1.3568939108042712,1.0,0.07216406923297902,1.4205116133082236,0.4747484441557099,0.4389830508474576,0.2960282826050932,0.6101710435767087
"8 GB, Processing & Multitasking","DDR4, Thin and Light Laptop",0.4533898305084746,0.4459745762711864,0.274364406779661,0.6051401869158878,1.356893910804271,1.0,0.07216406923297902,1.4030939725203087,0.4811888300260393,0.4389830508474576,0.28728936223441315,0.6101710435767087
"8 GB, Intel, Processing & Multitasking, Windows 10 Home","DDR4, Thin and Light Laptop",0.1663135593220339,0.4459745762711864,0.10063559322033898,0.6050955414012739,1.356793803047037,1.0,0.02646397407354209,1.4029353471842536,0.31542834213870136,0.19668737060041405,0.2872087783609991,0.4153743740260526
"16 GB, Gaming, Gaming Laptop","DDR4, Windows 10 Home",0.11122881355932203,0.4141949152542373,0.0625,0.5619047619047619,1.3566191694068932,1.0,0.01642959099396725,1.3371637803979368,0.29577180258984664,0.13501144164759724,0.2521484543184362,0.3563999512848618
Everyday Use,"8 GB, Intel",0.21927966101694915,0.413135593220339,0.1228813559322034,0.5603864734299517,1.3564226433791653,1.0,0.03228912309681127,1.33495529893835,0.33656950357928234,0.24116424116424115,0.2509112471441777,0.4289111854329246
2 in 1 Laptop,"Intel, Processing & Multitasking",0.06567796610169492,0.5709745762711864,0.05084745762711865,0.7741935483870968,1.3559159734274941,1.0,0.013347008761850042,1.8999697336561743,0.28094293272864695,0.0867992766726944,0.4736758263639984,0.4316236758633072
"8 GB, DDR4, Everyday Use",Windows 11 Home,0.15677966101694915,0.388771186440678,0.0826271186440678,0.5270270270270271,1.3556226526253774,1.0,0.021675703820741167,1.292312348668281,0.3111068161319418,0.17848970251716245,0.22619326432151396,0.3697805434862656
"8 GB, Windows 11 Home","Intel, Thin and Light Laptop",0.2108050847457627,0.3855932203389831,0.11016949152542373,0.5226130653266332,1.3553481694185212,1.0,0.028884480034472845,1.2870205173951828,0.33221476510067105,0.22657952069716775,0.223011609773003,0.40416367552045945
"8 GB, DDR4, Windows 11 Home",Thin and Light Laptop,0.1917372881355932,0.513771186440678,0.13347457627118645,0.696132596685083,1.354946744888079,1.0,0.03496548226084459,1.6001348228043148,0.3241070128357153,0.23333333333333334,0.37505266072051924,0.4779632055590364
"Core i5, DDR4, Thin and Light Laptop, Windows 10 Home",8 GB,0.07521186440677965,0.5720338983050848,0.05826271186440678,0.7746478873239437,1.3541992696922276,1.0,0.015238975869003156,1.8990995762711869,0.28282828282828276,0.09892086330935251,0.47343466741040313,0.4382498695878978
"Core i5, DDR4, Intel, Processing & Multitasking, Thin and Light Laptop, Windows 10 Home",8 GB,0.07521186440677965,0.5720338983050848,0.05826271186440678,0.7746478873239437,1.3541992696922276,1.0,0.015238975869003156,1.8990995762711869,0.28282828282828276,0.09892086330935251,0.47343466741040313,0.4382498695878978
"Core i5, DDR4, Processing & Multitasking, Thin and Light Laptop, Windows 10 Home",8 GB,0.07521186440677965,0.5720338983050848,0.05826271186440678,0.7746478873239437,1.3541992696922276,1.0,0.015238975869003156,1.8990995762711869,0.28282828282828276,0.09892086330935251,0.47343466741040313,0.4382498695878978
"Core i5, DDR4, Intel, Thin and Light Laptop, Windows 10 Home",8 GB,0.07521186440677965,0.5720338983050848,0.05826271186440678,0.7746478873239437,1.3541992696922276,1.0,0.015238975869003156,1.8990995762711869,0.28282828282828276,0.09892086330935251,0.47343466741040313,0.4382498695878978
"Core i3, Intel, Windows 11 Home",Thin and Light Laptop,0.09745762711864407,0.513771186440678,0.06779661016949153,0.6956521739130435,1.354011653966831,1.0,0.017725689457052565,1.5976089588377722,0.2896860328638497,0.12475633528265108,0.374064601686085,0.4138054683998207
"Core i3, Windows 11 Home",Thin and Light Laptop,0.09745762711864407,0.513771186440678,0.06779661016949153,0.6956521739130435,1.354011653966831,1.0,0.017725689457052565,1.5976089588377722,0.2896860328638497,0.12475633528265108,0.374064601686085,0.4138054683998207
"Thin and Light Laptop, Windows 10 Home","DDR4, Intel, Processing & Multitasking",0.211864406779661,0.4841101694915254,0.13877118644067796,0.655,1.3529978118161927,1.0,0.03620547256535478,1.4953328420535497,0.3310350488385455,0.24904942965779467,0.331252566735113,0.47082603938730855
"Everyday Use, Performance","DDR4, Processing & Multitasking",0.06038135593220339,0.6747881355932204,0.05508474576271186,0.9122807017543859,1.3519513068385247,1.0,0.014340123168629704,3.7074152542372856,0.27705749718151074,0.08099688473520249,0.7302703011600661,0.4969566774078052
"Core i5, Processing & Multitasking, Thin and Light Laptop","DDR4, Intel",0.17478813559322035,0.614406779661017,0.1451271186440678,0.8303030303030303,1.3513897596656217,1.0,0.0377361031312841,2.2722457627118646,0.31509608987753335,0.22532894736842105,0.5599067599067599,0.5332549634273772
"AMD, DDR4, Ryzen 5 Hexa Core","8 GB, Processing & Multitasking",0.0847457627118644,0.4533898305084746,0.05190677966101695,0.6125,1.3509345794392524,1.0,0.013483912668773343,1.4106068890103882,0.28382464096749815,0.10675381263616558,0.2910852713178295,0.36349299065420565
"DDR4, Ryzen 5 Hexa Core","8 GB, Processing & Multitasking",0.0847457627118644,0.4533898305084746,0.05190677966101695,0.6125,1.3509345794392524,1.0,0.013483912668773343,1.4106068890103882,0.28382464096749815,0.10675381263616558,0.2910852713178295,0.36349299065420565
"DDR4, Processing & Multitasking, Windows 11 Home",Thin and Light Laptop,0.23834745762711865,0.513771186440678,0.1652542372881356,0.6933333333333334,1.3494982817869416,1.0,0.04279818119793162,1.5855287398673545,0.3400288862736706,0.2815884476534296,0.36929557007988384,0.5074914089347079
"8 GB, Core i3, DDR4, Windows 11 Home","Intel, Processing & Multitasking",0.07838983050847458,0.5709745762711864,0.06038135593220339,0.7702702702702703,1.3490447776162062,1.0,0.015622755673656993,1.8675224327018944,0.28074208509780196,0.10251798561151079,0.4645311978645313,0.4380108308679737
"Core i5, Intel, Windows 10 Home",8 GB,0.1483050847457627,0.5720338983050848,0.11440677966101695,0.7714285714285715,1.3485714285714285,1.0,0.02957124389543235,1.8723516949152543,0.3034825870646767,0.1888111888111888,0.46591230551626595,0.4857142857142857
"Core i5, Windows 10 Home",8 GB,0.1483050847457627,0.5720338983050848,0.11440677966101695,0.7714285714285715,1.3485714285714285,1.0,0.02957124389543235,1.8723516949152543,0.3034825870646767,0.1888111888111888,0.46591230551626595,0.4857142857142857
"8 GB, Core i3, Thin and Light Laptop",Windows 11 Home,0.11122881355932203,0.388771186440678,0.05826271186440678,0.5238095238095238,1.347346568055015,1.0,0.015020154050560182,1.2835805084745764,0.29006392891970956,0.13189448441247,0.22092927292234052,0.33683664201375374
"8 GB, Core i3, Intel, Thin and Light Laptop",Windows 11 Home,0.11122881355932203,0.388771186440678,0.05826271186440678,0.5238095238095238,1.347346568055015,1.0,0.015020154050560182,1.2835805084745764,0.29006392891970956,0.13189448441247,0.22092927292234052,0.33683664201375374
"8 GB, DDR4, Windows 11 Home","Intel, Thin and Light Laptop",0.1917372881355932,0.3855932203389831,0.09957627118644068,0.5193370165745856,1.3468520429846396,1.0,0.025643672795173794,1.2782485875706213,0.3186191126850896,0.20842572062084255,0.2176795580110497,0.3887893874081719
"Gaming Laptop, Intel",Windows 10 Home,0.1271186440677966,0.4523305084745763,0.07733050847457627,0.6083333333333334,1.3448868071818891,1.0,0.019830867566791158,1.3983050847457628,0.2937890676951723,0.1540084388185654,0.28484848484848496,0.38964676034348167
"Everyday Use, Windows 11 Home",Thin and Light Laptop,0.11652542372881355,0.513771186440678,0.08050847457627118,0.6909090909090909,1.344779756326148,1.0,0.02064106937661591,1.5730932203389831,0.29019941941183897,0.14643545279383427,0.3643097643097643,0.423805060918463
"DDR4, Everyday Use","8 GB, Intel",0.2097457627118644,0.413135593220339,0.11652542372881355,0.5555555555555556,1.3447293447293447,1.0,0.02987198362539499,1.3204449152542372,0.32439678284182294,0.2301255230125523,0.24267950260730048,0.4188034188034188
"Everyday Use, Intel, Windows 11 Home",Thin and Light Laptop,0.08898305084745763,0.513771186440678,0.0614406779661017,0.6904761904761905,1.3439371624938634,1.0,0.015723750359092216,1.5708930899608864,0.28091419406575785,0.11350293542074363,0.3634194418508144,0.40503190967108493
"8 GB, Core i3, DDR4","Intel, Processing & Multitasking",0.1684322033898305,0.5709745762711864,0.1292372881355932,0.7672955974842767,1.3438349610856348,1.0,0.033066782174662454,1.8436497938616578,0.3076850788347082,0.21180555555555555,0.45759763956828936,0.4968203404861086
Gaming Laptop,Windows 10 Home,0.22139830508474576,0.4523305084745763,0.13453389830508475,0.6076555023923446,1.3433882769516938,1.0,0.034388690390692325,1.395889313766019,0.3282982484332315,0.2495088408644401,0.28361082061580906,0.4525396949900833
"Core i5, Windows 10 Home","8 GB, DDR4",0.1483050847457627,0.5423728813559322,0.10805084745762712,0.7285714285714286,1.3433035714285715,1.0,0.0276141913243321,1.6859946476360397,0.30006828602087615,0.18545454545454548,0.40687830687830706,0.4638950892857143
"Core i5, Intel, Windows 10 Home","8 GB, DDR4",0.1483050847457627,0.5423728813559322,0.10805084745762712,0.7285714285714286,1.3433035714285715,1.0,0.0276141913243321,1.6859946476360397,0.30006828602087615,0.18545454545454548,0.40687830687830706,0.4638950892857143
"Core i3, DDR4, Intel, Processing & Multitasking, Windows 10 Home",Thin and Light Laptop,0.07521186440677965,0.513771186440678,0.05190677966101695,0.6901408450704226,1.3432844489618123,1.0,0.013265090850330369,1.569192989214176,0.276340089300325,0.09664694280078896,0.3627297554389519,0.39558588645273707
"Core i3, Intel, Processing & Multitasking, Windows 10 Home",Thin and Light Laptop,0.07521186440677965,0.513771186440678,0.05190677966101695,0.6901408450704226,1.3432844489618123,1.0,0.013265090850330369,1.569192989214176,0.276340089300325,0.09664694280078896,0.3627297554389519,0.39558588645273707
"Core i3, DDR4, Processing & Multitasking, Windows 10 Home",Thin and Light Laptop,0.07521186440677965,0.513771186440678,0.05190677966101695,0.6901408450704226,1.3432844489618123,1.0,0.013265090850330369,1.569192989214176,0.276340089300325,0.09664694280078896,0.3627297554389519,0.39558588645273707
"Core i3, Processing & Multitasking, Windows 10 Home",Thin and Light Laptop,0.07521186440677965,0.513771186440678,0.05190677966101695,0.6901408450704226,1.3432844489618123,1.0,0.013265090850330369,1.569192989214176,0.276340089300325,0.09664694280078896,0.3627297554389519,0.39558588645273707
"AMD, Gaming Laptop",Windows 10 Home,0.09427966101694915,0.4523305084745763,0.057203389830508475,0.6067415730337079,1.3413677867536773,1.0,0.014557822823901174,1.3926452784503631,0.28098332250379027,0.1168831168831169,0.2819420598526504,0.36660263663395
Transparent Silver,"DDR4, Intel, Processing & Multitasking",0.0815677966101695,0.4841101694915254,0.05296610169491525,0.6493506493506492,1.3413282559890873,1.0,0.013478301852915826,1.4712413684871308,0.2770703575547866,0.10330578512396695,0.3203018747166589,0.37937991986132025
Ryzen 5 Hexa Core,"8 GB, DDR4, Processing & Multitasking",0.09110169491525423,0.4247881355932203,0.05190677966101695,0.5697674418604651,1.3412979179957085,1.0,0.013207860528583748,1.336978928080623,0.2799581371009944,0.11187214611872147,0.2520450554627608,0.34598097778808795
"AMD, Ryzen 5 Hexa Core","8 GB, DDR4, Processing & Multitasking",0.09110169491525423,0.4247881355932203,0.05190677966101695,0.5697674418604651,1.3412979179957085,1.0,0.013207860528583748,1.336978928080623,0.2799581371009944,0.11187214611872147,0.2520450554627608,0.34598097778808795
"Black, DDR4",Windows 10 Home,0.09957627118644068,0.4523305084745763,0.06038135593220339,0.6063829787234043,1.3405750161941303,1.0,0.015339970554438379,1.391376546037563,0.28214654282765733,0.12284482758620689,0.2812872957734887,0.369936220040859
"Core i5, Processing & Multitasking, Windows 10 Home",8 GB,0.13135593220338984,0.5720338983050848,0.10063559322033898,0.7661290322580644,1.339307048984468,1.0,0.025495547256535467,1.8299240210403263,0.29165596919127074,0.16695957820738136,0.4535292238901306,0.47102747909199516
"Core i5, Intel, Processing & Multitasking, Windows 10 Home",8 GB,0.13135593220338984,0.5720338983050848,0.10063559322033898,0.7661290322580644,1.339307048984468,1.0,0.025495547256535467,1.8299240210403263,0.29165596919127074,0.16695957820738136,0.4535292238901306,0.47102747909199516
"Core i3, DDR4, Processing & Multitasking",Thin and Light Laptop,0.1663135593220339,0.513771186440678,0.11440677966101695,0.6878980891719745,1.3389191673780287,1.0,0.02895966496696352,1.557916810792113,0.30362605299072903,0.20224719101123595,0.3581172030029279,0.45528925077155424
"Core i3, DDR4, Intel, Processing & Multitasking",Thin and Light Laptop,0.1663135593220339,0.513771186440678,0.11440677966101695,0.6878980891719745,1.3389191673780287,1.0,0.02895966496696352,1.557916810792113,0.30362605299072903,0.20224719101123595,0.3581172030029279,0.45528925077155424
"Core i3, DDR4, Intel","8 GB, Processing & Multitasking",0.2129237288135593,0.4533898305084746,0.1292372881355932,0.6069651741293532,1.3387269261170782,1.0,0.03269983481758115,1.390742329972109,0.32147033514992385,0.24063116370808674,0.28095954336842915,0.4460059515506579
"Core i3, DDR4","8 GB, Processing & Multitasking",0.2129237288135593,0.4533898305084746,0.1292372881355932,0.6069651741293532,1.3387269261170782,1.0,0.03269983481758115,1.390742329972109,0.32147033514992385,0.24063116370808674,0.28095954336842915,0.4460059515506579
"Core i3, Intel, Processing & Multitasking, Thin and Light Laptop",8 GB,0.11758474576271187,0.5720338983050848,0.09004237288135593,0.7657657657657657,1.3386720053386718,1.0,0.022779912381499554,1.827086049543676,0.28670291646070173,0.1501766784452297,0.45268040317545255,0.4615865865865866
"Core i3, Processing & Multitasking, Thin and Light Laptop",8 GB,0.11758474576271187,0.5720338983050848,0.09004237288135593,0.7657657657657657,1.3386720053386718,1.0,0.022779912381499554,1.827086049543676,0.28670291646070173,0.1501766784452297,0.45268040317545255,0.4615865865865866
"DDR4, Everyday Use",Windows 11 Home,0.2097457627118644,0.388771186440678,0.10911016949152542,0.5202020202020202,1.338067321718548,1.0,0.027567060471128987,1.2739295272078501,0.31971160103074,0.22294372294372294,0.21502722195963098,0.4004279855778493
"Black, Processing & Multitasking",Windows 10 Home,0.0858050847457627,0.4523305084745763,0.05190677966101695,0.6049382716049383,1.3373810969439386,1.0,0.013094522048261996,1.3862884004237288,0.2759476907796723,0.10675381263616558,0.27864937794015815,0.359846184982797
"16 GB, Gaming","DDR4, Windows 10 Home",0.11864406779661017,0.4141949152542373,0.06567796610169492,0.5535714285714286,1.3364998173182316,1.0,0.01653619649525999,1.3122033898305088,0.2856699751861043,0.14058956916099774,0.23792301730818913,0.356069601753745
"16 GB, DDR4, Gaming Laptop",Windows 10 Home,0.11228813559322035,0.4523305084745763,0.06779661016949153,0.6037735849056604,1.3348062392293756,1.0,0.017005260700947995,1.3822134786117835,0.28255519093078746,0.13646055437100213,0.27652275464399106,0.3768282444434625
"Core i3, Windows 10 Home","DDR4, Thin and Light Laptop",0.08898305084745763,0.4459745762711864,0.05296610169491525,0.5952380952380952,1.3346906458545413,1.0,0.013281923297902905,1.3687686939182453,0.27525581395348847,0.10989010989010989,0.2694163707548029,0.357001470421898
"Core i3, Intel, Windows 10 Home","DDR4, Thin and Light Laptop",0.08898305084745763,0.4459745762711864,0.05296610169491525,0.5952380952380952,1.3346906458545413,1.0,0.013281923297902905,1.3687686939182453,0.27525581395348847,0.10989010989010989,0.2694163707548029,0.357001470421898
"Core i5, DDR4, Intel, Windows 11 Home","Processing & Multitasking, Thin and Light Laptop",0.0836864406779661,0.4661016949152542,0.05190677966101695,0.620253164556962,1.3307249712313003,1.0,0.012900387819592074,1.4059322033898305,0.2712280287837679,0.10425531914893617,0.28872814948764314,0.36580840046029917
"Core i5, DDR4, Windows 11 Home","Processing & Multitasking, Thin and Light Laptop",0.0836864406779661,0.4661016949152542,0.05190677966101695,0.620253164556962,1.3307249712313003,1.0,0.012900387819592074,1.4059322033898305,0.2712280287837679,0.10425531914893617,0.28872814948764314,0.36580840046029917
"8 GB, Everyday Use, Intel",Windows 11 Home,0.1228813559322034,0.388771186440678,0.0635593220338983,0.5172413793103448,1.3304519402424126,1.0,0.015786591496696346,1.2661168280871669,0.28317230273752003,0.14184397163120566,0.21018346979023472,0.3403645588649816
"8 GB, Windows 11 Home",Thin and Light Laptop,0.2108050847457627,0.513771186440678,0.1440677966101695,0.6834170854271358,1.3301973786458063,1.0,0.03576221811261132,1.5358656174334144,0.31453809711804187,0.24817518248175183,0.3489013695930635,0.4819147282805782
"8 GB, Intel, Processing & Multitasking","DDR4, Thin and Light Laptop",0.3305084745762712,0.4459745762711864,0.19597457627118645,0.592948717948718,1.3295572202935624,1.0,0.0485761993679977,1.3610703323101563,0.3702360588436538,0.3375912408759124,0.26528411040839345,0.5161893233449053
"Core i7, Windows 10 Home","DDR4, Intel",0.0635593220338983,0.614406779661017,0.05190677966101695,0.8166666666666668,1.3291954022988506,1.0,0.012855501292731976,2.103235747303545,0.26447502077754187,0.0829103214890017,0.5245421245421248,0.4505747126436782
"AMD, Processing & Multitasking, Ryzen 5 Hexa Core","8 GB, DDR4",0.07203389830508475,0.5423728813559322,0.05190677966101695,0.7205882352941176,1.3285845588235294,1.0,0.012837546681987937,1.6378233719892952,0.2665175659304818,0.09227871939736347,0.38943355119825707,0.4081456801470588
"Processing & Multitasking, Ryzen 5 Hexa Core","8 GB, DDR4",0.07203389830508475,0.5423728813559322,0.05190677966101695,0.7205882352941176,1.3285845588235294,1.0,0.012837546681987937,1.6378233719892952,0.2665175659304818,0.09227871939736347,0.38943355119825707,0.4081456801470588
"AMD, Thin and Light Laptop","8 GB, Processing & Multitasking",0.11440677966101695,0.4533898305084746,0.06885593220338983,0.6018518518518519,1.3274489442713742,1.0,0.016985061763860956,1.3728813559322033,0.2785425101214575,0.13800424628450103,0.2716049382716049,0.37686050536517823
"Core i3, DDR4, Processing & Multitasking, Thin and Light Laptop",8 GB,0.11440677966101695,0.5720338983050848,0.08686440677966102,0.7592592592592593,1.3272976680384088,1.0,0.02141985061763861,1.7777053455019558,0.278445559575213,0.14487632508833923,0.4374770810414375,0.4555555555555556
"Core i3, DDR4, Intel, Processing & Multitasking, Thin and Light Laptop",8 GB,0.11440677966101695,0.5720338983050848,0.08686440677966102,0.7592592592592593,1.3272976680384088,1.0,0.02141985061763861,1.7777053455019558,0.278445559575213,0.14487632508833923,0.4374770810414375,0.4555555555555556
"16 GB, Core i5",Thin and Light Laptop,0.09322033898305085,0.513771186440678,0.0635593220338983,0.6818181818181818,1.3270852858481723,1.0,0.015665397874174085,1.528147699757869,0.27180685358255446,0.11695906432748539,0.34561299267181605,0.40276476101218367
"16 GB, Core i5, Intel",Thin and Light Laptop,0.09322033898305085,0.513771186440678,0.0635593220338983,0.6818181818181818,1.3270852858481723,1.0,0.015665397874174085,1.528147699757869,0.27180685358255446,0.11695906432748539,0.34561299267181605,0.40276476101218367
"8 GB, Processing & Multitasking, Windows 10 Home","DDR4, Thin and Light Laptop",0.225635593220339,0.4459745762711864,0.13347457627118645,0.5915492957746479,1.3264193235422035,1.0,0.032846838193047984,1.356407071887785,0.31779688619633906,0.24803149606299213,0.26275819352058816,0.44541835335050683
"16 GB, Processing & Multitasking, Windows 11 Home",Thin and Light Laptop,0.09957627118644068,0.513771186440678,0.06779661016949153,0.6808510638297872,1.325202895371792,1.0,0.016637191180695204,1.5235169491525422,0.27253676470588234,0.12427184466019418,0.34362397441245995,0.40640491335819257
"DDR4, Everyday Use, Windows 11 Home",8 GB,0.10911016949152542,0.5720338983050848,0.0826271186440678,0.7572815533980582,1.3238403451995684,1.0,0.02021240304510198,1.7632203389830508,0.2745815421201866,0.13805309734513274,0.43285590694991827,0.45086299892125137
"Core i3, Everyday Use, Intel","DDR4, Thin and Light Laptop",0.08792372881355932,0.4459745762711864,0.05190677966101695,0.5903614457831325,1.3237558309246489,1.0,0.012695031959207126,1.3524738285144566,0.2681504657612174,0.1076923076923077,0.2606141583542584,0.35337549723835965
"Core i3, Everyday Use","DDR4, Thin and Light Laptop",0.08792372881355932,0.4459745762711864,0.05190677966101695,0.5903614457831325,1.3237558309246489,1.0,0.012695031959207126,1.3524738285144566,0.2681504657612174,0.1076923076923077,0.2606141583542584,0.35337549723835965
"Core i5, Processing & Multitasking, Windows 10 Home","8 GB, DDR4",0.13135593220338984,0.5423728813559322,0.09427966101694915,0.7177419354838709,1.323336693548387,1.0,0.023035765584602116,1.6213075060532682,0.28128254316251017,0.1627056672760512,0.38321385902031047,0.44578503024193544
"Core i5, Intel, Processing & Multitasking, Windows 10 Home","8 GB, DDR4",0.13135593220338984,0.5423728813559322,0.09427966101694915,0.7177419354838709,1.323336693548387,1.0,0.023035765584602116,1.6213075060532682,0.28128254316251017,0.1627056672760512,0.38321385902031047,0.44578503024193544
"Core i5, Windows 11 Home","DDR4, Intel, Processing & Multitasking",0.1059322033898305,0.4841101694915254,0.06779661016949153,0.64,1.3220131291028447,1.0,0.016513753231829936,1.433027306967985,0.2724377962085308,0.12981744421906694,0.3021765913757701,0.3900218818380744
"8 GB, Core i5, DDR4, Intel, Processing & Multitasking, Thin and Light Laptop",Windows 10 Home,0.09745762711864407,0.4523305084745763,0.05826271186440678,0.5978260869565217,1.3216576723347928,1.0,0.014179653835104847,1.3617727897388912,0.2696542893725991,0.11853448275862068,0.26566310655117314,0.3633158537827105
"8 GB, Core i5, DDR4, Processing & Multitasking, Thin and Light Laptop",Windows 10 Home,0.09745762711864407,0.4523305084745763,0.05826271186440678,0.5978260869565217,1.3216576723347928,1.0,0.014179653835104847,1.3617727897388912,0.2696542893725991,0.11853448275862068,0.26566310655117314,0.3633158537827105
"8 GB, Core i3, Intel, Windows 11 Home",Thin and Light Laptop,0.0858050847457627,0.513771186440678,0.05826271186440678,0.6790123456790124,1.3216240295278097,1.0,0.01417853167193335,1.5147897653194264,0.2661961445275466,0.10763209393346378,0.3398423841415853,0.3962072037673412
"8 GB, Core i3, Windows 11 Home",Thin and Light Laptop,0.0858050847457627,0.513771186440678,0.05826271186440678,0.6790123456790124,1.3216240295278097,1.0,0.01417853167193335,1.5147897653194264,0.2661961445275466,0.10763209393346378,0.3398423841415853,0.3962072037673412
"DDR4, Everyday Use, Intel",Windows 11 Home,0.15889830508474576,0.388771186440678,0.0815677966101695,0.5133333333333334,1.3203996366939148,1.0,0.019792714018960073,1.2559496169027167,0.2884948804344271,0.175,0.20378971692663211,0.36157129881925526
"Everyday Use, Windows 11 Home","8 GB, Intel",0.11652542372881355,0.413135593220339,0.0635593220338983,0.5454545454545454,1.32027972027972,1.0,0.015418521976443549,1.291101694915254,0.2745803357314148,0.13636363636363635,0.22546767312110264,0.34965034965034963
"Everyday Use, Windows 11 Home",8 GB,0.11652542372881355,0.5720338983050848,0.08792372881355932,0.7545454545454546,1.319057239057239,1.0,0.021267236426314284,1.7435655994978034,0.27378579064459285,0.14638447971781304,0.4264626462646266,0.45412457912457915
Everyday Use,"8 GB, DDR4",0.21927966101694915,0.5423728813559322,0.15677966101694915,0.714975845410628,1.3182367149758454,1.0,0.037848319448434364,1.6055731111749494,0.3092155927976824,0.2591943957968476,0.37716943997137226,0.502019172705314
"Core i3, Processing & Multitasking",Thin and Light Laptop,0.17372881355932204,0.513771186440678,0.11758474576271187,0.676829268292683,1.31737490570782,1.0,0.028327887101407642,1.5045570834665816,0.2915684915684916,0.20631970260223048,0.3353525692119667,0.4528476238370631
"Core i3, Intel, Processing & Multitasking",Thin and Light Laptop,0.17372881355932204,0.513771186440678,0.11758474576271187,0.676829268292683,1.31737490570782,1.0,0.028327887101407642,1.5045570834665816,0.2915684915684916,0.20631970260223048,0.3353525692119667,0.4528476238370631
"Core i5, Thin and Light Laptop, Windows 10 Home","DDR4, Processing & Multitasking",0.0847457627118644,0.6747881355932204,0.07521186440677965,0.8875,1.3152276295133436,1.0,0.01802642918701522,2.890772128060262,0.26186750130412095,0.10990712074303403,0.6540716612377848,0.4994799843014128
"Core i5, Intel, Thin and Light Laptop, Windows 10 Home","DDR4, Processing & Multitasking",0.0847457627118644,0.6747881355932204,0.07521186440677965,0.8875,1.3152276295133436,1.0,0.01802642918701522,2.890772128060262,0.26186750130412095,0.10990712074303403,0.6540716612377848,0.4994799843014128
"DDR4, Processing & Multitasking, Thin and Light Laptop, Windows 10 Home","8 GB, Intel",0.1853813559322034,0.413135593220339,0.10063559322033898,0.5428571428571428,1.313992673992674,1.0,0.02404795676529732,1.2837658898305084,0.293340633769078,0.20212765957446807,0.22104177411036607,0.3932234432234432
"DDR4, Processing & Multitasking, Windows 11 Home","Intel, Thin and Light Laptop",0.23834745762711865,0.3855932203389831,0.12076271186440678,0.5066666666666666,1.3139926739926737,1.0,0.02885754811835678,1.2454191479615204,0.3137398433496814,0.23999999999999996,0.19705747126436768,0.4099267399267399
"LPDDR4X, Processing & Multitasking",Thin and Light Laptop,0.0847457627118644,0.513771186440678,0.057203389830508475,0.675,1.3138144329896908,1.0,0.013663458776213736,1.4960886571056065,0.2609739368998629,0.10567514677103718,0.3315904139433552,0.39317010309278355
LPDDR4X,Thin and Light Laptop,0.0847457627118644,0.513771186440678,0.057203389830508475,0.675,1.3138144329896908,1.0,0.013663458776213736,1.4960886571056065,0.2609739368998629,0.10567514677103718,0.3315904139433552,0.39317010309278355
"16 GB, Core i7","Intel, Processing & Multitasking",0.09745762711864407,0.5709745762711864,0.07309322033898305,0.75,1.313543599257885,1.0,0.017447392990519964,1.7161016949152543,0.2644757433489828,0.12277580071174378,0.41728395061728396,0.4390074211502783
"Core i3, DDR4, Windows 10 Home","8 GB, Processing & Multitasking",0.08898305084745763,0.4533898305084746,0.05296610169491525,0.5952380952380952,1.312861593235425,1.0,0.012622091353059466,1.3504486540378864,0.26158139534883723,0.10822510822510821,0.2595053525286083,0.3560302625723186
"Core i3, Intel, Windows 10 Home","8 GB, Processing & Multitasking",0.08898305084745763,0.4533898305084746,0.05296610169491525,0.5952380952380952,1.312861593235425,1.0,0.012622091353059466,1.3504486540378864,0.26158139534883723,0.10822510822510821,0.2595053525286083,0.3560302625723186
"Core i3, Windows 10 Home","8 GB, Processing & Multitasking",0.08898305084745763,0.4533898305084746,0.05296610169491525,0.5952380952380952,1.312861593235425,1.0,0.012622091353059466,1.3504486540378864,0.26158139534883723,0.10822510822510821,0.2595053525286083,0.3560302625723186
"Core i3, DDR4, Intel, Windows 10 Home","8 GB, Processing & Multitasking",0.08898305084745763,0.4533898305084746,0.05296610169491525,0.5952380952380952,1.312861593235425,1.0,0.012622091353059466,1.3504486540378864,0.26158139534883723,0.10822510822510821,0.2595053525286083,0.3560302625723186
"DDR4, Intel, Thin and Light Laptop","8 GB, Processing & Multitasking",0.3294491525423729,0.4533898305084746,0.19597457627118645,0.594855305466238,1.312017309252637,1.0,0.0466056808388394,1.349172719935432,0.3546560778788265,0.3339350180505415,0.25880505496148964,0.5135491480602218
"8 GB, Core i3, DDR4, Thin and Light Laptop",Windows 11 Home,0.10805084745762712,0.388771186440678,0.05508474576271186,0.5098039215686274,1.3113212587487308,1.0,0.013077689600689453,1.246906779661017,0.2661702905170838,0.12470023980815348,0.1980154280082916,0.32574664743281506
"8 GB, Core i3, DDR4, Intel, Thin and Light Laptop",Windows 11 Home,0.10805084745762712,0.388771186440678,0.05508474576271186,0.5098039215686274,1.3113212587487308,1.0,0.013077689600689453,1.246906779661017,0.2661702905170838,0.12470023980815348,0.1980154280082916,0.32574664743281506
"Core i5, Intel, Processing & Multitasking, Thin and Light Laptop, Windows 10 Home",8 GB,0.0847457627118644,0.5720338983050848,0.0635593220338983,0.75,1.3111111111111111,1.0,0.015081873024992816,1.711864406779661,0.25925925925925924,0.10714285714285714,0.4158415841584158,0.4305555555555556
"Core i5, Thin and Light Laptop, Windows 10 Home",8 GB,0.0847457627118644,0.5720338983050848,0.0635593220338983,0.75,1.3111111111111111,1.0,0.015081873024992816,1.711864406779661,0.25925925925925924,0.10714285714285714,0.4158415841584158,0.4305555555555556
"Processing & Multitasking, Ryzen 5 Hexa Core",8 GB,0.07203389830508475,0.5720338983050848,0.05402542372881356,0.75,1.3111111111111111,1.0,0.01281959207124389,1.711864406779661,0.25570776255707756,0.09156193895870736,0.4158415841584158,0.4222222222222222
"AMD, Processing & Multitasking, Ryzen 5 Hexa Core",8 GB,0.07203389830508475,0.5720338983050848,0.05402542372881356,0.75,1.3111111111111111,1.0,0.01281959207124389,1.711864406779661,0.25570776255707756,0.09156193895870736,0.4158415841584158,0.4222222222222222
"Core i5, Intel, Thin and Light Laptop, Windows 10 Home",8 GB,0.0847457627118644,0.5720338983050848,0.0635593220338983,0.75,1.3111111111111111,1.0,0.015081873024992816,1.711864406779661,0.25925925925925924,0.10714285714285714,0.4158415841584158,0.4305555555555556
"Core i5, Processing & Multitasking, Thin and Light Laptop, Windows 10 Home",8 GB,0.0847457627118644,0.5720338983050848,0.0635593220338983,0.75,1.3111111111111111,1.0,0.015081873024992816,1.711864406779661,0.25925925925925924,0.10714285714285714,0.4158415841584158,0.4305555555555556
"Core i5, Intel, Thin and Light Laptop","8 GB, Processing & Multitasking",0.1853813559322034,0.4533898305084746,0.11016949152542373,0.5942857142857143,1.3107610146862483,1.0,0.026119469979890828,1.3472785867748867,0.2910373111933579,0.20841683366733468,0.25776301218161685,0.4186381842456609
"Core i5, Thin and Light Laptop","8 GB, Processing & Multitasking",0.1853813559322034,0.4533898305084746,0.11016949152542373,0.5942857142857143,1.3107610146862483,1.0,0.026119469979890828,1.3472785867748867,0.2910373111933579,0.20841683366733468,0.25776301218161685,0.4186381842456609
"16 GB, Gaming Laptop","DDR4, Windows 10 Home",0.125,0.4141949152542373,0.06779661016949153,0.5423728813559322,1.309462915601023,1.0,0.016022245762711863,1.2800925925925928,0.2700892857142857,0.14382022471910114,0.21880650994575043,0.35302787290303006
Everyday Use,8 GB,0.21927966101694915,0.5720338983050848,0.1641949152542373,0.748792270531401,1.3089998210771157,1.0,0.03875951594369434,1.7036342894393741,0.3023591718825228,0.2618243243243243,0.41301956282584773,0.517914653784219
"8 GB, Core i3, DDR4, Intel, Processing & Multitasking",Thin and Light Laptop,0.1292372881355932,0.513771186440678,0.08686440677966102,0.6721311475409837,1.3082305222241002,1.0,0.020466011921861538,1.4829978813559326,0.2705774138033351,0.15619047619047619,0.32569020322154374,0.4206016562447187
"8 GB, Core i3, DDR4, Processing & Multitasking",Thin and Light Laptop,0.1292372881355932,0.513771186440678,0.08686440677966102,0.6721311475409837,1.3082305222241002,1.0,0.020466011921861538,1.4829978813559326,0.2705774138033351,0.15619047619047619,0.32569020322154374,0.4206016562447187
"Core i5, Processing & Multitasking, Windows 11 Home","DDR4, Thin and Light Laptop",0.08898305084745763,0.4459745762711864,0.05190677966101695,0.5833333333333334,1.3079968329374507,1.0,0.012222601264004603,1.3296610169491527,0.2584717607973423,0.10745614035087721,0.24792861695347365,0.34986144101346006
"Core i5, Intel, Processing & Multitasking, Windows 11 Home","DDR4, Thin and Light Laptop",0.08898305084745763,0.4459745762711864,0.05190677966101695,0.5833333333333334,1.3079968329374507,1.0,0.012222601264004603,1.3296610169491527,0.2584717607973423,0.10745614035087721,0.24792861695347365,0.34986144101346006
Ryzen 5 Hexa Core,"8 GB, Processing & Multitasking",0.09110169491525423,0.4533898305084746,0.05402542372881356,0.5930232558139535,1.307976526841991,1.0,0.012720841712151681,1.3430992736077483,0.2590612002376708,0.11015118790496761,0.25545339823327934,0.3560910671593132
"AMD, Ryzen 5 Hexa Core","8 GB, Processing & Multitasking",0.09110169491525423,0.4533898305084746,0.05402542372881356,0.5930232558139535,1.307976526841991,1.0,0.012720841712151681,1.3430992736077483,0.2590612002376708,0.11015118790496761,0.25545339823327934,0.3560910671593132
"Everyday Use, Windows 11 Home","8 GB, DDR4",0.11652542372881355,0.5423728813559322,0.0826271186440678,0.7090909090909091,1.3073863636363636,1.0,0.01942688882505028,1.5730932203389831,0.26612556108959,0.14338235294117646,0.36430976430976436,0.43071732954545455
Performance,"Intel, Processing & Multitasking",0.07521186440677965,0.5709745762711864,0.05614406779661017,0.7464788732394367,1.307376727899867,1.0,0.013200005386383232,1.6922669491525433,0.2542306944174287,0.09515260323159787,0.4090766823161192,0.4224045572134104
"DDR4, Everyday Use",8 GB,0.2097457627118644,0.5720338983050848,0.15677966101694915,0.7474747474747475,1.3066965955854846,1.0,0.03679797471990806,1.6947457627118645,0.2970074632273023,0.25084745762711863,0.40994099409941,0.5107744107744108
Core i7,"Intel, Processing & Multitasking",0.11652542372881355,0.5709745762711864,0.08686440677966102,0.7454545454545455,1.3055827289593525,1.0,0.02033135234128125,1.6854570217917677,0.26492951979879525,0.14462081128747795,0.4066891133557801,0.44879406307977737
Black,Windows 10 Home,0.1059322033898305,0.4523305084745763,0.0625,0.5900000000000001,1.3043559718969557,1.0,0.014583632576845737,1.3357792476229848,0.26098481805767537,0.12606837606837606,0.25137330754352044,0.3640866510538642
"DDR4, Everyday Use, Windows 11 Home",Thin and Light Laptop,0.10911016949152542,0.513771186440678,0.07309322033898305,0.6699029126213593,1.3038935041537383,1.0,0.017035559106578564,1.4729872881355934,0.26161057402333304,0.1329479768786127,0.3211075152822726,0.40608547692923636
Core i3,"DDR4, Processing & Multitasking, Thin and Light Laptop",0.22033898305084745,0.3983050847457627,0.11440677966101695,0.5192307692307693,1.3036006546644845,1.0,0.02664464234415398,1.2515254237288136,0.29871175523349436,0.226890756302521,0.2009750812567715,0.4032324058919804
"Core i3, Intel","DDR4, Processing & Multitasking, Thin and Light Laptop",0.22033898305084745,0.3983050847457627,0.11440677966101695,0.5192307692307693,1.3036006546644845,1.0,0.02664464234415398,1.2515254237288136,0.29871175523349436,0.226890756302521,0.2009750812567715,0.4032324058919804
"8 GB, Intel, Windows 10 Home","DDR4, Processing & Multitasking, Thin and Light Laptop",0.19385593220338984,0.3983050847457627,0.10063559322033898,0.5191256830601092,1.3033368212998486,1.0,0.023421789715598954,1.2512519260400612,0.28870599626530175,0.2047413793103448,0.2008004310013083,0.38589262876409713
"8 GB, Core i5, DDR4, Intel, Processing & Multitasking",Windows 10 Home,0.15995762711864406,0.4523305084745763,0.09427966101694915,0.5894039735099338,1.3030382927245374,1.0,0.021925946207986213,1.3338402132312739,0.2768465647448886,0.1820040899795501,0.25028501159260635,0.39891744342943997
"8 GB, Core i5, DDR4, Processing & Multitasking",Windows 10 Home,0.15995762711864406,0.4523305084745763,0.09427966101694915,0.5894039735099338,1.3030382927245374,1.0,0.021925946207986213,1.3338402132312739,0.2768465647448886,0.1820040899795501,0.25028501159260635,0.39891744342943997
"Intel, Thin and Light Laptop, Windows 10 Home","DDR4, Processing & Multitasking",0.15783898305084745,0.6747881355932204,0.13877118644067796,0.8791946308724832,1.3029195157670708,1.0,0.03226331334386669,2.6920315442561193,0.2760670219405635,0.19999999999999998,0.6285333275036615,0.5424230611191301
"16 GB, Gaming",Windows 10 Home,0.11864406779661017,0.4523305084745763,0.06991525423728813,0.5892857142857142,1.3027768484442954,1.0,0.016248922723355347,1.3334561532792921,0.26369463869463855,0.13953488372093023,0.2500690798563137,0.37192622950819665
"8 GB, Laptop","DDR4, Intel",0.0847457627118644,0.614406779661017,0.06779661016949153,0.8,1.3020689655172415,1.0,0.015728239011778222,1.9279661016949154,0.25347222222222215,0.10738255033557047,0.4813186813186814,0.45517241379310347
"Core i5, DDR4, Intel","8 GB, Processing & Multitasking",0.2711864406779661,0.4533898305084746,0.15995762711864406,0.58984375,1.3009637850467288,1.0,0.037004452743464505,1.3326876513317192,0.3174187586631756,0.2833020637898686,0.24963662790697672,0.47132374415887845
"Core i5, DDR4","8 GB, Processing & Multitasking",0.2711864406779661,0.4533898305084746,0.15995762711864406,0.58984375,1.3009637850467288,1.0,0.037004452743464505,1.3326876513317192,0.3174187586631756,0.2833020637898686,0.24963662790697672,0.47132374415887845
"8 GB, Everyday Use, Processing & Multitasking","DDR4, Thin and Light Laptop",0.09322033898305085,0.4459745762711864,0.05402542372881356,0.5795454545454546,1.2995033470092854,1.0,0.0124515225509911,1.3176820888685297,0.25416895730254724,0.11135371179039304,0.24109160438032343,0.35034279853163464
"Core i3, Intel, Processing & Multitasking, Windows 10 Home","8 GB, DDR4",0.07521186440677965,0.5423728813559322,0.05296610169491525,0.7042253521126761,1.2984154929577465,1.0,0.012173226084458491,1.5472154963680391,0.2485223367697595,0.09380863039399624,0.3536776212832552,0.40094080105633806
"Core i3, Processing & Multitasking, Windows 10 Home","8 GB, DDR4",0.07521186440677965,0.5423728813559322,0.05296610169491525,0.7042253521126761,1.2984154929577465,1.0,0.012173226084458491,1.5472154963680391,0.2485223367697595,0.09380863039399624,0.3536776212832552,0.40094080105633806
"8 GB, Core i5, Intel, Processing & Multitasking, Windows 10 Home","DDR4, Thin and Light Laptop",0.10063559322033898,0.4459745762711864,0.05826271186440678,0.5789473684210527,1.2981622702837856,1.0,0.013381795820166617,1.3158103813559323,0.25538066174108576,0.1193058568329718,0.24001207607929967,0.3547943492936617
"8 GB, Core i5, Processing & Multitasking, Windows 10 Home","DDR4, Thin and Light Laptop",0.10063559322033898,0.4459745762711864,0.05826271186440678,0.5789473684210527,1.2981622702837856,1.0,0.013381795820166617,1.3158103813559323,0.25538066174108576,0.1193058568329718,0.24001207607929967,0.3547943492936617
"DDR4, Thin and Light Laptop, Windows 10 Home","8 GB, Intel",0.1896186440677966,0.413135593220339,0.1016949152542373,0.5363128491620113,1.2981521272024068,1.0,0.02335670425165183,1.2656473351031245,0.2834150326797386,0.2029598308668076,0.209890486658734,0.3912333476579287
"Thin and Light Laptop, Windows 10 Home","DDR4, Processing & Multitasking",0.211864406779661,0.6747881355932204,0.1853813559322034,0.8750000000000001,1.2967032967032968,1.0,0.04241776788279231,2.6016949152542392,0.2903225806451613,0.26435045317220546,0.6156351791530947,0.5748626373626374
"8 GB, AMD, Thin and Light Laptop","DDR4, Processing & Multitasking",0.07627118644067797,0.6747881355932204,0.06673728813559322,0.875,1.2967032967032965,1.0,0.015270396437805228,2.601694915254237,0.24770642201834864,0.09752321981424147,0.6156351791530944,0.48695054945054944
"Thin and Light Laptop, Windows 10 Home","Intel, Processing & Multitasking",0.211864406779661,0.5709745762711864,0.15677966101694915,0.74,1.2960296846011132,1.0,0.03581047112898593,1.6500977835723598,0.2898140075559431,0.2504230118443317,0.39397530864197533,0.5072912801484231
"8 GB, Everyday Use, Intel","DDR4, Thin and Light Laptop",0.1228813559322034,0.4459745762711864,0.07097457627118645,0.5775862068965517,1.2951101646326482,1.0,0.016172615627693197,1.3115703908682117,0.2597880164395415,0.1425531914893617,0.23755521856662493,0.3683655500040953
"Core i3, Windows 10 Home","8 GB, DDR4",0.08898305084745763,0.5423728813559322,0.0625,0.7023809523809524,1.2950148809523812,1.0,0.014238006320022985,1.5376271186440682,0.25005912495072924,0.10986964618249535,0.3496472663139331,0.4088076636904762
"Core i3, Intel, Windows 10 Home","8 GB, DDR4",0.08898305084745763,0.5423728813559322,0.0625,0.7023809523809524,1.2950148809523812,1.0,0.014238006320022985,1.5376271186440682,0.25005912495072924,0.10986964618249535,0.3496472663139331,0.4088076636904762
"Core i5, Intel, Processing & Multitasking",Thin and Light Laptop,0.2627118644067797,0.513771186440678,0.17478813559322035,0.6653225806451613,1.2949783837712003,1.0,0.03981434932490663,1.4528282622013475,0.3089515848136537,0.29049295774647893,0.3116873989739264,0.5027643831060857
"Core i5, Processing & Multitasking",Thin and Light Laptop,0.2627118644067797,0.513771186440678,0.17478813559322035,0.6653225806451613,1.2949783837712003,1.0,0.03981434932490663,1.4528282622013475,0.3089515848136537,0.29049295774647893,0.3116873989739264,0.5027643831060857
"16 GB, Core i5","DDR4, Intel",0.09322033898305085,0.614406779661017,0.07415254237288135,0.7954545454545454,1.2946708463949843,1.0,0.01687733409939672,1.8851224105461388,0.2510013351134846,0.11705685618729098,0.4695304695304694,0.4580721003134796
"8 GB, Core i5, Processing & Multitasking","DDR4, Windows 10 Home",0.17584745762711865,0.4141949152542373,0.09427966101694915,0.536144578313253,1.2944257849813576,1.0,0.021444538207411656,1.2629044684129431,0.2759885618555211,0.19017094017094016,0.20817447003202683,0.38188303084460606
"8 GB, Core i5, Intel, Processing & Multitasking","DDR4, Windows 10 Home",0.17584745762711865,0.4141949152542373,0.09427966101694915,0.536144578313253,1.2944257849813576,1.0,0.021444538207411656,1.2629044684129431,0.2759885618555211,0.19017094017094016,0.20817447003202683,0.38188303084460606
"DDR4, Everyday Use, Windows 11 Home","8 GB, Intel",0.10911016949152542,0.413135593220339,0.05826271186440678,0.5339805825242718,1.292506845904904,1.0,0.013185417265153689,1.2593132062146892,0.254026591719814,0.12557077625570776,0.20591637166590723,0.3375031117749564
"8 GB, DDR4, Thin and Light Laptop, Windows 10 Home","Intel, Processing & Multitasking",0.13665254237288135,0.5709745762711864,0.10063559322033898,0.7364341085271318,1.2897844127080007,1.0,0.022610465742602698,1.627772931206381,0.2602389409105586,0.16579406631762653,0.38566369987558613,0.45634321381829684
"Everyday Use, Windows 11 Home","8 GB, DDR4, Intel",0.11652542372881355,0.3877118644067797,0.05826271186440678,0.5,1.2896174863387977,1.0,0.013084422579718466,1.2245762711864407,0.25419664268585124,0.13064133016627077,0.18339100346020756,0.3251366120218579
Transparent Silver,"DDR4, Processing & Multitasking",0.0815677966101695,0.6747881355932204,0.07097457627118645,0.8701298701298702,1.2894860241799018,1.0,0.01593359487216317,2.5041313559322043,0.2444352631307132,0.1035548686244204,0.6006599263928256,0.48765520194091627
"DDR4, Everyday Use, Intel, Windows 11 Home",Thin and Light Laptop,0.0815677966101695,0.513771186440678,0.05402542372881356,0.6623376623376623,1.2891685633953676,1.0,0.01211824008905487,1.439985332464146,0.24422733337856484,0.09980430528375733,0.3055484820190702,0.38374615075646
"Everyday Use, Processing & Multitasking, Thin and Light Laptop","8 GB, DDR4",0.07733050847457627,0.5423728813559322,0.05402542372881356,0.6986301369863014,1.2880993150684932,1.0,0.012083453030738295,1.5184899845916795,0.24240787015150492,0.0955056179775281,0.3414510400811771,0.3991197559931507
"8 GB, Thin and Light Laptop, Windows 10 Home","Intel, Processing & Multitasking",0.1440677966101695,0.5709745762711864,0.1059322033898305,0.7352941176470588,1.2877878424096911,1.0,0.023673154266015503,1.6207627118644066,0.261089108910891,0.17391304347826084,0.38300653594771233,0.4604114373021936
"8 GB, Windows 11 Home","DDR4, Processing & Multitasking, Thin and Light Laptop",0.2108050847457627,0.3983050847457627,0.10805084745762712,0.5125628140703518,1.2868598310702448,1.0,0.02408611031312842,1.2344050323257032,0.2824582181866036,0.21564482029598311,0.18989312760988042,0.3919197049075163
"8 GB, DDR4, Everyday Use, Intel",Windows 11 Home,0.11652542372881355,0.388771186440678,0.05826271186440678,0.5,1.2861035422343323,1.0,0.012960984630853198,1.222457627118644,0.25179856115107907,0.13033175355450236,0.1819757365684575,0.3249318801089918
"Core i5, Windows 11 Home","DDR4, Intel",0.1059322033898305,0.614406779661017,0.0836864406779661,0.79,1.285793103448276,1.0,0.018600976730824476,1.8361581920903955,0.2486051952726618,0.13144758735440928,0.45538461538461544,0.4631034482758621
"Core i5, Intel, Processing & Multitasking, Windows 10 Home","DDR4, Thin and Light Laptop",0.13135593220338984,0.4459745762711864,0.07521186440677965,0.5725806451612903,1.2838862922381427,1.0,0.016630458201666178,1.29621042532779,0.25455170044658176,0.14978902953586498,0.22852032319743407,0.37061336296069264
"Core i5, Processing & Multitasking, Windows 10 Home","DDR4, Thin and Light Laptop",0.13135593220338984,0.4459745762711864,0.07521186440677965,0.5725806451612903,1.2838862922381427,1.0,0.016630458201666178,1.29621042532779,0.25455170044658176,0.14978902953586498,0.22852032319743407,0.37061336296069264
"Everyday Use, Intel","8 GB, DDR4",0.1673728813559322,0.5423728813559322,0.11652542372881355,0.6962025316455696,1.2836234177215189,1.0,0.025746911806952016,1.5063559322033895,0.2653712699514225,0.19642857142857142,0.3361462728551335,0.4555231408227848
"Everyday Use, Intel",8 GB,0.1673728813559322,0.5720338983050848,0.1228813559322034,0.7341772151898734,1.2834505391467417,1.0,0.027138394139615052,1.6099677158999193,0.2652452399754321,0.19931271477663232,0.37886953252287253,0.4744960150023441
"8 GB, Core i3, Processing & Multitasking",Thin and Light Laptop,0.13665254237288135,0.513771186440678,0.09004237288135593,0.6589147286821705,1.2825061935586988,1.0,0.01983423405630566,1.425534476117103,0.2551425478166727,0.1606805293005671,0.29850872304132664,0.41708623032046666
"8 GB, Core i3, Intel, Processing & Multitasking",Thin and Light Laptop,0.13665254237288135,0.513771186440678,0.09004237288135593,0.6589147286821705,1.2825061935586988,1.0,0.01983423405630566,1.425534476117103,0.2551425478166727,0.1606805293005671,0.29850872304132664,0.41708623032046666
"DDR4, Everyday Use, Intel",8 GB,0.15889830508474576,0.5720338983050848,0.11652542372881355,0.7333333333333333,1.2819753086419752,1.0,0.025630206837115768,1.6048728813559319,0.261506755209526,0.1896551724137931,0.37689768976897675,0.4685185185185185
"DDR4, Thin and Light Laptop, Windows 10 Home","Intel, Processing & Multitasking",0.1896186440677966,0.5709745762711864,0.13877118644067796,0.7318435754189944,1.2817445921995003,1.0,0.03050376149095088,1.5999073093220337,0.27124681933842243,0.2231686541737649,0.3749637906062486,0.4874431235165473
"8 GB, Core i5, Windows 10 Home","DDR4, Processing & Multitasking, Thin and Light Laptop",0.11440677966101695,0.3983050847457627,0.05826271186440678,0.5092592592592592,1.2785657998423954,1.0,0.012693909796035623,1.2260952990086342,0.24602000869943458,0.12820512820512822,0.18440271257172658,0.32776792750197004
"8 GB, Core i5, Intel, Windows 10 Home","DDR4, Processing & Multitasking, Thin and Light Laptop",0.11440677966101695,0.3983050847457627,0.05826271186440678,0.5092592592592592,1.2785657998423954,1.0,0.012693909796035623,1.2260952990086342,0.24602000869943458,0.12820512820512822,0.18440271257172658,0.32776792750197004
"16 GB, Core i5, Processing & Multitasking","DDR4, Intel",0.0836864406779661,0.614406779661017,0.06567796610169492,0.7848101265822786,1.2773461370580532,1.0,0.014260449583453037,1.7918743768693923,0.236956927093045,0.10385259631490787,0.44192516344415095,0.44585333915320824
"8 GB, Core i5, Processing & Multitasking, Thin and Light Laptop","DDR4, Windows 10 Home",0.11016949152542373,0.4141949152542373,0.05826271186440678,0.5288461538461539,1.2768050363958292,1.0,0.012631068658431485,1.2433414043583537,0.24363636363636368,0.125,0.19571567672833495,0.33475555774149124
"8 GB, Core i5, Intel, Processing & Multitasking, Thin and Light Laptop","DDR4, Windows 10 Home",0.11016949152542373,0.4141949152542373,0.05826271186440678,0.5288461538461539,1.2768050363958292,1.0,0.012631068658431485,1.2433414043583537,0.24363636363636368,0.125,0.19571567672833495,0.33475555774149124
Entertainment,"DDR4, Processing & Multitasking",0.06885593220338983,0.6747881355932204,0.059322033898305086,0.8615384615384616,1.2767540152155537,1.0,0.012858867782246479,2.348752354048965,0.23279294653014787,0.08668730650154798,0.5742420446003509,0.47472527472527476
"8 GB, Core i5, Processing & Multitasking, Thin and Light Laptop",Windows 10 Home,0.11016949152542373,0.4523305084745763,0.0635593220338983,0.5769230769230769,1.2754458656097998,1.0,0.013726299913817866,1.2944915254237286,0.2426984126984127,0.12738853503184713,0.2274959083469721,0.3587191497027562
"8 GB, Core i5, Intel, Processing & Multitasking, Thin and Light Laptop",Windows 10 Home,0.11016949152542373,0.4523305084745763,0.0635593220338983,0.5769230769230769,1.2754458656097998,1.0,0.013726299913817866,1.2944915254237286,0.2426984126984127,0.12738853503184713,0.2274959083469721,0.3587191497027562
Travel & Business,"DDR4, Processing & Multitasking",0.06038135593220339,0.6747881355932204,0.05190677966101695,0.8596491228070176,1.2739541160593792,1.0,0.01116215706693479,2.317134533898305,0.22886133032694478,0.07596899224806201,0.5684324818561061,0.4682860998650472
Transparent Silver,"Intel, Processing & Multitasking",0.0815677966101695,0.5709745762711864,0.059322033898305086,0.7272727272727273,1.2737392477652218,1.0,0.012748895791439244,1.5730932203389834,0.23399653979238758,0.09999999999999999,0.3643097643097644,0.4155844155844156
"Core i5, Windows 10 Home","DDR4, Processing & Multitasking, Thin and Light Laptop",0.1483050847457627,0.3983050847457627,0.07521186440677965,0.5071428571428571,1.2732522796352583,1.0,0.016141195058891118,1.220830262834684,0.25197953892509284,0.1595505617977528,0.18088531187122736,0.3479863221884498
"Core i5, Intel, Windows 10 Home","DDR4, Processing & Multitasking, Thin and Light Laptop",0.1483050847457627,0.3983050847457627,0.07521186440677965,0.5071428571428571,1.2732522796352583,1.0,0.016141195058891118,1.220830262834684,0.25197953892509284,0.1595505617977528,0.18088531187122736,0.3479863221884498
Performance,"DDR4, Processing & Multitasking",0.07521186440677965,0.6747881355932204,0.0646186440677966,0.8591549295774648,1.2732217480708425,1.0,0.01386657031025567,2.3090042372881348,0.23204326516815948,0.09428129829984543,0.5669128779189795,0.47745815552656595
"8 GB, Everyday Use","DDR4, Thin and Light Laptop",0.1641949152542373,0.4459745762711864,0.09322033898305085,0.567741935483871,1.2730365489234543,1.0,0.019993581226659007,1.2817006071338224,0.2566107846526098,0.18032786885245902,0.21978659100721648,0.38838403187495213
"DDR4, Intel, Thin and Light Laptop, Windows 10 Home",8 GB,0.13983050847457626,0.5720338983050848,0.1016949152542373,0.7272727272727274,1.2713804713804715,1.0,0.02170712438954324,1.5692090395480232,0.24815270935960593,0.16666666666666669,0.362736273627363,0.4525252525252526
"Everyday Use, Processing & Multitasking",8 GB,0.1281779661016949,0.5720338983050848,0.09322033898305085,0.7272727272727273,1.2713804713804713,1.0,0.0198981973570813,1.5692090395480227,0.24483596597812882,0.15357766143106458,0.3627362736273627,0.44511784511784513
"Core i5, DDR4, Thin and Light Laptop, Windows 10 Home",Processing & Multitasking,0.07521186440677965,0.7870762711864406,0.07521186440677965,1.0,1.2705248990578735,1.0,0.016014390620511347,inf,0.2302405498281787,0.09555854643337819,1.0,0.5477792732166891
"8 GB, Core i5, DDR4, Thin and Light Laptop, Windows 10 Home",Processing & Multitasking,0.05826271186440678,0.7870762711864406,0.05826271186440678,1.0,1.2705248990578735,1.0,0.012405513860959498,inf,0.2260967379077616,0.0740242261103634,1.0,0.5370121130551817
"Everyday Use, Performance",Processing & Multitasking,0.06038135593220339,0.7870762711864406,0.06038135593220339,1.0,1.2705248990578735,1.0,0.01285662345590348,inf,0.22660653889515225,0.07671601615074025,1.0,0.5383580080753702
"LPDDR4X, Thin and Light Laptop",Processing & Multitasking,0.057203389830508475,0.7870762711864406,0.057203389830508475,1.0,1.2705248990578735,1.0,0.012179959063487504,inf,0.22584269662921347,0.07267833109017498,1.0,0.5363391655450875
"8 GB, Core i5, Thin and Light Laptop, Windows 10 Home",Processing & Multitasking,0.0635593220338983,0.7870762711864406,0.0635593220338983,1.0,1.2705248990578735,1.0,0.013533287848319447,inf,0.22737556561085973,0.08075370121130553,1.0,0.5403768506056528
LPDDR4X,Processing & Multitasking,0.0847457627118644,0.7870762711864406,0.0847457627118644,1.0,1.2705248990578735,1.0,0.018044383797759272,inf,0.232638888888889,0.10767160161507403,1.0,0.553835800807537
"Core i5, Intel, Thin and Light Laptop, Windows 10 Home",Processing & Multitasking,0.0847457627118644,0.7870762711864406,0.0847457627118644,1.0,1.2705248990578735,1.0,0.018044383797759272,inf,0.232638888888889,0.10767160161507403,1.0,0.553835800807537
"8 GB, Core i5, Intel, Thin and Light Laptop, Windows 10 Home",Processing & Multitasking,0.0635593220338983,0.7870762711864406,0.0635593220338983,1.0,1.2705248990578735,1.0,0.013533287848319447,inf,0.22737556561085973,0.08075370121130553,1.0,0.5403768506056528
"DDR4, Everyday Use, Performance",Processing & Multitasking,0.05508474576271186,0.7870762711864406,0.05508474576271186,1.0,1.2705248990578735,1.0,0.011728849468543523,inf,0.22533632286995517,0.06998654104979812,1.0,0.5349932705248991
"Core i5, DDR4, Intel, Thin and Light Laptop, Windows 10 Home",Processing & Multitasking,0.07521186440677965,0.7870762711864406,0.07521186440677965,1.0,1.2705248990578735,1.0,0.016014390620511347,inf,0.2302405498281787,0.09555854643337819,1.0,0.5477792732166891
"Intel, LPDDR4X",Processing & Multitasking,0.0614406779661017,0.7870762711864406,0.0614406779661017,1.0,1.2705248990578735,1.0,0.013082178253375473,inf,0.22686230248307004,0.07806191117092866,1.0,0.5390309555854643
"8 GB, Core i5, DDR4, Intel, Thin and Light Laptop, Windows 10 Home",Processing & Multitasking,0.05826271186440678,0.7870762711864406,0.05826271186440678,1.0,1.2705248990578735,1.0,0.012405513860959498,inf,0.2260967379077616,0.0740242261103634,1.0,0.5370121130551817
"DDR4, Entertainment, Performance",Processing & Multitasking,0.05190677966101695,0.7870762711864406,0.05190677966101695,1.0,1.2705248990578735,1.0,0.011052185076127555,inf,0.22458100558659227,0.06594885598923285,1.0,0.5329744279946165
"Core i5, Thin and Light Laptop, Windows 10 Home",Processing & Multitasking,0.0847457627118644,0.7870762711864406,0.0847457627118644,1.0,1.2705248990578735,1.0,0.018044383797759272,inf,0.232638888888889,0.10767160161507403,1.0,0.553835800807537
"Entertainment, Performance",Processing & Multitasking,0.05614406779661017,0.7870762711864406,0.05614406779661017,1.0,1.2705248990578735,1.0,0.011954404266015517,inf,0.22558922558922564,0.07133243606998654,1.0,0.5356662180349933
LPDDR4X,"Intel, Processing & Multitasking",0.0847457627118644,0.5709745762711864,0.0614406779661017,0.7250000000000001,1.2697588126159556,1.0,0.013053002010916408,1.560092449922959,0.23212005108556838,0.10338680926916222,0.3590123456790126,0.41630333951762527
"DDR4, Everyday Use, Processing & Multitasking",8 GB,0.11970338983050847,0.5720338983050848,0.08686440677966102,0.7256637168141593,1.2685676827269747,1.0,0.018390010054582018,1.560005467468562,0.24049778403921224,0.14360770577933452,0.35897660562516426,0.4387577843330056
"DDR4, Intel, Processing & Multitasking, Thin and Light Laptop, Windows 10 Home",8 GB,0.13877118644067796,0.5720338983050848,0.10063559322033898,0.7251908396946565,1.2677410234662143,1.0,0.021253770468256244,1.5573210922787193,0.24522561015083832,0.16493055555555552,0.35787166502909823,0.4505583828102912
"Core i5, Intel, Thin and Light Laptop, Windows 10 Home","8 GB, DDR4",0.0847457627118644,0.5423728813559322,0.05826271186440678,0.6875,1.267578125,1.0,0.012298908359666759,1.464406779661017,0.2306397306397306,0.10242085661080075,0.31712962962962965,0.3974609375
"Core i5, Intel, Processing & Multitasking, Thin and Light Laptop, Windows 10 Home","8 GB, DDR4",0.0847457627118644,0.5423728813559322,0.05826271186440678,0.6875,1.267578125,1.0,0.012298908359666759,1.464406779661017,0.2306397306397306,0.10242085661080075,0.31712962962962965,0.3974609375
"Core i5, Thin and Light Laptop, Windows 10 Home","8 GB, DDR4",0.0847457627118644,0.5423728813559322,0.05826271186440678,0.6875,1.267578125,1.0,0.012298908359666759,1.464406779661017,0.2306397306397306,0.10242085661080075,0.31712962962962965,0.3974609375
"Core i5, Processing & Multitasking, Thin and Light Laptop, Windows 10 Home","8 GB, DDR4",0.0847457627118644,0.5423728813559322,0.05826271186440678,0.6875,1.267578125,1.0,0.012298908359666759,1.464406779661017,0.2306397306397306,0.10242085661080075,0.31712962962962965,0.3974609375
"Processing & Multitasking, Windows 11 Home","DDR4, Thin and Light Laptop",0.2923728813559322,0.4459745762711864,0.1652542372881356,0.5652173913043479,1.2673758132810082,1.0,0.03486336541223786,1.2742584745762715,0.29813450023030863,0.2883548983364141,0.21522986116884213,0.46788185479706706
"Everyday Use, Processing & Multitasking, Windows 11 Home",8 GB,0.07309322033898305,0.5720338983050848,0.05296610169491525,0.7246376811594203,1.2667740203972087,1.0,0.011154301924734267,1.554192685102587,0.2271999999999999,0.08944543828264757,0.35657913617448694,0.4086151368760064
"8 GB, Core i5, Processing & Multitasking",Windows 10 Home,0.17584745762711865,0.4523305084745763,0.10063559322033898,0.572289156626506,1.2652013205045005,1.0,0.021094423297902898,1.2804666984960609,0.2543363550263834,0.19076305220883533,0.21903474633543848,0.3973857961118479
"8 GB, Core i5, Intel, Processing & Multitasking",Windows 10 Home,0.17584745762711865,0.4523305084745763,0.10063559322033898,0.572289156626506,1.2652013205045005,1.0,0.021094423297902898,1.2804666984960609,0.2543363550263834,0.19076305220883533,0.21903474633543848,0.3973857961118479
"16 GB, Thin and Light Laptop","Intel, Processing & Multitasking",0.1292372881355932,0.5709745762711864,0.09322033898305085,0.7213114754098361,1.263298762127802,1.0,0.019429133151393288,1.5394441674975077,0.23935523114355245,0.15357766143106458,0.3504148957700871,0.44228839076614257
"Everyday Use, Intel, Processing & Multitasking","DDR4, Thin and Light Laptop",0.09216101694915255,0.4459745762711864,0.05190677966101695,0.5632183908045977,1.262893493870642,1.0,0.010805309178397011,1.2684266280107048,0.22930012144881287,0.10675381263616558,0.2116217225995033,0.3398039697490922
"Core i5, Intel","8 GB, Processing & Multitasking",0.3072033898305085,0.4533898305084746,0.17584745762711865,0.5724137931034483,1.2625201417982599,1.0,0.036564564780235564,1.2783624931656643,0.3001363251169817,0.30072463768115937,0.21774926490243254,0.48013213019658396
Core i5,"8 GB, Processing & Multitasking",0.3072033898305085,0.4533898305084746,0.17584745762711865,0.5724137931034483,1.2625201417982599,1.0,0.036564564780235564,1.2783624931656643,0.3001363251169817,0.30072463768115937,0.21774926490243254,0.48013213019658396
"Core i3, DDR4, Intel, Windows 11 Home","Processing & Multitasking, Thin and Light Laptop",0.09004237288135593,0.4661016949152542,0.05296610169491525,0.5882352941176471,1.2620320855614975,1.0,0.010997199080723934,1.2966101694915255,0.22817229336437728,0.10526315789473682,0.2287581699346406,0.35093582887700536
"Core i3, DDR4, Windows 11 Home","Processing & Multitasking, Thin and Light Laptop",0.09004237288135593,0.4661016949152542,0.05296610169491525,0.5882352941176471,1.2620320855614975,1.0,0.010997199080723934,1.2966101694915255,0.22817229336437728,0.10526315789473682,0.2287581699346406,0.35093582887700536
"Intel, Thin and Light Laptop, Windows 10 Home",Processing & Multitasking,0.15783898305084745,0.7870762711864406,0.15677966101694915,0.9932885906040269,1.2619978863125187,1.0,0.032548342789428336,31.725635593220392,0.2465153833078362,0.19892473118279572,0.9684797489064744,0.596240526795957
"DDR4, Intel, Thin and Light Laptop, Windows 10 Home",Processing & Multitasking,0.13983050847457626,0.7870762711864406,0.13877118644067796,0.9924242424242424,1.2608997104286472,1.0,0.028713911232404493,28.105932203389862,0.2405520249689769,0.1760752688172043,0.9644203226292779,0.584368245034463
"8 GB, Everyday Use, Processing & Multitasking",Thin and Light Laptop,0.09322033898305085,0.513771186440678,0.06038135593220339,0.6477272727272727,1.2607310215557637,1.0,0.012487431772479171,1.3802624384909785,0.22807017543859645,0.11046511627906977,0.2755000990295107,0.3826265229615745
"DDR4, Thin and Light Laptop, Windows 10 Home",8 GB,0.1896186440677966,0.5720338983050848,0.13665254237288135,0.7206703910614525,1.2598386095592797,1.0,0.028184250215455328,1.5321186440677963,0.25450676394588845,0.21864406779661016,0.34730903257923545,0.4797796399751707
"DDR4, Processing & Multitasking, Thin and Light Laptop, Windows 10 Home",8 GB,0.1853813559322034,0.5720338983050848,0.13347457627118645,0.72,1.2586666666666666,1.0,0.02743015656420568,1.5284503631961257,0.2522756827048113,0.21392190152801357,0.34574257425742566,0.4766666666666667
"8 GB, Intel, Thin and Light Laptop, Windows 10 Home",Processing & Multitasking,0.10699152542372882,0.7870762711864406,0.1059322033898305,0.99009900990099,1.257945444611756,1.0,0.02172171251077276,21.505296610169236,0.22962040332147088,0.13440860215053765,0.9534998275946992,0.5623442559599162
"8 GB, DDR4, Intel, Thin and Light Laptop, Windows 10 Home",Processing & Multitasking,0.1016949152542373,0.7870762711864406,0.10063559322033898,0.9895833333333333,1.2572902646926873,1.0,0.020593938523412805,20.440677966101553,0.2278053624627606,0.12768817204301075,0.9510779436152567,0.5587216801256168
Thin and Light Laptop,"8 GB, DDR4, Processing & Multitasking",0.513771186440678,0.4247881355932203,0.274364406779661,0.534020618556701,1.2571457953055507,1.0,0.056120502370008624,1.234414841757912,0.4206811853870678,0.41307814992025516,0.18989956522564602,0.5899529526698717
"8 GB, DDR4, Processing & Multitasking",Thin and Light Laptop,0.4247881355932203,0.513771186440678,0.274364406779661,0.6458852867830424,1.2571457953055505,1.0,0.056120502370008624,1.3730827763189304,0.3556034329514993,0.41307814992025516,0.2717117880679564,0.5899529526698717
"16 GB, Intel, Thin and Light Laptop",Processing & Multitasking,0.09427966101694915,0.7870762711864406,0.09322033898305085,0.9887640449438203,1.256249338394302,1.0,0.01901505494110889,18.950211864406924,0.22521265284423192,0.11827956989247312,0.9472301414276934,0.5536014033602009
"8 GB, Core i3, Windows 10 Home","DDR4, Processing & Multitasking",0.0625,0.6747881355932204,0.05296610169491525,0.847457627118644,1.2558869701726842,1.0,0.010791843220338979,2.1319444444444438,0.21733333333333324,0.07739938080495355,0.5309446254071659,0.4629752813772184
"Intel, Transparent Silver","DDR4, Processing & Multitasking",0.0625,0.6747881355932204,0.05296610169491525,0.847457627118644,1.2558869701726842,1.0,0.010791843220338979,2.1319444444444438,0.21733333333333324,0.07739938080495355,0.5309446254071659,0.4629752813772184
"8 GB, Core i3, Intel, Windows 10 Home","DDR4, Processing & Multitasking",0.0625,0.6747881355932204,0.05296610169491525,0.847457627118644,1.2558869701726842,1.0,0.010791843220338979,2.1319444444444438,0.21733333333333324,0.07739938080495355,0.5309446254071659,0.4629752813772184
"Core i5, Intel, Processing & Multitasking, Windows 10 Home",Thin and Light Laptop,0.13135593220338984,0.513771186440678,0.0847457627118644,0.6451612903225805,1.2557366145660123,1.0,0.017258869577707545,1.3702812018489978,0.23445121951219497,0.15122873345935728,0.2702227844542832,0.40505487196541395
"Core i5, Processing & Multitasking, Windows 10 Home",Thin and Light Laptop,0.13135593220338984,0.513771186440678,0.0847457627118644,0.6451612903225805,1.2557366145660123,1.0,0.017258869577707545,1.3702812018489978,0.23445121951219497,0.15122873345935728,0.2702227844542832,0.40505487196541395
"Core i5, Windows 11 Home","DDR4, Thin and Light Laptop",0.1059322033898305,0.4459745762711864,0.059322033898305086,0.56,1.2556769596199526,1.0,0.012078964378052288,1.2591486902927582,0.2277420446851727,0.12043010752688174,0.2058126195028682,0.3465083135391924
"Core i5, Intel, Windows 11 Home","DDR4, Thin and Light Laptop",0.1059322033898305,0.4459745762711864,0.059322033898305086,0.56,1.2556769596199526,1.0,0.012078964378052288,1.2591486902927582,0.2277420446851727,0.12043010752688174,0.2058126195028682,0.3465083135391924
"8 GB, Intel, Windows 11 Home","DDR4, Processing & Multitasking, Thin and Light Laptop",0.15677966101694915,0.3983050847457627,0.07838983050847458,0.5,1.2553191489361701,1.0,0.015943694340706693,1.2033898305084745,0.24120603015075376,0.16444444444444445,0.16901408450704228,0.3484042553191489
Thin and Light Laptop,"8 GB, Processing & Multitasking",0.513771186440678,0.4533898305084746,0.2923728813559322,0.5690721649484536,1.2551498217554677,1.0,0.059434250215455314,1.2684494363798555,0.4180796312083609,0.4332810047095761,0.21163589866538793,0.6069659890162828
"8 GB, Processing & Multitasking",Thin and Light Laptop,0.4533898305084746,0.513771186440678,0.2923728813559322,0.6448598130841121,1.2551498217554677,1.0,0.059434250215455314,1.3691179750223013,0.3718964161330187,0.4332810047095761,0.26960275283529805,0.6069659890162828
"Everyday Use, Intel, Processing & Multitasking",Thin and Light Laptop,0.09216101694915255,0.513771186440678,0.059322033898305086,0.6436781609195402,1.2528498637279297,1.0,0.01197235887675955,1.364577638053581,0.2223078846474412,0.10852713178294572,0.26717251396088443,0.3795710392226567
"Core i3, Windows 10 Home","DDR4, Processing & Multitasking",0.08898305084745763,0.6747881355932204,0.07521186440677965,0.8452380952380952,1.2525977423936607,1.0,0.015167157426026992,2.1013689700130374,0.22135604323616098,0.10923076923076921,0.5241197456181169,0.47834903192046047
"Core i3, Intel, Windows 10 Home","DDR4, Processing & Multitasking",0.08898305084745763,0.6747881355932204,0.07521186440677965,0.8452380952380952,1.2525977423936607,1.0,0.015167157426026992,2.1013689700130374,0.22135604323616098,0.10923076923076921,0.5241197456181169,0.47834903192046047
"Core i3, DDR4, Intel, Windows 10 Home","Processing & Multitasking, Thin and Light Laptop",0.08898305084745763,0.4661016949152542,0.05190677966101695,0.5833333333333334,1.2515151515151517,1.0,0.010431628842286704,1.28135593220339,0.22059800664451834,0.10315789473684212,0.21957671957671968,0.34734848484848485
"Core i3, Intel, Windows 10 Home","Processing & Multitasking, Thin and Light Laptop",0.08898305084745763,0.4661016949152542,0.05190677966101695,0.5833333333333334,1.2515151515151517,1.0,0.010431628842286704,1.28135593220339,0.22059800664451834,0.10315789473684212,0.21957671957671968,0.34734848484848485
"Core i3, Windows 10 Home","Processing & Multitasking, Thin and Light Laptop",0.08898305084745763,0.4661016949152542,0.05190677966101695,0.5833333333333334,1.2515151515151517,1.0,0.010431628842286704,1.28135593220339,0.22059800664451834,0.10315789473684212,0.21957671957671968,0.34734848484848485
"Core i3, DDR4, Windows 10 Home","Processing & Multitasking, Thin and Light Laptop",0.08898305084745763,0.4661016949152542,0.05190677966101695,0.5833333333333334,1.2515151515151517,1.0,0.010431628842286704,1.28135593220339,0.22059800664451834,0.10315789473684212,0.21957671957671968,0.34734848484848485
"16 GB, Thin and Light Laptop, Windows 11 Home",Processing & Multitasking,0.06885593220338983,0.7870762711864406,0.06779661016949153,0.9846153846153847,1.250978362149291,1.0,0.013601739801781101,13.840042372881408,0.2154614618885097,0.08602150537634409,0.9277458859548414,0.535376332953722
"8 GB, Core i5, Intel","DDR4, Windows 10 Home",0.2086864406779661,0.4141949152542373,0.10805084745762712,0.5177664974619289,1.2500551754579563,1.0,0.02161398484630854,1.2147747546833185,0.25278893351182513,0.20987654320987656,0.17680212224965805,0.38931803133966014
"8 GB, Core i5","DDR4, Windows 10 Home",0.2086864406779661,0.4141949152542373,0.10805084745762712,0.5177664974619289,1.2500551754579563,1.0,0.02161398484630854,1.2147747546833185,0.25278893351182513,0.20987654320987656,0.17680212224965805,0.38931803133966014
"16 GB, Thin and Light Laptop",Processing & Multitasking,0.1292372881355932,0.7870762711864406,0.1271186440677966,0.9836065573770493,1.2496966220241381,1.0,0.02539904122378628,12.988347457627194,0.22946066504460674,0.1610738255033557,0.9230079112633558,0.5725569798998301
"Everyday Use, Processing & Multitasking","8 GB, DDR4",0.1281779661016949,0.5423728813559322,0.08686440677966102,0.6776859504132232,1.2494834710743803,1.0,0.017344153978741755,1.4198174706649287,0.22902527931719188,0.14882032667876588,0.2956841138659322,0.4189211002066116
"16 GB, Core i5, Intel, Thin and Light Laptop",Processing & Multitasking,0.0635593220338983,0.7870762711864406,0.0625,0.9833333333333334,1.2493494840735757,1.0,0.012473965814421145,12.775423728813607,0.21312984124549433,0.07930107526881722,0.9217247097844116,0.5313705697622253
"16 GB, Core i5, Thin and Light Laptop",Processing & Multitasking,0.0635593220338983,0.7870762711864406,0.0625,0.9833333333333334,1.2493494840735757,1.0,0.012473965814421145,12.775423728813607,0.21312984124549433,0.07930107526881722,0.9217247097844116,0.5313705697622253
Windows 10,"8 GB, Intel",0.09851694915254237,0.413135593220339,0.05084745762711865,0.5161290322580645,1.2492969396195202,1.0,0.010146599396725083,1.2128531073446327,0.22135722679200948,0.1103448275862069,0.17549784558052867,0.3196029776674938
"Core i3, DDR4, Intel",Thin and Light Laptop,0.2129237288135593,0.513771186440678,0.13665254237288135,0.6417910447761195,1.24917679643022,1.0,0.027258465598965817,1.357388771186441,0.25343516228989954,0.2315978456014363,0.2632913862062239,0.4538852131097092
"Core i3, DDR4",Thin and Light Laptop,0.2129237288135593,0.513771186440678,0.13665254237288135,0.6417910447761195,1.24917679643022,1.0,0.027258465598965817,1.357388771186441,0.25343516228989954,0.2315978456014363,0.2632913862062239,0.4538852131097092
Windows 10,"8 GB, DDR4",0.09851694915254237,0.5423728813559322,0.06673728813559322,0.6774193548387097,1.248991935483871,1.0,0.01330436656133295,1.4186440677966106,0.22114039505343852,0.11623616236162361,0.29510155316606945,0.40023311491935487
"Everyday Use, Intel, Windows 11 Home",8 GB,0.08898305084745763,0.5720338983050848,0.0635593220338983,0.7142857142857143,1.2486772486772486,1.0,0.012658000574547537,1.4978813559322033,0.21860465116279057,0.10638297872340426,0.3323903818953324,0.4126984126984127
"DDR4, Everyday Use, Intel, Windows 11 Home",8 GB,0.0815677966101695,0.5720338983050848,0.05826271186440678,0.7142857142857142,1.2486772486772484,1.0,0.011603167193335241,1.4978813559322028,0.2168396770472894,0.097864768683274,0.3323903818953321,0.408068783068783
"8 GB, Core i3, DDR4, Intel",Thin and Light Laptop,0.1684322033898305,0.513771186440678,0.10805084745762712,0.6415094339622642,1.2486286714646957,1.0,0.021515234487216317,1.3563224799286353,0.23945297864368673,0.18819188191881922,0.2627122127677068,0.42590935615638986
"8 GB, Core i3, DDR4",Thin and Light Laptop,0.1684322033898305,0.513771186440678,0.10805084745762712,0.6415094339622642,1.2486286714646957,1.0,0.021515234487216317,1.3563224799286353,0.23945297864368673,0.18819188191881922,0.2627122127677068,0.42590935615638986
"Natural Silver, Thin and Light Laptop",Processing & Multitasking,0.059322033898305086,0.7870762711864406,0.05826271186440678,0.9821428571428571,1.24783695443184,1.0,0.011571746624533176,11.923728813559293,0.21113841113841106,0.0739247311827957,0.9161336176261548,0.5280835416266102
"DDR4, Natural Silver, Thin and Light Laptop",Processing & Multitasking,0.059322033898305086,0.7870762711864406,0.05826271186440678,0.9821428571428571,1.24783695443184,1.0,0.011571746624533176,11.923728813559293,0.21113841113841106,0.0739247311827957,0.9161336176261548,0.5280835416266102
"8 GB, Intel, Processing & Multitasking",Thin and Light Laptop,0.3305084745762712,0.513771186440678,0.211864406779661,0.641025641025641,1.247687020882897,1.0,0.042058675667911494,1.354494552058111,0.296518987341772,0.3350083752093802,0.26171722250153606,0.5266983875231297
"8 GB, Intel","DDR4, Thin and Light Laptop",0.413135593220339,0.4459745762711864,0.2298728813559322,0.5564102564102564,1.2476277483403375,1.0,0.045624910226946286,1.2489590477123544,0.33820226588364477,0.3653198653198653,0.19933323527969807,0.5359248431694987
"DDR4, Thin and Light Laptop","8 GB, Intel",0.4459745762711864,0.413135593220339,0.2298728813559322,0.5154394299287411,1.2476277483403375,1.0,0.045624910226946286,1.2111270355599868,0.3582486717008398,0.3653198653198653,0.17432278312767444,0.5359248431694987
"DDR4, Thin and Light Laptop, Transparent Silver",Processing & Multitasking,0.057203389830508475,0.7870762711864406,0.05614406779661017,0.9814814814814815,1.2469966601864315,1.0,0.011120637029589202,11.497881355932224,0.21009115963536149,0.07123655913978497,0.9130274553160127,0.5264069587757341
"Thin and Light Laptop, Transparent Silver",Processing & Multitasking,0.057203389830508475,0.7870762711864406,0.05614406779661017,0.9814814814814815,1.2469966601864315,1.0,0.011120637029589202,11.497881355932224,0.21009115963536149,0.07123655913978497,0.9130274553160127,0.5264069587757341
"16 GB, DDR4, Intel, Thin and Light Laptop",Processing & Multitasking,0.05614406779661017,0.7870762711864406,0.05508474576271186,0.981132075471698,1.246552731151121,1.0,0.010895082232117208,11.284957627118583,0.20955279288612622,0.06989247311827956,0.9113864639068802,0.525559308260748
"Entertainment, Everyday Use",Processing & Multitasking,0.05508474576271186,0.7870762711864406,0.05402542372881356,0.9807692307692308,1.2460917279221453,1.0,0.01066952743464522,11.072033898305126,0.2090037808845512,0.0685483870967742,0.9096823574435519,0.5247049383994202
"DDR4, Intel, Windows 11 Home",Thin and Light Laptop,0.2266949152542373,0.513771186440678,0.1451271186440678,0.6401869158878505,1.2460545331920223,1.0,0.028657803073829355,1.351337222099934,0.25535446455354455,0.24377224199288258,0.2599922627410258,0.4613305713459871
"8 GB, DDR4, Intel, Processing & Multitasking",Thin and Light Laptop,0.3061440677966102,0.513771186440678,0.19597457627118645,0.6401384083044982,1.245960118431848,1.0,0.038686575337546686,1.3511550684485003,0.2845058799257273,0.31409168081494054,0.25989249986807467,0.5107908536367851
"8 GB, Core i5, DDR4, Intel",Windows 10 Home,0.1917372881355932,0.4523305084745763,0.10805084745762712,0.56353591160221,1.2458498841978598,1.0,0.0213222224217179,1.2547870628620466,0.24414720016446947,0.2015810276679842,0.2030520320164143,0.4012058949111752
"8 GB, Core i5, DDR4",Windows 10 Home,0.1917372881355932,0.4523305084745763,0.10805084745762712,0.56353591160221,1.2458498841978598,1.0,0.0213222224217179,1.2547870628620466,0.24414720016446947,0.2015810276679842,0.2030520320164143,0.4012058949111752
"Everyday Use, Intel, Processing & Multitasking",8 GB,0.09216101694915255,0.5720338983050848,0.06567796610169492,0.7126436781609196,1.2458067262664962,1.0,0.012958740304510198,1.489322033898305,0.2173372981518425,0.1097345132743363,0.3285535450096734,0.4137292464878672
"DDR4, Everyday Use, Intel, Processing & Multitasking",8 GB,0.0847457627118644,0.5720338983050848,0.06038135593220339,0.7125,1.2455555555555555,1.0,0.011903906923297902,1.4885777450257922,0.21539961013645223,0.10124333925399644,0.32821782178217823,0.40902777777777777
"DDR4, Entertainment, Everyday Use",Processing & Multitasking,0.05296610169491525,0.7870762711864406,0.05190677966101695,0.9800000000000001,1.2451144010767161,1.0,0.01021841783970124,10.646186440678019,0.2078710678902434,0.06586021505376345,0.906069651741294,0.5229744279946165
"Core i3, Intel, Thin and Light Laptop, Windows 10 Home",Processing & Multitasking,0.05296610169491525,0.7870762711864406,0.05190677966101695,0.9800000000000001,1.2451144010767161,1.0,0.01021841783970124,10.646186440678019,0.2078710678902434,0.06586021505376345,0.906069651741294,0.5229744279946165
"Thin and Light Laptop, Windows 10 Home",Processing & Multitasking,0.211864406779661,0.7870762711864406,0.2076271186440678,0.9800000000000001,1.2451144010767161,1.0,0.04087367135880496,10.646186440678019,0.2497805573842441,0.2623828647925034,0.906069651741294,0.6218977119784658
"Ryzen 5 Hexa Core, Thin and Light Laptop",Processing & Multitasking,0.05296610169491525,0.7870762711864406,0.05190677966101695,0.9800000000000001,1.2451144010767161,1.0,0.01021841783970124,10.646186440678019,0.2078710678902434,0.06586021505376345,0.906069651741294,0.5229744279946165
"Core i3, Thin and Light Laptop, Windows 10 Home",Processing & Multitasking,0.05296610169491525,0.7870762711864406,0.05190677966101695,0.9800000000000001,1.2451144010767161,1.0,0.01021841783970124,10.646186440678019,0.2078710678902434,0.06586021505376345,0.906069651741294,0.5229744279946165
"AMD, Ryzen 5 Hexa Core, Thin and Light Laptop",Processing & Multitasking,0.05296610169491525,0.7870762711864406,0.05190677966101695,0.9800000000000001,1.2451144010767161,1.0,0.01021841783970124,10.646186440678019,0.2078710678902434,0.06586021505376345,0.906069651741294,0.5229744279946165
"Core i3, DDR4, Intel, Thin and Light Laptop, Windows 10 Home",Processing & Multitasking,0.05296610169491525,0.7870762711864406,0.05190677966101695,0.9800000000000001,1.2451144010767161,1.0,0.01021841783970124,10.646186440678019,0.2078710678902434,0.06586021505376345,0.906069651741294,0.5229744279946165
"Core i3, DDR4, Thin and Light Laptop, Windows 10 Home",Processing & Multitasking,0.05296610169491525,0.7870762711864406,0.05190677966101695,0.9800000000000001,1.2451144010767161,1.0,0.01021841783970124,10.646186440678019,0.2078710678902434,0.06586021505376345,0.906069651741294,0.5229744279946165
"DDR4, Thin and Light Laptop, Windows 11 Home","8 GB, Intel",0.19385593220338984,0.413135593220339,0.09957627118644068,0.5136612021857924,1.2433235252907384,1.0,0.01948748563631139,1.2066987240525615,0.24276567785947922,0.1962421711899791,0.17129273441044762,0.3773434216057167
"8 GB, Core i5, Processing & Multitasking","DDR4, Thin and Light Laptop",0.17584745762711865,0.4459745762711864,0.09745762711864407,0.5542168674698795,1.2427095555619152,1.0,0.019034131715024424,1.242813788364636,0.23697887560076006,0.18585858585858586,0.19537423115022234,0.38637209169218445
"8 GB, Core i5, Intel, Processing & Multitasking","DDR4, Thin and Light Laptop",0.17584745762711865,0.4459745762711864,0.09745762711864407,0.5542168674698795,1.2427095555619152,1.0,0.019034131715024424,1.242813788364636,0.23697887560076006,0.18585858585858586,0.19537423115022234,0.38637209169218445
"8 GB, Thin and Light Laptop, Windows 10 Home",Processing & Multitasking,0.1440677966101695,0.7870762711864406,0.1408898305084746,0.9779411764705883,1.2424986145198322,1.0,0.02749748635449585,9.652542372881392,0.22802054641554395,0.17828418230563006,0.8964003511852506,0.5784726070778244
"16 GB, Gaming, Gaming Laptop",Windows 10 Home,0.11122881355932203,0.4523305084745763,0.0625,0.5619047619047619,1.2422437827590052,1.0,0.01218781420568802,1.2501151436993365,0.2194097088947698,0.12473572938689216,0.20007368518006816,0.3500390320062451
"DDR4, Thin and Light Laptop, Windows 10 Home",Processing & Multitasking,0.1896186440677966,0.7870762711864406,0.1853813559322034,0.9776536312849162,1.2421332812018318,1.0,0.03613702061189314,9.528336864406791,0.2405452847805789,0.23427041499330659,0.8950498902137359,0.6065926299089454
"8 GB, DDR4, Thin and Light Laptop, Windows 10 Home",Processing & Multitasking,0.13665254237288135,0.7870762711864406,0.13347457627118645,0.9767441860465117,1.2409778083821092,1.0,0.025918602772191907,9.15572033898308,0.22491966111598022,0.16890080428954424,0.890778664815458,0.5731634792951267
"Intel, Processing & Multitasking, Windows 11 Home","DDR4, Thin and Light Laptop",0.21822033898305085,0.4459745762711864,0.12076271186440678,0.5533980582524272,1.2408735557964163,1.0,0.023441988652686013,1.2405351879145172,0.2483002900204441,0.22222222222222224,0.1938963039967328,0.4120909531167124
"Everyday Use, Processing & Multitasking","8 GB, Intel",0.1281779661016949,0.413135593220339,0.06567796610169492,0.5123966942148761,1.240262767535495,1.0,0.012723086038494695,1.203569376615915,0.22220044683102744,0.13808463251670378,0.16913804934809212,0.33568552659461753
"Core i5, Processing & Multitasking, Windows 11 Home","DDR4, Intel",0.08898305084745763,0.614406779661017,0.06779661016949153,0.7619047619047619,1.2400656814449917,1.0,0.013124820453892558,1.6194915254237283,0.21249999999999997,0.10666666666666667,0.38252223966509663,0.4361247947454844
"8 GB, Intel, Processing & Multitasking, Windows 10 Home",Thin and Light Laptop,0.1663135593220339,0.513771186440678,0.1059322033898305,0.6369426751592356,1.2397399697944709,1.0,0.020485088695777073,1.3392618198037465,0.23195679796696317,0.18450184501845013,0.25332001165646717,0.4215641210847725
"Core i5, Processing & Multitasking","DDR4, Thin and Light Laptop",0.2627118644067797,0.4459745762711864,0.1451271186440678,0.5524193548387096,1.2386790284269404,1.0,0.027964306233840844,1.2378225683310429,0.2613474284755432,0.25751879699248126,0.19212977240486023,0.43891751589916483
"Core i5, Intel, Processing & Multitasking","DDR4, Thin and Light Laptop",0.2627118644067797,0.4459745762711864,0.1451271186440678,0.5524193548387096,1.2386790284269404,1.0,0.027964306233840844,1.2378225683310429,0.2613474284755432,0.25751879699248126,0.19212977240486023,0.43891751589916483
"16 GB, DDR4, Thin and Light Laptop",Processing & Multitasking,0.0826271186440678,0.7870762711864406,0.08050847457627118,0.9743589743589742,1.237947337543569,1.0,0.015474630135018666,8.304025423728772,0.20952352011668884,0.10201342281879194,0.8795764765914014,0.5383234979466472
"Core i5, Intel, Thin and Light Laptop","8 GB, DDR4, Processing & Multitasking",0.1853813559322034,0.4247881355932203,0.09745762711864407,0.5257142857142857,1.2375917349483434,1.0,0.01870982655846022,1.2127960996528486,0.23566743936224355,0.1900826446280992,0.17545908971323337,0.37757035981474885
"Core i5, Thin and Light Laptop","8 GB, DDR4, Processing & Multitasking",0.1853813559322034,0.4247881355932203,0.09745762711864407,0.5257142857142857,1.2375917349483434,1.0,0.01870982655846022,1.2127960996528486,0.23566743936224355,0.1900826446280992,0.17545908971323337,0.37757035981474885
8 GB,"DDR4, Thin and Light Laptop",0.5720338983050848,0.4459745762711864,0.3156779661016949,0.5518518518518518,1.2374065276678103,1.0,0.0605653906923298,1.2362550777419805,0.4483022127716129,0.44947209653092,0.1911054457899582,0.6298451658309141
"DDR4, Thin and Light Laptop",8 GB,0.4459745762711864,0.5720338983050848,0.3156779661016949,0.7078384798099763,1.2374065276678103,1.0,0.0605653906923298,1.4648270635248726,0.34629845881401833,0.44947209653092,0.3173255567837069,0.6298451658309141
"AMD, DDR4, Thin and Light Laptop",8 GB,0.1048728813559322,0.5720338983050848,0.07415254237288135,0.7070707070707071,1.2360643471754582,1.0,0.014161699224360808,1.4609877264757452,0.21335587489433633,0.12302284710017575,0.3155315531553155,0.41835016835016836
"Core i5, DDR4, Intel",8 GB,0.2711864406779661,0.5720338983050848,0.1917372881355932,0.70703125,1.2359953703703703,1.0,0.03660945130709564,1.4607909604519773,0.2619812411666451,0.2943089430894309,0.3154393564356435,0.5211082175925925
"Core i5, DDR4",8 GB,0.2711864406779661,0.5720338983050848,0.1917372881355932,0.70703125,1.2359953703703703,1.0,0.03660945130709564,1.4607909604519773,0.2619812411666451,0.2943089430894309,0.3154393564356435,0.5211082175925925
"Core i3, Intel, Windows 11 Home","Processing & Multitasking, Thin and Light Laptop",0.09745762711864407,0.4661016949152542,0.05614406779661017,0.5760869565217391,1.2359683794466403,1.0,0.010718902614191325,1.259452411994785,0.2115333510496944,0.1106471816283925,0.20600414078674953,0.3482707509881423
"Core i3, Windows 11 Home","Processing & Multitasking, Thin and Light Laptop",0.09745762711864407,0.4661016949152542,0.05614406779661017,0.5760869565217391,1.2359683794466403,1.0,0.010718902614191325,1.259452411994785,0.2115333510496944,0.1106471816283925,0.20600414078674953,0.3482707509881423
"Core i3, Intel",Thin and Light Laptop,0.22033898305084745,0.513771186440678,0.13983050847457626,0.6346153846153846,1.235210150674068,1.0,0.026626687733409926,1.3307314897413023,0.24423583662714085,0.2352941176470588,0.24853360147477785,0.4533901665344964
Core i3,Thin and Light Laptop,0.22033898305084745,0.513771186440678,0.13983050847457626,0.6346153846153846,1.235210150674068,1.0,0.026626687733409926,1.3307314897413023,0.24423583662714085,0.2352941176470588,0.24853360147477785,0.4533901665344964
"Processing & Multitasking, Thin and Light Laptop, Windows 10 Home","8 GB, Intel",0.2076271186440678,0.413135593220339,0.1059322033898305,0.5102040816326531,1.2349555206698064,1.0,0.02015405056018385,1.1981814971751412,0.2401069518716577,0.20576131687242794,0.1654019008325352,0.38330716902145473
"AMD, Thin and Light Laptop","DDR4, Processing & Multitasking",0.11440677966101695,0.6747881355932204,0.09533898305084745,0.8333333333333333,1.2349555206698062,1.0,0.018138645504165468,1.9512711864406769,0.21483253588516746,0.13740458015267173,0.48751357220412567,0.48731030873888015
"AMD, Processing & Multitasking",Windows 10 Home,0.19915254237288135,0.4523305084745763,0.11122881355932203,0.5585106382978723,1.2347401464945935,1.0,0.02114604280379201,1.240504390443128,0.23738977072310402,0.20588235294117646,0.1938762912053993,0.40220613882106726
Performance,Processing & Multitasking,0.07521186440677965,0.7870762711864406,0.07309322033898305,0.971830985915493,1.2347354652815954,1.0,0.013895746552714743,7.558792372881368,0.20557132659328992,0.09261744966442953,0.8677037348468924,0.5323488711542472
"Core i5, DDR4, Intel, Processing & Multitasking",Thin and Light Laptop,0.2288135593220339,0.513771186440678,0.1451271186440678,0.6342592592592593,1.2345169912180223,1.0,0.027569304797471994,1.3294357434027033,0.24633031202374273,0.24290780141843968,0.24780117808440255,0.4583667430316915
"Core i5, DDR4, Processing & Multitasking",Thin and Light Laptop,0.2288135593220339,0.513771186440678,0.1451271186440678,0.6342592592592593,1.2345169912180223,1.0,0.027569304797471994,1.3294357434027033,0.24633031202374273,0.24290780141843968,0.24780117808440255,0.4583667430316915
"DDR4, Transparent Silver","Intel, Processing & Multitasking",0.07521186440677965,0.5709745762711864,0.05296610169491525,0.7042253521126761,1.233374271603648,1.0,0.010022039284688311,1.4505145278450366,0.20460481099656364,0.08928571428571429,0.31058946270213894,0.39849486529567013
"8 GB, Windows 10 Home","DDR4, Intel, Processing & Multitasking",0.2680084745762712,0.4841101694915254,0.15995762711864406,0.5968379446640316,1.2328556231134482,1.0,0.03021199906636024,1.2796090893984713,0.25802896272797843,0.2701252236135957,0.21851133421528923,0.4636268497937226
"Core i5, Thin and Light Laptop, Windows 11 Home","DDR4, Intel",0.07838983050847458,0.614406779661017,0.059322033898305086,0.7567567567567568,1.231686859273066,1.0,0.01115879057742028,1.5852165725047083,0.20410509031198684,0.09364548494983277,0.3691713691713692,0.4266542404473439
"8 GB, Core i3, Intel",Thin and Light Laptop,0.17584745762711865,0.513771186440678,0.11122881355932203,0.6325301204819277,1.2311514097627623,1.0,0.020883456621660426,1.3231800500138926,0.22781246174562353,0.1923076923076923,0.24424495367089266,0.4245124829213762
"8 GB, Core i3",Thin and Light Laptop,0.17584745762711865,0.513771186440678,0.11122881355932203,0.6325301204819277,1.2311514097627623,1.0,0.020883456621660426,1.3231800500138926,0.22781246174562353,0.1923076923076923,0.24424495367089266,0.4245124829213762
"Core i3, Intel, Processing & Multitasking, Windows 10 Home",8 GB,0.07521186440677965,0.5720338983050848,0.05296610169491525,0.7042253521126761,1.2310902451747523,1.0,0.00994236569951163,1.4469330104923328,0.2029782359679266,0.089126559714795,0.30888300097615407,0.39840897235263434
"Core i3, Processing & Multitasking, Windows 10 Home",8 GB,0.07521186440677965,0.5720338983050848,0.05296610169491525,0.7042253521126761,1.2310902451747523,1.0,0.00994236569951163,1.4469330104923328,0.2029782359679266,0.089126559714795,0.30888300097615407,0.39840897235263434
"Core i3, DDR4, Processing & Multitasking, Windows 10 Home",8 GB,0.07521186440677965,0.5720338983050848,0.05296610169491525,0.7042253521126761,1.2310902451747523,1.0,0.00994236569951163,1.4469330104923328,0.2029782359679266,0.089126559714795,0.30888300097615407,0.39840897235263434
"Core i3, DDR4, Intel, Processing & Multitasking, Windows 10 Home",8 GB,0.07521186440677965,0.5720338983050848,0.05296610169491525,0.7042253521126761,1.2310902451747523,1.0,0.00994236569951163,1.4469330104923328,0.2029782359679266,0.089126559714795,0.30888300097615407,0.39840897235263434
"8 GB, AMD, Processing & Multitasking","DDR4, Windows 10 Home",0.11016949152542373,0.4141949152542373,0.05614406779661017,0.5096153846153847,1.230375762345072,1.0,0.01051242459063488,1.1945829179129281,0.21042228212039543,0.11990950226244346,0.16288774516622628,0.3225826283690734
"DDR4, Performance",Processing & Multitasking,0.06673728813559322,0.7870762711864406,0.0646186440677966,0.9682539682539681,1.2301907752782584,1.0,0.012091308172938804,6.707097457627097,0.20049868815243474,0.08187919463087248,0.8509042091131639,0.525176782242731
Laptop,"DDR4, Intel",0.13877118644067796,0.614406779661017,0.1048728813559322,0.7557251908396947,1.2300078968149513,1.0,0.019610923585176673,1.578522245762712,0.21712823188837949,0.16176470588235292,0.36649609932052685,0.4632074230060542
2 in 1 Laptop,Processing & Multitasking,0.06567796610169492,0.7870762711864406,0.0635593220338983,0.9677419354838709,1.2295402248947163,1.0,0.011865753375466817,6.600635593220323,0.1998110355253212,0.08053691275167785,0.8484994382924086,0.5242478183475882
"DDR4, Laptop","8 GB, Intel",0.13347457627118645,0.413135593220339,0.06779661016949153,0.5079365079365079,1.2294668294668294,1.0,0.01265351192186153,1.19265992345544,0.2153881418092909,0.1415929203539823,0.16153802074379686,0.336019536019536
"DDR4, Thin and Light Laptop, Windows 11 Home","8 GB, Processing & Multitasking",0.19385593220338984,0.4533898305084746,0.10805084745762712,0.5573770491803278,1.2293549869771716,1.0,0.020158539212869864,1.2349340866290017,0.2314292339800572,0.20039292730844796,0.1902401829965687,0.3978474030948368
"8 GB, Core i5, Processing & Multitasking, Windows 10 Home",Thin and Light Laptop,0.10063559322033898,0.513771186440678,0.0635593220338983,0.631578947368421,1.2293000542593597,1.0,0.011855653906923294,1.3197639225181597,0.20740086376128775,0.11538461538461536,0.2422887283568397,0.3776451437873033
"8 GB, Core i5, Intel, Processing & Multitasking, Windows 10 Home",Thin and Light Laptop,0.10063559322033898,0.513771186440678,0.0635593220338983,0.631578947368421,1.2293000542593597,1.0,0.011855653906923294,1.3197639225181597,0.20740086376128775,0.11538461538461536,0.2422887283568397,0.3776451437873033
"Core i7, DDR4","Intel, Processing & Multitasking",0.0815677966101695,0.5709745762711864,0.057203389830508475,0.7012987012987013,1.2282485603450353,1.0,0.010630251723642632,1.4363025055268976,0.2023367081037208,0.09608540925266902,0.3037678371011705,0.4007421150278293
"Core i3, Windows 10 Home",8 GB,0.08898305084745763,0.5720338983050848,0.0625,0.7023809523809524,1.2278659611992946,1.0,0.011598678540649235,1.4379661016949155,0.2037051635790303,0.10442477876106195,0.30457331447430464,0.40582010582010586
"Core i3, DDR4, Intel, Windows 10 Home",8 GB,0.08898305084745763,0.5720338983050848,0.0625,0.7023809523809524,1.2278659611992946,1.0,0.011598678540649235,1.4379661016949155,0.2037051635790303,0.10442477876106195,0.30457331447430464,0.40582010582010586
"Core i3, DDR4, Windows 10 Home",8 GB,0.08898305084745763,0.5720338983050848,0.0625,0.7023809523809524,1.2278659611992946,1.0,0.011598678540649235,1.4379661016949155,0.2037051635790303,0.10442477876106195,0.30457331447430464,0.40582010582010586
"Core i3, Intel, Windows 10 Home",8 GB,0.08898305084745763,0.5720338983050848,0.0625,0.7023809523809524,1.2278659611992946,1.0,0.011598678540649235,1.4379661016949155,0.2037051635790303,0.10442477876106195,0.30457331447430464,0.40582010582010586
"Everyday Use, Laptop","DDR4, Intel",0.06885593220338983,0.614406779661017,0.05190677966101695,0.7538461538461538,1.2269496021220159,1.0,0.009601228095374892,1.5664724576271185,0.1986487427735599,0.08221476510067115,0.36162299239222306,0.41916445623342174
"Core i5, Intel, Windows 10 Home","Processing & Multitasking, Thin and Light Laptop",0.1483050847457627,0.4661016949152542,0.0847457627118644,0.5714285714285714,1.225974025974026,1.0,0.015620511347313987,1.2457627118644068,0.21641791044776118,0.16,0.19727891156462582,0.37662337662337664
"Core i5, Windows 10 Home","Processing & Multitasking, Thin and Light Laptop",0.1483050847457627,0.4661016949152542,0.0847457627118644,0.5714285714285714,1.225974025974026,1.0,0.015620511347313987,1.2457627118644068,0.21641791044776118,0.16,0.19727891156462582,0.37662337662337664
Core i5,"8 GB, DDR4, Processing & Multitasking",0.3072033898305085,0.4247881355932203,0.15995762711864406,0.5206896551724137,1.2257631782612433,1.0,0.029461271904625108,1.2000823070357272,0.2658525224294712,0.2796296296296296,0.16672382041023678,0.44862412933184276
"Core i5, Intel","8 GB, DDR4, Processing & Multitasking",0.3072033898305085,0.4247881355932203,0.15995762711864406,0.5206896551724137,1.2257631782612433,1.0,0.029461271904625108,1.2000823070357272,0.2658525224294712,0.2796296296296296,0.16672382041023678,0.44862412933184276
Windows 10,"DDR4, Intel",0.09851694915254237,0.614406779661017,0.07415254237288135,0.7526881720430108,1.225064886911383,1.0,0.013623060902039637,1.5591378039793662,0.20379385596776894,0.11608623548922055,0.35861987474890694,0.4366889136077123
"Intel, Windows 11 Home",Thin and Light Laptop,0.2828389830508475,0.513771186440678,0.17796610169491525,0.6292134831460674,1.2246959342059538,1.0,0.03265158180120653,1.31134437596302,0.25582928887951034,0.28767123287671226,0.23742380847470068,0.4878026178616935
"8 GB, DDR4, Intel, Processing & Multitasking, Windows 10 Home",Thin and Light Laptop,0.15995762711864406,0.513771186440678,0.10063559322033898,0.6291390728476821,1.2245511026148699,1.0,0.01845397335535766,1.3110812651331718,0.21829163071613464,0.1756007393715342,0.23727077291549434,0.41250768075373795
"DDR4, Intel, Windows 10 Home","8 GB, Processing & Multitasking",0.288135593220339,0.4533898305084746,0.15995762711864406,0.5551470588235293,1.2244365035733917,1.0,0.029319879345015787,1.2287435215016107,0.2574897508672342,0.27504553734061926,0.1861605107159141,0.4539753985706432
"Intel, Performance",Processing & Multitasking,0.05826271186440678,0.7870762711864406,0.05614406779661017,0.9636363636363637,1.2243239936375874,1.0,0.010286869793162894,5.855402542372898,0.19455822739138756,0.07114093959731545,0.8292175486205342,0.5174843998531752
"AMD, DDR4, Processing & Multitasking, Thin and Light Laptop",8 GB,0.09533898305084745,0.5720338983050848,0.06673728813559322,0.7000000000000001,1.2237037037037037,1.0,0.01220015800057455,1.4265536723163843,0.20207427233188358,0.11111111111111112,0.2990099009900991,0.4083333333333334
"DDR4, Windows 10",8 GB,0.09533898305084745,0.5720338983050848,0.06673728813559322,0.7000000000000001,1.2237037037037037,1.0,0.01220015800057455,1.4265536723163843,0.20207427233188358,0.11111111111111112,0.2990099009900991,0.4083333333333334
"8 GB, Intel, Windows 10 Home","DDR4, Processing & Multitasking",0.19385593220338984,0.6747881355932204,0.15995762711864406,0.8251366120218578,1.2228084171878082,1.0,0.029145944053432904,1.85980534957627,0.22602709923331957,0.22571001494768309,0.46230932165678756,0.531092638820976
"AMD, Ryzen 5 Hexa Core","Processing & Multitasking, Thin and Light Laptop",0.09110169491525423,0.4661016949152542,0.05190677966101695,0.5697674418604651,1.2224101479915435,1.0,0.009444125251364559,1.2409528172240039,0.20018077160934322,0.10272536687631029,0.1941675895164268,0.34056553911205073
Ryzen 5 Hexa Core,"Processing & Multitasking, Thin and Light Laptop",0.09110169491525423,0.4661016949152542,0.05190677966101695,0.5697674418604651,1.2224101479915435,1.0,0.009444125251364559,1.2409528172240039,0.20018077160934322,0.10272536687631029,0.1941675895164268,0.34056553911205073
"Thin and Light Laptop, Windows 10 Home","8 GB, Intel",0.211864406779661,0.413135593220339,0.10699152542372882,0.505,1.2223589743589744,1.0,0.01946279804653836,1.1855846601609314,0.23081017779197283,0.2065439672801636,0.15653429602888086,0.38198717948717953
"Core i5, DDR4, Processing & Multitasking",8 GB,0.2288135593220339,0.5720338983050848,0.15995762711864406,0.6990740740740741,1.222085048010974,1.0,0.029068514794599237,1.4221642764015645,0.2356451495524342,0.24958677685950406,0.29684635130179676,0.4893518518518518
"Core i5, DDR4, Intel, Processing & Multitasking",8 GB,0.2288135593220339,0.5720338983050848,0.15995762711864406,0.6990740740740741,1.222085048010974,1.0,0.029068514794599237,1.4221642764015645,0.2356451495524342,0.24958677685950406,0.29684635130179676,0.4893518518518518
"8 GB, Core i5, Intel, Windows 10 Home","DDR4, Processing & Multitasking",0.11440677966101695,0.6747881355932204,0.09427966101694915,0.8240740740740741,1.221233792662364,1.0,0.017079323470267166,1.8485727029438,0.20455889468308158,0.13567073170731705,0.45904210399324397,0.4818957497528926
"8 GB, Core i5, Windows 10 Home","DDR4, Processing & Multitasking",0.11440677966101695,0.6747881355932204,0.09427966101694915,0.8240740740740741,1.221233792662364,1.0,0.017079323470267166,1.8485727029438,0.20455889468308158,0.13567073170731705,0.45904210399324397,0.4818957497528926
"DDR4, Everyday Use, Processing & Multitasking","8 GB, Intel",0.11970338983050847,0.413135593220339,0.06038135593220339,0.504424778761062,1.2209666439754936,1.0,0.010927624964090776,1.1842085351089588,0.2055861675850275,0.12780269058295965,0.15555413565061818,0.32528931245745407
Core i5,"Processing & Multitasking, Thin and Light Laptop",0.3072033898305085,0.4661016949152542,0.17478813559322035,0.5689655172413793,1.220689655172414,1.0,0.03160011490950876,1.2386440677966104,0.2609582059123343,0.2920353982300885,0.19266557197591688,0.4719827586206897
"Core i5, Intel","Processing & Multitasking, Thin and Light Laptop",0.3072033898305085,0.4661016949152542,0.17478813559322035,0.5689655172413793,1.220689655172414,1.0,0.03160011490950876,1.2386440677966104,0.2609582059123343,0.2920353982300885,0.19266557197591688,0.4719827586206897
"DDR4, Intel, Thin and Light Laptop",8 GB,0.3294491525423729,0.5720338983050848,0.2298728813559322,0.6977491961414791,1.2197689651065857,1.0,0.041416798333812094,1.4159304002884963,0.2686934428258383,0.3422712933753943,0.2937505969246442,0.5498005239966655
"2 in 1 Laptop, Intel",Processing & Multitasking,0.05296610169491525,0.7870762711864406,0.05084745762711865,0.9600000000000001,1.2197039030955588,1.0,0.009159095805802937,5.323093220338994,0.1902032065622671,0.06442953020134229,0.8121393034825874,0.5123014804845223
"8 GB, Transparent Silver",Processing & Multitasking,0.05296610169491525,0.7870762711864406,0.05084745762711865,0.9600000000000001,1.2197039030955588,1.0,0.009159095805802937,5.323093220338994,0.1902032065622671,0.06442953020134229,0.8121393034825874,0.5123014804845223
"Core i3, Everyday Use, Intel",Thin and Light Laptop,0.08792372881355932,0.513771186440678,0.05508474576271186,0.6265060240963856,1.2194261582412123,1.0,0.009912067293881062,1.3018384363039912,0.19728848387384962,0.1007751937984496,0.23185552668189097,0.36686125947087317
"Core i3, Everyday Use",Thin and Light Laptop,0.08792372881355932,0.513771186440678,0.05508474576271186,0.6265060240963856,1.2194261582412123,1.0,0.009912067293881062,1.3018384363039912,0.19728848387384962,0.1007751937984496,0.23185552668189097,0.36686125947087317
"8 GB, Core i5, Processing & Multitasking",Thin and Light Laptop,0.17584745762711865,0.513771186440678,0.11016949152542373,0.6265060240963856,1.2194261582412123,1.0,0.019824134587762124,1.3018384363039912,0.21833596994265358,0.19012797074954296,0.23185552668189097,0.4204695068935536
"8 GB, Core i5, Intel, Processing & Multitasking",Thin and Light Laptop,0.17584745762711865,0.513771186440678,0.11016949152542373,0.6265060240963856,1.2194261582412123,1.0,0.019824134587762124,1.3018384363039912,0.21833596994265358,0.19012797074954296,0.23185552668189097,0.4204695068935536
"8 GB, Thin and Light Laptop","DDR4, Processing & Multitasking",0.3336864406779661,0.6747881355932204,0.274364406779661,0.8222222222222222,1.2184894470608756,1.0,0.04919675560183853,1.8293167372881352,0.2691101276156919,0.37373737373737376,0.4533478103510675,0.6144078144078143
"8 GB, Intel, Windows 11 Home","Processing & Multitasking, Thin and Light Laptop",0.15677966101694915,0.4661016949152542,0.08898305084745763,0.5675675675675675,1.2176904176904177,1.0,0.015907785119218615,1.2346398305084745,0.21201244316822207,0.16666666666666666,0.19004719004719003,0.37923832923832923
"8 GB, AMD, Processing & Multitasking",Thin and Light Laptop,0.11016949152542373,0.513771186440678,0.06885593220338983,0.625,1.2164948453608246,1.0,0.01225402183280666,1.2966101694915253,0.19999999999999996,0.12404580152671754,0.2287581699346405,0.3795103092783505
"8 GB, Processing & Multitasking, Windows 10 Home",Thin and Light Laptop,0.225635593220339,0.513771186440678,0.1408898305084746,0.6244131455399061,1.2153525966797347,1.0,0.024964764076414833,1.294584216101695,0.22882445511864483,0.23539823008849559,0.22755121871388098,0.44931997483180874
"8 GB, AMD, DDR4, Processing & Multitasking",Thin and Light Laptop,0.10699152542372882,0.513771186440678,0.06673728813559322,0.6237623762376238,1.2140859446769419,1.0,0.011768125179546104,1.2923450044603033,0.1974618237963433,0.12045889101338432,0.22621281736016735,0.3768296417270593
"8 GB, Thin and Light Laptop","DDR4, Intel, Processing & Multitasking",0.3336864406779661,0.4841101694915254,0.19597457627118645,0.5873015873015873,1.2131568893056859,1.0,0.034433576917552444,1.2500407431551501,0.26369612856099356,0.31516183986371377,0.20002607476940132,0.49605779583897747
"Core i3, Thin and Light Laptop","DDR4, Processing & Multitasking",0.13983050847457626,0.6747881355932204,0.11440677966101695,0.8181818181818182,1.2125017839303553,1.0,0.020050811548405628,1.7886652542372885,0.20374931581828132,0.1633888048411498,0.44092389694995565,0.4938632795775653
"Core i3, Intel, Thin and Light Laptop","DDR4, Processing & Multitasking",0.13983050847457626,0.6747881355932204,0.11440677966101695,0.8181818181818182,1.2125017839303553,1.0,0.020050811548405628,1.7886652542372885,0.20374931581828132,0.1633888048411498,0.44092389694995565,0.4938632795775653
"Core i5, DDR4, Intel, Processing & Multitasking, Windows 10 Home",Thin and Light Laptop,0.12076271186440678,0.513771186440678,0.07521186440677965,0.6228070175438596,1.2122264423946463,1.0,0.013167462654409642,1.2890717382735513,0.1991175971491599,0.13446969696969693,0.22424798379390726,0.38459938506058955
"Core i5, DDR4, Processing & Multitasking, Windows 10 Home",Thin and Light Laptop,0.12076271186440678,0.513771186440678,0.07521186440677965,0.6228070175438596,1.2122264423946463,1.0,0.013167462654409642,1.2890717382735513,0.1991175971491599,0.13446969696969693,0.22424798379390726,0.38459938506058955
"8 GB, Core i5, Intel",Windows 10 Home,0.2086864406779661,0.4523305084745763,0.11440677966101695,0.5482233502538071,1.211997289554084,1.0,0.020011535837403047,1.2122571891068366,0.22104467251722942,0.20930232558139536,0.17509253895472704,0.40057537536109555
"8 GB, Core i5",Windows 10 Home,0.2086864406779661,0.4523305084745763,0.11440677966101695,0.5482233502538071,1.211997289554084,1.0,0.020011535837403047,1.2122571891068366,0.22104467251722942,0.20930232558139536,0.17509253895472704,0.40057537536109555
"8 GB, DDR4, Intel, Windows 11 Home","Processing & Multitasking, Thin and Light Laptop",0.13877118644067796,0.4661016949152542,0.07838983050847458,0.5648854961832062,1.211936155447606,1.0,0.01370834530307384,1.2270294380017843,0.20305176024733237,0.1488933601609658,0.18502362777171952,0.3665336571825122
"Intel, Thin and Light Laptop","8 GB, Processing & Multitasking",0.3855932203389831,0.4533898305084746,0.211864406779661,0.5494505494505494,1.211872239909623,1.0,0.037040361964952584,1.2132079371641171,0.28455172413793095,0.33783783783783783,0.17573898969247792,0.5083701345383588
"8 GB, DDR4, Everyday Use, Processing & Multitasking",Thin and Light Laptop,0.08686440677966102,0.513771186440678,0.05402542372881356,0.6219512195121951,1.2105607241639427,1.0,0.009396994398161447,1.2861536358665937,0.19048268959555978,0.09883720930232559,0.2224879111536213,0.3635529293437264
"Intel, Windows 10 Home","8 GB, DDR4, Processing & Multitasking",0.3114406779661017,0.4247881355932203,0.15995762711864406,0.5136054421768708,1.2090861282168728,1.0,0.027661322177535197,1.182603413535617,0.25114620478858896,0.27757352941176466,0.1544079878728656,0.4450820228340713
"8 GB, DDR4, Windows 11 Home","Processing & Multitasking, Thin and Light Laptop",0.1917372881355932,0.4661016949152542,0.10805084745762712,0.56353591160221,1.2090406830738323,1.0,0.01868177247917266,1.223235357219481,0.21391308817104834,0.1965317919075145,0.18249583442953612,0.3976770467101959
"8 GB, Everyday Use, Intel",Thin and Light Laptop,0.1228813559322034,0.513771186440678,0.07627118644067797,0.6206896551724138,1.2081052257376466,1.0,0.013138286411950584,1.281875963020031,0.19639023081052057,0.13610586011342155,0.2198933213131996,0.38457163170991826
"Everyday Use, Intel, Processing & Multitasking","8 GB, DDR4",0.09216101694915255,0.5423728813559322,0.06038135593220339,0.6551724137931034,1.2079741379310345,1.0,0.010395719620798619,1.3271186440677964,0.18964564269483508,0.1051660516605166,0.2464878671775223,0.3832502693965517
"8 GB, Windows 11 Home","Processing & Multitasking, Thin and Light Laptop",0.2108050847457627,0.4661016949152542,0.11864406779661017,0.5628140703517588,1.2074920054819553,1.0,0.020387460499856375,1.2212156633547633,0.21773729626078633,0.21252371916508545,0.18114381430964346,0.4086797624486067
"Everyday Use, Intel, Windows 11 Home","8 GB, DDR4",0.08898305084745763,0.5423728813559322,0.05826271186440678,0.6547619047619048,1.2072172619047619,1.0,0.010000718184429762,1.3255406195207482,0.18841437632135308,0.10166358595194085,0.24559082892416229,0.3810918898809524
"Core i5, Windows 10 Home","DDR4, Processing & Multitasking",0.1483050847457627,0.6747881355932204,0.12076271186440678,0.8142857142857143,1.2067279659116392,1.0,0.020688200229819015,1.751140808344198,0.2011434057781269,0.17194570135746604,0.42894369474174027,0.4966248037676609
"Core i5, Intel, Windows 10 Home","DDR4, Processing & Multitasking",0.1483050847457627,0.6747881355932204,0.12076271186440678,0.8142857142857143,1.2067279659116392,1.0,0.020688200229819015,1.751140808344198,0.2011434057781269,0.17194570135746604,0.42894369474174027,0.4966248037676609
"8 GB, Core i5, Thin and Light Laptop","DDR4, Processing & Multitasking",0.11970338983050847,0.6747881355932204,0.09745762711864407,0.8141592920353983,1.2065406148844835,1.0,0.016683199870726806,1.749949556093624,0.19446188458117514,0.1398176291793313,0.42855495661699006,0.47929314680262847
"8 GB, Core i5, Intel, Thin and Light Laptop","DDR4, Processing & Multitasking",0.11970338983050847,0.6747881355932204,0.09745762711864407,0.8141592920353983,1.2065406148844835,1.0,0.016683199870726806,1.749949556093624,0.19446188458117514,0.1398176291793313,0.42855495661699006,0.47929314680262847
"Intel, Transparent Silver",Processing & Multitasking,0.0625,0.7870762711864406,0.059322033898305086,0.9491525423728814,1.205921938088829,1.0,0.010129766949152547,4.187500000000003,0.18214285714285722,0.07506702412868634,0.7611940298507465,0.5122613317517166
"Core i7, Intel",Windows 10 Home,0.11652542372881355,0.4523305084745763,0.0635593220338983,0.5454545454545454,1.2058760911219926,1.0,0.010851317868428613,1.204872881355932,0.19324540367705836,0.12578616352201255,0.17003692632319317,0.3429848839684905
Core i7,Windows 10 Home,0.11652542372881355,0.4523305084745763,0.0635593220338983,0.5454545454545454,1.2058760911219926,1.0,0.010851317868428613,1.204872881355932,0.19324540367705836,0.12578616352201255,0.17003692632319317,0.3429848839684905
"Everyday Use, Processing & Multitasking","DDR4, Thin and Light Laptop",0.1281779661016949,0.4459745762711864,0.06885593220338983,0.5371900826446281,1.2045307316307101,1.0,0.011691818083883948,1.1970906476997578,0.19476586596878223,0.13626834381551364,0.16464137288055244,0.34579219096601954
Transparent Silver,Processing & Multitasking,0.0815677966101695,0.7870762711864406,0.07733050847457627,0.948051948051948,1.2045236056003217,1.0,0.013130431269750067,4.098781779661016,0.18487620672765476,0.09772423025435074,0.7560250694579053,0.5231511422628515
"DDR4, Processing & Multitasking, Thin and Light Laptop",8 GB,0.3983050847457627,0.5720338983050848,0.274364406779661,0.6888297872340425,1.2041765169424743,1.0,0.0465203964378052,1.3753440533101549,0.28179890151721126,0.39421613394216126,0.27290920581419836,0.5842297084318361
"8 GB, Core i5, DDR4, Intel, Thin and Light Laptop",Windows 10 Home,0.10699152542372882,0.4523305084745763,0.05826271186440678,0.5445544554455445,1.2038861965821872,1.0,0.009867180767020964,1.2024917096536474,0.1896473633128436,0.11627906976744184,0.16839343508818952,0.3366800380272219
"8 GB, Core i5, DDR4, Thin and Light Laptop",Windows 10 Home,0.10699152542372882,0.4523305084745763,0.05826271186440678,0.5445544554455445,1.2038861965821872,1.0,0.009867180767020964,1.2024917096536474,0.1896473633128436,0.11627906976744184,0.16839343508818952,0.3366800380272219
"DDR4, Thin and Light Laptop, Windows 11 Home",8 GB,0.19385593220338984,0.5720338983050848,0.13347457627118645,0.6885245901639344,1.2036429872495444,1.0,0.022582411663315136,1.3739964317573594,0.20987422564295094,0.21105527638190955,0.2721960720662229,0.46092896174863385
Windows 10,8 GB,0.09851694915254237,0.5720338983050848,0.06779661016949153,0.6881720430107526,1.203026682596575,1.0,0.011441575696638895,1.3724430157802452,0.1872062279670975,0.11247803163444639,0.2713722985201744,0.40334528076463555
"8 GB, Core i5, DDR4, Intel, Processing & Multitasking, Windows 10 Home",Thin and Light Laptop,0.09427966101694915,0.513771186440678,0.05826271186440678,0.6179775280898876,1.202826363952276,1.0,0.009824538566503872,1.2727754237288134,0.18617756512493344,0.10597302504816955,0.21431543903454003,0.36568979497277887
"8 GB, Core i5, DDR4, Processing & Multitasking, Windows 10 Home",Thin and Light Laptop,0.09427966101694915,0.513771186440678,0.05826271186440678,0.6179775280898876,1.202826363952276,1.0,0.009824538566503872,1.2727754237288134,0.18617756512493344,0.10597302504816955,0.21431543903454003,0.36568979497277887
"8 GB, DDR4, Processing & Multitasking, Windows 10 Home",Thin and Light Laptop,0.21610169491525424,0.513771186440678,0.13347457627118645,0.6176470588235294,1.2021831412977562,1.0,0.022447752082734848,1.2716753585397653,0.21454311454311456,0.22380106571936056,0.2136357811098296,0.43872043662825955
"Core i5, DDR4, Thin and Light Laptop",8 GB,0.15572033898305085,0.5720338983050848,0.10699152542372882,0.6870748299319728,1.201108591584782,1.0,0.017914212869864984,1.3676308032424465,0.1983179497372573,0.17235494880546076,0.2688085135044116,0.4370559334845049
"Core i5, DDR4, Intel, Thin and Light Laptop",8 GB,0.15572033898305085,0.5720338983050848,0.10699152542372882,0.6870748299319728,1.201108591584782,1.0,0.017914212869864984,1.3676308032424465,0.1983179497372573,0.17235494880546076,0.2688085135044116,0.4370559334845049
"DDR4, Intel, Thin and Light Laptop, Windows 11 Home",8 GB,0.1451271186440678,0.5720338983050848,0.09957627118644068,0.6861313868613138,1.1994593133279263,1.0,0.016558639758690027,1.3635199054000784,0.19452134250837086,0.16123499142367065,0.26660403266604016,0.43010273046769393
"16 GB, Gaming Laptop",Windows 10 Home,0.125,0.4523305084745763,0.06779661016949153,0.5423728813559322,1.199063231850117,1.0,0.01125529661016949,1.196759259259259,0.18973214285714282,0.13305613305613304,0.16441005802707928,0.34612789266859845
"DDR4, Transparent Silver",Processing & Multitasking,0.07521186440677965,0.7870762711864406,0.07097457627118645,0.9436619718309861,1.1989460315053175,1.0,0.011777102484918138,3.779396186440691,0.1794293139115421,0.08969210174029453,0.7354074696937856,0.5169184690918053
"DDR4, Intel, Transparent Silver",Processing & Multitasking,0.05614406779661017,0.7870762711864406,0.05296610169491525,0.9433962264150942,1.1986083953376165,1.0,0.008776438164320596,3.7616525423728757,0.17555555555555552,0.06702412868632708,0.7341593917206417,0.5053454887122577
"Core i5, Intel, Thin and Light Laptop",Processing & Multitasking,0.1853813559322034,0.7870762711864406,0.17478813559322035,0.9428571428571428,1.1979234762545665,1.0,0.02887886921861535,3.7261652542372876,0.20282145249635503,0.21912350597609564,0.7316275764036958,0.5824649105941165
"Core i5, Thin and Light Laptop",Processing & Multitasking,0.1853813559322034,0.7870762711864406,0.17478813559322035,0.9428571428571428,1.1979234762545665,1.0,0.02887886921861535,3.7261652542372876,0.20282145249635503,0.21912350597609564,0.7316275764036958,0.5824649105941165
"AMD, DDR4, Processing & Multitasking",Windows 10 Home,0.17796610169491525,0.4523305084745763,0.09639830508474577,0.5416666666666667,1.1975019516003125,1.0,0.015898807813846602,1.1949152542372883,0.20063441712926253,0.18055555555555555,0.16312056737588665,0.3773907103825137
"Intel, Thin and Light Laptop","8 GB, DDR4, Processing & Multitasking",0.3855932203389831,0.4247881355932203,0.19597457627118645,0.5082417582417582,1.196459400948179,1.0,0.03217915110600403,1.1697045734305462,0.267250698974837,0.3189655172413793,0.14508327767996276,0.48479419582910854
"AMD, Thin and Light Laptop, Windows 10 Home",Processing & Multitasking,0.05402542372881356,0.7870762711864406,0.05084745762711865,0.9411764705882353,1.1957881402897634,1.0,0.008325328569376622,3.619703389830508,0.17308230683090717,0.064343163538874,0.7237342698273339,0.5028897157786398
"AMD, Thin and Light Laptop","8 GB, DDR4",0.11440677966101695,0.5423728813559322,0.07415254237288135,0.6481481481481481,1.1950231481481481,1.0,0.012101407641482327,1.3006244424620874,0.18427887901572104,0.12727272727272726,0.23113854595336075,0.39243344907407407
"8 GB, Windows 10 Home","DDR4, Processing & Multitasking",0.2680084745762712,0.6747881355932204,0.21610169491525424,0.8063241106719368,1.1949292943081762,1.0,0.035252756032749216,1.6791551366309234,0.22285831843591272,0.29737609329446063,0.4044624119684309,0.5632876440329857
Natural Silver,Processing & Multitasking,0.06991525423728813,0.7870762711864406,0.06567796610169492,0.9393939393939396,1.1935233900240632,1.0,0.010649328497558189,3.513241525423739,0.1743331618781691,0.08299866131191434,0.7153625810342237,0.5114197153228109
Entertainment,Processing & Multitasking,0.06885593220338983,0.7870762711864406,0.0646186440677966,0.9384615384615385,1.1923387514235428,1.0,0.01042377370008618,3.4600105932203395,0.17324082881068276,0.08165997322623829,0.7109835438193648,0.5102805673465162
"DDR4, Natural Silver",Processing & Multitasking,0.06885593220338983,0.7870762711864406,0.0646186440677966,0.9384615384615385,1.1923387514235428,1.0,0.01042377370008618,3.4600105932203395,0.17324082881068276,0.08165997322623829,0.7109835438193648,0.5102805673465162
"Core i3, DDR4, Everyday Use, Intel",Thin and Light Laptop,0.0847457627118644,0.513771186440678,0.05190677966101695,0.6125,1.1921649484536083,1.0,0.00836684860672221,1.254784034991799,0.17611489040060477,0.09496124031007752,0.20305010893246195,0.3567654639175258
"Core i3, DDR4, Everyday Use",Thin and Light Laptop,0.0847457627118644,0.513771186440678,0.05190677966101695,0.6125,1.1921649484536083,1.0,0.00836684860672221,1.254784034991799,0.17611489040060477,0.09496124031007752,0.20305010893246195,0.3567654639175258
"DDR4, Everyday Use, Intel, Processing & Multitasking",Thin and Light Laptop,0.0847457627118644,0.513771186440678,0.05190677966101695,0.6125,1.1921649484536083,1.0,0.00836684860672221,1.254784034991799,0.17611489040060477,0.09496124031007752,0.20305010893246195,0.3567654639175258
"Everyday Use, Intel","DDR4, Thin and Light Laptop",0.1673728813559322,0.4459745762711864,0.08898305084745763,0.5316455696202531,1.1920983793860307,1.0,0.014339001005458207,1.1829191479615209,0.19353568399369933,0.1696969696969697,0.15463368589200566,0.36558525511891515
"8 GB, Core i5, Intel, Windows 10 Home","Processing & Multitasking, Thin and Light Laptop",0.11440677966101695,0.4661016949152542,0.0635593220338983,0.5555555555555556,1.191919191919192,1.0,0.010234128124102272,1.201271186440678,0.18181818181818188,0.12295081967213116,0.1675485008818343,0.34595959595959597
"8 GB, Core i5, Windows 10 Home","Processing & Multitasking, Thin and Light Laptop",0.11440677966101695,0.4661016949152542,0.0635593220338983,0.5555555555555556,1.191919191919192,1.0,0.010234128124102272,1.201271186440678,0.18181818181818188,0.12295081967213116,0.1675485008818343,0.34595959595959597
"DDR4, Intel, Thin and Light Laptop, Windows 11 Home","8 GB, Processing & Multitasking",0.1451271186440678,0.4533898305084746,0.07838983050847458,0.5401459854014599,1.191350023876117,1.0,0.012590670784257393,1.1886602098466506,0.1878830503365819,0.15071283095723015,0.1587166864708878,0.35652159083157103
"8 GB, AMD, Processing & Multitasking",Windows 10 Home,0.11016949152542373,0.4523305084745763,0.059322033898305086,0.5384615384615384,1.1904161412358132,1.0,0.00948901177822465,1.1866172316384178,0.17976190476190482,0.11789473684210526,0.15726826365124233,0.3348045397225725
"Core i5, Processing & Multitasking, Thin and Light Laptop, Windows 11 Home","DDR4, Intel",0.07097457627118645,0.614406779661017,0.05190677966101695,0.7313432835820896,1.1903242408646422,1.0,0.008299518816432053,1.4352636534839924,0.17210806785656094,0.08193979933110368,0.3032639002788256,0.4079130211013896
4 GB,"Intel, Processing & Multitasking",0.10911016949152542,0.5709745762711864,0.07415254237288135,0.6796116504854368,1.1902660446349766,1.0,0.011853409580580294,1.339079352850539,0.1794292508917955,0.12237762237762238,0.2532182668104997,0.40474089017778336
"Thin and Light Laptop, Windows 10 Home","8 GB, DDR4",0.211864406779661,0.5423728813559322,0.13665254237288135,0.645,1.18921875,1.0,0.021743033611031318,1.2890904750537122,0.2018838042844045,0.22126929674099485,0.2242592592592593,0.4484765625
"Thin and Light Laptop, Windows 10 Home",8 GB,0.211864406779661,0.5720338983050848,0.1440677966101695,0.68,1.1887407407407407,1.0,0.022874174087905777,1.3373940677966103,0.20145477545857055,0.22516556291390727,0.25227722772277233,0.46592592592592597
"Intel, Thin and Light Laptop, Windows 10 Home","8 GB, DDR4",0.15783898305084745,0.5423728813559322,0.1016949152542373,0.6442953020134229,1.1879194630872485,1.0,0.01608733122665902,1.2865366165653984,0.18784067085953896,0.16991150442477876,0.22271936365896114,0.41589765100671144
Core i5,8 GB,0.3072033898305085,0.5720338983050848,0.2086864406779661,0.6793103448275861,1.1875351213282246,1.0,0.03295568802068369,1.3345179515217782,0.2279451714556263,0.311216429699842,0.25066575623079523,0.5220625798212004
"Core i5, Intel",8 GB,0.3072033898305085,0.5720338983050848,0.2086864406779661,0.6793103448275861,1.1875351213282246,1.0,0.03295568802068369,1.3345179515217782,0.2279451714556263,0.311216429699842,0.25066575623079523,0.5220625798212004
"Processing & Multitasking, Thin and Light Laptop, Windows 10 Home",8 GB,0.2076271186440678,0.5720338983050848,0.1408898305084746,0.6785714285714286,1.1862433862433863,1.0,0.022120080436656142,1.3314500941619587,0.19814241486068118,0.2205638474295191,0.24893917963224896,0.4624338624338625
"8 GB, Core i5, DDR4, Intel, Processing & Multitasking",Thin and Light Laptop,0.15995762711864406,0.513771186440678,0.09745762711864407,0.6092715231788081,1.1858810677954532,1.0,0.015276007253662752,1.2444161160586042,0.18659191841658,0.16911764705882354,0.19641027860739607,0.3994811224141463
"8 GB, Core i5, DDR4, Processing & Multitasking",Thin and Light Laptop,0.15995762711864406,0.513771186440678,0.09745762711864407,0.6092715231788081,1.1858810677954532,1.0,0.015276007253662752,1.2444161160586042,0.18659191841658,0.16911764705882354,0.19641027860739607,0.3994811224141463
"DDR4, Entertainment",Processing & Multitasking,0.0635593220338983,0.7870762711864406,0.059322033898305086,0.9333333333333333,1.185823239120682,1.0,0.009295999712726231,3.193855932203391,0.1673400129282483,0.0749665327978581,0.6868988391376453,0.5043517272319425
"8 GB, DDR4, Everyday Use, Intel",Thin and Light Laptop,0.11652542372881355,0.513771186440678,0.07097457627118645,0.6090909090909091,1.1855295220243673,1.0,0.011107171071531176,1.2438411509657077,0.1771359032177244,0.1268939393939394,0.19603881956823138,0.37361761949390815
"Processing & Multitasking, Thin and Light Laptop, Windows 10 Home","8 GB, DDR4",0.2076271186440678,0.5423728813559322,0.13347457627118645,0.6428571428571429,1.1852678571428572,1.0,0.020863257684573408,1.28135593220339,0.1972667855020797,0.21649484536082475,0.21957671957671968,0.44447544642857145
"Intel, Thin and Light Laptop, Windows 10 Home",8 GB,0.15783898305084745,0.5720338983050848,0.10699152542372882,0.6778523489932886,1.1849863286104896,1.0,0.01670227664464234,1.3284781073446328,0.18536646117441927,0.1717687074829932,0.2472589540833278,0.4324446930151628
Thin and Light Laptop,"Intel, Processing & Multitasking",0.513771186440678,0.5709745762711864,0.3474576271186441,0.6762886597938145,1.1844461870971446,1.0,0.05410734164033326,1.3253333153406026,0.3202680801317818,0.47126436781609193,0.24547282677866883,0.6424114913069259
"Intel, Processing & Multitasking",Thin and Light Laptop,0.5709745762711864,0.513771186440678,0.3474576271186441,0.6085343228200372,1.1844461870971446,1.0,0.05410734164033326,1.2420726564382683,0.3629704908160194,0.47126436781609193,0.19489411926386727,0.6424114913069259
"Core i5, DDR4, Thin and Light Laptop",Processing & Multitasking,0.15572033898305085,0.7870762711864406,0.1451271186440678,0.9319727891156463,1.1840946338158413,1.0,0.0225633348893996,3.1299788135593243,0.18414858639606554,0.18193891102257637,0.6805090195282095,0.5581802034407303
"Core i5, DDR4, Intel, Thin and Light Laptop",Processing & Multitasking,0.15572033898305085,0.7870762711864406,0.1451271186440678,0.9319727891156463,1.1840946338158413,1.0,0.0225633348893996,3.1299788135593243,0.18414858639606554,0.18193891102257637,0.6805090195282095,0.5581802034407303
"Intel, Processing & Multitasking, Thin and Light Laptop, Windows 10 Home","8 GB, DDR4",0.15677966101694915,0.5423728813559322,0.10063559322033898,0.6418918918918919,1.1834881756756757,1.0,0.015602556736569947,1.2779021426287176,0.18386670193070614,0.16814159292035397,0.21746746746746745,0.41371938344594594
"8 GB, Intel, Thin and Light Laptop","DDR4, Processing & Multitasking",0.2457627118644068,0.6747881355932204,0.19597457627118645,0.7974137931034483,1.181724679261625,1.0,0.030136814133869566,1.6053011179228271,0.20388703310051617,0.2704678362573099,0.37706391104122206,0.5439188274779407
"Intel, Processing & Multitasking, Thin and Light Laptop, Windows 10 Home",8 GB,0.15677966101694915,0.5720338983050848,0.1059322033898305,0.6756756756756757,1.181181181181181,1.0,0.016248922723355347,1.3195621468926553,0.18190954773869336,0.17006802721088432,0.24217286593524207,0.4304304304304304
"8 GB, Everyday Use",Thin and Light Laptop,0.1641949152542373,0.513771186440678,0.09957627118644068,0.6064516129032258,1.1803924176920517,1.0,0.015217654768744607,1.2354994442900804,0.18284658738505508,0.17216117216117216,0.19061072457656894,0.40013302294645825
"Intel, Processing & Multitasking, Windows 10 Home","DDR4, Thin and Light Laptop",0.263771186440678,0.4459745762711864,0.13877118644067796,0.5261044176706826,1.1796735636131221,1.0,0.021135943335248486,1.1690875466819877,0.20687572079740782,0.24304267161410018,0.144632065547083,0.4186341565788092
"DDR4, Windows 11 Home",Thin and Light Laptop,0.3199152542372881,0.513771186440678,0.19385593220338984,0.6059602649006623,1.179436061992217,1.0,0.0294926924734272,1.2339588377723973,0.22370324974890643,0.3029801324503312,0.18960019622271296,0.49163992626476416
Everyday Use,"DDR4, Intel",0.21927966101694915,0.614406779661017,0.15889830508474576,0.7246376811594203,1.1794102948525738,1.0,0.024171394714162575,1.4003122212310437,0.19484396200814094,0.23547880690737832,0.2858735467431119,0.49162918540729633
"Everyday Use, Thin and Light Laptop","DDR4, Intel",0.1228813559322034,0.614406779661017,0.08898305084745763,0.7241379310344828,1.1785969084423304,1.0,0.013483912668773329,1.3977754237288136,0.17276282493673784,0.1372549019607843,0.28457749147404315,0.43448275862068964
"Intel, Windows 10 Home","8 GB, Processing & Multitasking",0.3114406779661017,0.4533898305084746,0.1663135593220339,0.5340136054421769,1.1778244007883527,1.0,0.02510952312553863,1.17301744401831,0.21926506614404695,0.2778761061946903,0.1474977587934399,0.4504180176743595
"8 GB, Intel, Windows 10 Home","DDR4, Thin and Light Laptop",0.19385593220338984,0.4459745762711864,0.1016949152542373,0.5245901639344263,1.176278182313773,1.0,0.015240098032174673,1.1653638223261251,0.18589848883048632,0.18897637795275596,0.14189888098297973,0.3763093337486858
"DDR4, Intel, Processing & Multitasking, Thin and Light Laptop",8 GB,0.2913135593220339,0.5720338983050848,0.19597457627118645,0.6727272727272727,1.176026936026936,1.0,0.029333345303073827,1.307674199623352,0.21120672241748475,0.2936507936507936,0.23528352835283523,0.5076599326599327
Core i5,Thin and Light Laptop,0.3072033898305085,0.513771186440678,0.1853813559322034,0.603448275862069,1.1745467472449342,1.0,0.027549105860384948,1.2261422254974206,0.2145041502839668,0.2916666666666667,0.1844339268274359,0.4821365090650551
"Core i5, Intel",Thin and Light Laptop,0.3072033898305085,0.513771186440678,0.1853813559322034,0.603448275862069,1.1745467472449342,1.0,0.027549105860384948,1.2261422254974206,0.2145041502839668,0.2916666666666667,0.1844339268274359,0.4821365090650551
"Everyday Use, Processing & Multitasking",Thin and Light Laptop,0.1281779661016949,0.513771186440678,0.07733050847457627,0.603305785123967,1.174269404447474,1.0,0.011476362754955477,1.2257018008474578,0.1702258692721251,0.13696060037523453,0.18414087398044635,0.3769106245207464
"Core i5, DDR4, Processing & Multitasking, Thin and Light Laptop",8 GB,0.1451271186440678,0.5720338983050848,0.09745762711864407,0.6715328467153285,1.1739389024060558,1.0,0.014439995690893423,1.3029190207156311,0.17332040299552828,0.15726495726495726,0.23249259232492603,0.42095160854284946
"Core i5, DDR4, Intel, Processing & Multitasking, Thin and Light Laptop",8 GB,0.1451271186440678,0.5720338983050848,0.09745762711864407,0.6715328467153285,1.1739389024060558,1.0,0.014439995690893423,1.3029190207156311,0.17332040299552828,0.15726495726495726,0.23249259232492603,0.42095160854284946
"8 GB, Core i5, Thin and Light Laptop",Windows 10 Home,0.11970338983050847,0.4523305084745763,0.0635593220338983,0.5309734513274336,1.1738616816231786,1.0,0.009413826845733983,1.1676726894787333,0.16825110308864819,0.125,0.14359562486092317,0.33574433690493455
"8 GB, Core i5, Intel, Thin and Light Laptop",Windows 10 Home,0.11970338983050847,0.4523305084745763,0.0635593220338983,0.5309734513274336,1.1738616816231786,1.0,0.009413826845733983,1.1676726894787333,0.16825110308864819,0.125,0.14359562486092317,0.33574433690493455
"AMD, Processing & Multitasking, Thin and Light Laptop","8 GB, DDR4",0.1048728813559322,0.5423728813559322,0.06673728813559322,0.6363636363636364,1.1732954545454546,1.0,0.009857081298477455,1.2584745762711864,0.16500422654268818,0.11496350364963503,0.20538720538720537,0.3797052556818182
"8 GB, Intel, Windows 10 Home","Processing & Multitasking, Thin and Light Laptop",0.19385593220338984,0.4661016949152542,0.1059322033898305,0.5464480874316939,1.1723795330352706,1.0,0.015575624820453882,1.177149275066367,0.18239159001314048,0.19120458891013384,0.15049006852285532,0.3868604073522106
"Core i5, DDR4, Intel, Windows 10 Home","Processing & Multitasking, Thin and Light Laptop",0.13771186440677965,0.4661016949152542,0.07521186440677965,0.5461538461538461,1.1717482517482516,1.0,0.011024130996839993,1.1763860959494397,0.1699830432224799,0.14228456913827656,0.14993894993894988,0.35375874125874124
"Core i5, DDR4, Windows 10 Home","Processing & Multitasking, Thin and Light Laptop",0.13771186440677965,0.4661016949152542,0.07521186440677965,0.5461538461538461,1.1717482517482516,1.0,0.011024130996839993,1.1763860959494397,0.1699830432224799,0.14228456913827656,0.14993894993894988,0.35375874125874124
"DDR4, Intel, Processing & Multitasking",Thin and Light Laptop,0.4841101694915254,0.513771186440678,0.2913135593220339,0.6017505470459519,1.1712423018791311,1.0,0.04259170317437519,1.2209152076736822,0.28340489079708797,0.4122938530734632,0.18094230154984436,0.5843804281621512
Thin and Light Laptop,"DDR4, Intel, Processing & Multitasking",0.513771186440678,0.4841101694915254,0.2913135593220339,0.5670103092783505,1.1712423018791311,1.0,0.04259170317437519,1.1914598466505246,0.3006932065755596,0.4122938530734632,0.16069349478185396,0.5843804281621512
"Core i5, Processing & Multitasking",8 GB,0.2627118644067797,0.5720338983050848,0.17584745762711865,0.6693548387096774,1.1701314217443248,1.0,0.025567365699511624,1.2943365026870606,0.19720260351751825,0.26688102893890675,0.22740338549984015,0.4883811230585424
"Core i5, Intel, Processing & Multitasking",8 GB,0.2627118644067797,0.5720338983050848,0.17584745762711865,0.6693548387096774,1.1701314217443248,1.0,0.025567365699511624,1.2943365026870606,0.19720260351751825,0.26688102893890675,0.22740338549984015,0.4883811230585424
Everyday Use,"DDR4, Thin and Light Laptop",0.21927966101694915,0.4459745762711864,0.11440677966101695,0.5217391304347826,1.1698853661055457,1.0,0.016613625754093655,1.1584167950693374,0.18600180913613754,0.2076923076923077,0.13675284728572618,0.3891355984715481
"8 GB, Core i5, Thin and Light Laptop",Processing & Multitasking,0.11970338983050847,0.7870762711864406,0.11016949152542373,0.9203539823008849,1.1693326504603438,1.0,0.015953793809250216,2.6733757062146895,0.16450291585670646,0.13829787234042554,0.6259410910051513,0.5301635322002406
"8 GB, Core i5, Intel, Thin and Light Laptop",Processing & Multitasking,0.11970338983050847,0.7870762711864406,0.11016949152542373,0.9203539823008849,1.1693326504603438,1.0,0.015953793809250216,2.6733757062146895,0.16450291585670646,0.13829787234042554,0.6259410910051513,0.5301635322002406
"16 GB, DDR4, Thin and Light Laptop","Intel, Processing & Multitasking",0.0826271186440678,0.5709745762711864,0.05508474576271186,0.6666666666666666,1.1675943104514532,1.0,0.007906761706406203,1.2870762711864405,0.15646651270207848,0.0920353982300885,0.2230452674897119,0.3815708101422387
"Core i5, DDR4, Intel, Processing & Multitasking",Windows 10 Home,0.2288135593220339,0.4523305084745763,0.12076271186440678,0.5277777777777778,1.1667967733541504,1.0,0.017263358230393558,1.1597706879361913,0.18536726431463268,0.21550094517958412,0.1377605845690952,0.3973783502472027
"Core i5, DDR4, Processing & Multitasking",Windows 10 Home,0.2288135593220339,0.4523305084745763,0.12076271186440678,0.5277777777777778,1.1667967733541504,1.0,0.017263358230393558,1.1597706879361913,0.18536726431463268,0.21550094517958412,0.1377605845690952,0.3973783502472027
Windows 11 Home,Thin and Light Laptop,0.388771186440678,0.513771186440678,0.2330508474576271,0.5994550408719346,1.1667743475940335,1.0,0.033311413746049956,1.2139181943964026,0.23385063809673842,0.3481012658227848,0.17622126052964318,0.5265316441473075
"AMD, Thin and Light Laptop",8 GB,0.11440677966101695,0.5720338983050848,0.07627118644067797,0.6666666666666667,1.165432098765432,1.0,0.01082663027865556,1.283898305084746,0.16028708133971295,0.125,0.22112211221122124,0.4
"Intel, Windows 11 Home","Processing & Multitasking, Thin and Light Laptop",0.2828389830508475,0.4661016949152542,0.15360169491525424,0.5430711610486891,1.1651344909771877,1.0,0.021769965527147384,1.1684495693248125,0.1976264452707178,0.2580071174377224,0.14416503180548126,0.43630830779707186
"AMD, Thin and Light Laptop",Processing & Multitasking,0.11440677966101695,0.7870762711864406,0.1048728813559322,0.9166666666666666,1.164647824136384,1.0,0.01482601982189026,2.555084745762711,0.15963462374945628,0.13164893617021275,0.6086235489220563,0.5249551368326604
"DDR4, Intel, Processing & Multitasking, Windows 10 Home",8 GB,0.24046610169491525,0.5720338983050848,0.15995762711864406,0.6651982378854625,1.1628650677108825,1.0,0.02240286555587473,1.278267172167707,0.18439598400251217,0.24512987012987011,0.2176909320888034,0.47241393375754603
"8 GB, Processing & Multitasking, Thin and Light Laptop, Windows 10 Home","DDR4, Intel",0.1408898305084746,0.614406779661017,0.10063559322033898,0.7142857142857142,1.1625615763546795,1.0,0.014071926170640597,1.34957627118644,0.16276202219482094,0.15372168284789642,0.25902668759811587,0.439039408866995
"Core i5, Intel, Thin and Light Laptop","DDR4, Processing & Multitasking",0.1853813559322034,0.6747881355932204,0.1451271186440678,0.7828571428571428,1.1601525005606637,1.0,0.0200339791008331,1.4976862176628005,0.16945886685713749,0.20296296296296296,0.3323033969288039,0.4989638932496075
"Core i5, Thin and Light Laptop","DDR4, Processing & Multitasking",0.1853813559322034,0.6747881355932204,0.1451271186440678,0.7828571428571428,1.1601525005606637,1.0,0.0200339791008331,1.4976862176628005,0.16945886685713749,0.20296296296296296,0.3323033969288039,0.4989638932496075
"8 GB, AMD, DDR4, Processing & Multitasking",Windows 10 Home,0.10699152542372882,0.4523305084745763,0.05614406779661017,0.5247524752475248,1.1601085167064715,1.0,0.007748536699224359,1.152387888418079,0.15454687884688553,0.11157894736842104,0.132236627918111,0.3244371275535048
"8 GB, Everyday Use, Thin and Light Laptop","DDR4, Intel",0.09957627118644068,0.614406779661017,0.07097457627118645,0.7127659574468086,1.16008804108584,1.0,0.009794240160873317,1.3424356559949784,0.15325724319578585,0.11037891268533773,0.25508534019172335,0.4141415994130595
"Core i3, Intel, Windows 10 Home",Thin and Light Laptop,0.08898305084745763,0.513771186440678,0.05296610169491525,0.5952380952380952,1.1585665193912615,1.0,0.00724917408790577,1.201271186440678,0.15023255813953482,0.09633911368015413,0.16754850088183418,0.3491654393716249
"Core i3, DDR4, Intel, Windows 10 Home",Thin and Light Laptop,0.08898305084745763,0.513771186440678,0.05296610169491525,0.5952380952380952,1.1585665193912615,1.0,0.00724917408790577,1.201271186440678,0.15023255813953482,0.09633911368015413,0.16754850088183418,0.3491654393716249
"Core i3, Windows 10 Home",Thin and Light Laptop,0.08898305084745763,0.513771186440678,0.05296610169491525,0.5952380952380952,1.1585665193912615,1.0,0.00724917408790577,1.201271186440678,0.15023255813953482,0.09633911368015413,0.16754850088183418,0.3491654393716249
"Core i3, DDR4, Windows 10 Home",Thin and Light Laptop,0.08898305084745763,0.513771186440678,0.05296610169491525,0.5952380952380952,1.1585665193912615,1.0,0.00724917408790577,1.201271186440678,0.15023255813953482,0.09633911368015413,0.16754850088183418,0.3491654393716249
"8 GB, Intel",Thin and Light Laptop,0.413135593220339,0.513771186440678,0.2457627118644068,0.5948717948717949,1.1578535553793285,1.0,0.03350554797471991,1.2001850461274404,0.23230735715174908,0.3608087091757387,0.16679515110887655,0.5366111551678562
"Core i3, Thin and Light Laptop, Windows 11 Home","DDR4, Processing & Multitasking",0.06779661016949153,0.6747881355932204,0.05296610169491525,0.78125,1.1577708006279435,1.0,0.007217753519103698,1.4866828087167068,0.14618181818181802,0.07680491551459293,0.32736156351791523,0.42987146781789637
"Core i3, Intel, Thin and Light Laptop, Windows 11 Home","DDR4, Processing & Multitasking",0.06779661016949153,0.6747881355932204,0.05296610169491525,0.78125,1.1577708006279435,1.0,0.007217753519103698,1.4866828087167068,0.14618181818181802,0.07680491551459293,0.32736156351791523,0.42987146781789637
4 GB,Intel,0.10911016949152542,0.7129237288135594,0.09004237288135593,0.8252427184466019,1.1575469928879527,1.0,0.012255143995978157,1.6427142184557433,0.1527733090858221,0.12301013024602026,0.39125138824203753,0.475771433517506
"8 GB, Core i3, Thin and Light Laptop","DDR4, Processing & Multitasking",0.11122881355932203,0.6747881355932204,0.08686440677966102,0.7809523809523811,1.1573297450848472,1.0,0.011808523053720196,1.4846628592483426,0.15295502776243497,0.12424242424242424,0.3264464091825658,0.4548403976975406
"8 GB, Core i3, Intel, Thin and Light Laptop","DDR4, Processing & Multitasking",0.11122881355932203,0.6747881355932204,0.08686440677966102,0.7809523809523811,1.1573297450848472,1.0,0.011808523053720196,1.4846628592483426,0.15295502776243497,0.12424242424242424,0.3264464091825658,0.4548403976975406
"8 GB, DDR4, Everyday Use",Thin and Light Laptop,0.15677966101694915,0.513771186440678,0.09322033898305085,0.5945945945945946,1.1573140150459738,1.0,0.012671466532605577,1.1993644067796612,0.161203746002741,0.16146788990825686,0.16622504857798978,0.3880189467818334
"8 GB, Core i5, DDR4, Thin and Light Laptop",Processing & Multitasking,0.10699152542372882,0.7870762711864406,0.09745762711864407,0.9108910891089109,1.1573098090428156,1.0,0.01324713623958633,2.3894774011299447,0.15221259477023058,0.1223404255319149,0.5814984483522981,0.517356715483123
"8 GB, Core i5, DDR4, Intel, Thin and Light Laptop",Processing & Multitasking,0.10699152542372882,0.7870762711864406,0.09745762711864407,0.9108910891089109,1.1573098090428156,1.0,0.01324713623958633,2.3894774011299447,0.15221259477023058,0.1223404255319149,0.5814984483522981,0.517356715483123
"Intel, Processing & Multitasking, Windows 10 Home",Thin and Light Laptop,0.263771186440678,0.513771186440678,0.15677966101694915,0.5943775100401606,1.1568914834596116,1.0,0.021261625610456747,1.1987225205571403,0.18420182772700744,0.2525597269624573,0.16577858274054813,0.4497660746077091
"8 GB, Core i5, DDR4, Intel, Windows 10 Home","Processing & Multitasking, Thin and Light Laptop",0.10805084745762712,0.4661016949152542,0.05826271186440678,0.5392156862745098,1.156862745098039,1.0,0.00790002872737719,1.1586729174179589,0.15201900237529692,0.11293634496919917,0.13694366635543104,0.3321078431372549
"8 GB, Core i5, DDR4, Windows 10 Home","Processing & Multitasking, Thin and Light Laptop",0.10805084745762712,0.4661016949152542,0.05826271186440678,0.5392156862745098,1.156862745098039,1.0,0.00790002872737719,1.1586729174179589,0.15201900237529692,0.11293634496919917,0.13694366635543104,0.3321078431372549
"8 GB, DDR4, Intel, Processing & Multitasking",Windows 10 Home,0.3061440677966102,0.4523305084745763,0.15995762711864406,0.5224913494809688,1.155109681288137,1.0,0.02147932526572821,1.1469310366003436,0.1935291441282036,0.2672566371681416,0.12810799595751354,0.4380606630308825
"8 GB, Everyday Use","DDR4, Intel",0.1641949152542373,0.614406779661017,0.11652542372881355,0.7096774193548386,1.1550611790878753,1.0,0.015642954610744025,1.3281544256120523,0.16061758267081447,0.17599999999999996,0.24707550514002102,0.44966629588431584
"AMD, DDR4, Thin and Light Laptop",Processing & Multitasking,0.1048728813559322,0.7870762711864406,0.09533898305084745,0.9090909090909091,1.1550226355071578,1.0,0.012796026644642342,2.3421610169491522,0.14994082840236686,0.11968085106382978,0.5730438715513342,0.5151107304539336
"Thin and Light Laptop, Windows 11 Home","Intel, Processing & Multitasking",0.2330508474576271,0.5709745762711864,0.15360169491525424,0.6590909090909092,1.1543261932872324,1.0,0.020535586038494702,1.2584745762711869,0.17431891788912188,0.23615635179153094,0.20538720538720562,0.4640538033395177
"8 GB, DDR4, Intel",Thin and Light Laptop,0.3877118644067797,0.513771186440678,0.2298728813559322,0.592896174863388,1.1540082248887387,1.0,0.030677696782533737,1.194360709816858,0.21796118827037445,0.3422712933753943,0.16273200233341661,0.5201594276378796
"8 GB, Processing & Multitasking, Windows 10 Home","DDR4, Intel",0.225635593220339,0.614406779661017,0.15995762711864406,0.7089201877934271,1.1538287194430952,1.0,0.021325588911232374,1.3246992892290863,0.17216731140323038,0.23520249221183798,0.24511169581592088,0.484632507689817
AMD,Windows 10 Home,0.2701271186440678,0.4523305084745763,0.1408898305084746,0.5215686274509804,1.1530697524911604,1.0,0.0187030935794312,1.1447190191719923,0.18188068138415706,0.24225865209471772,0.126423180490765,0.416522018643523
"Core i3, DDR4, Intel","Processing & Multitasking, Thin and Light Laptop",0.2129237288135593,0.4661016949152542,0.11440677966101695,0.5373134328358209,1.1527815468113976,1.0,0.015162668773341006,1.15390924002187,0.16838642141468532,0.2026266416510319,0.13338071547026772,0.3913839891451832
"Core i3, DDR4","Processing & Multitasking, Thin and Light Laptop",0.2129237288135593,0.4661016949152542,0.11440677966101695,0.5373134328358209,1.1527815468113976,1.0,0.015162668773341006,1.15390924002187,0.16838642141468532,0.2026266416510319,0.13338071547026772,0.3913839891451832
Processing & Multitasking,Thin and Light Laptop,0.7870762711864406,0.513771186440678,0.4661016949152542,0.5921938088829072,1.15264114553704,1.0,0.06172458524849178,1.192303658331935,0.6219470827679778,0.5583756345177665,0.1612874849356522,0.749705151864134
Thin and Light Laptop,Processing & Multitasking,0.513771186440678,0.7870762711864406,0.4661016949152542,0.9072164948453607,1.1526411455370398,1.0,0.06172458524849178,2.2948446327683594,0.27235591206179427,0.5583756345177665,0.5642406524080623,0.749705151864134
"8 GB, DDR4, Intel, Windows 10 Home","Processing & Multitasking, Thin and Light Laptop",0.1875,0.4661016949152542,0.10063559322033898,0.5367231638418078,1.1515151515151514,1.0,0.01324152542372882,1.1524390243902438,0.16194331983805677,0.18199233716475097,0.13227513227513218,0.3763161273754494
"8 GB, DDR4, Laptop",Intel,0.0826271186440678,0.7129237288135594,0.06779661016949153,0.8205128205128205,1.1509124852364079,1.0,0.008889776644642342,1.599424939467312,0.14293446882217087,0.09315866084425037,0.3747752862144004,0.45780470148969404
"Core i5, Intel","8 GB, DDR4",0.3072033898305085,0.5423728813559322,0.1917372881355932,0.6241379310344827,1.1507543103448274,1.0,0.02511850043091063,1.217540040429171,0.18909557842093683,0.2914653784219001,0.17867177522349917,0.48882677801724134
Core i5,"8 GB, DDR4",0.3072033898305085,0.5423728813559322,0.1917372881355932,0.6241379310344827,1.1507543103448274,1.0,0.02511850043091063,1.217540040429171,0.18909557842093683,0.2914653784219001,0.17867177522349917,0.48882677801724134
"DDR4, Windows 10 Home","8 GB, Processing & Multitasking",0.4141949152542373,0.4533898305084746,0.21610169491525424,0.5217391304347826,1.150751726940268,1.0,0.028309932490663603,1.1429121725731894,0.22362869198312232,0.3317073170731707,0.1250421300977418,0.4991873222267371
"Intel, Windows 11 Home","DDR4, Thin and Light Laptop",0.2828389830508475,0.4459745762711864,0.1451271186440678,0.5131086142322097,1.150533329774836,1.0,0.01898812302499281,1.1378829856584092,0.18243862467519859,0.24863883847549909,0.12117501306922741,0.4192621455959148
"Core i5, Intel, Thin and Light Laptop, Windows 11 Home",Processing & Multitasking,0.07838983050847458,0.7870762711864406,0.07097457627118645,0.9054054054054055,1.1503401113091558,1.0,0.009275800775639192,2.250907990314772,0.14180820037742334,0.08933333333333333,0.5557348393169294,0.497790185879015
"Core i5, Thin and Light Laptop, Windows 11 Home",Processing & Multitasking,0.07838983050847458,0.7870762711864406,0.07097457627118645,0.9054054054054055,1.1503401113091558,1.0,0.009275800775639192,2.250907990314772,0.14180820037742334,0.08933333333333333,0.5557348393169294,0.497790185879015
"Laptop, Processing & Multitasking","DDR4, Intel",0.09745762711864407,0.614406779661017,0.06885593220338983,0.7065217391304347,1.1499250374812593,1.0,0.008977305372019524,1.313873195229127,0.14445648248465134,0.10708401976935748,0.23889154323936906,0.409295352323838
"8 GB, Core i5, Intel","DDR4, Thin and Light Laptop",0.2086864406779661,0.4459745762711864,0.10699152542372882,0.5126903553299492,1.1495954760842568,1.0,0.013922678468830801,1.136906338276836,0.1644465651384416,0.19535783365570603,0.12042006774660054,0.37629767172673234
"8 GB, Core i5","DDR4, Thin and Light Laptop",0.2086864406779661,0.4459745762711864,0.10699152542372882,0.5126903553299492,1.1495954760842568,1.0,0.013922678468830801,1.136906338276836,0.1644465651384416,0.19535783365570603,0.12042006774660054,0.37629767172673234
"Processing & Multitasking, Transparent Silver",8 GB,0.07733050847457627,0.5720338983050848,0.05084745762711865,0.6575342465753425,1.1494672754946729,1.0,0.00661178540649239,1.2496610169491527,0.1409299655568313,0.08495575221238938,0.19978299199783003,0.3732115677321157
"Intel, Windows 10",8 GB,0.07733050847457627,0.5720338983050848,0.05084745762711865,0.6575342465753425,1.1494672754946729,1.0,0.00661178540649239,1.2496610169491527,0.1409299655568313,0.08495575221238938,0.19978299199783003,0.3732115677321157
"DDR4, Processing & Multitasking",Thin and Light Laptop,0.6747881355932204,0.513771186440678,0.3983050847457627,0.5902668759811617,1.1488905792293125,1.0,0.0516183837259408,1.1866963763880771,0.3984943516529211,0.5040214477211796,0.15732446824883792,0.6827623039699622
Thin and Light Laptop,"DDR4, Processing & Multitasking",0.513771186440678,0.6747881355932204,0.3983050847457627,0.7752577319587628,1.1488905792293125,1.0,0.0516183837259408,1.4470436168558538,0.26653108051731317,0.5040214477211796,0.308935827260821,0.6827623039699622
"8 GB, Thin and Light Laptop, Windows 10 Home","DDR4, Intel",0.1440677966101695,0.614406779661017,0.1016949152542373,0.7058823529411765,1.1488843813387424,1.0,0.013178684286124676,1.3110169491525425,0.1514026402640264,0.15483870967741936,0.23723335488041378,0.43569979716024343
"Core i5, DDR4","Processing & Multitasking, Thin and Light Laptop",0.2711864406779661,0.4661016949152542,0.1451271186440678,0.53515625,1.1481534090909091,1.0,0.018726659006032764,1.148554336989033,0.17704973688677658,0.24508050089445438,0.12934027777777782,0.4232599431818182
"Core i5, DDR4, Intel","Processing & Multitasking, Thin and Light Laptop",0.2711864406779661,0.4661016949152542,0.1451271186440678,0.53515625,1.1481534090909091,1.0,0.018726659006032764,1.148554336989033,0.17704973688677658,0.24508050089445438,0.12934027777777782,0.4232599431818182
"AMD, Processing & Multitasking, Thin and Light Laptop",8 GB,0.1048728813559322,0.5720338983050848,0.06885593220338983,0.6565656565656566,1.1477740366629254,1.0,0.008865089054869282,1.246136590229312,0.14383249886208455,0.11324041811846688,0.19751975197519747,0.38846801346801346
"Gaming, Gaming Laptop, Windows 10 Home",DDR4,0.1271186440677966,0.871822033898305,0.1271186440677966,1.0,1.1470230862697448,1.0,0.016293809250215466,inf,0.14684466019417486,0.14580801944106925,1.0,0.5729040097205347
"Processing & Multitasking, Thin and Light Laptop, Transparent Silver",DDR4,0.05614406779661017,0.871822033898305,0.05614406779661017,1.0,1.1470230862697448,1.0,0.0071964324188451625,inf,0.13580246913580252,0.0643985419198056,1.0,0.5321992709599028
"Gaming, Intel, Windows 10 Home",DDR4,0.07627118644067797,0.871822033898305,0.07627118644067797,1.0,1.1470230862697448,1.0,0.009776285550129271,inf,0.13876146788990823,0.08748481166464156,1.0,0.5437424058323208
"Core i3, Windows 10 Home",DDR4,0.08898305084745763,0.871822033898305,0.08898305084745763,1.0,1.1470230862697448,1.0,0.011405666475150816,inf,0.14069767441860462,0.10206561360874848,1.0,0.5510328068043743
"Core i3, Laptop",DDR4,0.05084745762711865,0.871822033898305,0.05084745762711865,1.0,1.1470230862697448,1.0,0.006517523700086188,inf,0.13504464285714296,0.05832320777642771,1.0,0.5291616038882139
"16 GB, Gaming Laptop, Windows 10 Home",DDR4,0.06779661016949153,0.871822033898305,0.06779661016949153,1.0,1.1470230862697448,1.0,0.00869003160011491,inf,0.1375,0.07776427703523695,1.0,0.5388821385176185
"Gaming Laptop, Intel, Windows 10 Home",DDR4,0.07733050847457627,0.871822033898305,0.07733050847457627,1.0,1.1470230862697448,1.0,0.009912067293881069,inf,0.13892078071182548,0.08869987849331713,1.0,0.5443499392466585
"Core i3, Intel, Processing & Multitasking, Thin and Light Laptop, Windows 10 Home",DDR4,0.05190677966101695,0.871822033898305,0.05190677966101695,1.0,1.1470230862697448,1.0,0.0066533054438379785,inf,0.135195530726257,0.05953827460510328,1.0,0.5297691373025516
"Core i3, Intel, Windows 10 Home",DDR4,0.08898305084745763,0.871822033898305,0.08898305084745763,1.0,1.1470230862697448,1.0,0.011405666475150816,inf,0.14069767441860462,0.10206561360874848,1.0,0.5510328068043743
"Core i3, Intel, Laptop",DDR4,0.05084745762711865,0.871822033898305,0.05084745762711865,1.0,1.1470230862697448,1.0,0.006517523700086188,inf,0.13504464285714296,0.05832320777642771,1.0,0.5291616038882139
"Gaming, Gaming Laptop, Intel, Processing & Multitasking",DDR4,0.057203389830508475,0.871822033898305,0.057203389830508475,1.0,1.1470230862697448,1.0,0.00733221416259696,inf,0.13595505617977538,0.06561360874848117,1.0,0.5328068043742406
"8 GB, Core i3, Windows 10 Home",DDR4,0.0625,0.871822033898305,0.0625,1.0,1.1470230862697448,1.0,0.008011122881355935,inf,0.13672316384180797,0.07168894289185905,1.0,0.5358444714459295
"8 GB, Core i3, Intel, Windows 10 Home",DDR4,0.0625,0.871822033898305,0.0625,1.0,1.1470230862697448,1.0,0.008011122881355935,inf,0.13672316384180797,0.07168894289185905,1.0,0.5358444714459295
"8 GB, Core i3, Intel, Processing & Multitasking, Windows 10 Home",DDR4,0.05296610169491525,0.871822033898305,0.05296610169491525,1.0,1.1470230862697448,1.0,0.006789087187589776,inf,0.13534675615212535,0.060753341433778855,1.0,0.5303766707168894
"Natural Silver, Processing & Multitasking, Thin and Light Laptop",DDR4,0.05826271186440678,0.871822033898305,0.05826271186440678,1.0,1.1470230862697448,1.0,0.007467995906348751,inf,0.13610798650168732,0.06682867557715674,1.0,0.5334143377885784
"Gaming, Gaming Laptop, Processing & Multitasking",DDR4,0.09004237288135593,0.871822033898305,0.09004237288135593,1.0,1.1470230862697448,1.0,0.011541448218902614,inf,0.1408614668218859,0.10328068043742406,1.0,0.551640340218712
"Natural Silver, Thin and Light Laptop",DDR4,0.059322033898305086,0.871822033898305,0.059322033898305086,1.0,1.1470230862697448,1.0,0.007603777650100549,inf,0.1362612612612613,0.06804374240583233,1.0,0.5340218712029161
"8 GB, Core i3, Processing & Multitasking, Windows 10 Home",DDR4,0.05296610169491525,0.871822033898305,0.05296610169491525,1.0,1.1470230862697448,1.0,0.006789087187589776,inf,0.13534675615212535,0.060753341433778855,1.0,0.5303766707168894
"Gaming, Gaming Laptop, Intel, Windows 10 Home",DDR4,0.07309322033898305,0.871822033898305,0.07309322033898305,1.0,1.1470230862697448,1.0,0.009368940318873892,inf,0.13828571428571437,0.08383961117861483,1.0,0.5419198055893074
"Gaming, Gaming Laptop, Processing & Multitasking, Windows 10 Home",DDR4,0.07309322033898305,0.871822033898305,0.07309322033898305,1.0,1.1470230862697448,1.0,0.009368940318873892,inf,0.13828571428571437,0.08383961117861483,1.0,0.5419198055893074
"Gaming, Intel, Processing & Multitasking",DDR4,0.0646186440677966,0.871822033898305,0.0646186440677966,1.0,1.1470230862697448,1.0,0.008282686368859524,inf,0.13703284258210646,0.0741190765492102,1.0,0.5370595382746051
"Thin and Light Laptop, Transparent Silver",DDR4,0.057203389830508475,0.871822033898305,0.057203389830508475,1.0,1.1470230862697448,1.0,0.00733221416259696,inf,0.13595505617977538,0.06561360874848117,1.0,0.5328068043742406
"Core i3, Intel, Processing & Multitasking, Windows 10 Home",DDR4,0.07521186440677965,0.871822033898305,0.07521186440677965,1.0,1.1470230862697448,1.0,0.009640503806377487,inf,0.13860252004581916,0.08626974483596597,1.0,0.543134872417983
"Core i3, Thin and Light Laptop, Windows 10 Home",DDR4,0.05296610169491525,0.871822033898305,0.05296610169491525,1.0,1.1470230862697448,1.0,0.006789087187589776,inf,0.13534675615212535,0.060753341433778855,1.0,0.5303766707168894
"Core i3, Processing & Multitasking, Windows 10 Home",DDR4,0.07521186440677965,0.871822033898305,0.07521186440677965,1.0,1.1470230862697448,1.0,0.009640503806377487,inf,0.13860252004581916,0.08626974483596597,1.0,0.543134872417983
"Core i3, Intel, Thin and Light Laptop, Windows 10 Home",DDR4,0.05296610169491525,0.871822033898305,0.05296610169491525,1.0,1.1470230862697448,1.0,0.006789087187589776,inf,0.13534675615212535,0.060753341433778855,1.0,0.5303766707168894
"8 GB, Gaming, Processing & Multitasking",DDR4,0.05084745762711865,0.871822033898305,0.05084745762711865,1.0,1.1470230862697448,1.0,0.006517523700086188,inf,0.13504464285714296,0.05832320777642771,1.0,0.5291616038882139
"AMD, Gaming, Gaming Laptop, Windows 10 Home",DDR4,0.05402542372881356,0.871822033898305,0.05402542372881356,1.0,1.1470230862697448,1.0,0.006924868931341574,inf,0.1354983202687571,0.06196840826245444,1.0,0.5309842041312273
"8 GB, Gaming, Intel",DDR4,0.05190677966101695,0.871822033898305,0.05190677966101695,1.0,1.1470230862697448,1.0,0.0066533054438379785,inf,0.135195530726257,0.05953827460510328,1.0,0.5297691373025516
"8 GB, Gaming",DDR4,0.09322033898305085,0.871822033898305,0.09322033898305085,1.0,1.1470230862697448,1.0,0.011948793450158007,inf,0.14135514018691595,0.1069258809234508,1.0,0.5534629404617254
"8 GB, Gaming, Gaming Laptop",DDR4,0.0858050847457627,0.871822033898305,0.0858050847457627,1.0,1.1470230862697448,1.0,0.010998321243895437,inf,0.14020857473928164,0.09842041312272176,1.0,0.5492102065613609
"16 GB, Gaming, Gaming Laptop, Windows 10 Home",DDR4,0.0625,0.871822033898305,0.0625,1.0,1.1470230862697448,1.0,0.008011122881355935,inf,0.13672316384180797,0.07168894289185905,1.0,0.5358444714459295
"Core i3, Processing & Multitasking, Thin and Light Laptop, Windows 10 Home",DDR4,0.05190677966101695,0.871822033898305,0.05190677966101695,1.0,1.1470230862697448,1.0,0.0066533054438379785,inf,0.135195530726257,0.05953827460510328,1.0,0.5297691373025516
"8 GB, AMD, Windows 11 Home",DDR4,0.05296610169491525,0.871822033898305,0.05296610169491525,1.0,1.1470230862697448,1.0,0.006789087187589776,inf,0.13534675615212535,0.060753341433778855,1.0,0.5303766707168894
"8 GB, Gaming, Windows 10 Home",DDR4,0.06673728813559322,0.871822033898305,0.06673728813559322,1.0,1.1470230862697448,1.0,0.00855424985636312,inf,0.13734392735527817,0.07654921020656137,1.0,0.5382746051032807
"8 GB, Gaming, Gaming Laptop, Windows 10 Home",DDR4,0.0646186440677966,0.871822033898305,0.0646186440677966,1.0,1.1470230862697448,1.0,0.008282686368859524,inf,0.13703284258210646,0.0741190765492102,1.0,0.5370595382746051
"8 GB, AMD, Thin and Light Laptop",Processing & Multitasking,0.07627118644067797,0.7870762711864406,0.06885593220338983,0.9027777777777777,1.1470016449828024,1.0,0.008824691180695197,2.1900726392251797,0.13874382498235704,0.08666666666666667,0.5433941404090654,0.4951304770450127
"Core i5, DDR4, Processing & Multitasking, Thin and Light Laptop",Windows 10 Home,0.1451271186440678,0.4523305084745763,0.07521186440677965,0.5182481751824817,1.1457289868202873,1.0,0.00956644103705831,1.1368290960451974,0.14878614936209564,0.14401622718052737,0.12036030439509225,0.34226226089334855
"Core i5, DDR4, Intel, Processing & Multitasking, Thin and Light Laptop",Windows 10 Home,0.1451271186440678,0.4523305084745763,0.07521186440677965,0.5182481751824817,1.1457289868202873,1.0,0.00956644103705831,1.1368290960451974,0.14878614936209564,0.14401622718052737,0.12036030439509225,0.34226226089334855
"Intel, Laptop","8 GB, DDR4",0.10911016949152542,0.5423728813559322,0.06779661016949153,0.6213592233009708,1.145631067961165,1.0,0.008618213157138753,1.208604954367666,0.1426872770511296,0.11615245009074411,0.17259978425026956,0.3731796116504854
"Processing & Multitasking, Windows 10",Intel,0.0635593220338983,0.7129237288135594,0.05190677966101695,0.8166666666666668,1.1455175829618625,1.0,0.006593830795748351,1.5658705701078588,0.13565426170468195,0.0716374269005848,0.361377613776138,0.4447374938088163
Core i3,"Processing & Multitasking, Thin and Light Laptop",0.22033898305084745,0.4661016949152542,0.11758474576271187,0.5336538461538461,1.14493006993007,1.0,0.014884372306808405,1.1448540975013106,0.1623580101840973,0.20670391061452514,0.12652625152625155,0.39296328671328673
"Core i3, Intel","Processing & Multitasking, Thin and Light Laptop",0.22033898305084745,0.4661016949152542,0.11758474576271187,0.5336538461538461,1.14493006993007,1.0,0.014884372306808405,1.1448540975013106,0.1623580101840973,0.20670391061452514,0.12652625152625155,0.39296328671328673
"Intel, Thin and Light Laptop",Processing & Multitasking,0.3855932203389831,0.7870762711864406,0.3474576271186441,0.9010989010989011,1.1448685903598421,1.0,0.04396635305946567,2.1528954802259896,0.20595037846930195,0.4210526315789474,0.5355092668525506,0.6712762338603524
"4 GB, DDR4",Intel,0.09216101694915255,0.7129237288135594,0.07521186440677965,0.8160919540229884,1.1447114481392289,1.0,0.009508088552140179,1.56097722457627,0.13925090801518547,0.10304789550072567,0.359375662722144,0.4607948625984184
"Intel, Windows 10 Home","DDR4, Processing & Multitasking",0.3114406779661017,0.6747881355932204,0.24046610169491525,0.7721088435374149,1.1442240946614124,1.0,0.030309627262280953,1.4270490766506447,0.18305659098610638,0.3224431818181818,0.2992532517893149,0.564233385661957
"DDR4, Thin and Light Laptop","Intel, Processing & Multitasking",0.4459745762711864,0.5709745762711864,0.2913135593220339,0.653206650831354,1.144020553589607,1.0,0.036673414607871324,1.2371212560947298,0.2272275334608032,0.4014598540145986,0.19167179848098315,0.5817053662320035
"Intel, Processing & Multitasking","DDR4, Thin and Light Laptop",0.5709745762711864,0.4459745762711864,0.2913135593220339,0.5102040816326531,1.1440205535896069,1.0,0.036673414607871324,1.1311352401129944,0.29343209876543225,0.4014598540145986,0.11593241503102203,0.5817053662320035
"8 GB, AMD, DDR4, Thin and Light Laptop",Processing & Multitasking,0.07415254237288135,0.7870762711864406,0.06673728813559322,0.9,1.1434724091520863,1.0,0.00837358158575123,2.1292372881355943,0.13551995931858649,0.084,0.5303482587064678,0.4923956931359354
"8 GB, Windows 10 Home","DDR4, Thin and Light Laptop",0.2680084745762712,0.4459745762711864,0.13665254237288135,0.5098814229249011,1.1432970623304197,1.0,0.017127576486641774,1.1303905822854017,0.17122696014090358,0.23669724770642203,0.1153500253176036,0.4081473622938045
"DDR4, Processing & Multitasking, Thin and Light Laptop, Windows 11 Home",8 GB,0.1652542372881356,0.5720338983050848,0.10805084745762712,0.6538461538461539,1.143019943019943,1.0,0.013519821890261421,1.2363465160075329,0.14989549119140044,0.1717171717171717,0.19116527037319112,0.42136752136752137
"DDR4, Intel, Windows 11 Home","Processing & Multitasking, Thin and Light Laptop",0.2266949152542373,0.4661016949152542,0.12076271186440678,0.5327102803738317,1.1429056924384027,1.0,0.015099827635736862,1.1425423728813557,0.16169190098534011,0.21111111111111108,0.12475893784304994,0.3959005947323704
"8 GB, Core i5, Windows 10 Home","DDR4, Thin and Light Laptop",0.11440677966101695,0.4459745762711864,0.05826271186440678,0.5092592592592592,1.1419019970088853,1.0,0.007240196782533757,1.1289574672209786,0.14032187907786,0.1160337552742616,0.1142270377452021,0.319950294712765
"8 GB, Core i5, Intel, Windows 10 Home","DDR4, Thin and Light Laptop",0.11440677966101695,0.4459745762711864,0.05826271186440678,0.5092592592592592,1.1419019970088853,1.0,0.007240196782533757,1.1289574672209786,0.14032187907786,0.1160337552742616,0.1142270377452021,0.319950294712765
"16 GB, Core i5",Processing & Multitasking,0.09322033898305085,0.7870762711864406,0.0836864406779661,0.8977272727272727,1.1405848525633182,1.0,0.010314923872450449,2.0819209039548023,0.13592807287353606,0.10505319148936172,0.519674355495251,0.5020264896610791
"16 GB, Core i5, Intel",Processing & Multitasking,0.09322033898305085,0.7870762711864406,0.0836864406779661,0.8977272727272727,1.1405848525633182,1.0,0.010314923872450449,2.0819209039548023,0.13592807287353606,0.10505319148936172,0.519674355495251,0.5020264896610791
"8 GB, Laptop",Intel,0.0847457627118644,0.7129237288135594,0.06885593220338983,0.8125,1.1396731054977711,1.0,0.00843866704969836,1.5310734463276834,0.13390313390313388,0.0944767441860465,0.34686346863468626,0.45454123328380386
"16 GB, AMD",Windows 10 Home,0.1027542372881356,0.4523305084745763,0.05296610169491525,0.5154639175257731,1.139573625630749,1.0,0.006487225294455612,1.1302966101694913,0.13650531286894915,0.10548523206751052,0.11527647610121826,0.3162799681305681
Core i7,"DDR4, Intel",0.11652542372881355,0.614406779661017,0.0815677966101695,0.7000000000000001,1.1393103448275863,1.0,0.009973786268313703,1.285310734463277,0.13840356286399452,0.12561174551386622,0.2219780219780221,0.4163793103448276
"Everyday Use, Windows 11 Home","DDR4, Intel",0.11652542372881355,0.614406779661017,0.0815677966101695,0.7000000000000001,1.1393103448275863,1.0,0.009973786268313703,1.285310734463277,0.13840356286399452,0.12561174551386622,0.2219780219780221,0.4163793103448276
"AMD, DDR4",Windows 10 Home,0.24470338983050846,0.4523305084745763,0.1260593220338983,0.5151515151515151,1.1388829749485487,1.0,0.015372513286411954,1.1295683262711862,0.16145532546819572,0.22077922077922077,0.11470605474473942,0.3969200198708395
"8 GB, Windows 10 Home","DDR4, Intel",0.2680084745762712,0.614406779661017,0.1875,0.6996047430830039,1.1386670301213029,1.0,0.02283377621373167,1.2836195361284564,0.16636823730448777,0.26981707317073167,0.2209529600833947,0.5023885784380537
"Gaming Laptop, Windows 10 Home",DDR4,0.13453389830508475,0.871822033898305,0.13347457627118645,0.9921259842519685,1.1379914084251013,1.0,0.016184959422579734,16.278601694915288,0.14010802199296704,0.15291262135922332,0.9385696622632916,0.5726122023325456
"DDR4, Intel, Windows 10 Home",8 GB,0.288135593220339,0.5720338983050848,0.1875,0.6507352941176471,1.1375816993464052,1.0,0.022676673369721317,1.2253345227475467,0.1698950766747375,0.27874015748031494,0.18389633080955153,0.48925653594771246
"8 GB, AMD","DDR4, Thin and Light Laptop",0.1461864406779661,0.4459745762711864,0.07415254237288135,0.5072463768115942,1.1373885503803918,1.0,0.008957106434932485,1.1243457128614158,0.1414746543778801,0.14314928425357876,0.11059384265802098,0.3367585803297876
"Core i5, Intel, Windows 10 Home","DDR4, Thin and Light Laptop",0.1483050847457627,0.4459745762711864,0.07521186440677965,0.5071428571428571,1.1371564302680692,1.0,0.00907156707842574,1.1241095553917957,0.14161586434027051,0.14489795918367343,0.11040699262496585,0.33789446895147607
"Core i5, Windows 10 Home","DDR4, Thin and Light Laptop",0.1483050847457627,0.4459745762711864,0.07521186440677965,0.5071428571428571,1.1371564302680692,1.0,0.00907156707842574,1.1241095553917957,0.14161586434027051,0.14489795918367343,0.11040699262496585,0.33789446895147607
Travel & Business,Processing & Multitasking,0.06038135593220339,0.7870762711864406,0.05402542372881356,0.8947368421052632,1.13678543599915,1.0,0.006500691252513652,2.022775423728814,0.12805888984680694,0.06809078771695595,0.5056297460068082,0.48168874406743645
"Core i5, Intel","DDR4, Thin and Light Laptop",0.3072033898305085,0.4459745762711864,0.15572033898305085,0.506896551724138,1.1366041444835777,1.0,0.018715437374317717,1.1235480621073841,0.17347978946930445,0.26063829787234044,0.10996241840838669,0.42803259890244905
Core i5,"DDR4, Thin and Light Laptop",0.3072033898305085,0.4459745762711864,0.15572033898305085,0.506896551724138,1.1366041444835777,1.0,0.018715437374317717,1.1235480621073841,0.17347978946930445,0.26063829787234044,0.10996241840838669,0.42803259890244905
Black,"DDR4, Intel, Processing & Multitasking",0.1059322033898305,0.4841101694915254,0.05826271186440678,0.55,1.1361050328227573,1.0,0.006979854926745188,1.1464218455743882,0.13399396811719086,0.1095617529880478,0.12772073921971264,0.3351750547045952
"8 GB, Core i5","DDR4, Processing & Multitasking",0.2086864406779661,0.6747881355932204,0.15995762711864406,0.766497461928934,1.135908326626238,1.0,0.01913849288997413,1.39275515843773,0.1512008298093033,0.22108345534407026,0.28199871029613566,0.501773063774514
"8 GB, Core i5, Intel","DDR4, Processing & Multitasking",0.2086864406779661,0.6747881355932204,0.15995762711864406,0.766497461928934,1.135908326626238,1.0,0.01913849288997413,1.39275515843773,0.1512008298093033,0.22108345534407026,0.28199871029613566,0.501773063774514
Thin and Light Laptop,8 GB,0.513771186440678,0.5720338983050848,0.3336864406779661,0.6494845360824743,1.1353951890034364,1.0,0.039791906061476534,1.220962113659023,0.24525365701836258,0.4436619718309859,0.18097376747984076,0.6164089347079038
8 GB,Thin and Light Laptop,0.5720338983050848,0.513771186440678,0.3336864406779661,0.5833333333333333,1.1353951890034362,1.0,0.039791906061476534,1.1669491525423725,0.27864214992927827,0.4436619718309859,0.1430646332607115,0.6164089347079038
"8 GB, DDR4, Intel, Processing & Multitasking, Thin and Light Laptop",Windows 10 Home,0.19597457627118645,0.4523305084745763,0.10063559322033898,0.5135135135135135,1.1352617254256598,1.0,0.011990313487503582,1.1257650659133709,0.14818667221413206,0.18375241779497095,0.11171519682157974,0.36799797455535155
Transparent Silver,8 GB,0.0815677966101695,0.5720338983050848,0.05296610169491525,0.6493506493506492,1.1351611351611348,1.0,0.006306557023843716,1.2204959196484615,0.12964244521337934,0.08818342151675483,0.18066092323518032,0.3709716209716209
"DDR4, Intel, Processing & Multitasking, Thin and Light Laptop, Windows 11 Home",8 GB,0.12076271186440678,0.5720338983050848,0.07838983050847458,0.6491228070175439,1.134762833008447,1.0,0.00930946567078425,1.2197033898305085,0.13507000976880487,0.12758620689655173,0.18012853916970642,0.3930799220272905
Processing & Multitasking,"DDR4, Thin and Light Laptop",0.7870762711864406,0.4459745762711864,0.3983050847457627,0.506056527590848,1.1347205749305476,1.0,0.04728907821028444,1.1216373019904864,0.5575976500476345,0.47715736040609136,0.10844619894026863,0.6995840832728586
"DDR4, Thin and Light Laptop",Processing & Multitasking,0.4459745762711864,0.7870762711864406,0.3983050847457627,0.8931116389548693,1.1347205749305473,1.0,0.04728907821028444,1.9920197740112995,0.21429661120377544,0.47715736040609136,0.4979969511114262,0.6995840832728586
"8 GB, Gaming Laptop",DDR4,0.09004237288135593,0.871822033898305,0.08898305084745763,0.9882352941176471,1.1335286970195126,1.0,0.010482126185004312,10.89512711864411,0.1294556239259383,0.10194174757281553,0.9082158483228006,0.5451504538631978
"8 GB, DDR4",Thin and Light Laptop,0.5423728813559322,0.513771186440678,0.3156779661016949,0.58203125,1.132860824742268,1.0,0.03702240735420853,1.163313796926976,0.2562764106388265,0.42632331902718157,0.14038671023965138,0.5982321198453608
Thin and Light Laptop,"8 GB, DDR4",0.513771186440678,0.5423728813559322,0.3156779661016949,0.6144329896907216,1.132860824742268,1.0,0.03702240735420853,1.1868938638629563,0.24120132766007205,0.42632331902718157,0.15746468117602122,0.5982321198453608
"8 GB, Core i5, Intel","Processing & Multitasking, Thin and Light Laptop",0.2086864406779661,0.4661016949152542,0.11016949152542373,0.5279187817258884,1.1326257498846333,1.0,0.012900387819592074,1.1309458720612358,0.14797652147049742,0.1951219512195122,0.1157843848199179,0.38214120904476234
"8 GB, Core i5","Processing & Multitasking, Thin and Light Laptop",0.2086864406779661,0.4661016949152542,0.11016949152542373,0.5279187817258884,1.1326257498846333,1.0,0.012900387819592074,1.1309458720612358,0.14797652147049742,0.1951219512195122,0.1157843848199179,0.38214120904476234
"Gaming Laptop, Processing & Multitasking, Windows 10 Home",DDR4,0.08050847457627118,0.871822033898305,0.07944915254237288,0.986842105263158,1.1319306772398798,1.0,0.00926009049123816,9.741525423728868,0.12675883256528434,0.09101941747572816,0.8973466724662903,0.5389860587069131
"DDR4, Travel & Business",Processing & Multitasking,0.05826271186440678,0.7870762711864406,0.05190677966101695,0.890909090909091,1.1319221827970147,1.0,0.006049581657569671,1.951800847457629,0.12375748949748643,0.06542056074766356,0.48765264586160156,0.4784289734491619
"AMD, Ryzen 5 Hexa Core",Thin and Light Laptop,0.09110169491525423,0.513771186440678,0.05296610169491525,0.5813953488372093,1.131623111963558,1.0,0.006160675811548402,1.1615466101694916,0.1279720279720279,0.09596928982725526,0.1390788873689011,0.34224406617118197
Ryzen 5 Hexa Core,Thin and Light Laptop,0.09110169491525423,0.513771186440678,0.05296610169491525,0.5813953488372093,1.131623111963558,1.0,0.006160675811548402,1.1615466101694916,0.1279720279720279,0.09596928982725526,0.1390788873689011,0.34224406617118197
2 in 1 Laptop,Intel,0.06567796610169492,0.7129237288135594,0.05296610169491525,0.8064516129032258,1.131189186598284,1.0,0.006142721200804356,1.483227401129943,0.12412698412698393,0.07299270072992699,0.32579454826806303,0.44037290897761583
"DDR4, Intel, Laptop",8 GB,0.1048728813559322,0.5720338983050848,0.06779661016949153,0.6464646464646465,1.130115974560419,1.0,0.00780576702097098,1.2105326876513318,0.1286242603550295,0.11130434782608696,0.17391739173917398,0.3824915824915825
Natural Silver,DDR4,0.06991525423728813,0.871822033898305,0.06885593220338983,0.9848484848484849,1.1296439485989913,1.0,0.007902273053720203,8.459745762711876,0.1233923252146488,0.07888349514563106,0.8817931379914853,0.5319139143561987
"8 GB, Intel, Laptop",DDR4,0.06885593220338983,0.871822033898305,0.06779661016949153,0.9846153846153847,1.1293765772502105,1.0,0.0077664913099684055,8.331567796610202,0.12302687713310588,0.07766990291262137,0.8799745708836623,0.5311898308253108
"Everyday Use, Laptop",DDR4,0.06885593220338983,0.871822033898305,0.06779661016949153,0.9846153846153847,1.1293765772502105,1.0,0.0077664913099684055,8.331567796610202,0.12302687713310588,0.07766990291262137,0.8799745708836623,0.5311898308253108
"8 GB, Windows 10",DDR4,0.06779661016949153,0.871822033898305,0.06673728813559322,0.984375,1.12910085054678,1.0,0.007630709566216608,8.203389830508478,0.12265512265512271,0.07645631067961166,0.878099173553719,0.5304621051032807
"8 GB, Gaming Laptop, Windows 10 Home",DDR4,0.06673728813559322,0.871822033898305,0.06567796610169492,0.9841269841269842,1.1288163706146697,1.0,0.007494927822464817,8.07521186440681,0.12227673831057095,0.07524271844660196,0.8761642398006039,0.529730563752435
"Core i5, Thin and Light Laptop",8 GB,0.1853813559322034,0.5720338983050848,0.11970338983050847,0.6457142857142857,1.1288042328042327,1.0,0.013658970123527708,1.2079688354291962,0.1400738805712509,0.18770764119601327,0.17216407355021204,0.42748677248677247
"Core i5, Intel, Thin and Light Laptop",8 GB,0.1853813559322034,0.5720338983050848,0.11970338983050847,0.6457142857142857,1.1288042328042327,1.0,0.013658970123527708,1.2079688354291962,0.1400738805712509,0.18770764119601327,0.17216407355021204,0.42748677248677247
"4 GB, Processing & Multitasking",Intel,0.09216101694915255,0.7129237288135594,0.07415254237288135,0.8045977011494252,1.1285887516865636,1.0,0.008448766518241876,1.469155034895313,0.12550425070845128,0.10144927536231883,0.31933664164227804,0.45430479411111674
"Natural Silver, Processing & Multitasking",DDR4,0.06567796610169492,0.871822033898305,0.0646186440677966,0.9838709677419353,1.1285227139105551,1.0,0.007359146078713005,7.947033898304985,0.12189137950262059,0.07402912621359223,0.8741668888296439,0.5289950221455727
Windows 11 Home,"Processing & Multitasking, Thin and Light Laptop",0.388771186440678,0.4661016949152542,0.2044491525423729,0.5258855585831063,1.128263562051028,1.0,0.023242243608158575,1.1260958503798948,0.18598970914413482,0.3143322475570033,0.11197612560010382,0.48226096110973493
"8 GB, Windows 10 Home","Processing & Multitasking, Thin and Light Laptop",0.2680084745762712,0.4661016949152542,0.1408898305084746,0.5256916996047432,1.1278476464247218,1.0,0.015970626256822773,1.1256355932203392,0.15485892734731202,0.23750000000000004,0.1116130246565031,0.4139822134387352
"4 GB, DDR4","Intel, Processing & Multitasking",0.09216101694915255,0.5709745762711864,0.059322033898305086,0.6436781609195402,1.1273324376772653,1.0,0.006700436297041083,1.2040390924002187,0.1244165694282381,0.09824561403508772,0.16946218248900244,0.3737871324078221
"Laptop, Windows 10 Home",DDR4,0.06038135593220339,0.871822033898305,0.059322033898305086,0.9824561403508772,1.1268998742299248,1.0,0.006680237359954044,7.3061440677966365,0.11984619101304572,0.06796116504854369,0.8631288966217201,0.5252499413783548
"8 GB, Laptop, Processing & Multitasking",DDR4,0.05826271186440678,0.871822033898305,0.057203389830508475,0.9818181818181818,1.1261681210648404,1.0,0.006408673872450449,7.049788135593221,0.11896429612965052,0.06553398058252427,0.8581517655897821,0.5237158952833315
"AMD, Gaming Laptop, Windows 10 Home",DDR4,0.057203389830508475,0.871822033898305,0.05614406779661017,0.9814814814814815,1.1257819180054904,1.0,0.006272892128698658,6.921610169491538,0.11850752596989626,0.06432038834951458,0.8555249464340376,0.5229400117006435
"Core i5, Gaming",DDR4,0.05614406779661017,0.871822033898305,0.05508474576271186,0.981132075471698,1.1253811412457873,1.0,0.006137110384946853,6.793432203389795,0.11803936803936803,0.06310679611650485,0.8527990020271317,0.522157775281414
"Core i5, Gaming, Intel",DDR4,0.05614406779661017,0.871822033898305,0.05508474576271186,0.981132075471698,1.1253811412457873,1.0,0.006137110384946853,6.793432203389795,0.11803936803936803,0.06310679611650485,0.8527990020271317,0.522157775281414
"Core i5, Windows 10 Home",Processing & Multitasking,0.1483050847457627,0.7870762711864406,0.13135593220338984,0.8857142857142858,1.1253220534512596,1.0,0.014628519103705856,1.8630826271186456,0.13075750280853818,0.16337285902503296,0.46325515280739205,0.5263026341088253
"16 GB, Core i5, DDR4, Intel",Processing & Multitasking,0.07415254237288135,0.7870762711864406,0.06567796610169492,0.8857142857142858,1.1253220534512596,1.0,0.007314259551852928,1.8630826271186456,0.12028493393371245,0.08255659121171773,0.46325515280739205,0.48457988848298406
"16 GB, Core i5, DDR4",Processing & Multitasking,0.07415254237288135,0.7870762711864406,0.06567796610169492,0.8857142857142858,1.1253220534512596,1.0,0.007314259551852928,1.8630826271186456,0.12028493393371245,0.08255659121171773,0.46325515280739205,0.48457988848298406
"Core i5, Intel, Windows 10 Home",Processing & Multitasking,0.1483050847457627,0.7870762711864406,0.13135593220338984,0.8857142857142858,1.1253220534512596,1.0,0.014628519103705856,1.8630826271186456,0.13075750280853818,0.16337285902503296,0.46325515280739205,0.5263026341088253
"8 GB, Thin and Light Laptop, Windows 11 Home","DDR4, Intel",0.1440677966101695,0.614406779661017,0.09957627118644068,0.6911764705882353,1.1249492900608518,1.0,0.011060040218328057,1.2485875706214689,0.12976616810617222,0.15112540192926044,0.1990950226244343,0.4266227180527383
"8 GB, DDR4, Processing & Multitasking",Windows 10 Home,0.4247881355932203,0.4523305084745763,0.21610169491525424,0.5087281795511223,1.1246824391013102,1.0,0.023957061548405628,1.114799320313172,0.19272920954753908,0.3269230769230769,0.10297756575678801,0.49323996799570163
"Everyday Use, Intel, Laptop",DDR4,0.05296610169491525,0.871822033898305,0.05190677966101695,0.9800000000000001,1.12408262454435,1.0,0.005729765153691474,6.408898305084778,0.11655937542802366,0.059466019417475736,0.8439669421487611,0.5197691373025517
"8 GB, Thin and Light Laptop, Windows 11 Home","DDR4, Intel, Processing & Multitasking",0.1440677966101695,0.4841101694915254,0.07838983050847458,0.5441176470588235,1.1239541768567383,1.0,0.008645145073254812,1.1316293056314926,0.12884666845062887,0.14258188824662815,0.11631839594153877,0.35302162440468526
"AMD, Everyday Use",DDR4,0.05190677966101695,0.871822033898305,0.05084745762711865,0.979591836734694,1.1236144518560767,1.0,0.005593983409939676,6.28072033898308,0.116038175046555,0.05825242718446602,0.8407825940293481,0.5189575222555608
"DDR4, Intel, Thin and Light Laptop",Processing & Multitasking,0.3294491525423729,0.7870762711864406,0.2913135593220339,0.8842443729903536,1.1234544927360617,1.0,0.03201194879345015,1.839424435028248,0.16387763894872895,0.35301668806161746,0.4563516821039495,0.6271827517710853
"DDR4, Intel, Processing & Multitasking, Windows 10 Home",Thin and Light Laptop,0.24046610169491525,0.513771186440678,0.13877118644067796,0.5770925110132158,1.123248103910259,1.0,0.01522663207411662,1.1497285487288134,0.14446325337762292,0.225473321858864,0.13022947798796447,0.4235978018983605
4 GB,"DDR4, Intel, Processing & Multitasking",0.10911016949152542,0.4841101694915254,0.059322033898305086,0.5436893203883495,1.1230694057912516,1.0,0.006500691252513645,1.1305670753696357,0.1230040767793443,0.1111111111111111,0.11548812822710869,0.33311380680248986
Black,"DDR4, Intel",0.1059322033898305,0.614406779661017,0.07309322033898305,0.6900000000000001,1.1230344827586207,1.0,0.008007756391841425,1.2438490978676875,0.12253588845387733,0.11292962356792142,0.19604395604395614,0.40448275862068966
"Thin and Light Laptop, Windows 11 Home","8 GB, Processing & Multitasking",0.2330508474576271,0.4533898305084746,0.11864406779661017,0.5090909090909091,1.12285471537808,1.0,0.012981183567940258,1.1134651600753296,0.14265982636148394,0.20895522388059704,0.10190274841437641,0.38538657604078164
"Core i5, DDR4, Intel",Windows 10 Home,0.2711864406779661,0.4523305084745763,0.13771186440677965,0.5078125,1.1226580796252927,1.0,0.01504596380350473,1.1127253161151465,0.14991055456171726,0.23508137432188062,0.10130560928433267,0.40613107435597184
"Core i5, DDR4",Windows 10 Home,0.2711864406779661,0.4523305084745763,0.13771186440677965,0.5078125,1.1226580796252927,1.0,0.01504596380350473,1.1127253161151465,0.14991055456171726,0.23508137432188062,0.10130560928433267,0.40613107435597184
"Core i5, Intel, Processing & Multitasking","8 GB, DDR4",0.2627118644067797,0.5423728813559322,0.15995762711864406,0.6088709677419354,1.1226058467741933,1.0,0.01746983625394999,1.1700157260178226,0.1481312323970463,0.24794745484400652,0.14531063321385881,0.4518964213709677
"Core i5, Processing & Multitasking","8 GB, DDR4",0.2627118644067797,0.5423728813559322,0.15995762711864406,0.6088709677419354,1.1226058467741933,1.0,0.01746983625394999,1.1700157260178226,0.1481312323970463,0.24794745484400652,0.14531063321385881,0.4518964213709677
"2 in 1 Laptop, Processing & Multitasking",Intel,0.0635593220338983,0.7129237288135594,0.05084745762711865,0.8,1.1221396731054978,1.0,0.005534508761850049,1.4353813559322035,0.11623303167420827,0.07007299270072993,0.30332103321033216,0.43566121842496286
"8 GB, AMD",DDR4,0.1461864406779661,0.871822033898305,0.1430084745762712,0.9782608695652174,1.12208780178562,1.0,0.015559914536052877,5.8961864406779725,0.12743314033636627,0.16343825665859565,0.8303988501616962,0.5711474457182102
"8 GB, AMD, Windows 10 Home","DDR4, Processing & Multitasking",0.07415254237288135,0.6747881355932204,0.05614406779661017,0.7571428571428572,1.1220453016371383,1.0,0.0061068119793162914,1.339107676969093,0.11748197400803079,0.08103975535168195,0.25323406235458373,0.4201726844583988
4 GB,"DDR4, Intel",0.10911016949152542,0.614406779661017,0.07521186440677965,0.6893203883495145,1.1219283562102442,1.0,0.008173836541223778,1.2411281779661012,0.12198757347892336,0.11601307189542481,0.1942814467086309,0.40586709072648136
"DDR4, Processing & Multitasking, Windows 10 Home",8 GB,0.336864406779661,0.5720338983050848,0.21610169491525424,0.6415094339622642,1.1214535290006988,1.0,0.023403835104854942,1.1938001784121322,0.16331516632211998,0.3119266055045872,0.16233887539697378,0.509643605870021
"8 GB, AMD",Windows 10 Home,0.1461864406779661,0.4523305084745763,0.07415254237288135,0.5072463768115942,1.1214065098598243,1.0,0.008027955328928457,1.1114469092721835,0.12679900744416855,0.1414141414141414,0.10027191433296896,0.3355904015205512
"8 GB, Thin and Light Laptop","DDR4, Intel",0.3336864406779661,0.614406779661017,0.2298728813559322,0.6888888888888889,1.1212260536398466,1.0,0.024853669922436067,1.2394067796610169,0.16226473152469345,0.32005899705014745,0.1931623931623931,0.5315134099616858
"Everyday Use, Intel",Thin and Light Laptop,0.1673728813559322,0.513771186440678,0.09639830508474577,0.5759493670886077,1.121023098003393,1.0,0.010406941252513652,1.146629142423476,0.12965914492632055,0.16485507246376813,0.12787843688811681,0.38178911653399455
"Core i3, Thin and Light Laptop",DDR4,0.13983050847457626,0.871822033898305,0.13665254237288135,0.9772727272727273,1.1209543797636143,1.0,0.014745224073542104,5.639830508474583,0.12544392255699408,0.15617433414043586,0.8226897069872279,0.5670081740859384
"Core i3, Intel, Thin and Light Laptop",DDR4,0.13983050847457626,0.871822033898305,0.13665254237288135,0.9772727272727273,1.1209543797636143,1.0,0.014745224073542104,5.639830508474583,0.12544392255699408,0.15617433414043586,0.8226897069872279,0.5670081740859384
Transparent Silver,"DDR4, Intel",0.0815677966101695,0.614406779661017,0.05614406779661017,0.6883116883116883,1.1202866099417823,1.0,0.0060282605573111145,1.237111581920904,0.11690714021457635,0.08774834437086093,0.19166547737976306,0.38984549932825796
"DDR4, Everyday Use, Processing & Multitasking",Thin and Light Laptop,0.11970338983050847,0.513771186440678,0.06885593220338983,0.5752212389380531,1.1196058753763343,1.0,0.007355779589198502,1.1446636652542372,0.1213551791169119,0.12195121951219512,0.126380935855168,0.35462092874737705
"Intel, Thin and Light Laptop","DDR4, Processing & Multitasking",0.3855932203389831,0.6747881355932204,0.2913135593220339,0.7554945054945055,1.1196025324753738,1.0,0.031119829072105698,1.3300799847648064,0.17386833855799366,0.3787878787878788,0.24816551526649233,0.5936028257456829
Core i3,"DDR4, Processing & Multitasking",0.22033898305084745,0.6747881355932204,0.1663135593220339,0.7548076923076923,1.1185847119913053,1.0,0.017631427750646356,1.326354270521768,0.13597341456660197,0.22819767441860464,0.2460536206464544,0.5006377551020408
"Core i3, Intel","DDR4, Processing & Multitasking",0.22033898305084745,0.6747881355932204,0.1663135593220339,0.7548076923076923,1.1185847119913053,1.0,0.017631427750646356,1.326354270521768,0.13597341456660197,0.22819767441860464,0.2460536206464544,0.5006377551020408
"8 GB, Laptop",DDR4,0.0847457627118644,0.871822033898305,0.0826271186440678,0.9750000000000001,1.1183475091130013,1.0,0.008743895432347035,5.127118644067817,0.11562203228869906,0.09454545454545456,0.8049586776859512,0.5348876063183475
"Intel, Processing & Multitasking, Windows 10 Home","8 GB, DDR4",0.263771186440678,0.5423728813559322,0.15995762711864406,0.6064257028112449,1.1180973895582327,1.0,0.016895288710140732,1.1627464545140087,0.14346562485111222,0.24754098360655735,0.139967276513461,0.45067378890562243
"Core i5, DDR4",Thin and Light Laptop,0.2711864406779661,0.513771186440678,0.15572033898305085,0.57421875,1.1176546391752578,1.0,0.01639255960930766,1.1419685896439122,0.14443917101724402,0.2474747474747475,0.12431917211328973,0.43865576675257734
"Core i5, DDR4, Intel",Thin and Light Laptop,0.2711864406779661,0.513771186440678,0.15572033898305085,0.57421875,1.1176546391752578,1.0,0.01639255960930766,1.1419685896439122,0.14443917101724402,0.2474747474747475,0.12431917211328973,0.43865576675257734
"8 GB, Core i5, Intel, Windows 10 Home",Processing & Multitasking,0.11440677966101695,0.7870762711864406,0.10063559322033898,0.8796296296296295,1.1175913463934997,1.0,0.010588731686297037,1.7689048239895688,0.11881138252329385,0.12566137566137567,0.43467845955408113,0.503744828273765
"8 GB, Core i5, Windows 10 Home",Processing & Multitasking,0.11440677966101695,0.7870762711864406,0.10063559322033898,0.8796296296296295,1.1175913463934997,1.0,0.010588731686297037,1.7689048239895688,0.11881138252329385,0.12566137566137567,0.43467845955408113,0.503744828273765
"8 GB, Core i5, Intel",Thin and Light Laptop,0.2086864406779661,0.513771186440678,0.11970338983050847,0.5736040609137056,1.1164582134072951,1.0,0.012486309609307661,1.1403223365617434,0.1318193126488253,0.19859402460456943,0.1230549749510634,0.4032968758176776
"8 GB, Core i5",Thin and Light Laptop,0.2086864406779661,0.513771186440678,0.11970338983050847,0.5736040609137056,1.1164582134072951,1.0,0.012486309609307661,1.1403223365617434,0.1318193126488253,0.19859402460456943,0.1230549749510634,0.4032968758176776
"Core i3, Processing & Multitasking, Thin and Light Laptop",DDR4,0.11758474576271187,0.871822033898305,0.11440677966101695,0.9729729729729729,1.1160224623165085,1.0,0.01189380745475438,4.742584745762704,0.11781379218354006,0.13075060532687652,0.7891445164172434,0.5521000952349676
"Core i3, Intel, Processing & Multitasking, Thin and Light Laptop",DDR4,0.11758474576271187,0.871822033898305,0.11440677966101695,0.9729729729729729,1.1160224623165085,1.0,0.01189380745475438,4.742584745762704,0.11781379218354006,0.13075060532687652,0.7891445164172434,0.5521000952349676
"8 GB, AMD, Thin and Light Laptop",DDR4,0.07627118644067797,0.871822033898305,0.07415254237288135,0.9722222222222221,1.115161333873363,1.0,0.007657641482332653,4.614406779660998,0.11179554390563551,0.08484848484848485,0.7832874196510551,0.5286384501147563
"Processing & Multitasking, Transparent Silver","DDR4, Intel",0.07733050847457627,0.614406779661017,0.05296610169491525,0.684931506849315,1.114785073216816,1.0,0.005453713013501858,1.2238393515106851,0.11159586681974723,0.08291873963515754,0.18289929248833342,0.38556920170051956
"Thin and Light Laptop, Windows 11 Home",Processing & Multitasking,0.2330508474576271,0.7870762711864406,0.2044491525423729,0.8772727272727273,1.1145968432644073,1.0,0.021020360528583776,1.7349340866290028,0.13405662267769755,0.2506493506493507,0.42360922659430156,0.5685152330845467
"8 GB, Core i3, Thin and Light Laptop",DDR4,0.11122881355932203,0.871822033898305,0.10805084745762712,0.9714285714285715,1.1142509980906095,1.0,0.01107911699224362,4.48622881355934,0.11536843581294269,0.12348668280871673,0.7770956316410871,0.5476826939767402
"8 GB, Core i3, Intel, Thin and Light Laptop",DDR4,0.11122881355932203,0.871822033898305,0.10805084745762712,0.9714285714285715,1.1142509980906095,1.0,0.01107911699224362,4.48622881355934,0.11536843581294269,0.12348668280871673,0.7770956316410871,0.5476826939767402
"Intel, Thin and Light Laptop",8 GB,0.3855932203389831,0.5720338983050848,0.2457627118644068,0.6373626373626373,1.114204314204314,1.0,0.025190318873886786,1.1801489470980995,0.1668252080856122,0.3452380952380952,0.1526493308671525,0.5334961334961335
"Core i5, DDR4, Windows 10 Home",Processing & Multitasking,0.13771186440677965,0.7870762711864406,0.12076271186440678,0.8769230769230769,1.1141526037892122,1.0,0.01237297112898593,1.7300052966101698,0.11881977671451362,0.15019762845849804,0.42196708763872953,0.5151775546122788
"Core i5, DDR4, Intel, Windows 10 Home",Processing & Multitasking,0.13771186440677965,0.7870762711864406,0.12076271186440678,0.8769230769230769,1.1141526037892122,1.0,0.01237297112898593,1.7300052966101698,0.11881977671451362,0.15019762845849804,0.42196708763872953,0.5151775546122788
"8 GB, AMD, Processing & Multitasking",DDR4,0.11016949152542373,0.871822033898305,0.10699152542372882,0.9711538461538463,1.1139358818581178,1.0,0.010943335248491823,4.443502824858775,0.11494578029231504,0.12227602905569009,0.7749523204068668,0.5469377979250398
"8 GB, Thin and Light Laptop",Processing & Multitasking,0.3336864406779661,0.7870762711864406,0.2923728813559322,0.8761904761904762,1.1132218163173748,1.0,0.02973620188164322,1.7197685788787487,0.15264049215455872,0.3529411764705882,0.418526415541341,0.6238287508812408
"8 GB, AMD, Ryzen 5 Hexa Core",DDR4,0.07097457627118645,0.871822033898305,0.06885593220338983,0.9701492537313432,1.112783591157215,1.0,0.006978732763573685,4.293961864406769,0.10909569336023156,0.0787878787878788,0.7671148390279999,0.5245642987976279
"8 GB, Ryzen 5 Hexa Core",DDR4,0.07097457627118645,0.871822033898305,0.06885593220338983,0.9701492537313432,1.112783591157215,1.0,0.006978732763573685,4.293961864406769,0.10909569336023156,0.0787878787878788,0.7671148390279999,0.5245642987976279
"8 GB, Intel, Processing & Multitasking",Windows 10 Home,0.3305084745762712,0.4523305084745763,0.1663135593220339,0.5032051282051282,1.1124722272263254,1.0,0.016814492961792576,1.1024056861673044,0.15101185197129716,0.2697594501718213,0.09289292268015668,0.435443313517084
"Core i5, Windows 10 Home",Thin and Light Laptop,0.1483050847457627,0.513771186440678,0.0847457627118644,0.5714285714285714,1.112223858615611,1.0,0.008550883366848602,1.1345338983050846,0.1184701492537313,0.14678899082568805,0.11858076563958907,0.3681885125184094
"Core i5, Intel, Windows 10 Home",Thin and Light Laptop,0.1483050847457627,0.513771186440678,0.0847457627118644,0.5714285714285714,1.112223858615611,1.0,0.008550883366848602,1.1345338983050846,0.1184701492537313,0.14678899082568805,0.11858076563958907,0.3681885125184094
"8 GB, Thin and Light Laptop","Intel, Processing & Multitasking",0.3336864406779661,0.5709745762711864,0.211864406779661,0.6349206349206349,1.1119945813823364,1.0,0.021337932706118917,1.1751565954310979,0.15115262321144662,0.30581039755351686,0.14904957867920826,0.5029890744176458
"Gaming Laptop, Intel, Processing & Multitasking",DDR4,0.06885593220338983,0.871822033898305,0.06673728813559322,0.9692307692307693,1.1117300682306759,1.0,0.006707169276070103,4.165783898305101,0.10793289632880089,0.07636363636363637,0.7599491417673245,0.5228899897186654
"8 GB, AMD, Processing & Multitasking, Thin and Light Laptop",DDR4,0.06885593220338983,0.871822033898305,0.06673728813559322,0.9692307692307693,1.1117300682306759,1.0,0.006707169276070103,4.165783898305101,0.10793289632880089,0.07636363636363637,0.7599491417673245,0.5228899897186654
"Core i5, DDR4, Intel, Thin and Light Laptop, Windows 11 Home",Processing & Multitasking,0.059322033898305086,0.7870762711864406,0.05190677966101695,0.875,1.1117092866756393,1.0,0.0052158144211433485,1.703389830508475,0.10682110682110679,0.06533333333333334,0.4129353233830847,0.4704744279946164
"Core i5, DDR4, Thin and Light Laptop, Windows 11 Home",Processing & Multitasking,0.059322033898305086,0.7870762711864406,0.05190677966101695,0.875,1.1117092866756393,1.0,0.0052158144211433485,1.703389830508475,0.10682110682110679,0.06533333333333334,0.4129353233830847,0.4704744279946164
Black,"DDR4, Processing & Multitasking",0.1059322033898305,0.6747881355932204,0.07944915254237288,0.75,1.1114599686028257,1.0,0.007967358517667333,1.3008474576271185,0.11216429699842018,0.1132930513595166,0.23127035830618883,0.4338697017268446
"8 GB, Thin and Light Laptop, Windows 11 Home","DDR4, Processing & Multitasking",0.1440677966101695,0.6747881355932204,0.10805084745762712,0.75,1.1114599686028257,1.0,0.010835607584027573,1.3008474576271185,0.11716171617161712,0.15201192250372578,0.23127035830618883,0.4550627943485086
Windows 10,DDR4,0.09851694915254237,0.871822033898305,0.09533898305084745,0.9677419354838709,1.110022341551366,1.0,0.009449736067222061,3.9735169491525335,0.1099490795142969,0.1089588377723971,0.7483337776592903,0.5385489750323365
"Intel, Windows 10 Home","8 GB, DDR4",0.3114406779661017,0.5423728813559322,0.1875,0.6020408163265306,1.110012755102041,1.0,0.018583022120080422,1.1499348109517602,0.14393741851368957,0.28139904610492844,0.13038548752834467,0.4738719706632653
"8 GB, Intel, Windows 10 Home",DDR4,0.19385593220338984,0.871822033898305,0.1875,0.9672131147540983,1.1094157719658189,1.0,0.018492126903188744,3.909427966101692,0.12234125481636565,0.2135102533172497,0.7442081018832135,0.5911399717148378
"Processing & Multitasking, Windows 10",DDR4,0.0635593220338983,0.871822033898305,0.0614406779661017,0.9666666666666668,1.108788983394087,1.0,0.006028260557311128,3.8453389830508624,0.10477453580901876,0.07030303030303031,0.7399449035812682,0.5185702713649252
"8 GB, Core i5, DDR4, Intel, Windows 10 Home",Processing & Multitasking,0.10805084745762712,0.7870762711864406,0.09427966101694915,0.8725490196078431,1.1085952550603015,1.0,0.0092354029014651,1.6706323337679274,0.10982412127358622,0.11772486772486773,0.401424251292557,0.4961668382023065
"8 GB, Core i5, DDR4, Windows 10 Home",Processing & Multitasking,0.10805084745762712,0.7870762711864406,0.09427966101694915,0.8725490196078431,1.1085952550603015,1.0,0.0092354029014651,1.6706323337679274,0.10982412127358622,0.11772486772486773,0.401424251292557,0.4961668382023065
"Core i3, Intel",DDR4,0.22033898305084745,0.871822033898305,0.2129237288135593,0.9663461538461539,1.108421347789513,1.0,0.020827348463085316,3.808716707021794,0.1254596582305862,0.24216867469879516,0.7374443738080103,0.6052872932049724
Core i3,DDR4,0.22033898305084745,0.871822033898305,0.2129237288135593,0.9663461538461539,1.108421347789513,1.0,0.020827348463085316,3.808716707021794,0.1254596582305862,0.24216867469879516,0.7374443738080103,0.6052872932049724
"DDR4, Windows 11 Home","Processing & Multitasking, Thin and Light Laptop",0.3199152542372881,0.4661016949152542,0.1652542372881356,0.5165562913907286,1.1082480433473814,1.0,0.01614119505889114,1.1043649872300907,0.1436216950235643,0.26621160409556316,0.09450226006517416,0.4355508729680916
"Black, Windows 10 Home",DDR4,0.0625,0.871822033898305,0.06038135593220339,0.9661016949152542,1.1081409477521265,1.0,0.005892478813559324,3.781249999999999,0.10409356725146202,0.06909090909090909,0.7355371900826445,0.5176802520748811
"8 GB, DDR4, Windows 10 Home","Processing & Multitasking, Thin and Light Laptop",0.2584745762711864,0.4661016949152542,0.13347457627118645,0.5163934426229508,1.107898658718331,1.0,0.01299913817868431,1.1039931054294743,0.13133786848072584,0.22580645161290325,0.09419724173822541,0.4013785394932936
Travel & Business,DDR4,0.06038135593220339,0.871822033898305,0.05826271186440678,0.9649122807017544,1.1067766621901047,1.0,0.005620915326055735,3.6530720338983067,0.10267500256226307,0.06666666666666667,0.7262577932434393,0.5158704781394555
"8 GB, Core i3, Intel, Processing & Multitasking, Thin and Light Laptop",DDR4,0.09004237288135593,0.871822033898305,0.08686440677966102,0.9647058823529413,1.106539918519048,1.0,0.008363482117207707,3.6317090395480367,0.10580936426360782,0.09927360774818403,0.7246475449684017,0.5321706811521694
"8 GB, Core i3, Processing & Multitasking, Thin and Light Laptop",DDR4,0.09004237288135593,0.871822033898305,0.08686440677966102,0.9647058823529413,1.106539918519048,1.0,0.008363482117207707,3.6317090395480367,0.10580936426360782,0.09927360774818403,0.7246475449684017,0.5321706811521694
"8 GB, Core i3, DDR4","Processing & Multitasking, Thin and Light Laptop",0.1684322033898305,0.4661016949152542,0.08686440677966102,0.5157232704402516,1.1064608347627216,1.0,0.008357871301350198,1.1024653312788906,0.11570607425819496,0.15860735009671179,0.092941998602376,0.351043453401944
"8 GB, Core i3, DDR4, Intel","Processing & Multitasking, Thin and Light Laptop",0.1684322033898305,0.4661016949152542,0.08686440677966102,0.5157232704402516,1.1064608347627216,1.0,0.008357871301350198,1.1024653312788906,0.11570607425819496,0.15860735009671179,0.092941998602376,0.351043453401944
"4 GB, DDR4, Processing & Multitasking",Intel,0.07521186440677965,0.7129237288135594,0.059322033898305086,0.7887323943661972,1.1063348889772513,1.0,0.005701711074403912,1.3588276836158193,0.10393143511700222,0.0813953488372093,0.2640715139545763,0.43597095201222197
"8 GB, Windows 10 Home",DDR4,0.2680084745762712,0.871822033898305,0.2584745762711864,0.9644268774703556,1.1062198934775405,1.0,0.024818882864119485,3.6032250470809677,0.13117719627055102,0.2932692307692308,0.722470845719138,0.6304515918335982
"16 GB, Gaming Laptop, Processing & Multitasking",DDR4,0.059322033898305086,0.871822033898305,0.057203389830508475,0.9642857142857143,1.1060579760458256,1.0,0.005485133582303937,3.5889830508474607,0.1019352686019353,0.06545454545454546,0.721369539551358,0.5149496615170978
"Core i3, Everyday Use, Intel",DDR4,0.08792372881355932,0.871822033898305,0.0847457627118644,0.963855421686747,1.105564420500959,1.0,0.008091918629704112,3.5462570621468936,0.10468931475029042,0.09685230024213075,0.7180125460519765,0.5305303839903965
"Core i3, Everyday Use",DDR4,0.08792372881355932,0.871822033898305,0.0847457627118644,0.963855421686747,1.105564420500959,1.0,0.008091918629704112,3.5462570621468936,0.10468931475029042,0.09685230024213075,0.7180125460519765,0.5305303839903965
8 GB,"DDR4, Intel, Processing & Multitasking",0.5720338983050848,0.4841101694915254,0.3061440677966102,0.5351851851851852,1.1055028770564876,1.0,0.029216640333237565,1.109882503882774,0.22299496385624715,0.4081920903954802,0.09900372651912699,0.5837851527676473
"DDR4, Intel, Processing & Multitasking",8 GB,0.4841101694915254,0.5720338983050848,0.3061440677966102,0.6323851203501094,1.1055028770564874,1.0,0.029216640333237565,1.1641696933010492,0.18498966200805714,0.4081920903954802,0.14101869705570114,0.5837851527676473
"Core i5, Intel, Processing & Multitasking",Windows 10 Home,0.2627118644067797,0.4523305084745763,0.13135593220338984,0.5,1.1053864168618266,1.0,0.01252334099396725,1.0953389830508473,0.1293103448275862,0.2250453720508167,0.08704061895551256,0.3951990632318501
"8 GB, Intel, Processing & Multitasking, Thin and Light Laptop",Windows 10 Home,0.211864406779661,0.4523305084745763,0.1059322033898305,0.5,1.1053864168618266,1.0,0.010099468543521978,1.0953389830508473,0.12096774193548389,0.18975332068311193,0.08704061895551256,0.367096018735363
"Core i5, Processing & Multitasking",Windows 10 Home,0.2627118644067797,0.4523305084745763,0.13135593220338984,0.5,1.1053864168618266,1.0,0.01252334099396725,1.0953389830508473,0.1293103448275862,0.2250453720508167,0.08704061895551256,0.3951990632318501
"Black, Processing & Multitasking","DDR4, Intel",0.0858050847457627,0.614406779661017,0.05826271186440678,0.6790123456790124,1.1051511281396338,1.0,0.0055434860672220615,1.201271186440678,0.10407668808595806,0.09075907590759076,0.1675485008818342,0.38691996594295447
"16 GB, Intel, Processing & Multitasking",Thin and Light Laptop,0.1641949152542373,0.513771186440678,0.09322033898305085,0.567741935483871,1.1050482208180912,1.0,0.00886172256535478,1.124857703010372,0.11373718170296113,0.15942028985507248,0.11099866469885443,0.3745926172264716
"8 GB, DDR4, Thin and Light Laptop",Processing & Multitasking,0.3156779661016949,0.7870762711864406,0.274364406779661,0.8691275167785235,1.1042481505234538,1.0,0.025901770324619378,1.6269556714471975,0.13795617820385628,0.3312020460358056,0.38535510367624987,0.6088571635036628
Core i5,"DDR4, Processing & Multitasking",0.3072033898305085,0.6747881355932204,0.2288135593220339,0.7448275862068965,1.1037947274400475,1.0,0.021516356650387813,1.2744789280806226,0.1357316796919243,0.3037974683544304,0.21536560709873048,0.5419585340767606
"Core i5, Intel","DDR4, Processing & Multitasking",0.3072033898305085,0.6747881355932204,0.2288135593220339,0.7448275862068965,1.1037947274400475,1.0,0.021516356650387813,1.2744789280806226,0.1357316796919243,0.3037974683544304,0.21536560709873048,0.5419585340767606
Windows 10 Home,"DDR4, Processing & Multitasking",0.4523305084745763,0.6747881355932204,0.336864406779661,0.7447306791569086,1.1036511163643983,1.0,0.031637146294168306,1.2739951018504116,0.17148400909942443,0.42627345844504017,0.21506762581147132,0.6219728749002753
Laptop,DDR4,0.13877118644067796,0.871822033898305,0.13347457627118645,0.9618320610687023,1.1032435791602127,1.0,0.012490798261993702,3.358262711864412,0.10866084851324723,0.1521739130434783,0.7022269888335125,0.5574652407409125
"Intel, Laptop",8 GB,0.10911016949152542,0.5720338983050848,0.06885593220338983,0.6310679611650485,1.103200287666307,1.0,0.0064412166044240105,1.1600133809099016,0.10500320131711324,0.11245674740484428,0.1379409785638756,0.3757191657677094
"8 GB, Intel, Processing & Multitasking, Windows 10 Home",DDR4,0.1663135593220339,0.871822033898305,0.15995762711864406,0.9617834394904458,1.1031878090874616,1.0,0.014961801565642058,3.3539901129943424,0.11219569662647157,0.18214716525934863,0.7018476601568662,0.572629265310229
8 GB,"DDR4, Intel",0.5720338983050848,0.614406779661017,0.3877118644067797,0.6777777777777778,1.1031417624521074,1.0,0.03625035909221486,1.1966686148451198,0.21847102743061175,0.4854111405835544,0.16434676434676437,0.6544061302681993
"DDR4, Intel",8 GB,0.614406779661017,0.5720338983050848,0.3877118644067797,0.6310344827586207,1.1031417624521074,1.0,0.03625035909221486,1.1599081260890227,0.24247883264276693,0.4854111405835544,0.13786275179242066,0.6544061302681993
"Entertainment, Everyday Use",DDR4,0.05508474576271186,0.871822033898305,0.05296610169491525,0.9615384615384616,1.1029068137209086,1.0,0.004942006607296753,3.332627118644071,0.09874439461883407,0.06060606060606061,0.6999364272091548,0.5111459014861202
Laptop,Intel,0.13877118644067796,0.7129237288135594,0.10911016949152542,0.7862595419847329,1.102866281773533,1.0,0.010176897802355644,1.343106840193705,0.10830079174578153,0.1469329529243937,0.2554575927438666,0.4696528021959326
"Intel, Thin and Light Laptop, Windows 11 Home","8 GB, Processing & Multitasking",0.17796610169491525,0.4533898305084746,0.08898305084745763,0.5,1.102803738317757,1.0,0.008295030163746053,1.0932203389830508,0.11340206185567014,0.1640625,0.08527131782945734,0.34813084112149534
"Intel, Laptop",DDR4,0.10911016949152542,0.871822033898305,0.1048728813559322,0.9611650485436893,1.1024785003951918,1.0,0.009748231470841709,3.3005826271186467,0.10433706866524936,0.11970979443772672,0.6970231886383699,0.5407283322912857
"Intel, Processing & Multitasking, Windows 10 Home",8 GB,0.263771186440678,0.5720338983050848,0.1663135593220339,0.6305220883534136,1.102246021121523,1.0,0.015427499281815554,1.1582995578481943,0.12599550932502393,0.24841772151898733,0.13666547377629312,0.4606314145470772
"DDR4, Laptop",Intel,0.13347457627118645,0.7129237288135594,0.1048728813559322,0.7857142857142857,1.1021014646571852,1.0,0.009715688738868133,1.339689265536723,0.10691264725494547,0.14142857142857143,0.2535582498682128,0.46640840585862875
"8 GB, Processing & Multitasking, Ryzen 5 Hexa Core",DDR4,0.05402542372881356,0.871822033898305,0.05190677966101695,0.9607843137254902,1.1020417887689706,1.0,0.0048062248635449625,3.2685381355932237,0.09788148182005174,0.059393939393939395,0.6940528277426676,0.5101612941652968
"Entertainment, Everyday Use, Processing & Multitasking",DDR4,0.05402542372881356,0.871822033898305,0.05190677966101695,0.9607843137254902,1.1020417887689706,1.0,0.0048062248635449625,3.2685381355932237,0.09788148182005174,0.059393939393939395,0.6940528277426676,0.5101612941652968
"8 GB, AMD, Processing & Multitasking, Ryzen 5 Hexa Core",DDR4,0.05402542372881356,0.871822033898305,0.05190677966101695,0.9607843137254902,1.1020417887689706,1.0,0.0048062248635449625,3.2685381355932237,0.09788148182005174,0.059393939393939395,0.6940528277426676,0.5101612941652968
"Processing & Multitasking, Travel & Business",DDR4,0.05402542372881356,0.871822033898305,0.05190677966101695,0.9607843137254902,1.1020417887689706,1.0,0.0048062248635449625,3.2685381355932237,0.09788148182005174,0.059393939393939395,0.6940528277426676,0.5101612941652968
"Core i5, Processing & Multitasking, Thin and Light Laptop",8 GB,0.17478813559322035,0.5720338983050848,0.11016949152542373,0.6303030303030303,1.1018630751964085,1.0,0.010184752944556147,1.157613225896082,0.11202725387577746,0.173044925124792,0.13615361536153597,0.4114478114478114
"Core i5, Intel, Processing & Multitasking, Thin and Light Laptop",8 GB,0.17478813559322035,0.5720338983050848,0.11016949152542373,0.6303030303030303,1.1018630751964085,1.0,0.010184752944556147,1.157613225896082,0.11202725387577746,0.173044925124792,0.13615361536153597,0.4114478114478114
"Gaming Laptop, Processing & Multitasking",DDR4,0.10699152542372882,0.871822033898305,0.1027542372881356,0.9603960396039604,1.1015964293877747,1.0,0.009476667983338127,3.236493644067795,0.10327622262171192,0.11729141475211609,0.6910236478193272,0.5391287609927456
"Black, Intel","DDR4, Processing & Multitasking",0.07838983050847458,0.6747881355932204,0.05826271186440678,0.7432432432432432,1.10144681573253,1.0,0.005366184286124669,1.2666146297948258,0.09993730407523496,0.08384146341463414,0.21049388150365328,0.41479273622130763
"Everyday Use, Travel & Business",DDR4,0.05296610169491525,0.871822033898305,0.05084745762711865,0.9600000000000001,1.1011421628189553,1.0,0.004670443119793172,3.20444915254238,0.09698918717375112,0.05818181818181819,0.6879338842975213,0.5091616038882139
Windows 10,Intel,0.09851694915254237,0.7129237288135594,0.07733050847457627,0.7849462365591398,1.1010241416223296,1.0,0.00709543773340994,1.3349046610169488,0.10178194871464676,0.10533910533910533,0.250882831408959,0.44670788796753425
Entertainment,Intel,0.06885593220338983,0.7129237288135594,0.05402542372881356,0.7846153846153847,1.1005600640073152,1.0,0.004936395791439244,1.3328541162227607,0.09812844364139288,0.07423580786026202,0.24973034345728096,0.43019773688421536
8 GB,"DDR4, Processing & Multitasking",0.5720338983050848,0.6747881355932204,0.4247881355932203,0.7425925925925925,1.1004825861968717,1.0,0.038786447859810336,1.2634129984148268,0.21335275672205592,0.5167525773195876,0.20849318373748296,0.6860529681958252
"DDR4, Processing & Multitasking",8 GB,0.6747881355932204,0.5720338983050848,0.4247881355932203,0.629513343799058,1.1004825861968717,1.0,0.038786447859810336,1.1551457914392411,0.2807638883247902,0.5167525773195876,0.13430840729284832,0.6860529681958252
"Everyday Use, Thin and Light Laptop",Intel,0.1228813559322034,0.7129237288135594,0.09639830508474577,0.7844827586206897,1.1003740328943998,1.0,0.008793270611893125,1.332033898305085,0.10399745182353866,0.13037249283667623,0.24926835475251316,0.45984910590767025
Performance,"DDR4, Intel",0.07521186440677965,0.614406779661017,0.05084745762711865,0.6760563380281691,1.1003399708596406,1.0,0.004636778224648093,1.1903095062638176,0.09860633829706,0.07960199004975124,0.15988237114997697,0.37940747935891217
"8 GB, Intel","Processing & Multitasking, Thin and Light Laptop",0.413135593220339,0.4661016949152542,0.211864406779661,0.5128205128205128,1.1002331002331003,1.0,0.019301206549841993,1.0958965209634255,0.15523465703971115,0.31746031746031744,0.08750508750508745,0.4836829836829837
"Intel, Windows 10",DDR4,0.07733050847457627,0.871822033898305,0.07415254237288135,0.958904109589041,1.0998851512175636,1.0,0.006734101192186148,3.11899717514124,0.09842545514187298,0.08474576271186442,0.6793841277029319,0.5219793937981657
"Intel, Thin and Light Laptop","8 GB, DDR4",0.3855932203389831,0.5423728813559322,0.2298728813559322,0.5961538461538461,1.0991586538461537,1.0,0.020737575409365105,1.1331719128329298,0.146829810901001,0.3292867981790592,0.1175213675213675,0.5099909855769231
"8 GB, Processing & Multitasking","DDR4, Intel",0.4533898305084746,0.614406779661017,0.3061440677966102,0.6752336448598131,1.0990009668063163,1.0,0.02757828210284402,1.1872942324106814,0.16480244628631213,0.4019471488178025,0.15774879326281188,0.5867547534643893
"8 GB, Core i3, Intel",DDR4,0.17584745762711865,0.871822033898305,0.1684322033898305,0.9578313253012047,1.0986546428728279,1.0,0.015124515225509921,3.0396489104116178,0.10895539279882305,0.19156626506024096,0.6710146370606388,0.5755134755303107
"8 GB, Core i3",DDR4,0.17584745762711865,0.871822033898305,0.1684322033898305,0.9578313253012047,1.0986546428728279,1.0,0.015124515225509921,3.0396489104116178,0.10895539279882305,0.19156626506024096,0.6710146370606388,0.5755134755303107
"8 GB, Core i3","Processing & Multitasking, Thin and Light Laptop",0.17584745762711865,0.4661016949152542,0.09004237288135593,0.5120481927710843,1.0985761226725081,1.0,0.008079574834817582,1.094161958568738,0.10887645546650539,0.16314779270633398,0.08605851979345945,0.3526150054764512
"8 GB, Core i3, Intel","Processing & Multitasking, Thin and Light Laptop",0.17584745762711865,0.4661016949152542,0.09004237288135593,0.5120481927710843,1.0985761226725081,1.0,0.008079574834817582,1.094161958568738,0.10887645546650539,0.16314779270633398,0.08605851979345945,0.3526150054764512
"8 GB, Processing & Multitasking, Windows 10 Home",DDR4,0.225635593220339,0.871822033898305,0.21610169491525424,0.9577464788732394,1.098557322061164,1.0,0.019387613114047686,3.03354519774011,0.11585660255894423,0.2451923076923077,0.6703526946804793,0.6028100559615286
"8 GB, Intel","DDR4, Processing & Multitasking",0.413135593220339,0.6747881355932204,0.3061440677966102,0.7410256410256411,1.098160447610997,1.0,0.027365071100258542,1.2557685853331095,0.15231159356926033,0.39159891598915997,0.20367493527102648,0.5973574045002616
Windows 10 Home,"DDR4, Intel, Processing & Multitasking",0.4523305084745763,0.4841101694915254,0.24046610169491525,0.5316159250585479,1.0981300508868037,1.0,0.021488302571100265,1.101424788135593,0.16316601198033392,0.3455098934550989,0.0920850785529143,0.5141668246736941
"Core i3, Processing & Multitasking",DDR4,0.17372881355932204,0.871822033898305,0.1663135593220339,0.9573170731707317,1.098064783807012,1.0,0.014852951738006326,3.003026634382565,0.10808427241548264,0.1891566265060241,0.6670026204394274,0.5740412826363986
"Core i3, Intel, Processing & Multitasking",DDR4,0.17372881355932204,0.871822033898305,0.1663135593220339,0.9573170731707317,1.098064783807012,1.0,0.014852951738006326,3.003026634382565,0.10808427241548264,0.1891566265060241,0.6670026204394274,0.5740412826363986
"8 GB, AMD, Windows 10 Home",DDR4,0.07415254237288135,0.871822033898305,0.07097457627118645,0.9571428571428573,1.0978649540010417,1.0,0.006326755960930783,2.9908192090395596,0.09628061067659438,0.0811138014527845,0.6656434474616306,0.5192761673320605
"8 GB, Core i3, Everyday Use, Intel",DDR4,0.07415254237288135,0.871822033898305,0.07097457627118645,0.9571428571428573,1.0978649540010417,1.0,0.006326755960930783,2.9908192090395596,0.09628061067659438,0.0811138014527845,0.6656434474616306,0.5192761673320605
"8 GB, Core i3, Everyday Use",DDR4,0.07415254237288135,0.871822033898305,0.07097457627118645,0.9571428571428573,1.0978649540010417,1.0,0.006326755960930783,2.9908192090395596,0.09628061067659438,0.0811138014527845,0.6656434474616306,0.5192761673320605
Laptop,"8 GB, DDR4",0.13877118644067796,0.5423728813559322,0.0826271186440678,0.5954198473282444,1.0978053435114505,1.0,0.007361390405056026,1.131116085705149,0.10344718831803713,0.13805309734513274,0.1159174441617192,0.3738817986641222
"Laptop, Processing & Multitasking",DDR4,0.09745762711864407,0.871822033898305,0.09322033898305085,0.9565217391304348,1.097152517301495,1.0,0.008254632289571961,2.9480932203389862,0.0981113956466069,0.1064087061668682,0.6607977003233924,0.5317238100269428
Everyday Use,DDR4,0.21927966101694915,0.871822033898305,0.2097457627118644,0.9565217391304348,1.097152517301495,1.0,0.018572922651536927,2.9480932203389862,0.11342050080177633,0.23798076923076927,0.6607977003233924,0.5985524856040996
"Intel, Thin and Light Laptop, Windows 11 Home",Processing & Multitasking,0.17796610169491525,0.7870762711864406,0.15360169491525424,0.8630952380952381,1.0965839902582837,1.0,0.013528799195633462,1.5552689756816516,0.10714539637397813,0.1892950391644909,0.35702440180052153,0.5291250080112799
8 GB,"Processing & Multitasking, Thin and Light Laptop",0.5720338983050848,0.4661016949152542,0.2923728813559322,0.5111111111111111,1.0965656565656565,1.0,0.025746911806952044,1.092064714946071,0.2057684029272494,0.3920454545454545,0.0843033509700176,0.5691919191919192
"Processing & Multitasking, Thin and Light Laptop",8 GB,0.4661016949152542,0.5720338983050848,0.2923728813559322,0.6272727272727273,1.0965656565656565,1.0,0.025746911806952044,1.1482017362546508,0.16494133885438247,0.3920454545454545,0.12907290729072912,0.5691919191919192
"Intel, Laptop, Processing & Multitasking",DDR4,0.07203389830508475,0.871822033898305,0.06885593220338983,0.9558823529411764,1.0964191265813736,1.0,0.006055192473427173,2.9053672316384147,0.09476642079381802,0.07869249394673124,0.6558094312105004,0.5174308484025445
"8 GB, Intel, Thin and Light Laptop",Processing & Multitasking,0.2457627118644068,0.7870762711864406,0.211864406779661,0.8620689655172413,1.0952800853947184,1.0,0.01843040792875611,1.5436970338983047,0.11533707865168542,0.2580645161290323,0.3522044947675415,0.5656239847774632
"8 GB, Everyday Use",DDR4,0.1641949152542373,0.871822033898305,0.15677966101694915,0.9548387096774194,1.0952220436640145,1.0,0.01363091604424016,2.838226392251817,0.10402322474565819,0.1783132530120482,0.6476672887230073,0.5673343001607024
"Core i3, Thin and Light Laptop, Windows 11 Home",DDR4,0.06779661016949153,0.871822033898305,0.0646186440677966,0.9531249999999999,1.0932563791008505,1.0,0.005512065498419989,2.7344632768361525,0.09150521609537997,0.07384987893462469,0.6342975206611563,0.5136220382746051
"Core i3, Intel, Thin and Light Laptop, Windows 11 Home",DDR4,0.06779661016949153,0.871822033898305,0.0646186440677966,0.9531249999999999,1.0932563791008505,1.0,0.005512065498419989,2.7344632768361525,0.09150521609537997,0.07384987893462469,0.6342975206611563,0.5136220382746051
"Everyday Use, Processing & Multitasking, Thin and Light Laptop","DDR4, Intel",0.07733050847457627,0.614406779661017,0.05190677966101695,0.6712328767123288,1.09248937175248,1.0,0.004394390979603556,1.17284604519774,0.09175472714918331,0.08112582781456955,0.14737317477043502,0.3778578176665092
"Everyday Use, Thin and Light Laptop, Windows 11 Home","DDR4, Intel",0.08050847457627118,0.614406779661017,0.05402542372881356,0.6710526315789475,1.0921960072595283,1.0,0.0045604711289859295,1.1722033898305086,0.09180446372097238,0.08429752066115703,0.14690572585309444,0.37949183303085304
"AMD, Gaming, Gaming Laptop",DDR4,0.08686440677966102,0.871822033898305,0.0826271186440678,0.9512195121951219,1.09107074059805,1.0,0.006896814852054012,2.6276483050847443,0.09140936403117383,0.094316807738815,0.6194315662164884,0.5229973624159084
"DDR4, Thin and Light Laptop, Windows 11 Home","Intel, Processing & Multitasking",0.19385593220338984,0.5709745762711864,0.12076271186440678,0.6229508196721311,1.0910307491103743,1.0,0.010075903116920415,1.1378500368459836,0.10349955045300493,0.1875,0.1211495648654117,0.4172268013017427
"DDR4, Everyday Use, Thin and Light Laptop",Intel,0.11440677966101695,0.7129237288135594,0.08898305084745763,0.7777777777777778,1.090969126630345,1.0,0.007419742889974143,1.291843220338983,0.09415584415584413,0.12051649928263987,0.22591225912259116,0.4512960211325739
"DDR4, Windows 10",Intel,0.09533898305084745,0.7129237288135594,0.07415254237288135,0.7777777777777778,1.090969126630345,1.0,0.006183119074978455,1.291843220338983,0.09217129474740716,0.10101010101010101,0.22591225912259116,0.44089483242529304
"8 GB, Processing & Multitasking, Thin and Light Laptop","DDR4, Intel",0.2923728813559322,0.614406779661017,0.19597457627118645,0.6702898550724637,1.0909545227386306,1.0,0.016338695777075557,1.1694915254237286,0.11781841721961485,0.2757078986587183,0.14492753623188395,0.49462768615692154
"DDR4, Windows 10 Home",8 GB,0.4141949152542373,0.5720338983050848,0.2584745762711864,0.6240409207161125,1.0909159799185373,1.0,0.021541044240160845,1.1383316038279716,0.14226425162303957,0.3551673944687045,0.12152135929705489,0.5379463862839822
Everyday Use,Thin and Light Laptop,0.21927966101694915,0.513771186440678,0.1228813559322034,0.5603864734299517,1.0907316101399473,1.0,0.01022178432921575,1.1060369715030733,0.10654798109764663,0.2013888888888889,0.09587109132434515,0.39978086558095527
"8 GB, Core i5, DDR4","Processing & Multitasking, Thin and Light Laptop",0.1917372881355932,0.4661016949152542,0.09745762711864407,0.5082872928176796,1.0905072827724762,1.0,0.008088552140189609,1.0857931822509999,0.10268391361331139,0.17391304347826086,0.07901429448390784,0.35868910095429435
"8 GB, Core i5, DDR4, Intel","Processing & Multitasking, Thin and Light Laptop",0.1917372881355932,0.4661016949152542,0.09745762711864407,0.5082872928176796,1.0905072827724762,1.0,0.008088552140189609,1.0857931822509999,0.10268391361331139,0.17391304347826086,0.07901429448390784,0.35868910095429435
"8 GB, Intel, Thin and Light Laptop, Windows 10 Home",DDR4,0.10699152542372882,0.871822033898305,0.1016949152542373,0.9504950495049505,1.0902397651672822,1.0,0.008417345949439825,2.589194915254236,0.09268732700672212,0.11594202898550728,0.613779559774159,0.533570732528903
"8 GB, Intel, Windows 10 Home",Processing & Multitasking,0.19385593220338984,0.7870762711864406,0.1663135593220339,0.8579234972677595,1.090013164765498,1.0,0.013734155056018382,1.4986554758800519,0.10243812616654249,0.20416124837451238,0.33273523094907964,0.5346145077186711
"DDR4, Everyday Use, Intel",Thin and Light Laptop,0.15889830508474576,0.513771186440678,0.08898305084745763,0.56,1.089979381443299,1.0,0.007345680120654979,1.1050654853620956,0.0981468154012234,0.15245009074410162,0.09507625272331162,0.36659793814432995
"8 GB, Intel, Processing & Multitasking, Thin and Light Laptop, Windows 10 Home",DDR4,0.1059322033898305,0.871822033898305,0.10063559322033898,0.95,1.0896719319562576,1.0,0.008281564205688027,2.563559322033897,0.09204290346719887,0.11473429951690821,0.6099173553719006,0.5327156743620899
"8 GB, Core i3, Intel","DDR4, Processing & Multitasking",0.17584745762711865,0.6747881355932204,0.1292372881355932,0.7349397590361445,1.0891414953377085,1.0,0.010577510054582004,1.226935670261941,0.09930886257322252,0.1791483113069016,0.18496134374632048,0.46323126099373946
"8 GB, Core i3","DDR4, Processing & Multitasking",0.17584745762711865,0.6747881355932204,0.1292372881355932,0.7349397590361445,1.0891414953377085,1.0,0.010577510054582004,1.226935670261941,0.09930886257322252,0.1791483113069016,0.18496134374632048,0.46323126099373946
"Everyday Use, Intel",DDR4,0.1673728813559322,0.871822033898305,0.15889830508474576,0.9493670886075949,1.088945967977606,1.0,0.012978939241597237,2.531514830508473,0.09810008481764203,0.18050541516245489,0.6049796003766083,0.5658135564544657
"Intel, Windows 10 Home",8 GB,0.3114406779661017,0.5720338983050848,0.19385593220338984,0.6224489795918368,1.0881330309901738,1.0,0.01570130709566217,1.1335318369216674,0.11762925598991174,0.28110599078341014,0.11780157607597494,0.48066893424036283
"8 GB, Thin and Light Laptop, Windows 10 Home",DDR4,0.1440677966101695,0.871822033898305,0.13665254237288135,0.9485294117647058,1.0879851332999786,1.0,0.011051062912956044,2.490314769975786,0.09448154117737353,0.15542168674698797,0.5984443364122507,0.5526365163319277
"Processing & Multitasking, Thin and Light Laptop, Windows 10 Home","DDR4, Intel",0.2076271186440678,0.614406779661017,0.13877118644067796,0.6683673469387754,1.087825475017593,1.0,0.011203677104280357,1.1627118644067793,0.1018900273502876,0.20310077519379843,0.13994169096209882,0.4471147079521463
"8 GB, Everyday Use, Intel",DDR4,0.1228813559322034,0.871822033898305,0.11652542372881355,0.9482758620689654,1.0876943059454476,1.0,0.009394750071818433,2.478107344632764,0.09191919191919183,0.13268998793727382,0.5964662296950691,0.5409666066116394
DDR4,8 GB,0.871822033898305,0.5720338983050848,0.5423728813559322,0.6221142162818956,1.0875478151298321,1.0,0.04366112467681699,1.1325276581830073,0.628034607438016,0.6016451233842539,0.11701935685670639,0.7851311822150218
8 GB,DDR4,0.5720338983050848,0.871822033898305,0.5423728813559322,0.9481481481481481,1.0875478151298321,1.0,0.04366112467681699,2.4720036319612566,0.18809947400990093,0.6016451233842539,0.5954698500153042,0.7851311822150218
"8 GB, DDR4, Thin and Light Laptop","Intel, Processing & Multitasking",0.3156779661016949,0.5709745762711864,0.19597457627118645,0.6208053691275168,1.0872732253365045,1.0,0.015730483338121243,1.1314121793910306,0.11729562379717187,0.2837423312883436,0.11614881100339729,0.4820167847492872
"8 GB, Windows 10 Home","Intel, Processing & Multitasking",0.2680084745762712,0.5709745762711864,0.1663135593220339,0.6205533596837944,1.086831858147499,1.0,0.013287534113760407,1.130660752118644,0.10914671803994944,0.24724409448818901,0.1155614112135851,0.45591675405340004
"8 GB, Processing & Multitasking, Thin and Light Laptop, Windows 10 Home",DDR4,0.1408898305084746,0.871822033898305,0.13347457627118645,0.9473684210526315,1.0866534501502845,1.0,0.010643717681700665,2.435381355932202,0.0928209343745719,0.15180722891566265,0.5893866898651585,0.5502334207328772
Performance,Intel,0.07521186440677965,0.7129237288135594,0.05826271186440678,0.7746478873239437,1.0865789088169433,1.0,0.004642389040505603,1.2739009533898307,0.08616057482036865,0.07982583454281567,0.2150096148848814,0.4281857564405751
Core i5,Processing & Multitasking,0.3072033898305085,0.7870762711864406,0.2627118644067797,0.8551724137931035,1.0865178447115609,1.0,0.020919365843148546,1.4701876513317198,0.11493785143533602,0.3159235668789809,0.319814719505919,0.5944771893999166
"Core i5, Intel",Processing & Multitasking,0.3072033898305085,0.7870762711864406,0.2627118644067797,0.8551724137931035,1.0865178447115609,1.0,0.020919365843148546,1.4701876513317198,0.11493785143533602,0.3159235668789809,0.319814719505919,0.5944771893999166
"8 GB, Core i5, DDR4, Intel",Thin and Light Laptop,0.1917372881355932,0.513771186440678,0.10699152542372882,0.5580110497237569,1.086108105029333,1.0,0.008482431413386962,1.100092690677966,0.09808857687865777,0.17876106194690267,0.09098568832075495,0.38312923620208467
"8 GB, Core i5, DDR4",Thin and Light Laptop,0.1917372881355932,0.513771186440678,0.10699152542372882,0.5580110497237569,1.086108105029333,1.0,0.008482431413386962,1.100092690677966,0.09808857687865777,0.17876106194690267,0.09098568832075495,0.38312923620208467
"8 GB, AMD, Processing & Multitasking, Windows 10 Home",DDR4,0.059322033898305086,0.871822033898305,0.05614406779661017,0.9464285714285715,1.0855754209338657,1.0,0.004425811548405635,2.392655367231643,0.08380078191398954,0.06416464891041164,0.5820543093270374,0.5054135566741885
"8 GB, DDR4","Processing & Multitasking, Thin and Light Laptop",0.5423728813559322,0.4661016949152542,0.274364406779661,0.505859375,1.0852982954545456,1.0,0.02156348750359094,1.0804582300529242,0.17174317174317189,0.37373737373737376,0.07446676587301591,0.5472478693181818
"Processing & Multitasking, Thin and Light Laptop","8 GB, DDR4",0.4661016949152542,0.5423728813559322,0.274364406779661,0.5886363636363636,1.0852982954545454,1.0,0.02156348750359094,1.112463713830883,0.14720843292271873,0.37373737373737376,0.10109427609427607,0.5472478693181818
"8 GB, Thin and Light Laptop",DDR4,0.3336864406779661,0.871822033898305,0.3156779661016949,0.946031746031746,1.0851202530424888,1.0,0.024762774705544388,2.375062313060817,0.11772708357785343,0.3547619047619047,0.5789584153220516,0.654060830488534
"8 GB, Core i3, Processing & Multitasking",DDR4,0.13665254237288135,0.871822033898305,0.1292372881355932,0.945736434108527,1.084781523448906,1.0,0.010100590706693474,2.3621368038740886,0.09052599818968114,0.1469879518072289,0.5766544942020623,0.5469872936034738
"8 GB, Core i3, Intel, Processing & Multitasking",DDR4,0.13665254237288135,0.871822033898305,0.1292372881355932,0.945736434108527,1.084781523448906,1.0,0.010100590706693474,2.3621368038740886,0.09052599818968114,0.1469879518072289,0.5766544942020623,0.5469872936034738
"8 GB, AMD","DDR4, Processing & Multitasking",0.1461864406779661,0.6747881355932204,0.10699152542372882,0.7318840579710145,1.08461310945783,1.0,0.008346649669635164,1.2129523591387998,0.09136918654644623,0.14985163204747776,0.1755653118066374,0.445219893977658
"8 GB, Core i3, Thin and Light Laptop, Windows 11 Home",DDR4,0.05826271186440678,0.871822033898305,0.05508474576271186,0.9454545454545454,1.0844581906550315,1.0,0.004290029804653837,2.3499293785310735,0.08269879726572645,0.06295399515738499,0.5744552967693464,0.5043190102728378
"8 GB, Core i3, Intel, Thin and Light Laptop, Windows 11 Home",DDR4,0.05826271186440678,0.871822033898305,0.05508474576271186,0.9454545454545454,1.0844581906550315,1.0,0.004290029804653837,2.3499293785310735,0.08269879726572645,0.06295399515738499,0.5744552967693464,0.5043190102728378
"8 GB, DDR4, Intel","Processing & Multitasking, Thin and Light Laptop",0.3877118644067797,0.4661016949152542,0.19597457627118645,0.505464480874317,1.0844510680576256,1.0,0.015261419132433202,1.0795954677404251,0.12718600953895065,0.29790660225442833,0.07372712290745083,0.4629595131644312
"Core i5, DDR4, Windows 11 Home",8 GB,0.0836864406779661,0.5720338983050848,0.05190677966101695,0.620253164556962,1.0842944210032817,1.0,0.004035298764722778,1.1269774011299434,0.08484133537808179,0.08596491228070176,0.11267076074696065,0.3554969526488514
"Core i5, DDR4, Intel, Windows 11 Home",8 GB,0.0836864406779661,0.5720338983050848,0.05190677966101695,0.620253164556962,1.0842944210032817,1.0,0.004035298764722778,1.1269774011299434,0.08484133537808179,0.08596491228070176,0.11267076074696065,0.3554969526488514
"8 GB, DDR4, Intel, Windows 10 Home",Processing & Multitasking,0.1875,0.7870762711864406,0.15995762711864406,0.8531073446327683,1.0838941229250785,1.0,0.012380826271186446,1.4495192307692302,0.09526235354049928,0.19635890767230169,0.3101160862354889,0.5281687463406103
"8 GB, DDR4, Windows 10 Home","Intel, Processing & Multitasking",0.2584745762711864,0.5709745762711864,0.15995762711864406,0.6188524590163934,1.0838529152346483,1.0,0.012375215455328936,1.1256150902132311,0.10433301797540215,0.2389240506329114,0.1115968427443837,0.44950044101097963
"8 GB, Ryzen 5 Hexa Core","DDR4, Processing & Multitasking",0.07097457627118645,0.6747881355932204,0.05190677966101695,0.7313432835820896,1.0838117106773824,1.0,0.004013977664464229,1.2105108286252353,0.0832383124287342,0.07480916030534351,0.17390247459769548,0.4041331802525832
"8 GB, AMD, Ryzen 5 Hexa Core","DDR4, Processing & Multitasking",0.07097457627118645,0.6747881355932204,0.05190677966101695,0.7313432835820896,1.0838117106773824,1.0,0.004013977664464229,1.2105108286252353,0.0832383124287342,0.07480916030534351,0.17390247459769548,0.4041331802525832
"8 GB, Core i5, Windows 10 Home",DDR4,0.11440677966101695,0.871822033898305,0.10805084745762712,0.9444444444444444,1.0832995814769812,1.0,0.008308496121804093,2.307203389830508,0.08682803264846622,0.1230398069963812,0.5665748393021119,0.5341906304846766
"8 GB, Core i5, Intel, Windows 10 Home",DDR4,0.11440677966101695,0.871822033898305,0.10805084745762712,0.9444444444444444,1.0832995814769812,1.0,0.008308496121804093,2.307203389830508,0.08682803264846622,0.1230398069963812,0.5665748393021119,0.5341906304846766
"8 GB, DDR4, Intel, Thin and Light Laptop",Processing & Multitasking,0.2298728813559322,0.7870762711864406,0.19597457627118645,0.8525345622119817,1.0831663885977265,1.0,0.015047085966676255,1.4438890360169503,0.0996988735640731,0.23870967741935487,0.3074260036224413,0.5507625704734201
"DDR4, Thin and Light Laptop, Windows 11 Home",Processing & Multitasking,0.19385593220338984,0.7870762711864406,0.1652542372881356,0.8524590163934426,1.0830704057542528,1.0,0.01267483302212008,1.4431497175141241,0.09514303042555342,0.2025974025974026,0.30707120137019805,0.5312093197714185
"Laptop, Processing & Multitasking","8 GB, DDR4",0.09745762711864407,0.5423728813559322,0.057203389830508475,0.5869565217391304,1.0822010869565217,1.0,0.0043450158000574515,1.1079393398751114,0.08415927664753949,0.09818181818181818,0.0974235104669886,0.3462126358695652
"Intel, Thin and Light Laptop, Windows 11 Home",8 GB,0.17796610169491525,0.5720338983050848,0.11016949152542373,0.6190476190476191,1.0821869488536155,1.0,0.008366848606722196,1.1234110169491525,0.09238699444885001,0.17218543046357618,0.10985384252710984,0.4058201058201058
"DDR4, Laptop",8 GB,0.13347457627118645,0.5720338983050848,0.0826271186440678,0.6190476190476191,1.0821869488536155,1.0,0.006275136455041644,1.1234110169491525,0.0876434079368063,0.1326530612244898,0.10985384252710984,0.3817460317460317
"Core i3, Processing & Multitasking, Thin and Light Laptop, Windows 11 Home",DDR4,0.05614406779661017,0.871822033898305,0.05296610169491525,0.9433962264150942,1.0820972511978724,1.0,0.004018466317150242,2.2644774011299402,0.08038159371492701,0.06053268765133172,0.5583970060813965,0.5020747839244365
"Core i3, Intel, Processing & Multitasking, Thin and Light Laptop, Windows 11 Home",DDR4,0.05614406779661017,0.871822033898305,0.05296610169491525,0.9433962264150942,1.0820972511978724,1.0,0.004018466317150242,2.2644774011299402,0.08038159371492701,0.06053268765133172,0.5583970060813965,0.5020747839244365
"8 GB, Thin and Light Laptop, Windows 11 Home","Intel, Processing & Multitasking",0.1440677966101695,0.5709745762711864,0.08898305084745763,0.6176470588235294,1.0817417876241406,1.0,0.006724001723642625,1.1220664928292048,0.08828382838283821,0.14213197969543145,0.10878721859114027,0.38674560733384267
"8 GB, Core i5, Intel, Windows 10 Home",Thin and Light Laptop,0.11440677966101695,0.513771186440678,0.0635593220338983,0.5555555555555556,1.0813287514318441,1.0,0.0047804151106004,1.0940148305084747,0.08492822966507174,0.11257035647279547,0.08593560881142583,0.3396334478808706
"8 GB, Core i5, Windows 10 Home",Thin and Light Laptop,0.11440677966101695,0.513771186440678,0.0635593220338983,0.5555555555555556,1.0813287514318441,1.0,0.0047804151106004,1.0940148305084747,0.08492822966507174,0.11257035647279547,0.08593560881142583,0.3396334478808706
"Core i3, Everyday Use, Intel, Thin and Light Laptop",DDR4,0.05508474576271186,0.871822033898305,0.05190677966101695,0.9423076923076923,1.0808486774464903,1.0,0.003882684573398451,2.221751412429379,0.07916170952686012,0.05932203389830509,0.5499046408137318,0.5009229834563977
"Core i3, Everyday Use, Thin and Light Laptop",DDR4,0.05508474576271186,0.871822033898305,0.05190677966101695,0.9423076923076923,1.0808486774464903,1.0,0.003882684573398451,2.221751412429379,0.07916170952686012,0.05932203389830509,0.5499046408137318,0.5009229834563977
"Thin and Light Laptop, Windows 11 Home",8 GB,0.2330508474576271,0.5720338983050848,0.1440677966101695,0.6181818181818183,1.0806734006734007,1.0,0.010754811835679418,1.1208635996771592,0.09733506662333455,0.21794871794871795,0.10783078307830798,0.4350168350168351
"Intel, Windows 10 Home","Processing & Multitasking, Thin and Light Laptop",0.3114406779661017,0.4661016949152542,0.15677966101694915,0.5034013605442177,1.0800247371675944,1.0,0.011616633151393274,1.0751102855816115,0.10760914760914757,0.2525597269624573,0.06986286578123317,0.419882498453927
"Core i5, Everyday Use",DDR4,0.05402542372881356,0.871822033898305,0.05084745762711865,0.9411764705882353,1.0795511400185833,1.0,0.0037469028296466603,2.179025423728814,0.07789753639417707,0.05811138014527845,0.541079241614001,0.4997498391823315
"Core i5, Everyday Use, Intel",DDR4,0.05402542372881356,0.871822033898305,0.05084745762711865,0.9411764705882353,1.0795511400185833,1.0,0.0037469028296466603,2.179025423728814,0.07789753639417707,0.05811138014527845,0.541079241614001,0.4997498391823315
"Core i3, Windows 11 Home","DDR4, Processing & Multitasking",0.09745762711864407,0.6747881355932204,0.07097457627118645,0.7282608695652174,1.0792437376288309,1.0,0.005211325768457342,1.196779661016949,0.0813537944082405,0.10120845921450151,0.16442430250672704,0.4167207016585899
"Core i3, Intel, Windows 11 Home","DDR4, Processing & Multitasking",0.09745762711864407,0.6747881355932204,0.07097457627118645,0.7282608695652174,1.0792437376288309,1.0,0.005211325768457342,1.196779661016949,0.0813537944082405,0.10120845921450151,0.16442430250672704,0.4167207016585899
"Everyday Use, Laptop",Intel,0.06885593220338983,0.7129237288135594,0.05296610169491525,0.7692307692307693,1.0789804549091324,1.0,0.0038770737575409345,1.243997175141243,0.0786120591581342,0.07267441860465115,0.19613965370422937,0.4217624871413876
"8 GB, Everyday Use, Windows 11 Home","DDR4, Intel",0.08792372881355932,0.614406779661017,0.05826271186440678,0.6626506024096385,1.0785209804736184,1.0,0.004241776788279222,1.1430084745762707,0.07982261640798212,0.09046052631578946,0.125115848007414,0.3787390943082675
Black,DDR4,0.1059322033898305,0.871822033898305,0.09957627118644068,0.9400000000000001,1.0782017010935603,1.0,0.007222242171789725,2.1362994350282514,0.08112332358576192,0.11338962605548854,0.5319008264462816,0.5271081409477522
"8 GB, Everyday Use, Windows 11 Home",DDR4,0.08792372881355932,0.871822033898305,0.0826271186440678,0.9397590361445783,1.077925309988435,1.0,0.005973274561907507,2.1277542372881375,0.0792608475535306,0.09420289855072464,0.5300209100866279,0.5172671243906367
"Processing & Multitasking, Windows 10 Home",Thin and Light Laptop,0.375,0.513771186440678,0.2076271186440678,0.5536723163841808,1.0776632302405498,1.0,0.014962923728813554,1.0893987341772151,0.11530612244897954,0.3048211508553655,0.0820624546114742,0.4788980138621935
"16 GB, Gaming, Windows 10 Home",DDR4,0.06991525423728813,0.871822033898305,0.06567796610169492,0.9393939393939396,1.0775065355867302,1.0,0.0047243069520252964,2.1149364406779725,0.07733852597545768,0.07496977025392988,0.5271725519659418,0.5073640413859126
"Performance, Processing & Multitasking",Intel,0.07309322033898305,0.7129237288135594,0.05614406779661017,0.7681159420289856,1.0774167151194092,1.0,0.0040341766015512814,1.2380164194915257,0.07752021563342323,0.07692307692307693,0.192256270388791,0.4234338996920559
"8 GB, Core i3, Windows 10 Home",Processing & Multitasking,0.0625,0.7870762711864406,0.05296610169491525,0.847457627118644,1.0767160161507403,1.0,0.0037738347457627122,1.3958333333333333,0.07600000000000001,0.06648936170212766,0.2835820895522388,0.45737618906403266
"8 GB, Core i3, DDR4, Intel, Windows 10 Home",Processing & Multitasking,0.0625,0.7870762711864406,0.05296610169491525,0.847457627118644,1.0767160161507403,1.0,0.0037738347457627122,1.3958333333333333,0.07600000000000001,0.06648936170212766,0.2835820895522388,0.45737618906403266
"8 GB, Core i3, Intel, Windows 10 Home",Processing & Multitasking,0.0625,0.7870762711864406,0.05296610169491525,0.847457627118644,1.0767160161507403,1.0,0.0037738347457627122,1.3958333333333333,0.07600000000000001,0.06648936170212766,0.2835820895522388,0.45737618906403266
"8 GB, Core i3, DDR4, Windows 10 Home",Processing & Multitasking,0.0625,0.7870762711864406,0.05296610169491525,0.847457627118644,1.0767160161507403,1.0,0.0037738347457627122,1.3958333333333333,0.07600000000000001,0.06648936170212766,0.2835820895522388,0.45737618906403266
"8 GB, Intel",DDR4,0.413135593220339,0.871822033898305,0.3877118644067797,0.9384615384615385,1.0764370501916067,1.0,0.02753115124964095,2.082891949152543,0.1209978102621769,0.4321133412042503,0.5198982835346473,0.6915879988783998
"8 GB, Processing & Multitasking, Thin and Light Laptop",DDR4,0.2923728813559322,0.871822033898305,0.274364406779661,0.9384057971014492,1.0763731135647243,1.0,0.019467286699224373,2.0810069790628107,0.10027050146810633,0.30833333333333335,0.5194634087914718,0.6265540528642118
"Everyday Use, Processing & Multitasking","DDR4, Intel",0.1281779661016949,0.614406779661017,0.0847457627118644,0.6611570247933884,1.0760900541464804,1.0,0.005992351335823043,1.1379702356345598,0.08110571081409482,0.1288244766505636,0.12124239396966668,0.39954402963807356
"Intel, Windows 10 Home",Processing & Multitasking,0.3114406779661017,0.7870762711864406,0.263771186440678,0.8469387755102041,1.0760568022633012,1.0,0.018643618931341588,1.391101694915255,0.10265060240963865,0.31598984771573607,0.2811452939384713,0.591033317768561
"Processing & Multitasking, Transparent Silver",Intel,0.07733050847457627,0.7129237288135594,0.059322033898305086,0.7671232876712328,1.076024344073765,1.0,0.0041912794455616145,1.232739282153539,0.07657454485812684,0.08115942028985507,0.18879846332709876,0.42516639866473976
"Everyday Use, Processing & Multitasking, Thin and Light Laptop",Intel,0.07733050847457627,0.7129237288135594,0.059322033898305086,0.7671232876712328,1.076024344073765,1.0,0.0041912794455616145,1.232739282153539,0.07657454485812684,0.08115942028985507,0.18879846332709876,0.42516639866473976
"8 GB, Processing & Multitasking, Thin and Light Laptop, Windows 11 Home","DDR4, Intel",0.11864406779661017,0.614406779661017,0.07838983050847458,0.6607142857142857,1.0753694581280788,1.0,0.005494110887675943,1.1364852809991077,0.07952182952182935,0.11974110032362459,0.12009419152276285,0.3941502463054187
Transparent Silver,Intel,0.0815677966101695,0.7129237288135594,0.0625,0.7662337662337662,1.0747766349549408,1.0,0.0043483822895719546,1.2280484934086624,0.07575313275858686,0.08538350217076701,0.18569990894714103,0.4269504640975666
"8 GB, Processing & Multitasking",DDR4,0.4533898305084746,0.871822033898305,0.4247881355932203,0.9369158878504672,1.074664153257401,1.0,0.02951289141051422,2.0318581293157543,0.1271047188230973,0.471764705882353,0.5078396539738931,0.7120788430746868
"8 GB, Core i5, Intel, Processing & Multitasking, Windows 10 Home",DDR4,0.10063559322033898,0.871822033898305,0.09427966101694915,0.9368421052631579,1.0745795229263926,1.0,0.00654333345303075,2.029484463276838,0.07716943926099457,0.10735826296743065,0.5072640278381909,0.5224915265076422
"8 GB, Core i5, Processing & Multitasking, Windows 10 Home",DDR4,0.10063559322033898,0.871822033898305,0.09427966101694915,0.9368421052631579,1.0745795229263926,1.0,0.00654333345303075,2.029484463276838,0.07716943926099457,0.10735826296743065,0.5072640278381909,0.5224915265076422
"8 GB, Everyday Use, Thin and Light Laptop",Intel,0.09957627118644068,0.7129237288135594,0.07627118644067797,0.7659574468085107,1.0743890487180299,1.0,0.005280899885090493,1.226598613251156,0.07689542483660132,0.10359712230215828,0.18473737928868675,0.43647055104169963
"8 GB, Intel, Windows 10 Home",Thin and Light Laptop,0.19385593220338984,0.513771186440678,0.10699152542372882,0.5519125683060109,1.074238071094586,1.0,0.007393933137029587,1.0851204009921454,0.08572618102808964,0.17813051146384482,0.07844327773610947,0.38007999549321164
"Thin and Light Laptop, Windows 10 Home","DDR4, Intel",0.211864406779661,0.614406779661017,0.13983050847457626,0.6599999999999999,1.074206896551724,1.0,0.009659580580293009,1.1340977068793616,0.08765070055392626,0.20370370370370366,0.11824175824175796,0.4437931034482758
"Everyday Use, Windows 11 Home",DDR4,0.11652542372881355,0.871822033898305,0.10911016949152542,0.9363636363636364,1.0740307080525793,1.0,0.0075207375754093725,2.0142251815980647,0.07801913808758826,0.12409638554216867,0.5035311795642379,0.5307577598586104
"DDR4, Everyday Use, Laptop",Intel,0.06779661016949153,0.7129237288135594,0.05190677966101695,0.765625,1.0739227340267459,1.0,0.0035729675380637704,1.2248587570621468,0.0738404452690166,0.07122093023255814,0.1835793357933578,0.4192166604754829
"Core i3, Intel, Windows 10 Home",Processing & Multitasking,0.08898305084745763,0.7870762711864406,0.07521186440677965,0.8452380952380952,1.0738960456322502,1.0,0.005175416546969264,1.375814863102999,0.07553226334752705,0.09391534391534391,0.2731580194266763,0.47039832083573674
"Core i3, DDR4, Windows 10 Home",Processing & Multitasking,0.08898305084745763,0.7870762711864406,0.07521186440677965,0.8452380952380952,1.0738960456322502,1.0,0.005175416546969264,1.375814863102999,0.07553226334752705,0.09391534391534391,0.2731580194266763,0.47039832083573674
"Core i3, Windows 10 Home",Processing & Multitasking,0.08898305084745763,0.7870762711864406,0.07521186440677965,0.8452380952380952,1.0738960456322502,1.0,0.005175416546969264,1.375814863102999,0.07553226334752705,0.09391534391534391,0.2731580194266763,0.47039832083573674
"Core i3, DDR4, Intel, Windows 10 Home",Processing & Multitasking,0.08898305084745763,0.7870762711864406,0.07521186440677965,0.8452380952380952,1.0738960456322502,1.0,0.005175416546969264,1.375814863102999,0.07553226334752705,0.09391534391534391,0.2731580194266763,0.47039832083573674
"8 GB, Everyday Use, Thin and Light Laptop",DDR4,0.09957627118644068,0.871822033898305,0.09322033898305085,0.9361702127659575,1.0738088467206122,1.0,0.0064075517092789525,2.008121468926555,0.07633689839572204,0.10615199034981906,0.5020221557939163,0.5215480468447041
4 GB,Processing & Multitasking,0.10911016949152542,0.7870762711864406,0.09216101694915255,0.8446601941747574,1.0731618079420875,1.0,0.006282991597242174,1.370696504237289,0.0765235693687045,0.11462450592885377,0.2704438970197561,0.48087653046557516
"8 GB, Intel, Thin and Light Laptop",DDR4,0.2457627118644068,0.871822033898305,0.2298728813559322,0.9353448275862069,1.0728621108643734,1.0,0.01561153404194196,1.982485875706214,0.09004297623362496,0.25894988066825775,0.4955827871188371,0.5995071647044036
"DDR4, Laptop, Processing & Multitasking",8 GB,0.09322033898305085,0.5720338983050848,0.057203389830508475,0.6136363636363636,1.0727272727272728,1.0,0.003878195920712438,1.1076769690927217,0.0747663551401869,0.0940766550522648,0.09720972097209717,0.3568181818181818
"8 GB, Thin and Light Laptop, Windows 11 Home",Intel,0.1440677966101695,0.7129237288135594,0.11016949152542373,0.7647058823529411,1.0726335110567258,1.0,0.007460140764148221,1.2200741525423724,0.07911271896420399,0.14751773049645392,0.18037768612980218,0.45961891443055675
"Core i5, DDR4",Processing & Multitasking,0.2711864406779661,0.7870762711864406,0.2288135593220339,0.84375,1.072005383580081,1.0,0.015369146796897465,1.36271186440678,0.09216192937123181,0.27586206896551724,0.2661691542288559,0.5672316621803499
"Core i5, DDR4, Intel",Processing & Multitasking,0.2711864406779661,0.7870762711864406,0.2288135593220339,0.84375,1.072005383580081,1.0,0.015369146796897465,1.36271186440678,0.09216192937123181,0.27586206896551724,0.2661691542288559,0.5672316621803499
"Core i7, Processing & Multitasking","DDR4, Intel",0.08686440677966102,0.614406779661017,0.057203389830508475,0.6585365853658536,1.071825063078217,1.0,0.0038333093938523397,1.1292372881355928,0.07338661166967428,0.08881578947368421,0.11444652908067515,0.3758200168208578
"8 GB, Windows 11 Home","DDR4, Intel",0.2108050847457627,0.614406779661017,0.13877118644067796,0.6582914572864321,1.0714260959972275,1.0,0.009251113185866133,1.1284272183449648,0.08447154055023315,0.2021604938271605,0.11381081230327446,0.44207676312597466
"Everyday Use, Processing & Multitasking",DDR4,0.1281779661016949,0.871822033898305,0.11970338983050847,0.9338842975206613,1.0711868491610015,1.0,0.007955014722780818,1.9386917372881396,0.07622662609275375,0.13598074608904934,0.4841882385082997,0.5355934245805007
"Thin and Light Laptop, Windows 11 Home",Intel,0.2330508474576271,0.7129237288135594,0.17796610169491525,0.7636363636363637,1.071133324327975,1.0,0.011818622522263705,1.2145534550195567,0.08658905551170737,0.23172413793103447,0.1766521301576652,0.5066324463055518
"Everyday Use, Windows 11 Home",Intel,0.11652542372881355,0.7129237288135594,0.08898305084745763,0.7636363636363637,1.071133324327975,1.0,0.005909311261131853,1.2145534550195567,0.07516843667922797,0.12017167381974247,0.1766521301576652,0.4442253140618668
"DDR4, Processing & Multitasking, Windows 10 Home",Thin and Light Laptop,0.336864406779661,0.513771186440678,0.1853813559322034,0.550314465408805,1.0711275367956947,1.0,0.012310129991381785,1.0812640749081426,0.10013692377909629,0.2786624203821656,0.07515654759457935,0.45556960383842315
Everyday Use,Intel,0.21927966101694915,0.7129237288135594,0.1673728813559322,0.7632850241545893,1.070640509363941,1.0,0.011043207770755514,1.2127507782774123,0.08451127561273025,0.21883656509695287,0.17542827602189034,0.499027356059464
"8 GB, Core i5",Processing & Multitasking,0.2086864406779661,0.7870762711864406,0.17584745762711865,0.8426395939086294,1.070594584992929,1.0,0.011595312051134732,1.353095954073264,0.08332930114030418,0.2144702842377261,0.26095411268530444,0.533029083629954
"8 GB, Core i5, Intel",Processing & Multitasking,0.2086864406779661,0.7870762711864406,0.17584745762711865,0.8426395939086294,1.070594584992929,1.0,0.011595312051134732,1.353095954073264,0.08332930114030418,0.2144702842377261,0.26095411268530444,0.533029083629954
"Everyday Use, Thin and Light Laptop, Windows 11 Home",Intel,0.08050847457627118,0.7129237288135594,0.0614406779661017,0.7631578947368421,1.07046218815985,1.0,0.004044276070094804,1.2120998116760828,0.07158747815032583,0.08393632416787265,0.174985434064867,0.42466958629858453
"Thin and Light Laptop, Windows 11 Home","DDR4, Intel, Processing & Multitasking",0.2330508474576271,0.4841101694915254,0.12076271186440678,0.5181818181818182,1.070379948279292,1.0,0.007940426601551281,1.0707147425647585,0.08573228651739852,0.20248667850799293,0.0660444278514094,0.3838173861149791
"DDR4, Intel, Windows 11 Home",8 GB,0.2266949152542373,0.5720338983050848,0.13877118644067796,0.6121495327102803,1.0701280719972306,1.0,0.00909401034185578,1.1034306718399016,0.08474328139705105,0.2102728731942215,0.09373554177847662,0.42737106265143643
"Gaming, Windows 10 Home",DDR4,0.1419491525423729,0.871822033898305,0.13241525423728814,0.9328358208955224,1.0699842222665532,1.0,0.008660855357655858,1.9084274952919036,0.07622716049382726,0.15024038461538464,0.47600838781300153,0.5423595872399848
"AMD, Gaming Laptop",DDR4,0.09427966101694915,0.871822033898305,0.08792372881355932,0.9325842696629214,1.0696956871953802,1.0,0.005728642990519978,1.9013064971751437,0.07193687028817038,0.10012062726176117,0.4740458724115523,0.5167174082214971
"8 GB, Windows 10 Home",Processing & Multitasking,0.2680084745762712,0.7870762711864406,0.225635593220339,0.841897233201581,1.0696513972305417,1.0,0.014692482404481483,1.3467425847457632,0.08895728446899445,0.27203065134099613,0.25746760269797286,0.5642864362508578
"Black, Intel",DDR4,0.07838983050847458,0.871822033898305,0.07309322033898305,0.9324324324324325,1.069521526386654,1.0,0.0047512388681413414,1.897033898305086,0.07053140096618363,0.08333333333333333,0.4728612910431096,0.5081360218055236
"8 GB, Everyday Use, Processing & Multitasking",DDR4,0.09322033898305085,0.871822033898305,0.08686440677966102,0.9318181818181819,1.0688169667513532,1.0,0.00559286124676818,1.8799435028248612,0.07100524276270813,0.09891435464414959,0.4680691209616836,0.5157268308847897
"DDR4, Performance",Intel,0.06673728813559322,0.7129237288135594,0.05084745762711865,0.761904761904762,1.0687044505766645,1.0,0.0032688613185866133,1.205720338983051,0.06888479001135074,0.06976744186046512,0.17062027763134785,0.4166135993773438
"Core i3, Thin and Light Laptop",Processing & Multitasking,0.13983050847457626,0.7870762711864406,0.11758474576271187,0.840909090909091,1.0683959378441212,1.0,0.007527470554438406,1.3383777239709458,0.07442417787245399,0.14528795811518327,0.2528267752148357,0.4951517190750031
"Core i3, Intel, Thin and Light Laptop",Processing & Multitasking,0.13983050847457626,0.7870762711864406,0.11758474576271187,0.840909090909091,1.0683959378441212,1.0,0.007527470554438406,1.3383777239709458,0.07442417787245399,0.14528795811518327,0.2528267752148357,0.4951517190750031
"AMD, Ryzen 5 Hexa Core","DDR4, Processing & Multitasking",0.09110169491525423,0.6747881355932204,0.06567796610169492,0.7209302325581396,1.0683801248585303,1.0,0.004203623240448151,1.165342514124294,0.07041882848334467,0.09379727685325266,0.1418831906673738,0.4091307363732613
Ryzen 5 Hexa Core,"DDR4, Processing & Multitasking",0.09110169491525423,0.6747881355932204,0.06567796610169492,0.7209302325581396,1.0683801248585303,1.0,0.004203623240448151,1.165342514124294,0.07041882848334467,0.09379727685325266,0.1418831906673738,0.4091307363732613
"8 GB, DDR4, Everyday Use, Thin and Light Laptop",Intel,0.09322033898305085,0.7129237288135594,0.07097457627118645,0.7613636363636364,1.0679454275293798,1.0,0.0045155846021258245,1.2029862792574655,0.07016320267819776,0.09654178674351585,0.16873532371687336,0.43045893556666215
"Everyday Use, Thin and Light Laptop",DDR4,0.1228813559322034,0.871822033898305,0.11440677966101695,0.9310344827586207,1.0679180458373487,1.0,0.007276106004021829,1.8585805084745761,0.07250849883700121,0.12996389891696752,0.46195497292675974,0.5311308501277915
Laptop,8 GB,0.13877118644067796,0.5720338983050848,0.0847457627118644,0.6106870229007634,1.0675713881820752,1.0,0.005363939959781669,1.0992854769026255,0.07349323493234929,0.13536379018612518,0.09031819212455594,0.37941758552445576
"8 GB, Everyday Use, Intel, Thin and Light Laptop",DDR4,0.07627118644067797,0.871822033898305,0.07097457627118645,0.9305555555555556,1.0673687052787904,1.0,0.004479675380637746,1.8457627118644082,0.06832808434889769,0.08091787439613528,0.45821854912764043,0.5059825165384096
"Core i5, Windows 11 Home",Processing & Multitasking,0.1059322033898305,0.7870762711864406,0.08898305084745763,0.8400000000000001,1.067240915208614,1.0,0.005606327204826206,1.3307733050847468,0.07046941999548643,0.11067193675889328,0.2485572139303488,0.4765275908479139
"Core i5, Intel, Windows 11 Home",Processing & Multitasking,0.1059322033898305,0.7870762711864406,0.08898305084745763,0.8400000000000001,1.067240915208614,1.0,0.005606327204826206,1.3307733050847468,0.07046941999548643,0.11067193675889328,0.2485572139303488,0.4765275908479139
"AMD, Ryzen 5 Hexa Core",DDR4,0.09110169491525423,0.871822033898305,0.0847457627118644,0.9302325581395349,1.0669982197858092,1.0,0.005321297759264584,1.8372175141242941,0.06908508158508166,0.09650180940892641,0.45569863540265243,0.5137189522167905
Ryzen 5 Hexa Core,DDR4,0.09110169491525423,0.871822033898305,0.0847457627118644,0.9302325581395349,1.0669982197858092,1.0,0.005321297759264584,1.8372175141242941,0.06908508158508166,0.09650180940892641,0.45569863540265243,0.5137189522167905
"Intel, Processing & Multitasking, Thin and Light Laptop",8 GB,0.3474576271186441,0.5720338983050848,0.211864406779661,0.6097560975609756,1.065943992773261,1.0,0.01310686584314849,1.0966631355932202,0.09480519480519459,0.2994011976047904,0.08814296063752707,0.490063233965673
"Core i5, Intel, Windows 10 Home",DDR4,0.1483050847457627,0.871822033898305,0.13771186440677965,0.9285714285714286,1.065092865821906,1.0,0.008416223786268329,1.7944915254237304,0.07175660160734801,0.156062424969988,0.4427390791027159,0.5432650581496268
"Core i5, Windows 10 Home",DDR4,0.1483050847457627,0.871822033898305,0.13771186440677965,0.9285714285714286,1.065092865821906,1.0,0.008416223786268329,1.7944915254237304,0.07175660160734801,0.156062424969988,0.4427390791027159,0.5432650581496268
"Core i5, Intel, Thin and Light Laptop","8 GB, DDR4",0.1853813559322034,0.5423728813559322,0.10699152542372882,0.5771428571428572,1.064107142857143,1.0,0.006445705257110024,1.082226294090701,0.07395485972524428,0.17235494880546076,0.07597883597883606,0.3872042410714286
"Core i5, Thin and Light Laptop","8 GB, DDR4",0.1853813559322034,0.5423728813559322,0.10699152542372882,0.5771428571428572,1.064107142857143,1.0,0.006445705257110024,1.082226294090701,0.07395485972524428,0.17235494880546076,0.07597883597883606,0.3872042410714286
"Core i3, DDR4, Thin and Light Laptop",Processing & Multitasking,0.13665254237288135,0.7870762711864406,0.11440677966101695,0.8372093023255814,1.0636952643275221,1.0,0.00685080616202241,1.3079600484261507,0.06935923653715068,0.14136125654450263,0.23545065370820353,0.4912829822529657
"Core i3, DDR4, Intel, Thin and Light Laptop",Processing & Multitasking,0.13665254237288135,0.7870762711864406,0.11440677966101695,0.8372093023255814,1.0636952643275221,1.0,0.00685080616202241,1.3079600484261507,0.06935923653715068,0.14136125654450263,0.23545065370820353,0.4912829822529657
"Core i5, DDR4, Windows 10 Home",Thin and Light Laptop,0.13771186440677965,0.513771186440678,0.07521186440677965,0.5461538461538461,1.0630293417922283,1.0,0.0044594764435507,1.0713516230968112,0.06876146312766025,0.13051470588235292,0.06659963130551351,0.34627279936558286
"Core i5, DDR4, Intel, Windows 10 Home",Thin and Light Laptop,0.13771186440677965,0.513771186440678,0.07521186440677965,0.5461538461538461,1.0630293417922283,1.0,0.0044594764435507,1.0713516230968112,0.06876146312766025,0.13051470588235292,0.06659963130551351,0.34627279936558286
"Gaming, Gaming Laptop",DDR4,0.20233050847457626,0.871822033898305,0.1875,0.9267015706806283,1.0629480956531143,1.0,0.01110380458201668,1.7487136803874106,0.07424163984363875,0.21146953405017924,0.4281510968802739,0.5708841996781028
"8 GB, Thin and Light Laptop, Windows 11 Home",DDR4,0.1440677966101695,0.871822033898305,0.13347457627118645,0.9264705882352942,1.062683153455793,1.0,0.007873096811261138,1.7432203389830525,0.06891403426056897,0.1512605042016807,0.42634905201750173,0.5397845043242084
"DDR4, Everyday Use",Intel,0.2097457627118644,0.7129237288135594,0.15889830508474576,0.7575757575757576,1.062632266198388,1.0,0.009365573829359375,1.1841896186440677,0.07458445040214473,0.20804438280166435,0.15554064631555392,0.4902291863658877
"Processing & Multitasking, Windows 10 Home","8 GB, DDR4",0.375,0.5423728813559322,0.21610169491525424,0.576271186440678,1.0625,1.0,0.012711864406779655,1.08,0.09411764705882349,0.3081570996978852,0.07407407407407413,0.487354343220339
"8 GB, Intel, Processing & Multitasking",DDR4,0.3305084745762712,0.871822033898305,0.3061440677966102,0.9262820512820513,1.0624668972178086,1.0,0.017999497270899167,1.7387619749447325,0.08781919320222503,0.34160756501182044,0.42487815215087993,0.6387181823846466
"8 GB, DDR4, Windows 10 Home",Processing & Multitasking,0.2584745762711864,0.7870762711864406,0.21610169491525424,0.836065573770492,1.0622421287205175,1.0,0.012662489227233592,1.2988347457627134,0.07901960784313748,0.26053639846743293,0.2300791126335544,0.5553140789444654
"Black, Processing & Multitasking",DDR4,0.0858050847457627,0.871822033898305,0.07944915254237288,0.9259259259259259,1.0620584132127269,1.0,0.0046423890405056095,1.7304025423728822,0.06391657010428749,0.09047044632086852,0.4220997857361496,0.5085279690382971
"DDR4, Intel, Processing & Multitasking, Windows 11 Home",8 GB,0.17266949152542374,0.5720338983050848,0.1048728813559322,0.607361963190184,1.0617586912065438,1.0,0.006100079000287265,1.089976165254237,0.07030613432662079,0.1639072847682119,0.08254874567211301,0.39534764826175867
"DDR4, Everyday Use",Thin and Light Laptop,0.2097457627118644,0.513771186440678,0.11440677966101695,0.5454545454545454,1.061668228678538,1.0,0.006645450301637462,1.0697033898305084,0.07350312779267204,0.18782608695652175,0.06516141810259446,0.3840674789128397
"16 GB, Core i7","DDR4, Intel",0.09745762711864407,0.614406779661017,0.0635593220338983,0.6521739130434782,1.0614692653673161,1.0,0.003680695202527999,1.108580508474576,0.06416275430359919,0.0980392156862745,0.09794553272814109,0.37781109445277355
"Intel, Windows 10 Home",DDR4,0.3114406779661017,0.871822033898305,0.288135593220339,0.9251700680272109,1.0611914267529614,1.0,0.016614747917265194,1.7129237288135606,0.08374434389140291,0.32189349112426036,0.4162028447742738,0.6278341227134839
"8 GB, Intel, Processing & Multitasking, Thin and Light Laptop",DDR4,0.211864406779661,0.871822033898305,0.19597457627118645,0.925,1.060996354799514,1.0,0.011266518241884543,1.7090395480226006,0.07294391165358925,0.220763723150358,0.4148760330578518,0.5748936816524909
"Entertainment, Performance",DDR4,0.05614406779661017,0.871822033898305,0.05190677966101695,0.9245283018867924,1.060455306173915,1.0,0.0029591442832519396,1.698358050847456,0.0603999175427747,0.05925030229746071,0.411196008108529,0.49203328824594783
"Entertainment, Performance, Processing & Multitasking",DDR4,0.05614406779661017,0.871822033898305,0.05190677966101695,0.9245283018867924,1.060455306173915,1.0,0.0029591442832519396,1.698358050847456,0.0603999175427747,0.05925030229746071,0.411196008108529,0.49203328824594783
"DDR4, Intel, Windows 10 Home",Processing & Multitasking,0.288135593220339,0.7870762711864406,0.24046610169491525,0.8345588235294117,1.0603277650225635,1.0,0.013681413386957775,1.2870056497175137,0.0799244808055381,0.2880710659898477,0.22300263388937644,0.5700384965560921
"8 GB, Core i5, DDR4, Intel",Processing & Multitasking,0.1917372881355932,0.7870762711864406,0.15995762711864406,0.8342541436464088,1.0599406616449663,1.0,0.009045757325481185,1.2846398305084747,0.06996606285749006,0.19534282018111254,0.22157169951348238,0.5187421458474305
"8 GB, Core i5, DDR4",Processing & Multitasking,0.1917372881355932,0.7870762711864406,0.15995762711864406,0.8342541436464088,1.0599406616449663,1.0,0.009045757325481185,1.2846398305084747,0.06996606285749006,0.19534282018111254,0.22157169951348238,0.5187421458474305
"Core i3, Windows 11 Home",DDR4,0.09745762711864407,0.871822033898305,0.09004237288135593,0.9239130434782608,1.0597495905753076,1.0,0.005076666187877041,1.6846246973365597,0.06246893123446554,0.10240963855421688,0.4063959755659354,0.5135968619578424
"Core i3, Intel, Windows 11 Home",DDR4,0.09745762711864407,0.871822033898305,0.09004237288135593,0.9239130434782608,1.0597495905753076,1.0,0.005076666187877041,1.6846246973365597,0.06246893123446554,0.10240963855421688,0.4063959755659354,0.5135968619578424
"Processing & Multitasking, Thin and Light Laptop, Windows 10 Home",Intel,0.2076271186440678,0.7129237288135594,0.15677966101694915,0.7551020408163265,1.0591624465536584,1.0,0.008757361390405033,1.1722281073446323,0.0704942910825262,0.20527045769764216,0.14692371413510022,0.48750644388513203
"Everyday Use, Intel, Thin and Light Laptop",DDR4,0.09639830508474577,0.871822033898305,0.08898305084745763,0.923076923076923,1.0587905411720722,1.0,0.004940884444125243,1.6663135593220333,0.06144978507229377,0.10120481927710843,0.3998728544183087,0.5125712683428357
Entertainment,DDR4,0.06885593220338983,0.871822033898305,0.0635593220338983,0.9230769230769231,1.0587905411720722,1.0,0.0035292031743751826,1.6663135593220355,0.0596321577550247,0.07246376811594203,0.3998728544183096,0.4979904663987289
Transparent Silver,DDR4,0.0815677966101695,0.871822033898305,0.07521186440677965,0.9220779220779219,1.0576446639630113,1.0,0.0040992620654984185,1.644950564971749,0.05934337280894129,0.0856453558504222,0.39207899538477964,0.504173833456944
"8 GB, DDR4, Processing & Multitasking, Thin and Light Laptop, Windows 10 Home",Intel,0.13347457627118645,0.7129237288135594,0.10063559322033898,0.753968253968254,1.0575721125498243,1.0,0.0054784006032749105,1.1668261344997264,0.06282331746235995,0.13494318181818182,0.14297428688572583,0.4475636217835326
"DDR4, Everyday Use, Processing & Multitasking, Thin and Light Laptop",Intel,0.06885593220338983,0.7129237288135594,0.05190677966101695,0.7538461538461538,1.0574008458109498,1.0,0.002817751723642632,1.166247351694915,0.058299087553109995,0.07111756168359942,0.1425489639511778,0.4133272373985598
"DDR4, Intel, Thin and Light Laptop, Windows 11 Home",Processing & Multitasking,0.1451271186440678,0.7870762711864406,0.12076271186440678,0.8321167883211679,1.0572250984861138,1.0,0.00653660047400173,1.2682848194546796,0.06331659383899657,0.14882506527415143,0.2115335730108582,0.4927744103113242
"16 GB, Processing & Multitasking",Thin and Light Laptop,0.2341101694915254,0.513771186440678,0.1271186440677966,0.5429864253393665,1.0568643000419833,1.0,0.006839584530307377,1.0639264138278233,0.0702512678653757,0.20477815699658702,0.0600853715040565,0.3952045528758688
"DDR4, Processing & Multitasking, Windows 11 Home",8 GB,0.23834745762711865,0.5720338983050848,0.1440677966101695,0.6044444444444445,1.0566584362139917,1.0,0.00772497127262281,1.0819367739478194,0.07040006545038044,0.2162162162162162,0.07573157315731568,0.42814814814814817
"8 GB, Processing & Multitasking, Windows 11 Home",Intel,0.163135593220339,0.7129237288135594,0.1228813559322034,0.7532467532467533,1.0565600818201115,1.0,0.006578120511347305,1.163414362176628,0.06396769969445648,0.1631504922644163,0.14046101499976035,0.46280465448370356
"8 GB, Everyday Use, Thin and Light Laptop, Windows 11 Home",DDR4,0.06673728813559322,0.871822033898305,0.0614406779661017,0.9206349206349207,1.0559895079943684,1.0,0.003257639686871594,1.6150423728813577,0.056812399702532476,0.07004830917874397,0.38082119900301786,0.49555439834905207
"Thin and Light Laptop, Windows 11 Home","8 GB, DDR4",0.2330508474576271,0.5423728813559322,0.13347457627118645,0.5727272727272728,1.055965909090909,1.0,0.007074116633151412,1.0710421925712226,0.06910462159080961,0.20792079207920794,0.06632996632996639,0.4094105113636364
"8 GB, DDR4, Intel, Windows 10 Home",Thin and Light Laptop,0.1875,0.513771186440678,0.1016949152542373,0.5423728813559322,1.0556701030927835,1.0,0.0053628177966101725,1.0625,0.06490384615384619,0.16961130742049468,0.05882352941176466,0.3701555128429146
"Black, Windows 10 Home",Processing & Multitasking,0.0625,0.7870762711864406,0.05190677966101695,0.8305084745762712,1.0551816958277256,1.0,0.00271451271186441,1.2562500000000003,0.055782312925170136,0.06507304116865871,0.20398009950248777,0.448228665282752
"Everyday Use, Intel, Processing & Multitasking",DDR4,0.09216101694915255,0.871822033898305,0.0847457627118644,0.9195402298850573,1.0547338724319493,1.0,0.004397757469118066,1.5930690072639206,0.057161610268378016,0.09638554216867469,0.37228080174788564,0.5083727880895518
"8 GB, Processing & Multitasking, Thin and Light Laptop, Windows 10 Home",Intel,0.1408898305084746,0.7129237288135594,0.1059322033898305,0.7518796992481201,1.0546425499111818,1.0,0.00548850007181842,1.1570043656908056,0.06030826140567176,0.14164305949008496,0.1356990261631933,0.45023405467606603
"Core i5, Processing & Multitasking, Windows 10 Home",DDR4,0.13135593220338984,0.871822033898305,0.12076271186440678,0.9193548387096773,1.0545212244737976,1.0,0.006243715886239579,1.5894067796610145,0.05952075310226779,0.13685474189675872,0.3708344441482262,0.5289362285893465
"Core i5, Intel, Processing & Multitasking, Windows 10 Home",DDR4,0.13135593220338984,0.871822033898305,0.12076271186440678,0.9193548387096773,1.0545212244737976,1.0,0.006243715886239579,1.5894067796610145,0.05952075310226779,0.13685474189675872,0.3708344441482262,0.5289362285893465
"8 GB, Everyday Use, Intel, Processing & Multitasking",DDR4,0.06567796610169492,0.871822033898305,0.06038135593220339,0.9193548387096773,1.0545212244737976,1.0,0.0031218579431197893,1.5894067796610145,0.055336754584874824,0.06884057971014493,0.3708344441482262,0.4943068239720926
"8 GB, Intel, Thin and Light Laptop, Windows 11 Home","DDR4, Processing & Multitasking",0.11016949152542373,0.6747881355932204,0.07838983050847458,0.7115384615384616,1.0544620214949885,1.0,0.004048764722780804,1.1274011299435027,0.058043758043757956,0.11094452773613192,0.11300425958406413,0.41385400313971743
"8 GB, Everyday Use, Processing & Multitasking","DDR4, Intel",0.09322033898305085,0.614406779661017,0.06038135593220339,0.6477272727272727,1.05423197492163,1.0,0.0031061476587187567,1.0945872061235646,0.0567306115756681,0.09328968903436989,0.08641358641358629,0.3730015673981191
"8 GB, Core i5",DDR4,0.2086864406779661,0.871822033898305,0.1917372881355932,0.9187817258883249,1.0538638508366691,1.0,0.009799850976730834,1.5781912076271187,0.06458985111717594,0.21573301549463644,0.36636321684775774,0.5693544109393022
"8 GB, Core i5, Intel",DDR4,0.2086864406779661,0.871822033898305,0.1917372881355932,0.9187817258883249,1.0538638508366691,1.0,0.009799850976730834,1.5781912076271187,0.06458985111717594,0.21573301549463644,0.36636321684775774,0.5693544109393022
"Processing & Multitasking, Thin and Light Laptop, Windows 11 Home",Intel,0.2044491525423729,0.7129237288135594,0.15360169491525424,0.7512953367875648,1.0538228795356035,1.0,0.007845042731973562,1.15428584039548,0.06419945819367272,0.20110957004160884,0.13366346098694137,0.483374265719191
Windows 10 Home,"8 GB, DDR4",0.4523305084745763,0.5423728813559322,0.2584745762711864,0.5714285714285714,1.0535714285714286,1.0,0.01314277506463657,1.0677966101694913,0.09284332688587989,0.35107913669064744,0.06349206349206343,0.5239955357142857
Windows 10 Home,Processing & Multitasking,0.4523305084745763,0.7870762711864406,0.375,0.82903981264637,1.0533157242774875,1.0,0.01898139004596383,1.2454579753889015,0.09242260324121139,0.4338235294117648,0.19708250317499135,0.6527433248965363
"Entertainment, Processing & Multitasking",DDR4,0.0646186440677966,0.871822033898305,0.059322033898305086,0.918032786885246,1.05300480050993,1.0,0.0029860761993680054,1.5637711864406811,0.05381410774955522,0.0676328502415459,0.3605202547080354,0.4930382646455392
"Processing & Multitasking, Transparent Silver",DDR4,0.07733050847457627,0.871822033898305,0.07097457627118645,0.9178082191780822,1.0527472161653824,1.0,0.0035561350904912414,1.5594985875706222,0.05430368250595478,0.08082026537997589,0.35876825540586466,0.49960884834967295
Thin and Light Laptop,Intel,0.513771186440678,0.7129237288135594,0.3855932203389831,0.7505154639175258,1.0527289716762918,1.0,0.019313550344728536,1.1506776159125927,0.10301300007182364,0.45843828715365237,0.13094685586031105,0.6456886383480644
Intel,Thin and Light Laptop,0.7129237288135594,0.513771186440678,0.3855932203389831,0.5408618127786032,1.0527289716762915,1.0,0.019313550344728536,1.0590032088201413,0.17447589311057957,0.45843828715365237,0.055715797958608794,0.6456886383480644
"Core i3, Thin and Light Laptop, Windows 11 Home",Processing & Multitasking,0.06779661016949153,0.7870762711864406,0.05614406779661017,0.828125,1.0521534320323016,1.0,0.002782964665326064,1.2388289676425273,0.05317324185248729,0.07029177718832892,0.19278606965174147,0.44972871803499326
"Core i3, Intel, Thin and Light Laptop, Windows 11 Home",Processing & Multitasking,0.06779661016949153,0.7870762711864406,0.05614406779661017,0.828125,1.0521534320323016,1.0,0.002782964665326064,1.2388289676425273,0.05317324185248729,0.07029177718832892,0.19278606965174147,0.44972871803499326
"8 GB, Processing & Multitasking, Thin and Light Laptop, Windows 11 Home",Intel,0.11864406779661017,0.7129237288135594,0.08898305084745763,0.75,1.0520059435364042,1.0,0.004398879632289562,1.1483050847457625,0.05608974358974347,0.11982881597717544,0.129151291512915,0.437407132243685
"8 GB, Windows 10",Intel,0.06779661016949153,0.7129237288135594,0.05084745762711865,0.75,1.0520059435364042,1.0,0.002513645504165468,1.1483050847457625,0.053030303030303,0.06966618287373004,0.129151291512915,0.41066121842496284
"Processing & Multitasking, Windows 10 Home",8 GB,0.375,0.5720338983050848,0.225635593220339,0.6016949152542374,1.0518518518518518,1.0,0.011122881355932202,1.074468085106383,0.0788732394366197,0.31277533039647576,0.06930693069306938,0.4980696798493409
"Everyday Use, Intel, Windows 11 Home",DDR4,0.08898305084745763,0.871822033898305,0.0815677966101695,0.9166666666666667,1.0514378290805997,1.0,0.003990412237862687,1.5381355932203409,0.05369978858350955,0.0927710843373494,0.34986225895316886,0.5051134062373431
"8 GB, Core i5, Intel, Processing & Multitasking, Thin and Light Laptop, Windows 10 Home",DDR4,0.0635593220338983,0.871822033898305,0.05826271186440678,0.9166666666666666,1.0514378290805995,1.0,0.0028502944556162077,1.5381355932203389,0.05224187577128764,0.06642512077294686,0.34986225895316797,0.4917476711219117
"8 GB, Core i5, Processing & Multitasking, Thin and Light Laptop, Windows 10 Home",DDR4,0.0635593220338983,0.871822033898305,0.05826271186440678,0.9166666666666666,1.0514378290805995,1.0,0.0028502944556162077,1.5381355932203389,0.05224187577128764,0.06642512077294686,0.34986225895316797,0.4917476711219117
"8 GB, Everyday Use, Intel, Windows 11 Home",DDR4,0.0635593220338983,0.871822033898305,0.05826271186440678,0.9166666666666666,1.0514378290805995,1.0,0.0028502944556162077,1.5381355932203389,0.05224187577128764,0.06642512077294686,0.34986225895316797,0.4917476711219117
"8 GB, Core i5, Intel, Thin and Light Laptop, Windows 10 Home",DDR4,0.0635593220338983,0.871822033898305,0.05826271186440678,0.9166666666666666,1.0514378290805995,1.0,0.0028502944556162077,1.5381355932203389,0.05224187577128764,0.06642512077294686,0.34986225895316797,0.4917476711219117
"Black, Intel, Processing & Multitasking",DDR4,0.0635593220338983,0.871822033898305,0.05826271186440678,0.9166666666666666,1.0514378290805995,1.0,0.0028502944556162077,1.5381355932203389,0.05224187577128764,0.06642512077294686,0.34986225895316797,0.4917476711219117
"AMD, Thin and Light Laptop",DDR4,0.11440677966101695,0.871822033898305,0.1048728813559322,0.9166666666666666,1.0514378290805995,1.0,0.0051305300201091725,1.5381355932203389,0.05524140930839505,0.11899038461538461,0.34986225895316797,0.5184791413527744
"8 GB, Core i5, Thin and Light Laptop, Windows 10 Home",DDR4,0.0635593220338983,0.871822033898305,0.05826271186440678,0.9166666666666666,1.0514378290805995,1.0,0.0028502944556162077,1.5381355932203389,0.05224187577128764,0.06642512077294686,0.34986225895316797,0.4917476711219117
"AMD, DDR4, Processing & Multitasking",8 GB,0.17796610169491525,0.5720338983050848,0.10699152542372882,0.6011904761904763,1.0509700176366843,1.0,0.00518888250502729,1.0731090311156086,0.05899765234255382,0.16639209225700166,0.06812824139556826,0.39411375661375664
"Thin and Light Laptop, Windows 11 Home","DDR4, Processing & Multitasking",0.2330508474576271,0.6747881355932204,0.1652542372881356,0.7090909090909091,1.050834879406308,1.0,0.007994290433783385,1.117915783898305,0.06307550644567211,0.22253922967189727,0.10547823511992888,0.47699443413729126
Black,"Intel, Processing & Multitasking",0.1059322033898305,0.5709745762711864,0.0635593220338983,0.6,1.050834879406308,1.0,0.0030747270899166915,1.072563559322034,0.054107424960505544,0.10362694300518137,0.06765432098765432,0.35565862708719853
Windows 10 Home,DDR4,0.4523305084745763,0.871822033898305,0.4141949152542373,0.9156908665105387,1.050318563773935,1.0,0.019843211361677715,1.5203330979284377,0.08747594572266734,0.4551804423748545,0.3422494048425498,0.6953909982613447
"DDR4, Thin and Light Laptop, Windows 11 Home",Intel,0.19385593220338984,0.7129237288135594,0.1451271186440678,0.7486338797814207,1.05008972141703,1.0,0.00692262460499854,1.1420642962417091,0.05917108683349778,0.1905424200278164,0.12439255540096351,0.47610000081195847
"DDR4, Processing & Multitasking, Thin and Light Laptop, Windows 10 Home",Intel,0.1853813559322034,0.7129237288135594,0.13877118644067796,0.7485714285714286,1.0500021226915728,1.0,0.0066084189169778595,1.1417806240369797,0.05845799541389116,0.1827057182705718,0.12417501317870303,0.47161112290384205
"8 GB, Everyday Use",Intel,0.1641949152542373,0.7129237288135594,0.1228813559322034,0.7483870967741936,1.0497435651632077,1.0,0.005822904696926159,1.1409441547153412,0.056695511559809335,0.16292134831460672,0.12353291274848227,0.46037482624742365
"8 GB, Core i5, DDR4, Windows 10 Home",Thin and Light Laptop,0.10805084745762712,0.513771186440678,0.05826271186440678,0.5392156862745098,1.049524964625025,1.0,0.002749299770180978,1.0552199783627838,0.052904340315266606,0.10338345864661652,0.052330300311845775,0.3263088740650899
"8 GB, Core i5, DDR4, Intel, Windows 10 Home",Thin and Light Laptop,0.10805084745762712,0.513771186440678,0.05826271186440678,0.5392156862745098,1.049524964625025,1.0,0.002749299770180978,1.0552199783627838,0.052904340315266606,0.10338345864661652,0.052330300311845775,0.3263088740650899
"Gaming, Intel",DDR4,0.1239406779661017,0.871822033898305,0.11334745762711865,0.9145299145299145,1.0489869250501085,1.0,0.005293243679977022,1.4996822033898305,0.05330606064030561,0.12845138055222088,0.3331920604647878,0.5222710325991007
"DDR4, Everyday Use, Windows 11 Home",Intel,0.10911016949152542,0.7129237288135594,0.0815677966101695,0.7475728155339806,1.048601393557322,1.0,0.003780567724791725,1.1372636897001303,0.052025263678057945,0.11015736766809729,0.1206964496829433,0.4309929456570349
Gaming Laptop,DDR4,0.22139830508474576,0.871822033898305,0.20233050847457626,0.9138755980861244,1.0482364089833553,1.0,0.009310587833955775,1.4882886064030136,0.059101755885600404,0.22711058263971462,0.3280873106884418,0.5729766811815798
"8 GB, Core i3, Intel, Windows 11 Home",DDR4,0.0858050847457627,0.871822033898305,0.07838983050847458,0.9135802469135803,1.0478976343698905,1.0,0.0035830670066073073,1.4832021791767571,0.04999843412357912,0.08915662650602411,0.32578308335884165,0.5017475961177865
"8 GB, Core i3, Windows 11 Home",DDR4,0.0858050847457627,0.871822033898305,0.07838983050847458,0.9135802469135803,1.0478976343698905,1.0,0.0035830670066073073,1.4832021791767571,0.04999843412357912,0.08915662650602411,0.32578308335884165,0.5017475961177865
"DDR4, Windows 11 Home",8 GB,0.3199152542372881,0.5720338983050848,0.1917372881355932,0.5993377483443708,1.0477311748834925,1.0,0.008734918126974994,1.0681467992716065,0.06698679885027786,0.27382753403933435,0.06379909514130203,0.467261466764778
"4 GB, Processing & Multitasking","DDR4, Intel",0.09216101694915255,0.614406779661017,0.059322033898305086,0.6436781609195402,1.0476416963931827,1.0,0.002697680264291867,1.0821487151448879,0.05009168194699111,0.09165302782324057,0.07591259315397238,0.3701149425287356
"DDR4, Transparent Silver",Intel,0.07521186440677965,0.7129237288135594,0.05614406779661017,0.7464788732394367,1.0470669484963273,1.0,0.002523744972708998,1.132356403013183,0.048607058721822506,0.07670043415340087,0.11688581674549167,0.4126153652972815
"Processing & Multitasking, Windows 11 Home",Intel,0.2923728813559322,0.7129237288135594,0.21822033898305085,0.7463768115942029,1.0469237892198031,1.0,0.009780774202815284,1.1319007263922516,0.06333934073600372,0.2772543741588156,0.11653029573773979,0.5262344682042337
"Gaming, Processing & Multitasking",DDR4,0.10911016949152542,0.871822033898305,0.09957627118644068,0.9126213592233009,1.0467977680520002,1.0,0.004451621301350184,1.46692561205273,0.05018088901257366,0.11298076923076923,0.31830217443633124,0.5134188205594026
"DDR4, Processing & Multitasking, Transparent Silver",Intel,0.07097457627118645,0.7129237288135594,0.05296610169491525,0.7462686567164178,1.0467720831208,1.0,0.002366642128698644,1.131418245264207,0.04809578107183569,0.07246376811594202,0.11615354959519708,0.4102814308842119
"8 GB, DDR4, Thin and Light Laptop, Windows 11 Home",Intel,0.13347457627118645,0.7129237288135594,0.09957627118644068,0.746031746031746,1.046439774522984,1.0,0.004419078569376608,1.13036281779661,0.05121469073505688,0.13333333333333333,0.11532829614010418,0.4428524257647586
"Everyday Use, Performance, Processing & Multitasking",DDR4,0.06038135593220339,0.871822033898305,0.05508474576271186,0.9122807017543859,1.0464070260706444,1.0,0.0024429492243608214,1.4612288135593217,0.04719885525973474,0.06280193236714976,0.3156444831085978,0.48773208842275795
"Everyday Use, Performance",DDR4,0.06038135593220339,0.871822033898305,0.05508474576271186,0.9122807017543859,1.0464070260706444,1.0,0.0024429492243608214,1.4612288135593217,0.04719885525973474,0.06280193236714976,0.3156444831085978,0.48773208842275795
"4 GB, Intel",Processing & Multitasking,0.09004237288135593,0.7870762711864406,0.07415254237288135,0.8235294117647058,1.046314622753543,1.0,0.0032823272766446393,1.2065677966101696,0.04864460335938795,0.09234828496042216,0.17120280948200173,0.4588710315889478
"8 GB, Thin and Light Laptop, Windows 11 Home",Processing & Multitasking,0.1440677966101695,0.7870762711864406,0.11864406779661017,0.8235294117647058,1.046314622753543,1.0,0.005251723642631434,1.2065677966101696,0.05171499292786428,0.14602346805736638,0.17120280948200173,0.4871348270129047
"8 GB, Processing & Multitasking, Windows 11 Home","DDR4, Intel",0.163135593220339,0.614406779661017,0.1048728813559322,0.6428571428571428,1.0463054187192116,1.0,0.004641266877334085,1.0796610169491523,0.052883263009845125,0.1559055118110236,0.07378335949764497,0.40677339901477827
"8 GB, Windows 10 Home",Thin and Light Laptop,0.2680084745762712,0.513771186440678,0.1440677966101695,0.5375494071146245,1.046281732610733,1.0,0.00637276465096237,1.0514178617992178,0.06043032263556656,0.22591362126245848,0.04890335580872663,0.40898088912432257
"AMD, Processing & Multitasking, Ryzen 5 Hexa Core",DDR4,0.07203389830508475,0.871822033898305,0.06567796610169492,0.911764705882353,1.045815166893003,1.0,0.0028772263717322666,1.4526836158192111,0.047208719988216324,0.07478890229191798,0.31161886242100245,0.4935494246301194
"AMD, Processing & Multitasking, Windows 11 Home",DDR4,0.07203389830508475,0.871822033898305,0.06567796610169492,0.911764705882353,1.045815166893003,1.0,0.0028772263717322666,1.4526836158192111,0.047208719988216324,0.07478890229191798,0.31161886242100245,0.4935494246301194
"Processing & Multitasking, Ryzen 5 Hexa Core",DDR4,0.07203389830508475,0.871822033898305,0.06567796610169492,0.911764705882353,1.045815166893003,1.0,0.0028772263717322666,1.4526836158192111,0.047208719988216324,0.07478890229191798,0.31161886242100245,0.4935494246301194
"Intel, Processing & Multitasking, Windows 10 Home",DDR4,0.263771186440678,0.871822033898305,0.24046610169491525,0.9116465863453814,1.045679681057157,1.0,0.010504569448434364,1.4507415254237277,0.05933508699648215,0.2686390532544378,0.3106973347937198,0.5937333782273687
"Processing & Multitasking, Thin and Light Laptop",Intel,0.4661016949152542,0.7129237288135594,0.3474576271186441,0.7454545454545455,1.0456301499392138,1.0,0.015162668773340993,1.127799636803874,0.08173635307781647,0.4178343949044586,0.11331767863133173,0.6164122652978522
"Laptop, Processing & Multitasking",8 GB,0.09745762711864407,0.5720338983050848,0.05826271186440678,0.5978260869565217,1.0450885668276972,1.0,0.0025136455041654612,1.064131928538708,0.04780196329492088,0.09532062391681109,0.060266896254842786,0.3498389694041868
"Thin and Light Laptop, Windows 10 Home",Intel,0.211864406779661,0.7129237288135594,0.15783898305084745,0.745,1.0449925705794947,1.0,0.006795820166618782,1.1257892987703555,0.054629429169372835,0.20580110497237566,0.11173431734317328,0.48319836552748885
"8 GB, Processing & Multitasking, Thin and Light Laptop, Windows 11 Home",DDR4,0.11864406779661017,0.871822033898305,0.10805084745762712,0.9107142857142857,1.0446103107099463,1.0,0.004614334961218047,1.4355932203389834,0.04845399698340882,0.12244897959183675,0.30342384887839446,0.5173255511195973
"16 GB, Core i5, Intel","DDR4, Processing & Multitasking",0.09322033898305085,0.6747881355932204,0.06567796610169492,0.7045454545454546,1.0440987583844727,1.0,0.0027739873599540443,1.100717079530639,0.04657823334338271,0.09351432880844647,0.09150133254367784,0.4009383473669188
"16 GB, Core i5","DDR4, Processing & Multitasking",0.09322033898305085,0.6747881355932204,0.06567796610169492,0.7045454545454546,1.0440987583844727,1.0,0.0027739873599540443,1.100717079530639,0.04657823334338271,0.09351432880844647,0.09150133254367784,0.4009383473669188
"8 GB, DDR4, Thin and Light Laptop, Windows 10 Home",Intel,0.13665254237288135,0.7129237288135594,0.1016949152542373,0.744186046511628,1.0438508587027886,1.0,0.004272075193909805,1.122207241910632,0.0486579754601228,0.13597733711048157,0.10889899596670408,0.44341546010573973
"Processing & Multitasking, Windows 10 Home","DDR4, Intel",0.375,0.614406779661017,0.24046610169491525,0.6412429378531074,1.0436781609195402,1.0,0.010063559322033871,1.0748031496062993,0.06696035242290731,0.32107496463932106,0.06959706959706961,0.5163111240989675
"DDR4, Intel",Thin and Light Laptop,0.614406779661017,0.513771186440678,0.3294491525423729,0.5362068965517242,1.0436686811233558,1.0,0.013784652398735997,1.0483743935479806,0.10851206671142365,0.4124668435013262,0.0461422883329577,0.588722004976893
Thin and Light Laptop,"DDR4, Intel",0.513771186440678,0.614406779661017,0.3294491525423729,0.6412371134020618,1.0436686811233558,1.0,0.013784652398735997,1.0747857003701538,0.08605314222866711,0.4124668435013262,0.06958196442732503,0.588722004976893
"8 GB, Core i5, Processing & Multitasking",DDR4,0.17584745762711865,0.871822033898305,0.15995762711864406,0.9096385542168673,1.04337642184778,1.0,0.0066499389543234755,1.4185028248587557,0.05044348729123754,0.1801909307875895,0.29503136512994055,0.5465568226734397
"8 GB, Core i5, Intel, Processing & Multitasking",DDR4,0.17584745762711865,0.871822033898305,0.15995762711864406,0.9096385542168673,1.04337642184778,1.0,0.0066499389543234755,1.4185028248587557,0.05044348729123754,0.1801909307875895,0.29503136512994055,0.5465568226734397
"8 GB, Windows 11 Home",DDR4,0.2108050847457627,0.871822033898305,0.1917372881355932,0.9095477386934673,1.0432722543458484,1.0,0.007952770396437797,1.4170786252354044,0.052556639104156574,0.21521997621878716,0.2943228539391169,0.5647374173418733
"8 GB, Windows 11 Home",Intel,0.2108050847457627,0.7129237288135594,0.15677966101694915,0.7437185929648241,1.0431951734900355,1.0,0.006491713947141625,1.1201603522765036,0.05246689642662797,0.20441988950276244,0.10727067069665658,0.48181471995938085
"8 GB, Core i3, Intel, Windows 11 Home","DDR4, Processing & Multitasking",0.0858050847457627,0.6747881355932204,0.06038135593220339,0.7037037037037037,1.0428513285656142,1.0,0.0024811027721918996,1.0975900423728813,0.0449472464475209,0.08623298033282903,0.08891301725177943,0.39659282516425376
"8 GB, Core i3, Windows 11 Home","DDR4, Processing & Multitasking",0.0858050847457627,0.6747881355932204,0.06038135593220339,0.7037037037037037,1.0428513285656142,1.0,0.0024811027721918996,1.0975900423728813,0.0449472464475209,0.08623298033282903,0.08891301725177943,0.39659282516425376
"AMD, Processing & Multitasking, Thin and Light Laptop",DDR4,0.1048728813559322,0.871822033898305,0.09533898305084745,0.9090909090909091,1.0427482602452225,1.0,0.003908494326343007,1.409957627118644,0.045798816568047365,0.10817307692307691,0.2907588279489106,0.5092234618358555
"AMD, DDR4, Processing & Multitasking",Thin and Light Laptop,0.17796610169491525,0.513771186440678,0.09533898305084745,0.5357142857142857,1.0427098674521353,1.0,0.0039051278368284897,1.0472620599739244,0.049828178694157975,0.15985790408525755,0.04512916277622153,0.36064064801178203
"8 GB, DDR4, Everyday Use",Intel,0.15677966101694915,0.7129237288135594,0.11652542372881355,0.7432432432432432,1.0425284125135537,1.0,0.004753483194484334,1.1180865298840317,0.048378254910918135,0.15471167369901545,0.10561483993218282,0.4533452471788281
"Gaming, Gaming Laptop, Intel",DDR4,0.11546610169491525,0.871822033898305,0.1048728813559322,0.908256880733945,1.0417916104651812,1.0,0.004206989729962654,1.397139830508475,0.045351720800822594,0.11884753901560625,0.28425202820532286,0.5142742483864136
"8 GB, Thin and Light Laptop, Windows 10 Home",Intel,0.1440677966101695,0.7129237288135594,0.10699152542372882,0.7426470588235294,1.0416921597762434,1.0,0.004282174662453314,1.1154963680387409,0.04676012155671008,0.14265536723163844,0.10353809420447141,0.44636067651429073
"Core i3, DDR4, Intel, Thin and Light Laptop, Windows 11 Home",Processing & Multitasking,0.0646186440677966,0.7870762711864406,0.05296610169491525,0.819672131147541,1.0414138516867817,1.0,0.002106300272910089,1.180758859784284,0.042514156285390826,0.0663129973474801,0.15308702389690917,0.44348344107848114
"Core i3, DDR4, Thin and Light Laptop, Windows 11 Home",Processing & Multitasking,0.0646186440677966,0.7870762711864406,0.05296610169491525,0.819672131147541,1.0414138516867817,1.0,0.002106300272910089,1.180758859784284,0.042514156285390826,0.0663129973474801,0.15308702389690917,0.44348344107848114
"Everyday Use, Thin and Light Laptop, Windows 11 Home",DDR4,0.08050847457627118,0.871822033898305,0.07309322033898305,0.9078947368421053,1.0413762230606896,1.0,0.0029041582878483324,1.3916464891041174,0.04321111333734074,0.08313253012048193,0.28142670726402846,0.49586717401036007
"Intel, Processing & Multitasking, Thin and Light Laptop","8 GB, DDR4",0.3474576271186441,0.5423728813559322,0.19597457627118645,0.5640243902439024,1.039919969512195,1.0,0.007522981901752379,1.049662202204575,0.0588276588276589,0.282442748091603,0.04731255645889781,0.4626762576219512
AMD,DDR4,0.2701271186440678,0.871822033898305,0.24470338983050846,0.9058823529411764,1.0390679722678864,1.0,0.009200615843148519,1.3618908898305073,0.05151452321263641,0.2727272727272727,0.26572678658240095,0.5932813951826174
"Black, Processing & Multitasking",Intel,0.0858050847457627,0.7129237288135594,0.0635593220338983,0.7407407407407408,1.0390182158384238,1.0,0.00238684106578569,1.1072941888619856,0.041077636152954754,0.08645533141210375,0.0968976356430232,0.414946893401574
"Core i3, Intel, Processing & Multitasking, Windows 11 Home",DDR4,0.07838983050847458,0.871822033898305,0.07097457627118645,0.9054054054054055,1.0385209024334177,1.0,0.002632594800344737,1.355024213075062,0.04024704065877521,0.08072289156626507,0.2620058074603538,0.4934074414633346
"Core i3, Processing & Multitasking, Windows 11 Home",DDR4,0.07838983050847458,0.871822033898305,0.07097457627118645,0.9054054054054055,1.0385209024334177,1.0,0.002632594800344737,1.355024213075062,0.04024704065877521,0.08072289156626507,0.2620058074603538,0.4934074414633346
"8 GB, DDR4, Processing & Multitasking, Windows 10 Home",Intel,0.21610169491525424,0.7129237288135594,0.15995762711864406,0.7401960784313725,1.0382542318561896,1.0,0.005893600976730806,1.1049728173968656,0.04700196885627335,0.2079889807162534,0.09500036176832316,0.4822822888442152
Black,Intel,0.1059322033898305,0.7129237288135594,0.07838983050847458,0.74,1.0379791976225854,1.0,0.00286824906636024,1.1041395045632332,0.04092481106699114,0.10586552217453504,0.09431734317343157,0.4249777117384844
"16 GB, Gaming, Gaming Laptop",DDR4,0.11122881355932203,0.871822033898305,0.10063559322033898,0.9047619047619048,1.037782792339293,1.0,0.003663862754955477,1.3458686440677972,0.040963553102063906,0.11404561824729892,0.25698543880362096,0.5100966267430423
"16 GB, Gaming, Intel",DDR4,0.06673728813559322,0.871822033898305,0.06038135593220339,0.9047619047619047,1.0377827923392928,1.0,0.002198317652973285,1.3458686440677956,0.039010693589820206,0.06875753920386007,0.25698543880362007,0.4870103569982063
"4 GB, DDR4",Processing & Multitasking,0.09216101694915255,0.7870762711864406,0.07521186440677965,0.8160919540229884,1.036865147507,1.0,0.0026741148376903112,1.1577727754237284,0.03916380429602106,0.09354413702239789,0.13627265969005514,0.4558252502281833
Windows 10 Home,"DDR4, Intel",0.4523305084745763,0.614406779661017,0.288135593220339,0.6370023419203747,1.036776225470403,1.0,0.010220662166044225,1.062247129579005,0.06476846057571956,0.3700680272108844,0.05859948014514763,0.552983929580877
"Laptop, Processing & Multitasking",Intel,0.09745762711864407,0.7129237288135594,0.07203389830508475,0.7391304347826086,1.0367594805866012,1.0,0.002554043378339546,1.1004590395480223,0.039284727975697147,0.0975609756097561,0.0912883041873894,0.42008527682666835
"DDR4, Everyday Use, Thin and Light Laptop, Windows 11 Home",Intel,0.07309322033898305,0.7129237288135594,0.05402542372881356,0.7391304347826088,1.0367594805866012,1.0,0.00191553253375467,1.1004590395480227,0.038252100840336166,0.07380607814761216,0.09128830418738978,0.4074552619678274
"8 GB, Intel, Thin and Light Laptop, Windows 11 Home",DDR4,0.11016949152542373,0.871822033898305,0.09957627118644068,0.9038461538461539,1.036732404897654,1.0,0.0035280810112036792,1.3330508474576277,0.039817629179331335,0.11284513805522209,0.24984106802288655,0.5090312178708291
"DDR4, Thin and Light Laptop",Intel,0.4459745762711864,0.7129237288135594,0.3294491525423729,0.7387173396674585,1.0361800425647558,1.0,0.011503294671071529,1.0987191833590138,0.06302373765008944,0.3971902937420179,0.0898493307973459,0.6004136475454677
"DDR4, Laptop, Processing & Multitasking",Intel,0.09322033898305085,0.7129237288135594,0.06885593220338983,0.7386363636363636,1.0360664595434284,1.0,0.002396940534329206,1.0983787767133382,0.03838964773544197,0.09339080459770115,0.08956725930895662,0.4176094151019857
"16 GB, Gaming, Gaming Laptop, Intel",DDR4,0.06567796610169492,0.871822033898305,0.059322033898305086,0.9032258064516129,1.0360208521146084,1.0,0.002062535909221487,1.3245056497175143,0.037212504049238725,0.06755126658624849,0.24500133297787266,0.4856347744287226
Windows 10 Home,8 GB,0.4523305084745763,0.5720338983050848,0.2680084745762712,0.5925058548009368,1.035788012837193,1.0,0.00926009049123816,1.0502386518605102,0.06308820268958196,0.35434173669467783,0.0478354627031789,0.5305121866597277
"16 GB, Gaming Laptop, Intel",DDR4,0.07627118644067797,0.871822033898305,0.06885593220338983,0.9027777777777777,1.0355069528824086,1.0,0.0023610313128411275,1.318401937046004,0.037120677487649814,0.0783132530120482,0.24150596877869557,0.4908785608208451
"16 GB, Intel, Windows 10 Home",Processing & Multitasking,0.0858050847457627,0.7870762711864406,0.06991525423728813,0.8148148148148148,1.0352425103434524,1.0,0.002380108086756677,1.1497881355932202,0.03723796481618032,0.0870712401055409,0.13027455316012526,0.45182194307362544
"DDR4, Thin and Light Laptop, Windows 10 Home",Intel,0.1896186440677966,0.7129237288135594,0.13983050847457626,0.7374301675977654,1.034374559007861,1.0,0.004646877693191609,1.0933330328164441,0.04100812041988511,0.1833333333333333,0.08536560225937441,0.4667834344675305
"Gaming, Gaming Laptop, Processing & Multitasking","DDR4, Intel",0.09004237288135593,0.614406779661017,0.057203389830508475,0.6352941176470589,1.0339959432048682,1.0,0.0018807454754380948,1.0572717331875343,0.03613159142844828,0.08837970540098199,0.05416936005171312,0.36419878296146047
"8 GB, Processing & Multitasking, Windows 10 Home",Intel,0.225635593220339,0.7129237288135594,0.1663135593220339,0.7370892018779343,1.0338962950561217,1.0,0.005452590850330341,1.0919151029055687,0.042337954289996066,0.21536351165980797,0.08417788403236125,0.48518650287061643
"DDR4, Windows 10 Home",Processing & Multitasking,0.4141949152542373,0.7870762711864406,0.336864406779661,0.8132992327365729,1.0333169255764802,1.0,0.010861417336972157,1.140454492686325,0.05503997634401276,0.3897058823529412,0.1231565955389296,0.6206469245782461
"8 GB, Thin and Light Laptop",Intel,0.3336864406779661,0.7129237288135594,0.2457627118644068,0.7365079365079366,1.0330809688907758,1.0,0.00786973032174662,1.0895063304063712,0.048057946384518366,0.30687830687830686,0.0821531072453582,0.5406165239746221
"Gaming Laptop, Intel",DDR4,0.1271186440677966,0.871822033898305,0.11440677966101695,0.9,1.0323207776427705,1.0,0.003581944843435811,1.2817796610169498,0.035868392664509335,0.12934131736526946,0.21983471074380212,0.5156136087484812
"Intel, Thin and Light Laptop, Windows 11 Home","8 GB, DDR4",0.17796610169491525,0.5423728813559322,0.09957627118644068,0.5595238095238095,1.0316220238095237,1.0,0.003052283826486646,1.0389372423270729,0.037288879140162365,0.16040955631399317,0.03747795414462084,0.37155877976190477
"16 GB, Intel",Processing & Multitasking,0.20233050847457626,0.7870762711864406,0.1641949152542373,0.81151832460733,1.0310542374553426,1.0,0.004945373096811284,1.1296786723163852,0.03775864284796315,0.19897304236200258,0.11479252949910217,0.5100660263682679
"Everyday Use, Processing & Multitasking, Windows 11 Home",DDR4,0.07309322033898305,0.871822033898305,0.06567796610169492,0.8985507246376813,1.030658425343829,1.0,0.001953686081585762,1.2634685230024232,0.032092165898617686,0.07469879518072291,0.20852796742124916,0.48694243400778353
"Intel, Transparent Silver",DDR4,0.0625,0.871822033898305,0.05614406779661017,0.8983050847457628,1.0303766707168895,1.0,0.0016551906779661077,1.2604166666666676,0.031446540880503256,0.06393244873341376,0.20661157024793456,0.4813518133327842
"16 GB, Gaming Laptop",DDR4,0.125,0.871822033898305,0.11228813559322035,0.8983050847457628,1.0303766707168895,1.0,0.0033103813559322154,1.2604166666666676,0.03369272237196778,0.12694610778443116,0.20661157024793456,0.5135510842926869
"Processing & Multitasking, Windows 10 Home",DDR4,0.375,0.871822033898305,0.336864406779661,0.8983050847457626,1.0303766707168893,1.0,0.009931144067796605,1.2604166666666663,0.04716981132075469,0.37019790454016305,0.2066115702479337,0.6423481681322981
"Black, Intel",Processing & Multitasking,0.07838983050847458,0.7870762711864406,0.0635593220338983,0.8108108108108107,1.030155323560438,1.0,0.0018605465383510489,1.1254539951573848,0.0317624521072797,0.07926023778071335,0.11146967863385761,0.44578225601105814
"AMD, Windows 11 Home",DDR4,0.1038135593220339,0.871822033898305,0.09322033898305085,0.8979591836734694,1.0299799142014037,1.0,0.0027133905486929066,1.2561440677966107,0.032479045776918146,0.10564225690276112,0.20391297014673665,0.5024425322984601
"Black, DDR4",Intel,0.09957627118644068,0.7129237288135594,0.07309322033898305,0.7340425531914894,1.0296228383547785,1.0,0.002102933783395572,1.0794067796610167,0.03195225916453532,0.0988538681948424,0.07356520373714363,0.41828427808162877
"Core i5, DDR4, Intel, Windows 11 Home",Processing & Multitasking,0.0836864406779661,0.7870762711864406,0.06779661016949153,0.810126582278481,1.0292859941734671,1.0,0.0019289984918127029,1.1213983050847458,0.031051300578034766,0.08443271767810026,0.10825618741734379,0.4481319317852701
"Core i5, DDR4, Windows 11 Home",Processing & Multitasking,0.0836864406779661,0.7870762711864406,0.06779661016949153,0.810126582278481,1.0292859941734671,1.0,0.0019289984918127029,1.1213983050847458,0.031051300578034766,0.08443271767810026,0.10825618741734379,0.4481319317852701
Black,Processing & Multitasking,0.1059322033898305,0.7870762711864406,0.0858050847457627,0.8099999999999999,1.0291251682368776,1.0,0.002428361103131285,1.120651204281891,0.03165408694634604,0.10629921259842519,0.10766169154228847,0.4595087483176312
"8 GB, DDR4, Windows 10 Home",Thin and Light Laptop,0.2584745762711864,0.513771186440678,0.13665254237288135,0.528688524590164,1.0290349839445667,1.0,0.0038557526572823853,1.031650700073692,0.03805094130675521,0.215,0.030679667130969104,0.39733395301673147
"16 GB, Processing & Multitasking, Thin and Light Laptop",Intel,0.1271186440677966,0.7129237288135594,0.09322033898305085,0.7333333333333334,1.0286280336800397,1.0,0.0025944412525136518,1.0765360169491527,0.031884377758164245,0.12482269503546098,0.07109471094710954,0.4320455671124319
"Black, DDR4, Processing & Multitasking",Intel,0.07944915254237288,0.7129237288135594,0.05826271186440678,0.7333333333333333,1.0286280336800395,1.0,0.001621525782821022,1.0765360169491522,0.030233288000836786,0.07936507936507936,0.07109471094710915,0.40752847944526993
"8 GB, DDR4, Thin and Light Laptop, Windows 11 Home","Intel, Processing & Multitasking",0.13347457627118645,0.5709745762711864,0.07838983050847458,0.5873015873015873,1.0285949877786613,1.0,0.0021792408790577422,1.0395616036505868,0.0320822044538426,0.12521150592216584,0.038056045463452974,0.3622964337250052
"8 GB, Core i3, Thin and Light Laptop",Processing & Multitasking,0.11122881355932203,0.7870762711864406,0.09004237288135593,0.8095238095238095,1.0285201563801833,1.0,0.002496813056592939,1.1178495762711866,0.031199607375727485,0.11140235910878113,0.10542525467898625,0.46196244311991286
"8 GB, DDR4, Thin and Light Laptop, Windows 11 Home",Processing & Multitasking,0.13347457627118645,0.7870762711864406,0.10805084745762712,0.8095238095238095,1.0285201563801833,1.0,0.0029961756679115215,1.1178495762711866,0.03200057529124121,0.13298565840938725,0.10542525467898625,0.4734025507915145
"8 GB, Core i3, Intel, Thin and Light Laptop",Processing & Multitasking,0.11122881355932203,0.7870762711864406,0.09004237288135593,0.8095238095238095,1.0285201563801833,1.0,0.002496813056592939,1.1178495762711866,0.031199607375727485,0.11140235910878113,0.10542525467898625,0.46196244311991286
"Core i5, Processing & Multitasking, Thin and Light Laptop","8 GB, DDR4",0.17478813559322035,0.5423728813559322,0.09745762711864407,0.5575757575757576,1.028030303030303,1.0,0.0026572823901177822,1.0343626654283724,0.03304124574426522,0.15726495726495726,0.03322109988776664,0.3686316287878788
"Core i5, Intel, Processing & Multitasking, Thin and Light Laptop","8 GB, DDR4",0.17478813559322035,0.5423728813559322,0.09745762711864407,0.5575757575757576,1.028030303030303,1.0,0.0026572823901177822,1.0343626654283724,0.03304124574426522,0.15726495726495726,0.03322109988776664,0.3686316287878788
"Thin and Light Laptop, Windows 10 Home",DDR4,0.211864406779661,0.871822033898305,0.1896186440677966,0.895,1.0265856622114218,1.0,0.004910586038494702,1.220742534301857,0.032858773352556124,0.21208530805687204,0.18082644628099218,0.5562484811664642
"8 GB, Everyday Use, Processing & Multitasking, Thin and Light Laptop",DDR4,0.06038135593220339,0.871822033898305,0.05402542372881356,0.8947368421052632,1.0262838140308244,1.0,0.0013836271904625191,1.2176906779661023,0.02725644936666904,0.0615199034981906,0.17877337973031787,0.4783526251838588
"AMD, Windows 10 Home",DDR4,0.1408898305084746,0.871822033898305,0.1260593220338983,0.894736842105263,1.0262838140308244,1.0,0.0032284634444125215,1.217690677966101,0.029810691230869626,0.14217443249701314,0.178773379730317,0.5196648973588284
"8 GB, Intel, Thin and Light Laptop, Windows 11 Home",Processing & Multitasking,0.11016949152542373,0.7870762711864406,0.08898305084745763,0.8076923076923077,1.02619318770059,1.0,0.002271258259120945,1.1072033898305087,0.028684807256235866,0.11009174311926605,0.096823574435515,0.4603737446940677
"DDR4, Processing & Multitasking, Thin and Light Laptop",Intel,0.3983050847457627,0.7129237288135594,0.2913135593220339,0.7313829787234043,1.0258923208245077,1.0,0.007352413099683985,1.068719583822789,0.04194622279129314,0.35529715762273906,0.06430085577451519,0.5700005532547185
"8 GB, Core i5, Thin and Light Laptop",DDR4,0.11970338983050847,0.871822033898305,0.10699152542372882,0.8938053097345133,1.0252153248959668,1.0,0.0026314726371732405,1.2070091807909615,0.02793961706639993,0.12095808383233535,0.17150588751554233,0.5082635297153734
"8 GB, Core i5, Intel, Thin and Light Laptop",DDR4,0.11970338983050847,0.871822033898305,0.10699152542372882,0.8938053097345133,1.0252153248959668,1.0,0.0026314726371732405,1.2070091807909615,0.02793961706639993,0.12095808383233535,0.17150588751554233,0.5082635297153734
"DDR4, Processing & Multitasking, Thin and Light Laptop, Windows 11 Home",Intel,0.1652542372881356,0.7129237288135594,0.12076271186440678,0.7307692307692307,1.0250314321636758,1.0,0.0029490448147084097,1.066283292978208,0.029254608602725014,0.15944055944055943,0.06216292932160062,0.4500800091439021
"AMD, Processing & Multitasking",DDR4,0.19915254237288135,0.871822033898305,0.17796610169491525,0.8936170212765957,1.024999353687857,1.0,0.004340527147371459,1.2048728813559322,0.03045477450239365,0.199288256227758,0.17003692632319323,0.5488741242470463
"AMD, Processing & Multitasking",Thin and Light Laptop,0.19915254237288135,0.513771186440678,0.1048728813559322,0.526595744680851,1.0249616143891203,1.0,0.00255404337833956,1.0270900780803656,0.030409919298808215,0.1724738675958188,0.0263755620451489,0.36535972801052863
"Black, DDR4","Intel, Processing & Multitasking",0.09957627118644068,0.5709745762711864,0.05826271186440678,0.5851063829787234,1.0247503256621797,1.0,0.0014071926170640611,1.0340612777053455,0.02682352941176469,0.09515570934256057,0.032939322301024504,0.343573599652627
"Processing & Multitasking, Thin and Light Laptop, Windows 10 Home",DDR4,0.2076271186440678,0.871822033898305,0.1853813559322034,0.8928571428571429,1.0241277555979866,1.0,0.004367459063487511,1.19632768361582,0.029732620320855666,0.20734597156398107,0.1641086186540739,0.5527469189376845
"Intel, Processing & Multitasking, Transparent Silver",DDR4,0.059322033898305086,0.871822033898305,0.05296610169491525,0.8928571428571428,1.0241277555979864,1.0,0.0012478454467107145,1.196327683615819,0.02504504504504503,0.06031363088057901,0.164108618654073,0.47680524214546083
"16 GB, Thin and Light Laptop",Intel,0.1292372881355932,0.7129237288135594,0.09427966101694915,0.7295081967213115,1.023262611745792,1.0,0.0021433316575696637,1.0613122752953261,0.026107876103775386,0.12606232294617564,0.05777024983364585,0.43087594085694103
"8 GB, Processing & Multitasking",Intel,0.4533898305084746,0.7129237288135594,0.3305084745762712,0.7289719626168224,1.0225104497923927,1.0,0.007276106004021787,1.0592124488603154,0.040275293182269675,0.39543726235741444,0.05590233472428158,0.5962839010706698
"Core i3, Windows 11 Home",Processing & Multitasking,0.09745762711864407,0.7870762711864406,0.07838983050847458,0.8043478260869564,1.0219439405465502,1.0,0.001683244757253663,1.0882768361581918,0.023791397030833654,0.09724047306176085,0.08111615833874083,0.45197202879044995
"Core i3, Intel, Windows 11 Home",Processing & Multitasking,0.09745762711864407,0.7870762711864406,0.07838983050847458,0.8043478260869564,1.0219439405465502,1.0,0.001683244757253663,1.0882768361581918,0.023791397030833654,0.09724047306176085,0.08111615833874083,0.45197202879044995
"AMD, DDR4",8 GB,0.24470338983050846,0.5720338983050848,0.1430084745762712,0.5844155844155845,1.0216450216450217,1.0,0.003029840563056607,1.02979343220339,0.028050490883590594,0.21226415094339623,0.02893146457502906,0.41720779220779225
"8 GB, Core i3, Intel, Processing & Multitasking, Windows 11 Home",DDR4,0.06779661016949153,0.871822033898305,0.06038135593220339,0.890625,1.0215674362089915,1.0,0.0012747773628267733,1.1719128329297825,0.022647527910685795,0.06867469879518072,0.14669421487603337,0.47994190461725394
"8 GB, Core i3, Processing & Multitasking, Windows 11 Home",DDR4,0.06779661016949153,0.871822033898305,0.06038135593220339,0.890625,1.0215674362089915,1.0,0.0012747773628267733,1.1719128329297825,0.022647527910685795,0.06867469879518072,0.14669421487603337,0.47994190461725394
4 GB,"DDR4, Processing & Multitasking",0.10911016949152542,0.6747881355932204,0.07521186440677965,0.6893203883495145,1.0215360229229853,1.0,0.0015856165613329365,1.0467756885593216,0.023663981510944176,0.1061285500747384,0.044685493817399474,0.4003901784761701
"8 GB, DDR4, Thin and Light Laptop",Intel,0.3156779661016949,0.7129237288135594,0.2298728813559322,0.7281879194630873,1.0214106923821016,1.0,0.004818568658431471,1.0561571458464112,0.030631607481702267,0.28779840848806365,0.053171202852967996,0.5253123846943966
"8 GB, Core i3, DDR4, Thin and Light Laptop",Processing & Multitasking,0.10805084745762712,0.7870762711864406,0.08686440677966102,0.803921568627451,1.0214023698308397,1.0,0.001820148664176971,1.085911016949153,0.023492265801518007,0.10747051114023591,0.07911423275778005,0.457142480141451
"8 GB, Core i3, DDR4, Intel, Thin and Light Laptop",Processing & Multitasking,0.10805084745762712,0.7870762711864406,0.08686440677966102,0.803921568627451,1.0214023698308397,1.0,0.001820148664176971,1.085911016949153,0.023492265801518007,0.10747051114023591,0.07911423275778005,0.457142480141451
Gaming,DDR4,0.22245762711864406,0.871822033898305,0.19809322033898305,0.8904761904761905,1.0213967482497253,1.0,0.004149759408216047,1.1703205600589546,0.02694196330997111,0.2210401891252955,0.14553325462416447,0.5588468437192617
"Everyday Use, Processing & Multitasking, Thin and Light Laptop",DDR4,0.07733050847457627,0.871822033898305,0.06885593220338983,0.8904109589041095,1.0213219261305946,1.0,0.001437491022694623,1.1696239406779654,0.022626512408372264,0.07821901323706378,0.14502434054115199,0.484695151384011
Windows 10 Home,"Intel, Processing & Multitasking",0.4523305084745763,0.5709745762711864,0.263771186440678,0.5831381733021077,1.021303220031892,1.0,0.005501966029876515,1.029178965911255,0.038086582306013514,0.3472803347280335,0.028351692832567155,0.5225523890629278
"Gaming, Processing & Multitasking, Windows 10 Home",DDR4,0.08686440677966102,0.871822033898305,0.07733050847457627,0.8902439024390244,1.0211303085084313,1.0,0.0016002046825624866,1.1678436911487764,0.022661538950513364,0.08774038461538462,0.1437210239870998,0.4894718904661708
"8 GB, DDR4, Processing & Multitasking, Windows 11 Home",Intel,0.1440677966101695,0.7129237288135594,0.1048728813559322,0.7279411764705882,1.0210645922559216,1.0,0.0021635305946566957,1.0551992670636736,0.024102410241023973,0.13943661971830987,0.05231169958758385,0.43752185123678
"8 GB, Windows 11 Home","Intel, Processing & Multitasking",0.2108050847457627,0.5709745762711864,0.1228813559322034,0.5829145728643217,1.0209116081334317,1.0,0.002517011993679985,1.0286272207473965,0.02595464012959971,0.1864951768488746,0.027830510577579494,0.3990639654674113
Windows 11 Home,Intel,0.388771186440678,0.7129237288135594,0.2828389830508475,0.7275204359673024,1.0204744302423974,1.0,0.005674779158287846,1.053569915254237,0.03282508649283714,0.34540750323415265,0.05084609429200535,0.562125745472507
"AMD, DDR4, Processing & Multitasking, Windows 10 Home",8 GB,0.09639830508474577,0.5720338983050848,0.05614406779661017,0.5824175824175825,1.0181522181522182,1.0,0.0010009695489801712,1.0248661909009813,0.019730584618106877,0.09169550173010381,0.02426286584702429,0.34028286528286533
"Core i5, Thin and Light Laptop, Windows 10 Home",DDR4,0.0847457627118644,0.871822033898305,0.07521186440677965,0.8875,1.0179829890643985,1.0,0.0013286411950588911,1.1393596986817325,0.019300991131977047,0.08533653846153845,0.12231404958677683,0.48688487241798295
"Core i5, Processing & Multitasking, Thin and Light Laptop, Windows 10 Home",DDR4,0.0847457627118644,0.871822033898305,0.07521186440677965,0.8875,1.0179829890643985,1.0,0.0013286411950588911,1.1393596986817325,0.019300991131977047,0.08533653846153845,0.12231404958677683,0.48688487241798295
"Core i5, Intel, Thin and Light Laptop, Windows 10 Home",DDR4,0.0847457627118644,0.871822033898305,0.07521186440677965,0.8875,1.0179829890643985,1.0,0.0013286411950588911,1.1393596986817325,0.019300991131977047,0.08533653846153845,0.12231404958677683,0.48688487241798295
"Core i5, Intel, Processing & Multitasking, Thin and Light Laptop, Windows 10 Home",DDR4,0.0847457627118644,0.871822033898305,0.07521186440677965,0.8875,1.0179829890643985,1.0,0.0013286411950588911,1.1393596986817325,0.019300991131977047,0.08533653846153845,0.12231404958677683,0.48688487241798295
Performance,DDR4,0.07521186440677965,0.871822033898305,0.06673728813559322,0.887323943661972,1.0177810483801963,1.0,0.0011659275351910553,1.1375794491525444,0.01889125256822881,0.07581227436823106,0.12094051914794701,0.48193657693426667
"8 GB, DDR4, Processing & Multitasking, Thin and Light Laptop, Windows 11 Home",Intel,0.10805084745762712,0.7129237288135594,0.07838983050847458,0.7254901960784313,1.017626664335868,1.0,0.0013578174375179497,1.0457778450363193,0.01941965718687802,0.10556348074179742,0.04377396715143599,0.41772280977770004
Intel,Processing & Multitasking,0.7129237288135594,0.7870762711864406,0.5709745762711864,0.800891530460624,1.0175526308947902,1.0,0.009849226156276925,1.0693855932203389,0.060088040583559786,0.6145952109464081,0.06488360574541839,0.7631644731710927
Processing & Multitasking,Intel,0.7870762711864406,0.7129237288135594,0.5709745762711864,0.7254374158815613,1.0175526308947902,1.0,0.009849226156276925,1.0455768112329678,0.08101422387136666,0.6145952109464081,0.043590112886324084,0.7631644731710927
"8 GB, DDR4, Windows 10 Home",Intel,0.2584745762711864,0.7129237288135594,0.1875,0.7254098360655739,1.0175139453876696,1.0,0.003227341281241025,1.0454717935745006,0.023212267958030688,0.2391891891891892,0.04349404149779217,0.4942056609748374
"Processing & Multitasking, Thin and Light Laptop","DDR4, Intel",0.4661016949152542,0.614406779661017,0.2913135593220339,0.625,1.0172413793103448,1.0,0.004937517954610726,1.0282485875706213,0.031746031746031626,0.3691275167785235,0.027472527472527403,0.5495689655172413
"LPDDR4X, Processing & Multitasking",Intel,0.0847457627118644,0.7129237288135594,0.0614406779661017,0.7250000000000001,1.0169390787518575,1.0,0.0010234128124102307,1.043913713405239,0.018199233716475163,0.08345323741007195,0.04206642066420681,0.4055906389301635
LPDDR4X,Intel,0.0847457627118644,0.7129237288135594,0.0614406779661017,0.7250000000000001,1.0169390787518575,1.0,0.0010234128124102307,1.043913713405239,0.018199233716475163,0.08345323741007195,0.04206642066420681,0.4055906389301635
"DDR4, Windows 10 Home","Intel, Processing & Multitasking",0.4141949152542373,0.5709745762711864,0.24046610169491525,0.5805626598465473,1.0167924877460865,1.0,0.003971335463947151,1.0228593943778421,0.028192239367168335,0.3229018492176387,0.02234852072874243,0.5008564690698414
"Everyday Use, Processing & Multitasking, Windows 11 Home",Intel,0.07309322033898305,0.7129237288135594,0.05296610169491525,0.7246376811594203,1.0164308633201973,1.0,0.0008562104998563608,1.0425401427297054,0.017439999999999952,0.0722543352601156,0.04080432108668898,0.3994659431057131
"8 GB, Processing & Multitasking, Thin and Light Laptop",Intel,0.2923728813559322,0.7129237288135594,0.211864406779661,0.7246376811594203,1.0164308633201973,1.0,0.003424841999425443,1.0425401427297054,0.02284431137724545,0.26702269692923897,0.04080432108668898,0.510907250683722
"8 GB, Intel",Processing & Multitasking,0.413135593220339,0.7870762711864406,0.3305084745762712,0.8,1.0164199192462988,1.0,0.005339252370008651,1.0646186440677972,0.027527075812274537,0.3800243605359318,0.060696517412935726,0.6099596231493944
"8 GB, AMD, Windows 10 Home",Processing & Multitasking,0.07415254237288135,0.7870762711864406,0.059322033898305086,0.8,1.0164199192462988,1.0,0.0009583273484630936,1.0646186440677972,0.01744851258581251,0.07397622192866579,0.060696517412935726,0.43768506056527595
"DDR4, Processing & Multitasking, Windows 11 Home",Intel,0.23834745762711865,0.7129237288135594,0.17266949152542374,0.7244444444444444,1.0161598150899784,1.0,0.0027459332806664682,1.04180904866047,0.020879374045410664,0.2217687074829932,0.04013120131201298,0.4833217764569919
"Intel, Thin and Light Laptop, Windows 10 Home",DDR4,0.15783898305084745,0.871822033898305,0.13983050847457626,0.8859060402684563,1.0161546804537336,1.0,0.002223005242746323,1.1234421734795612,0.01887745378311404,0.15714285714285714,0.1098785290365521,0.5231474308268163
"8 GB, AMD",Thin and Light Laptop,0.1461864406779661,0.513771186440678,0.07627118644067797,0.5217391304347826,1.0155087404751233,1.0,0.0011648053720195312,1.0166602465331278,0.017886683209263798,0.13067150635208713,0.016387231220990745,0.33509636934110265
"Intel, Processing & Multitasking, Thin and Light Laptop, Windows 10 Home",DDR4,0.15677966101694915,0.871822033898305,0.13877118644067796,0.8851351351351351,1.0152704344684904,1.0,0.0020872234989945393,1.115902293120638,0.017837277993018506,0.15595238095238098,0.10386419477328564,0.5221544448458179
"8 GB, Intel, Windows 11 Home",DDR4,0.15677966101694915,0.871822033898305,0.13877118644067796,0.8851351351351351,1.0152704344684904,1.0,0.0020872234989945393,1.115902293120638,0.017837277993018506,0.15595238095238098,0.10386419477328564,0.5221544448458179
"Gaming Laptop, Processing & Multitasking","DDR4, Intel",0.10699152542372882,0.614406779661017,0.06673728813559322,0.6237623762376238,1.0152270399453738,1.0,0.0010009695489801712,1.024866190900981,0.016795646688885005,0.10194174757281553,0.02426286584702419,0.36619153294639806
"8 GB, DDR4, Windows 11 Home",Intel,0.1917372881355932,0.7129237288135594,0.13877118644067796,0.7237569060773481,1.0151954224918522,1.0,0.0020771240304510163,1.0392161016949153,0.018518703790781636,0.18118948824343015,0.03773623371592831,0.4592038616568018
"8 GB, Core i5, Intel, Processing & Multitasking, Thin and Light Laptop",DDR4,0.11016949152542373,0.871822033898305,0.09745762711864407,0.8846153846153847,1.014674268623236,1.0,0.0014094369434070747,1.1108757062146903,0.016252587991718515,0.11017964071856287,0.09980928162746437,0.4982007664267689
"8 GB, Core i5, Processing & Multitasking, Thin and Light Laptop",DDR4,0.11016949152542373,0.871822033898305,0.09745762711864407,0.8846153846153847,1.014674268623236,1.0,0.0014094369434070747,1.1108757062146903,0.016252587991718515,0.11017964071856287,0.09980928162746437,0.4982007664267689
"8 GB, Windows 10 Home",Intel,0.2680084745762712,0.7129237288135594,0.19385593220338984,0.7233201581027668,1.0145828072050695,1.0,0.00278633115484056,1.037575665859564,0.01963575399555564,0.24629878869448182,0.03621486807753453,0.49761847429655426
"Processing & Multitasking, Thin and Light Laptop, Windows 11 Home",8 GB,0.2044491525423729,0.5720338983050848,0.11864406779661017,0.5803108808290155,1.014469391671464,1.0,0.0016922220626256756,1.01972169910023,0.017928476317291157,0.18035426731078907,0.019340275996511388,0.39385914411821143
"Performance, Processing & Multitasking",DDR4,0.07309322033898305,0.871822033898305,0.0646186440677966,0.8840579710144927,1.0140349023544122,1.0,0.0008943640476874459,1.1055349576271183,0.014932084309133486,0.07340553549939831,0.09546053419571184,0.47908852378185146
"8 GB, Everyday Use, Windows 11 Home",Intel,0.08792372881355932,0.7129237288135594,0.0635593220338983,0.7228915662650602,1.013981632324245,1.0,0.0008764094369433928,1.0359708916728074,0.015118079752225849,0.08620689655172413,0.03472191348419492,0.4060223061637337
"AMD, Windows 10 Home","DDR4, Processing & Multitasking",0.1408898305084746,0.6747881355932204,0.09639830508474577,0.6842105263157895,1.0139634801288937,1.0,0.0013275190318873809,1.0298375706214689,0.01602959309494442,0.13402061855670103,0.028973084176238596,0.4135338345864662
"Core i5, Windows 11 Home",8 GB,0.1059322033898305,0.5720338983050848,0.0614406779661017,0.5800000000000001,1.013925925925926,1.0,0.0008438667049698381,1.0189669087974174,0.01536198725281912,0.09965635738831616,0.01861386138613871,0.34370370370370373
"Core i5, Intel, Windows 11 Home",8 GB,0.1059322033898305,0.5720338983050848,0.0614406779661017,0.5800000000000001,1.013925925925926,1.0,0.0008438667049698381,1.0189669087974174,0.01536198725281912,0.09965635738831616,0.01861386138613871,0.34370370370370373
"Black, DDR4",Processing & Multitasking,0.09957627118644068,0.7870762711864406,0.07944915254237288,0.7978723404255319,1.0137166747802182,1.0,0.0010750323182993349,1.0534121320249779,0.015027450980392095,0.0984251968503937,0.05070392717264753,0.4494072334698319
"Thin and Light Laptop, Windows 11 Home","DDR4, Intel",0.2330508474576271,0.614406779661017,0.1451271186440678,0.6227272727272728,1.0135423197492164,1.0,0.001939097960356212,1.0220543189707985,0.017421462273662067,0.20663650075414783,0.021578421578421686,0.42946708463949845
8 GB,Intel,0.5720338983050848,0.7129237288135594,0.413135593220339,0.7222222222222222,1.0130427604424632,1.0,0.00531905343292155,1.0334745762711863,0.03008377760852995,0.47387606318347514,0.032390323903238843,0.6508585108139342
Intel,8 GB,0.7129237288135594,0.5720338983050848,0.413135593220339,0.5794947994056463,1.013042760442463,1.0,0.00531905343292155,1.0177427082709467,0.0448481407891,0.47387606318347514,0.017433392670619007,0.6508585108139342
"8 GB, Processing & Multitasking, Windows 11 Home",DDR4,0.163135593220339,0.871822033898305,0.1440677966101695,0.8831168831168831,1.0129554528096447,1.0,0.0018425919276070235,1.0966337099811676,0.015282948622487084,0.1617122473246136,0.08811849307717079,0.5241829859083807
"AMD, Windows 11 Home",Thin and Light Laptop,0.1038135593220339,0.513771186440678,0.05402542372881356,0.5204081632653061,1.012918156953503,1.0,0.0006890081873024978,1.0138388027407141,0.014230751402215702,0.09586466165413533,0.013649904406206935,0.3127814012202819
"8 GB, Windows 11 Home","DDR4, Processing & Multitasking",0.2108050847457627,0.6747881355932204,0.1440677966101695,0.6834170854271358,1.012787643081972,1.0,0.0018190265010054607,1.027256524078558,0.015998815633636025,0.19428571428571428,0.02653331805607856,0.44845893517824603
"Black, DDR4, Intel",Processing & Multitasking,0.07309322033898305,0.7870762711864406,0.05826271186440678,0.7971014492753623,1.0127372383794644,1.0,0.0007327725509910926,1.0494098062953996,0.013568831168831135,0.0726552179656539,0.047083423462398286,0.43556283769286286
"Intel, Processing & Multitasking, Thin and Light Laptop, Windows 11 Home",8 GB,0.15360169491525424,0.5720338983050848,0.08898305084745763,0.5793103448275861,1.0127203065134098,1.0,0.0011176745188164194,1.0172964712420114,0.014839978544609165,0.13976705490848584,0.017002389894161613,0.36743295019157085
Core i5,DDR4,0.3072033898305085,0.871822033898305,0.2711864406779661,0.8827586206896552,1.0125445175346715,1.0,0.00335975653547832,1.0932826520438688,0.01788274082568812,0.29871645274212366,0.08532345397549183,0.5969078644153014
"Core i5, Intel",DDR4,0.3072033898305085,0.871822033898305,0.2711864406779661,0.8827586206896552,1.0125445175346715,1.0,0.00335975653547832,1.0932826520438688,0.01788274082568812,0.29871645274212366,0.08532345397549183,0.5969078644153014
"Intel, Processing & Multitasking",8 GB,0.5709745762711864,0.5720338983050848,0.3305084745762712,0.5788497217068646,1.0119150690579262,1.0,0.0038916618787704915,1.016183827372508,0.027445394112060942,0.4067796610169492,0.015926082404158683,0.5783137497423212
8 GB,"Intel, Processing & Multitasking",0.5720338983050848,0.5709745762711864,0.3305084745762712,0.5777777777777777,1.0119150690579262,1.0,0.0038916618787704915,1.0161128456735058,0.027513328255902678,0.4067796610169492,0.015857338820301707,0.5783137497423212
"8 GB, DDR4, Processing & Multitasking",Intel,0.4247881355932203,0.7129237288135594,0.3061440677966102,0.7206982543640899,1.0109051294497782,1.0,0.003302526213731727,1.0278355780871673,0.018753942916133207,0.36815286624203825,0.027081742139117272,0.5750593797823421
"8 GB, Intel, Processing & Multitasking, Thin and Light Laptop, Windows 11 Home",DDR4,0.08898305084745763,0.871822033898305,0.07838983050847458,0.8809523809523809,1.01047271885668,1.0,0.000812446136167766,1.0766949152542376,0.011376492771841582,0.08883553421368548,0.07123179850452595,0.48543366313718683
"8 GB, AMD, DDR4",Thin and Light Laptop,0.1430084745762712,0.513771186440678,0.07415254237288135,0.5185185185185185,1.0092401680030545,1.0,0.000678908718758961,1.0098598435462842,0.010683383365706964,0.12727272727272726,0.009763576212377858,0.3314242077128675
"Everyday Use, Intel, Thin and Light Laptop, Windows 11 Home",DDR4,0.0614406779661017,0.871822033898305,0.05402542372881356,0.8793103448275862,1.0085892655130515,1.0,0.00046008690031600075,1.0620460048426152,0.009073606869384314,0.06144578313253012,0.05842120262182978,0.4706393765450203
"Everyday Use, Processing & Multitasking",Intel,0.1281779661016949,0.7129237288135594,0.09216101694915255,0.71900826446281,1.008534623555561,1.0,0.0007799034041942043,1.0216537886340977,0.00970656834401763,0.12305516265912306,0.02119484004757405,0.42414009062665015
8 GB,Processing & Multitasking,0.5720338983050848,0.7870762711864406,0.4533898305084746,0.7925925925925926,1.007008623697722,1.0,0.003155522838264868,1.0265965496368044,0.01626260756916814,0.5005847953216374,0.02590749953934069,0.6843178306166193
Processing & Multitasking,8 GB,0.7870762711864406,0.5720338983050848,0.4533898305084746,0.576043068640646,1.0070086236977218,1.0,0.003155522838264868,1.0094565509819746,0.03268703212907426,0.5005847953216374,0.009367962368242133,0.6843178306166193
"DDR4, Processing & Multitasking",Intel,0.6747881355932204,0.7129237288135594,0.4841101694915254,0.7174254317111459,1.0063144242723947,1.0,0.0030376957052570264,1.015931026365348,0.01929450673205031,0.5357561547479482,0.015681208617423285,0.69823723294324
Intel,"DDR4, Processing & Multitasking",0.7129237288135594,0.6747881355932204,0.4841101694915254,0.6790490341753342,1.0063144242723947,1.0,0.0030376957052570264,1.0132758553044567,0.021857614637414924,0.5357561547479482,0.013101916161288253,0.69823723294324
"Intel, Thin and Light Laptop, Windows 11 Home","DDR4, Processing & Multitasking",0.17796610169491525,0.6747881355932204,0.12076271186440678,0.6785714285714286,1.0056066382596995,1.0,0.0006732979029014513,1.0117702448210923,0.006782419967444246,0.1649782923299566,0.011633317822242898,0.42876766091051804
"8 GB, AMD, DDR4, Windows 10 Home",Processing & Multitasking,0.07097457627118645,0.7870762711864406,0.05614406779661017,0.7910447761194029,1.0050420843293626,1.0,0.0002816629560471115,1.0189921307506054,0.005400055936834378,0.07001321003963012,0.018638152520977176,0.4311886060946947
Ryzen 5 Hexa Core,Processing & Multitasking,0.09110169491525423,0.7870762711864406,0.07203389830508475,0.7906976744186047,1.004601082975993,1.0,0.00032991597242172654,1.0173022598870063,0.0050390785684904646,0.08935611038107755,0.0170079833391189,0.4411092678957088
"AMD, Ryzen 5 Hexa Core",Processing & Multitasking,0.09110169491525423,0.7870762711864406,0.07203389830508475,0.7906976744186047,1.004601082975993,1.0,0.00032991597242172654,1.0173022598870063,0.0050390785684904646,0.08935611038107755,0.0170079833391189,0.4411092678957088
"8 GB, Core i3, Windows 11 Home",Processing & Multitasking,0.0858050847457627,0.7870762711864406,0.06779661016949153,0.7901234567901235,1.0038715251815298,1.0,0.00026146401896007254,1.014518943170489,0.004218568945538876,0.08421052631578949,0.014311160248142522,0.43813036904109137
"8 GB, Core i3, Intel, Windows 11 Home",Processing & Multitasking,0.0858050847457627,0.7870762711864406,0.06779661016949153,0.7901234567901235,1.0038715251815298,1.0,0.00026146401896007254,1.014518943170489,0.004218568945538876,0.08421052631578949,0.014311160248142522,0.43813036904109137
"Everyday Use, Intel, Processing & Multitasking, Thin and Light Laptop",DDR4,0.059322033898305086,0.871822033898305,0.05190677966101695,0.875,1.0036452004860268,1.0,0.0001885234128124122,1.0254237288135597,0.003861003861003901,0.059036144578313264,0.024793388429752424,0.46726913730255165
"Core i7, Gaming Laptop, Intel",DDR4,0.059322033898305086,0.871822033898305,0.05190677966101695,0.875,1.0036452004860268,1.0,0.0001885234128124122,1.0254237288135597,0.003861003861003901,0.059036144578313264,0.024793388429752424,0.46726913730255165
"16 GB, Gaming",DDR4,0.11864406779661017,0.871822033898305,0.1038135593220339,0.875,1.0036452004860268,1.0,0.0003770468256248244,1.0254237288135597,0.004120879120879164,0.11708482676224613,0.024793388429752424,0.4970382746051033
"Core i7, Gaming Laptop",DDR4,0.059322033898305086,0.871822033898305,0.05190677966101695,0.875,1.0036452004860268,1.0,0.0001885234128124122,1.0254237288135597,0.003861003861003901,0.059036144578313264,0.024793388429752424,0.46726913730255165
"8 GB, DDR4, Intel",Processing & Multitasking,0.3877118644067797,0.7870762711864406,0.3061440677966102,0.7896174863387978,1.003228677124933,1.0,0.0009852592645791525,1.0120790226722431,0.005256163120652336,0.35243902439024394,0.011934861213060527,0.5892905735866264
"AMD, Windows 10 Home",Processing & Multitasking,0.1408898305084746,0.7870762711864406,0.11122881355932203,0.7894736842105262,1.0030459729404264,1.0,0.000337771114622229,1.0113877118644066,0.0035347307850389837,0.13618677042801555,0.011259492013615865,0.46539633066515546
"8 GB, DDR4",Intel,0.5423728813559322,0.7129237288135594,0.3877118644067797,0.71484375,1.0026931649331352,1.0,0.0010413674231542491,1.0067332249825864,0.005869257235377358,0.44688644688644685,0.00668819188191867,0.6293386654903417
Intel,"8 GB, DDR4",0.7129237288135594,0.5423728813559322,0.3877118644067797,0.5438335809806835,1.0026931649331352,1.0,0.0010413674231542491,1.0032021200242918,0.009356159135361695,0.44688644688644685,0.0031918991800120138,0.6293386654903417
"4 GB, DDR4, Intel",Processing & Multitasking,0.07521186440677965,0.7870762711864406,0.059322033898305086,0.7887323943661972,1.0021041457357878,1.0,0.00012456011203677841,1.0078389830508478,0.0022704958271969923,0.07387862796833773,0.007778011351692724,0.43205125774837455
"8 GB, DDR4, Processing & Multitasking, Thin and Light Laptop",Intel,0.274364406779661,0.7129237288135594,0.19597457627118645,0.7142857142857143,1.001910422415623,1.0,0.00037368033611032136,1.0047669491525424,0.00262773722627743,0.24765729585006693,0.004744333157617196,0.49458713648906816
"Core i3, Intel",Processing & Multitasking,0.22033898305084745,0.7870762711864406,0.17372881355932204,0.7884615384615385,1.001760016564862,1.0,0.00030522838264868124,1.0065485362095539,0.002253446447508079,0.2083862770012707,0.00650593187906681,0.5045941608862201
Core i3,Processing & Multitasking,0.22033898305084745,0.7870762711864406,0.17372881355932204,0.7884615384615385,1.001760016564862,1.0,0.00030522838264868124,1.0065485362095539,0.002253446447508079,0.2083862770012707,0.00650593187906681,0.5045941608862201
"Core i3, DDR4, Windows 11 Home",Processing & Multitasking,0.09004237288135593,0.7870762711864406,0.07097457627118645,0.7882352941176471,1.001472567492677,1.0,0.00010436117494973252,1.0054731638418086,0.0016159018643685792,0.08804204993429698,0.005443371378402714,0.43920513023513585
"Core i3, DDR4, Intel, Windows 11 Home",Processing & Multitasking,0.09004237288135593,0.7870762711864406,0.07097457627118645,0.7882352941176471,1.001472567492677,1.0,0.00010436117494973252,1.0054731638418086,0.0016159018643685792,0.08804204993429698,0.005443371378402714,0.43920513023513585
"DDR4, Processing & Multitasking, Windows 10 Home",Intel,0.336864406779661,0.7129237288135594,0.24046610169491525,0.7138364779874214,1.001280290074481,1.0,0.00030747270899164625,1.0031896070031665,0.0019281924251592494,0.29712041884816753,0.003179465756921791,0.5255660844617642
"DDR4, Intel",Processing & Multitasking,0.614406779661017,0.7870762711864406,0.4841101694915254,0.7879310344827586,1.0010859980507727,1.0,0.0005251723642631378,1.0040305911533691,0.0028133791809940344,0.5277136258660508,0.004014410705095251,0.7015025293544345
Processing & Multitasking,"DDR4, Intel",0.7870762711864406,0.614406779661017,0.4841101694915254,0.6150740242261103,1.0010859980507727,1.0,0.0005251723642631378,1.00173343605547,0.005094875730755365,0.5277136258660508,0.0017304364545278666,0.7015025293544345
"Intel, Performance",DDR4,0.05826271186440678,0.871822033898305,0.05084745762711865,0.8727272727272728,1.0010383298354137,1.0,5.274166906062139e-05,1.0071125907990324,0.0011014248218974012,0.05783132530120482,0.007062359128475731,0.46552524025185027
"8 GB, Laptop","DDR4, Processing & Multitasking",0.0847457627118644,0.6747881355932204,0.057203389830508475,0.675,1.000313971742543,1.0,1.7954610744039257e-05,1.0006518904823989,0.0003429355281207169,0.08144796380090497,0.000651465798045635,0.3798861852433281
"16 GB, DDR4, Intel",Processing & Multitasking,0.149364406779661,0.7870762711864406,0.11758474576271187,0.7872340425531916,1.0002004524498156,1.0,2.3565426601576678e-05,1.0007415254237297,0.00023560297532925666,0.14359637774902975,0.0007409759712086374,0.4683141948970534
"8 GB, DDR4, Intel, Thin and Light Laptop, Windows 11 Home",Processing & Multitasking,0.09957627118644068,0.7870762711864406,0.07838983050847458,0.7872340425531915,1.0002004524498154,1.0,1.5710284401032615e-05,1.000741525423729,0.00022257551669314148,0.09698558322411535,0.0007409759712081159,0.4434151370235675
"Core i5, Processing & Multitasking",DDR4,0.2627118644067797,0.871822033898305,0.2288135593220339,0.8709677419354838,0.9990201073962293,1.0,-0.00022443263430049765,0.9933792372881352,-0.0013285858532178898,0.25263157894736843,-0.006664889362837045,0.5667110884647042
"Core i5, Intel, Processing & Multitasking",DDR4,0.2627118644067797,0.871822033898305,0.2288135593220339,0.8709677419354838,0.9990201073962293,1.0,-0.00022443263430049765,0.9933792372881352,-0.0013285858532178898,0.25263157894736843,-0.006664889362837045,0.5667110884647042
"8 GB, Intel, Windows 11 Home",Processing & Multitasking,0.15677966101694915,0.7870762711864406,0.1228813559322034,0.7837837837837838,0.99581681277509,1.0,-0.0005161950588911113,0.984772245762712,-0.004957110220268001,0.14967741935483872,-0.015463224418448149,0.46995380306282053
Thin and Light Laptop,DDR4,0.513771186440678,0.871822033898305,0.4459745762711864,0.868041237113402,0.9956633388032218,1.0,-0.0019424644498707289,0.9713486493644065,-0.008878288967533477,0.47463359639233366,-0.029496464173128012,0.6897921859929099
DDR4,Thin and Light Laptop,0.871822033898305,0.513771186440678,0.4459745762711864,0.511543134872418,0.9956633388032218,1.0,-0.0019424644498707289,0.9954385909435871,-0.032863760631834764,0.47463359639233366,-0.004582310850626238,0.6897921859929099
Laptop,"DDR4, Processing & Multitasking",0.13877118644067796,0.6747881355932204,0.09322033898305085,0.6717557251908397,0.9955061296391722,1.0,-0.0004208111893134192,0.9907617264485612,-0.005214199307554375,0.12941176470588234,-0.009324415048362712,0.4049516459549175
Processing & Multitasking,"8 GB, DDR4",0.7870762711864406,0.5423728813559322,0.4247881355932203,0.5397039030955586,0.9950790713324362,1.0,-0.0021006894570525514,0.9942016057091884,-0.022698337637772147,0.46955503512880564,-0.005832211754149719,0.6614535140477793
"8 GB, DDR4",Processing & Multitasking,0.5423728813559322,0.7870762711864406,0.4247881355932203,0.783203125,0.9950790713324361,1.0,-0.0021006894570525514,0.9821346770499315,-0.01069078947368411,0.46955503512880564,-0.01819029850746248,0.6614535140477793
"16 GB, Intel, Windows 11 Home",Processing & Multitasking,0.08792372881355932,0.7870762711864406,0.06885593220338983,0.7831325301204819,0.9949893787802624,1.0,-0.00034674841999425554,0.9818149717514125,-0.005490990510715445,0.08541392904073587,-0.01852184858838333,0.4353078532163648
"AMD, Processing & Multitasking, Windows 10 Home",DDR4,0.11122881355932203,0.871822033898305,0.09639830508474577,0.8666666666666668,0.9940866747671124,1.0,-0.0005734253806377321,0.9613347457627133,-0.006648451730418762,0.10872162485065713,-0.04022038567492965,0.4886188740380722
"DDR4, Windows 11 Home",Intel,0.3199152542372881,0.7129237288135594,0.2266949152542373,0.7086092715231789,0.993948220383181,1.0,-0.0013802607009479884,0.9851935670261942,-0.008873306496991636,0.28120893561103805,-0.015028958236602157,0.5132942345728821
"AMD, DDR4, Windows 11 Home",8 GB,0.09322033898305085,0.5720338983050848,0.05296610169491525,0.5681818181818181,0.9932659932659931,1.0,-0.00035909221488078513,0.991079393398751,-0.007421150278293212,0.08650519031141868,-0.009000900090009213,0.33038720538720534
"DDR4, Everyday Use, Processing & Multitasking",Intel,0.11970338983050847,0.7129237288135594,0.0847457627118644,0.7079646017699115,0.9930439585004405,1.0,-0.0005936243177248057,0.9830187467899331,-0.00789446193794882,0.11331444759206798,-0.017274597524736496,0.4134176649265605
Ryzen 7 Octa Core,DDR4,0.07097457627118645,0.871822033898305,0.0614406779661017,0.8656716417910447,0.9929453582633612,1.0,-0.0004365214737144449,0.954213747645951,-0.007589503463076687,0.06971153846153848,-0.047983224373997824,0.4680727589271141
"AMD, Ryzen 7 Octa Core",DDR4,0.07097457627118645,0.871822033898305,0.0614406779661017,0.8656716417910447,0.9929453582633612,1.0,-0.0004365214737144449,0.954213747645951,-0.007589503463076687,0.06971153846153848,-0.047983224373997824,0.4680727589271141
"Core i3, DDR4",Processing & Multitasking,0.2129237288135593,0.7870762711864406,0.1663135593220339,0.7810945273631841,0.992400045532767,1.0,-0.0012736551996552492,0.972674306625578,-0.00963611974258384,0.1994917407878018,-0.028093364025642734,0.4962000227663834
"Core i3, DDR4, Intel",Processing & Multitasking,0.2129237288135593,0.7870762711864406,0.1663135593220339,0.7810945273631841,0.992400045532767,1.0,-0.0012736551996552492,0.972674306625578,-0.00963611974258384,0.1994917407878018,-0.028093364025642734,0.4962000227663834
"8 GB, Intel, Windows 11 Home","DDR4, Processing & Multitasking",0.15677966101694915,0.6747881355932204,0.1048728813559322,0.6689189189189189,0.9913021341592769,1.0,-0.0009201738006320154,0.9822725700449668,-0.010298402491711187,0.1443148688046647,-0.01804736332423658,0.4121674657388943
"AMD, Processing & Multitasking","8 GB, DDR4",0.19915254237288135,0.5423728813559322,0.10699152542372882,0.5372340425531915,0.9905252659574468,1.0,-0.0010234128124102237,0.9888953828170661,-0.011803075011647733,0.1686143572621035,-0.011229314420803722,0.36724983377659576
"16 GB, Windows 10 Home",Processing & Multitasking,0.13877118644067796,0.7870762711864406,0.10805084745762712,0.7786259541984734,0.9892636618618559,1.0,-0.0011726605142200336,0.961827878433665,-0.012444772600064118,0.13212435233160624,-0.03968706087881148,0.45795362312884635
"8 GB, DDR4, Everyday Use, Windows 11 Home",Intel,0.0826271186440678,0.7129237288135594,0.05826271186440678,0.7051282051282051,0.9890654170000379,1.0,-0.0006441216604424066,0.9735630066322767,-0.0119077254999586,0.07902298850574711,-0.02715488693348509,0.39342591534270577
"Intel, Processing & Multitasking","8 GB, DDR4",0.5709745762711864,0.5423728813559322,0.3061440677966102,0.536178107606679,0.9885783858998145,1.0,-0.003537058316575692,0.9866440677966102,-0.026223616230022347,0.37926509186351715,-0.01353672782244206,0.5503156163033396
"8 GB, DDR4","Intel, Processing & Multitasking",0.5423728813559322,0.5709745762711864,0.3061440677966102,0.564453125,0.9885783858998145,1.0,-0.003537058316575692,0.9850269818347648,-0.024624999999999973,0.37926509186351715,-0.015200617283950564,0.5503156163033396
Intel,DDR4,0.7129237288135594,0.871822033898305,0.614406779661017,0.8618127786032689,0.9885191531002259,1.0,-0.007135835607584018,0.9275674321122652,-0.038883691351909895,0.6331877729257642,-0.07808873552491015,0.7832757696175519
DDR4,Intel,0.871822033898305,0.7129237288135594,0.614406779661017,0.7047387606318348,0.9885191531002259,1.0,-0.007135835607584018,0.9722788937713609,-0.08308182756503209,0.6331877729257642,-0.028511475880250797,0.7832757696175519
"8 GB, Everyday Use, Processing & Multitasking",Intel,0.09322033898305085,0.7129237288135594,0.06567796610169492,0.7045454545454546,0.9882480075645009,1.0,-0.0007810255673657007,0.9716427640156453,-0.012944502306204454,0.08869814020028613,-0.029184837302918498,0.398335134404971
"8 GB, Core i3, Intel",Processing & Multitasking,0.17584745762711865,0.7870762711864406,0.13665254237288135,0.7771084337349398,0.9873356143281066,1.0,-0.0017528188738868133,0.9552794319743474,-0.0153251442251089,0.1653846153846154,-0.04681412216028269,0.4753644456696233
"8 GB, Core i3",Processing & Multitasking,0.17584745762711865,0.7870762711864406,0.13665254237288135,0.7771084337349398,0.9873356143281066,1.0,-0.0017528188738868133,0.9552794319743474,-0.0153251442251089,0.1653846153846154,-0.04681412216028269,0.4753644456696233
"AMD, Gaming",DDR4,0.09851694915254237,0.871822033898305,0.0847457627118644,0.8602150537634408,0.9866865258234364,1.0,-0.0011434842717609889,0.9169654498044325,-0.014746957264215122,0.09569377990430622,-0.09055363014307333,0.4787102000287435
"Processing & Multitasking, Windows 10 Home",Intel,0.375,0.7129237288135594,0.263771186440678,0.7033898305084746,0.9866270430906389,1.0,-0.003575211864406791,0.9678571428571427,-0.02122641509433969,0.3200514138817481,-0.033210332103321145,0.536687485833732
"Intel, Windows 10 Home",Thin and Light Laptop,0.3114406779661017,0.513771186440678,0.15783898305084745,0.5068027210884354,0.9864366365102742,1.0,-0.0021702635736857434,0.9858708357685564,-0.01957806932296747,0.2365079365079365,-0.014331658589361694,0.4070096079668981
"AMD, DDR4, Ryzen 5 Hexa Core",Processing & Multitasking,0.0847457627118644,0.7870762711864406,0.06567796610169492,0.7750000000000001,0.9846567967698522,1.0,-0.0010234128124102099,0.94632768361582,-0.016740088105726594,0.08147174770039424,-0.05671641791044692,0.4292227456258413
"DDR4, Ryzen 5 Hexa Core",Processing & Multitasking,0.0847457627118644,0.7870762711864406,0.06567796610169492,0.7750000000000001,0.9846567967698522,1.0,-0.0010234128124102099,0.94632768361582,-0.016740088105726594,0.08147174770039424,-0.05671641791044692,0.4292227456258413
"Intel, Processing & Multitasking, Windows 11 Home",8 GB,0.21822033898305085,0.5720338983050848,0.1228813559322034,0.5631067961165048,0.9843941028407047,1.0,-0.0019480752657282385,0.9795668549905837,-0.019875435061366544,0.18412698412698414,-0.02085936749014721,0.3889608054656598
"AMD, DDR4, Windows 10 Home",8 GB,0.1260593220338983,0.5720338983050848,0.07097457627118645,0.5630252100840337,0.9842514783691255,1.0,-0.0011356291295604726,0.9793839634941331,-0.017979284737150696,0.11317567567567567,-0.02105000416007969,0.3435496420790539
"16 GB, Processing & Multitasking",Intel,0.2341101694915254,0.7129237288135594,0.1641949152542373,0.7013574660633485,0.9837762971230326,1.0,-0.002707779732835397,0.9612705444273242,-0.021078285784168177,0.20974289580514208,-0.04028985991217372,0.46583475086228343
DDR4,Processing & Multitasking,0.871822033898305,0.7870762711864406,0.6747881355932204,0.7739975698663427,0.9833831843254746,1.0,-0.011402299985636244,0.9421302624384914,-0.1164744721337026,0.6856835306781487,-0.061424348488420065,0.8156663488631848
Processing & Multitasking,DDR4,0.7870762711864406,0.871822033898305,0.6747881355932204,0.857335127860027,0.9833831843254744,1.0,-0.011402299985636244,0.898454988807164,-0.07352494247384148,0.6856835306781487,-0.11302181239780572,0.8156663488631848
"8 GB, Windows 11 Home",Processing & Multitasking,0.2108050847457627,0.7870762711864406,0.163135593220339,0.7738693467336684,0.9832202736427765,1.0,-0.0027840868284975395,0.9415960451977404,-0.021166955319893044,0.1954314720812183,-0.062026550663766285,0.49056858992134295
Windows 11 Home,"Intel, Processing & Multitasking",0.388771186440678,0.5709745762711864,0.21822033898305085,0.5613079019073569,0.9830698690177087,1.0,-0.0037581244613616727,0.9779647857669228,-0.027403425223588674,0.29428571428571426,-0.022531705183839644,0.4717485706197267
"16 GB, DDR4, Intel, Windows 10 Home",Processing & Multitasking,0.06991525423728813,0.7870762711864406,0.05402542372881356,0.7727272727272728,0.9817692401810842,1.0,-0.001003213875323171,0.9368644067796615,-0.019574356279558357,0.06728232189973615,-0.06739032112166377,0.4206839593784413
"Core i5, Intel, Thin and Light Laptop, Windows 11 Home","DDR4, Processing & Multitasking",0.07838983050847458,0.6747881355932204,0.05190677966101695,0.6621621621621622,0.9812889812889812,1.0,-0.0009897479172651588,0.9626271186440677,-0.020270270270270375,0.07401812688821752,-0.03882384012677181,0.3695426195426195
"Core i5, Thin and Light Laptop, Windows 11 Home","DDR4, Processing & Multitasking",0.07838983050847458,0.6747881355932204,0.05190677966101695,0.6621621621621622,0.9812889812889812,1.0,-0.0009897479172651588,0.9626271186440677,-0.020270270270270375,0.07401812688821752,-0.03882384012677181,0.3695426195426195
"16 GB, Windows 11 Home",Thin and Light Laptop,0.13665254237288135,0.513771186440678,0.06885593220338983,0.5038759689922481,0.9807400303684168,1.0,-0.00135220662166044,0.9800549523305084,-0.022240679217423363,0.11839708561020035,-0.02035094830352471,0.31894829377447453
"AMD, Gaming, Windows 10 Home",DDR4,0.06567796610169492,0.871822033898305,0.05614406779661017,0.8548387096774194,0.98051973503704,1.0,-0.0011154301924734267,0.8830037664783432,-0.020821114369501455,0.06370192307692309,-0.1324980005331906,0.45961862579861246
"Intel, Windows 11 Home",Processing & Multitasking,0.2828389830508475,0.7870762711864406,0.21822033898305085,0.7715355805243445,0.9802551655652506,1.0,-0.004395513142775059,0.931977632675743,-0.027319202951617706,0.2562189054726368,-0.07298712430357607,0.52439497734158
"Processing & Multitasking, Thin and Light Laptop",DDR4,0.4661016949152542,0.871822033898305,0.3983050847457627,0.8545454545454546,0.9801833646305094,1.0,-0.008052642918701503,0.8812235169491532,-0.036485661989017606,0.4239007891770012,-0.13478587528174216,0.6557052910637358
"Intel, Thin and Light Laptop",DDR4,0.3855932203389831,0.871822033898305,0.3294491525423729,0.8543956043956044,0.9800114830491501,1.0,-0.00671951307095664,0.8803165973776784,-0.03212997939560449,0.35502283105022836,-0.1359549541367722,0.6161406940568545
"8 GB, Intel, Processing & Multitasking, Windows 11 Home",DDR4,0.1228813559322034,0.871822033898305,0.1048728813559322,0.853448275862069,0.978924875350903,1.0,-0.002257792301062919,0.8746261216350949,-0.023956944179843846,0.11785714285714285,-0.1433456825306352,0.48686994595047556
"8 GB, Core i3, DDR4, Intel, Windows 11 Home",Processing & Multitasking,0.07838983050847458,0.7870762711864406,0.06038135593220339,0.7702702702702703,0.9786475573824162,1.0,-0.0013174195633438648,0.9268444666001997,-0.023126625167441465,0.075,-0.07892967594460103,0.42349314321050524
"8 GB, Core i3, DDR4, Windows 11 Home",Processing & Multitasking,0.07838983050847458,0.7870762711864406,0.06038135593220339,0.7702702702702703,0.9786475573824162,1.0,-0.0013174195633438648,0.9268444666001997,-0.023126625167441465,0.075,-0.07892967594460103,0.42349314321050524
"4 GB, Intel","DDR4, Processing & Multitasking",0.09004237288135593,0.6747881355932204,0.059322033898305086,0.6588235294117647,0.9763413057530704,1.0,-0.00143749102269463,0.953207188778492,-0.025939050318922786,0.08408408408408408,-0.0490898639586129,0.3733678086619263
AMD,"DDR4, Processing & Multitasking",0.2701271186440678,0.6747881355932204,0.17796610169491525,0.6588235294117647,0.9763413057530704,1.0,-0.004312473068083883,0.953207188778492,-0.03213345039508339,0.23204419889502761,-0.0490898639586129,0.46127989657401425
AMD,"8 GB, DDR4",0.2701271186440678,0.5423728813559322,0.1430084745762712,0.5294117647058824,0.9761029411764706,1.0,-0.0035011490950876134,0.972457627118644,-0.032454361054766685,0.21360759493670886,-0.02832244008714595,0.3965418198529412
"DDR4, Windows 10 Home",Intel,0.4141949152542373,0.7129237288135594,0.288135593220339,0.6956521739130435,0.9757736287873893,1.0,-0.007153790218328071,0.9432506053268763,-0.04065922151143882,0.3434343434343434,-0.06016364511471224,0.5499063246979778
"Processing & Multitasking, Windows 11 Home",8 GB,0.2923728813559322,0.5720338983050848,0.163135593220339,0.5579710144927537,0.9754159957058508,1.0,-0.004111605860384948,0.968185607113087,-0.03439213035969063,0.2326283987915408,-0.03285980771990241,0.42157809983896943
"8 GB, DDR4, Everyday Use, Processing & Multitasking",Intel,0.08686440677966102,0.7129237288135594,0.06038135593220339,0.6951219512195121,0.9750298988873989,1.0,-0.0015463408503303758,0.9416101694915251,-0.027280646183085396,0.0816618911174785,-0.06201062010620139,0.3899086724893995
"8 GB, Core i3, DDR4, Intel",Processing & Multitasking,0.1684322033898305,0.7870762711864406,0.1292372881355932,0.7672955974842767,0.9748681615412614,1.0,-0.003331702456190744,0.9149965643609711,-0.030069172262226627,0.15641025641025638,-0.09290027848180486,0.46574739497363227
"8 GB, Core i3, DDR4",Processing & Multitasking,0.1684322033898305,0.7870762711864406,0.1292372881355932,0.7672955974842767,0.9748681615412614,1.0,-0.003331702456190744,0.9149965643609711,-0.030069172262226627,0.15641025641025638,-0.09290027848180486,0.46574739497363227
"Processing & Multitasking, Thin and Light Laptop, Windows 11 Home","8 GB, DDR4",0.2044491525423729,0.5423728813559322,0.10805084745762712,0.5284974093264249,0.9744170984455959,1.0,-0.002836828497558175,0.9705718010802756,-0.031947428282573,0.1691542288557214,-0.030320475916330854,0.36385807966321243
"Intel, Processing & Multitasking",DDR4,0.5709745762711864,0.871822033898305,0.4841101694915254,0.8478664192949907,0.9725223570042179,1.0,-0.01367804689744323,0.8425356552294341,-0.06178715897685439,0.5049723756906078,-0.18689338996304705,0.7015759799998648
DDR4,"Intel, Processing & Multitasking",0.871822033898305,0.5709745762711864,0.4841101694915254,0.5552855407047388,0.9725223570042179,1.0,-0.01367804689744323,0.9647211030841901,-0.18061523871617777,0.5049723756906078,-0.03656901129562114,0.7015759799998648
"AMD, DDR4, Windows 10 Home",Processing & Multitasking,0.1260593220338983,0.7870762711864406,0.09639830508474577,0.7647058823529412,0.9715778639854328,1.0,-0.002819996049985618,0.9049258474576275,-0.03238902923132422,0.11802853437094685,-0.10506292069066382,0.443591164595044
16 GB,Processing & Multitasking,0.3061440677966102,0.7870762711864406,0.2341101694915254,0.7647058823529411,0.9715778639854327,1.0,-0.0068485618356794176,0.904925847457627,-0.04045526256479612,0.2725030826140567,-0.10506292069066435,0.5310743409072916
"16 GB, Processing & Multitasking, Windows 11 Home",Intel,0.09957627118644068,0.7129237288135594,0.06885593220338983,0.6914893617021276,0.9699345578704434,1.0,-0.002134354352197651,0.9305230859146695,-0.03327967525195979,0.09259259259259259,-0.07466436366491361,0.39403591413486766
"8 GB, Core i5, Windows 11 Home",DDR4,0.0614406779661017,0.871822033898305,0.05190677966101695,0.8448275862068966,0.9690367452968535,1.0,-0.0016585571674806107,0.8260357815442565,-0.03292346075024507,0.05889423076923077,-0.21060131091478992,0.45218293040599994
"8 GB, Core i5, Intel, Windows 11 Home",DDR4,0.0614406779661017,0.871822033898305,0.05190677966101695,0.8448275862068966,0.9690367452968535,1.0,-0.0016585571674806107,0.8260357815442565,-0.03292346075024507,0.05889423076923077,-0.21060131091478992,0.45218293040599994
"Intel, Windows 11 Home",8 GB,0.2828389830508475,0.5720338983050848,0.15677966101694915,0.5543071161048688,0.9690109585240669,1.0,-0.005013825050272924,0.9602264634667423,-0.04268898570664233,0.22458270106221545,-0.04142099603218777,0.4141905950894714
4 GB,DDR4,0.10911016949152542,0.871822033898305,0.09216101694915255,0.8446601941747574,0.9688447427715322,1.0,-0.002963632935937946,0.8251456567796617,-0.03483801181933303,0.10369487485101313,-0.21190724544652073,0.4751855041347663
"DDR4, Intel, Windows 11 Home",Processing & Multitasking,0.2266949152542373,0.7870762711864406,0.17266949152542374,0.7616822429906542,0.9677362548898757,1.0,-0.005756697069807498,0.8934446660019943,-0.041330970029003995,0.20528967254408062,-0.11926349560608138,0.4905315656406838
"8 GB, AMD, Ryzen 5 Hexa Core",Processing & Multitasking,0.07097457627118645,0.7870762711864406,0.05402542372881356,0.7611940298507462,0.9671159679395753,1.0,-0.0018369811117495,0.8916181144067797,-0.035307566215166994,0.06719367588932808,-0.12155639711888308,0.414917337940178
"8 GB, Ryzen 5 Hexa Core",Processing & Multitasking,0.07097457627118645,0.7870762711864406,0.05402542372881356,0.7611940298507462,0.9671159679395753,1.0,-0.0018369811117495,0.8916181144067797,-0.035307566215166994,0.06719367588932808,-0.12155639711888308,0.414917337940178
"AMD, Processing & Multitasking",8 GB,0.19915254237288135,0.5720338983050848,0.11016949152542373,0.5531914893617021,0.9670606776989755,1.0,-0.003752513645504177,0.9578288942695722,-0.04079640835447992,0.16666666666666666,-0.04402780703602278,0.37289204097714734
Windows 10 Home,Intel,0.4523305084745763,0.7129237288135594,0.3114406779661017,0.6885245901639344,0.9657759481645677,1.0,-0.011036474791726536,0.9216659232827831,-0.0607725247631819,0.36476426799007444,-0.08499183352489284,0.5626872579348647
"Gaming, Processing & Multitasking","DDR4, Intel",0.10911016949152542,0.614406779661017,0.0646186440677966,0.5922330097087378,0.9639102778707732,1.0,-0.0024193837977592725,0.9456214689265535,-0.04033148137755592,0.09807073954983922,-0.05750560119492177,0.3487027117509206
"Core i5, Thin and Light Laptop",DDR4,0.1853813559322034,0.871822033898305,0.15572033898305085,0.84,0.9634993924665857,1.0,-0.005899211792588344,0.8011122881355933,-0.04443786982248526,0.172737955346651,-0.24826446280991715,0.5093074119076549
"Core i5, Intel, Thin and Light Laptop",DDR4,0.1853813559322034,0.871822033898305,0.15572033898305085,0.84,0.9634993924665857,1.0,-0.005899211792588344,0.8011122881355933,-0.04443786982248526,0.172737955346651,-0.24826446280991715,0.5093074119076549
"16 GB, Windows 10 Home",DDR4,0.13877118644067796,0.871822033898305,0.11652542372881355,0.8396946564885497,0.9631491564097096,1.0,-0.00445835428037919,0.7995863599677165,-0.04253610697729184,0.13033175355450238,-0.25064664689924826,0.4866760038214316
"Intel, Processing & Multitasking, Thin and Light Laptop",DDR4,0.3474576271186441,0.871822033898305,0.2913135593220339,0.8384146341463414,0.9616809412322556,1.0,-0.011607655846021248,0.7932523185161497,-0.05754851344133873,0.3139269406392694,-0.26063293690788125,0.5862790060160625
"Processing & Multitasking, Thin and Light Laptop, Windows 11 Home","DDR4, Intel",0.2044491525423729,0.614406779661017,0.12076271186440678,0.5906735751295337,0.961372163659103,1.0,-0.004852233553576571,0.9420188800686548,-0.04807756454446408,0.17298937784522,-0.06154984911461606,0.3936126496337323
"Processing & Multitasking, Windows 11 Home","DDR4, Intel",0.2923728813559322,0.614406779661017,0.17266949152542374,0.5905797101449276,0.9612193903048476,1.0,-0.006966388968687148,0.9418029098545073,-0.05393945712994813,0.23520923520923523,-0.06179327918458343,0.4358070964517742
"8 GB, DDR4, Intel, Windows 11 Home",Processing & Multitasking,0.13877118644067796,0.7870762711864406,0.1048728813559322,0.7557251908396947,0.9601676718070953,1.0,-0.004350626615914954,0.8716565148305088,-0.045955620880944355,0.12774193548387097,-0.14724089476282667,0.4444843989191744
"16 GB, DDR4, Processing & Multitasking, Thin and Light Laptop",Intel,0.08050847457627118,0.7129237288135594,0.05508474576271186,0.6842105263157895,0.9597247204191757,1.0,-0.00231165613329503,0.9090748587570621,-0.0436477667598949,0.0746054519368723,-0.10001942124684415,0.3807382497849378
"4 GB, Intel",DDR4,0.09004237288135593,0.871822033898305,0.07521186440677965,0.8352941176470587,0.9581016367664927,1.0,-0.0032890602556736592,0.7782233656174333,-0.04585419274092619,0.08482676224611707,-0.28497812348079743,0.46078193124151234
"8 GB, DDR4, Windows 11 Home","Intel, Processing & Multitasking",0.1917372881355932,0.5709745762711864,0.1048728813559322,0.5469613259668509,0.9579433983538168,1.0,-0.0046042354926745105,0.9469951426209179,-0.0515193370165745,0.15942028985507248,-0.05597162540072284,0.365317397677303
"16 GB, AMD",DDR4,0.1027542372881356,0.871822033898305,0.0858050847457627,0.8350515463917525,0.957823401936591,1.0,-0.0037783233984487324,0.7770789194915253,-0.04678078194903729,0.09654350417163289,-0.2868705802164098,0.46673597975723713
"8 GB, AMD, DDR4, Ryzen 5 Hexa Core",Processing & Multitasking,0.06885593220338983,0.7870762711864406,0.05190677966101695,0.7538461538461538,0.9577803085205508,1.0,-0.002288090706693474,0.8650026483050849,-0.045200620704943385,0.06455862977602109,-0.15606582472254096,0.40989750491769333
"8 GB, DDR4, Ryzen 5 Hexa Core",Processing & Multitasking,0.06885593220338983,0.7870762711864406,0.05190677966101695,0.7538461538461538,0.9577803085205508,1.0,-0.002288090706693474,0.8650026483050849,-0.045200620704943385,0.06455862977602109,-0.15606582472254096,0.40989750491769333
"8 GB, AMD",Processing & Multitasking,0.1461864406779661,0.7870762711864406,0.11016949152542373,0.7536231884057971,0.9574970253769483,1.0,-0.004890387101407642,0.8642198404785646,-0.049420516658728555,0.13384813384813385,-0.15711298579565908,0.4467981352526967
Windows 11 Home,Processing & Multitasking,0.388771186440678,0.7870762711864406,0.2923728813559322,0.7520435967302452,0.955490114822815,1.0,-0.01361969441252514,0.8587143788414977,-0.07081551324764135,0.3309352517985612,-0.16453156560521617,0.5617553111511253
"8 GB, DDR4, Windows 11 Home",Processing & Multitasking,0.1917372881355932,0.7870762711864406,0.1440677966101695,0.7513812154696133,0.9546485429385129,1.0,-0.0068440731829933765,0.8564265536723168,-0.05551257429437398,0.17258883248730966,-0.16764245072977593,0.46721146910761957
"Thin and Light Laptop, Windows 11 Home",DDR4,0.2330508474576271,0.871822033898305,0.19385593220338984,0.8318181818181819,0.9541146581243788,1.0,-0.009322931628842263,0.7621392579019705,-0.05900568181818167,0.21279069767441863,-0.31209616829451425,0.5270877057329063
"16 GB, DDR4, Thin and Light Laptop",Intel,0.0826271186440678,0.7129237288135594,0.05614406779661017,0.6794871794871795,0.9530994018364003,1.0,-0.002762765728239011,0.8956779661016948,-0.0509098428453267,0.07593123209169055,-0.11647270318857042,0.3791195184211529
"16 GB, Core i7, Intel",Processing & Multitasking,0.09745762711864407,0.7870762711864406,0.07309322033898305,0.75,0.9528936742934052,1.0,-0.0036133654122378622,0.8516949152542375,-0.05192878338278931,0.09007832898172324,-0.1741293532338306,0.4214333781965007
"16 GB, Core i7",Processing & Multitasking,0.09745762711864407,0.7870762711864406,0.07309322033898305,0.75,0.9528936742934052,1.0,-0.0036133654122378622,0.8516949152542375,-0.05192878338278931,0.09007832898172324,-0.1741293532338306,0.4214333781965007
"Core i5, Intel, Processing & Multitasking, Thin and Light Laptop",DDR4,0.17478813559322035,0.871822033898305,0.1451271186440678,0.8303030303030303,0.9523767443573034,1.0,-0.007257029230106293,0.755334443099274,-0.05713402244014491,0.16098707403055232,-0.3239168544953663,0.4983835929157922
"Core i5, Processing & Multitasking, Thin and Light Laptop",DDR4,0.17478813559322035,0.871822033898305,0.1451271186440678,0.8303030303030303,0.9523767443573034,1.0,-0.007257029230106293,0.755334443099274,-0.05713402244014491,0.16098707403055232,-0.3239168544953663,0.4983835929157922
"8 GB, AMD, DDR4",Processing & Multitasking,0.1430084745762712,0.7870762711864406,0.10699152542372882,0.7481481481481481,0.9505408504062609,1.0,-0.00556705149382361,0.8454324526420739,-0.05724010614976344,0.12998712998713,-0.1828266077022295,0.44204177259358957
"16 GB, DDR4, Processing & Multitasking",Intel,0.17372881355932204,0.7129237288135594,0.11758474576271187,0.676829268292683,0.9493712173377306,1.0,-0.006270647802355658,0.8883114806523824,-0.060628417672077196,0.15289256198347106,-0.12573125731257315,0.42088120175406807
Windows 11 Home,"DDR4, Intel",0.388771186440678,0.614406779661017,0.2266949152542373,0.5831062670299727,0.949055717372921,1.0,-0.012168737431772492,0.9249196853882794,-0.0807313768407261,0.29195088676671205,-0.08117495583435659,0.476035892135676
"Core i5, Intel, Windows 11 Home","DDR4, Processing & Multitasking",0.1059322033898305,0.6747881355932204,0.06779661016949153,0.64,0.9484458398744112,1.0,-0.0036851838552140193,0.9033662900188323,-0.05731239092495638,0.09509658246656762,-0.10697068403908802,0.3702354788069074
"Core i5, Windows 11 Home","DDR4, Processing & Multitasking",0.1059322033898305,0.6747881355932204,0.06779661016949153,0.64,0.9484458398744112,1.0,-0.0036851838552140193,0.9033662900188323,-0.05731239092495638,0.09509658246656762,-0.10697068403908802,0.3702354788069074
Windows 11 Home,8 GB,0.388771186440678,0.5720338983050848,0.2108050847457627,0.542234332425068,0.94790594409123,1.0,-0.011585212582591237,0.9349021388216301,-0.0824949858965858,0.2810734463276836,-0.06963066878895005,0.45537642547179324
"Core i7, Intel",Processing & Multitasking,0.11652542372881355,0.7870762711864406,0.08686440677966102,0.7454545454545455,0.9471185611158695,1.0,-0.0048499892272335365,0.8364860774818405,-0.05944161738412852,0.10635538261997407,-0.19547715965626378,0.42790896855499816
Core i7,Processing & Multitasking,0.11652542372881355,0.7870762711864406,0.08686440677966102,0.7454545454545455,0.9471185611158695,1.0,-0.0048499892272335365,0.8364860774818405,-0.05944161738412852,0.10635538261997407,-0.19547715965626378,0.42790896855499816
"DDR4, Windows 11 Home",Processing & Multitasking,0.3199152542372881,0.7870762711864406,0.23834745762711865,0.7450331125827815,0.9465831201590118,1.0,-0.013450247773628216,0.835103455866168,-0.07661919251323196,0.27439024390243905,-0.19745642647688672,0.5239297460625886
AMD,8 GB,0.2701271186440678,0.5720338983050848,0.1461864406779661,0.5411764705882353,0.9460566448801742,1.0,-0.008335428037920145,0.9327466318991742,-0.07246122329528833,0.21004566210045664,-0.07210250436808402,0.3983660130718954
"DDR4, Windows 11 Home","Intel, Processing & Multitasking",0.3199152542372881,0.5709745762711864,0.17266949152542374,0.5397350993377484,0.9452874467065576,1.0,-0.009993985205400707,0.9321271796122427,-0.07843102719458896,0.2404129793510325,-0.07281497833374186,0.4210734865890969
Windows 11 Home,DDR4,0.388771186440678,0.871822033898305,0.3199152542372881,0.8228882833787465,0.9438718584563023,1.0,-0.019024032246480915,0.7237125162972621,-0.0886630719586627,0.34009009009009,-0.3817641362848199,0.5949192328193854
"Intel, Processing & Multitasking, Thin and Light Laptop, Windows 11 Home","8 GB, DDR4",0.15360169491525424,0.5423728813559322,0.07838983050847458,0.5103448275862069,0.940948275862069,1.0,-0.004919563343866715,0.9345905944139413,-0.06902849944890582,0.12692967409948544,-0.06998722860791821,0.32743803879310346
"AMD, Windows 11 Home","8 GB, DDR4",0.1038135593220339,0.5423728813559322,0.05296610169491525,0.5102040816326531,0.9406887755102041,1.0,-0.003339557598391267,0.9343220338983051,-0.06573018817916777,0.08928571428571429,-0.07029478458049884,0.30393016581632654
16 GB,"Intel, Processing & Multitasking",0.3061440677966102,0.5709745762711864,0.1641949152542373,0.5363321799307958,0.9393276026988335,1.0,-0.010605564133869566,0.9252861750569189,-0.08516255767012679,0.23031203566121847,-0.08074672134649061,0.41195087660732743
"16 GB, DDR4",Processing & Multitasking,0.23516949152542374,0.7870762711864406,0.17372881355932204,0.7387387387387387,0.9385859614661769,1.0,-0.011367512927319717,0.8149839275277617,-0.0788093793275139,0.20474406991260924,-0.2270180628389581,0.47973276102482026
"AMD, Windows 11 Home","DDR4, Processing & Multitasking",0.1038135593220339,0.6747881355932204,0.06567796610169492,0.6326530612244898,0.9375580687534041,1.0,-0.004374192042516517,0.8852989642184558,-0.06917480035492456,0.09212481426448738,-0.12956192248886525,0.3649921507064364
"Gaming, Gaming Laptop, Windows 10 Home","8 GB, DDR4",0.1271186440677966,0.5423728813559322,0.0646186440677966,0.5083333333333333,0.9372395833333332,1.0,-0.004327061189313419,0.9307670209709853,-0.07124907612712497,0.10683012259194395,-0.07438271604938278,0.31373697916666665
"Core i7, Intel, Windows 10 Home",DDR4,0.0635593220338983,0.871822033898305,0.05190677966101695,0.8166666666666668,0.9367355204536251,1.0,-0.0035056377477736198,0.6991525423728819,-0.06726959517657176,0.058752997601918475,-0.430303030303029,0.43810247063588503
"Core i7, Windows 10 Home",DDR4,0.0635593220338983,0.871822033898305,0.05190677966101695,0.8166666666666668,0.9367355204536251,1.0,-0.0035056377477736198,0.6991525423728819,-0.06726959517657176,0.058752997601918475,-0.430303030303029,0.43810247063588503
AMD,Processing & Multitasking,0.2701271186440678,0.7870762711864406,0.19915254237288135,0.7372549019607842,0.9367007098936478,1.0,-0.013458102915828773,0.8103813559322034,-0.08474121180003527,0.23209876543209879,-0.23398692810457522,0.4951415828781041
"4 GB, Processing & Multitasking",DDR4,0.09216101694915255,0.871822033898305,0.07521186440677965,0.8160919540229884,0.9360763117833549,1.0,-0.005136140835966682,0.6969676906779659,-0.06995903643922727,0.08462455303933253,-0.4347867388619743,0.45118084942947717
"Gaming, Gaming Laptop, Windows 10 Home","DDR4, Intel",0.1271186440677966,0.614406779661017,0.07309322033898305,0.5750000000000001,0.9358620689655173,1.0,-0.005009336397586897,0.9072781655034896,-0.07279843444227001,0.10935023771790807,-0.10219780219780211,0.34698275862068967
"16 GB, DDR4, Windows 10 Home",Processing & Multitasking,0.11652542372881355,0.7870762711864406,0.0858050847457627,0.7363636363636363,0.9355683347607977,1.0,-0.005909311261131853,0.8076417299824664,-0.07231529799505623,0.1049222797927461,-0.23817277250113061,0.42269056649944936
"Gaming Laptop, Windows 10 Home","DDR4, Intel",0.13453389830508475,0.614406779661017,0.07733050847457627,0.5748031496062992,0.9355416779799076,1.0,-0.00532803073829359,0.9068581293157563,-0.07373930329714697,0.11514195583596214,-0.10270831530674064,0.3503326092859082
"Intel, Thin and Light Laptop, Windows 11 Home",DDR4,0.17796610169491525,0.871822033898305,0.1451271186440678,0.8154761904761905,0.9353700167794944,1.0,-0.01002765010054582,0.6946418808091855,-0.07753713730390117,0.1604215456674473,-0.4395907123179846,0.4909701730023723
"16 GB, AMD, Processing & Multitasking",DDR4,0.06885593220338983,0.871822033898305,0.05614406779661017,0.8153846153846155,0.9352649780353306,1.0,-0.003886051062912947,0.6942973163841815,-0.06919080919080904,0.06347305389221558,-0.4403051493960572,0.4398915786522105
"Intel, Laptop","DDR4, Processing & Multitasking",0.10911016949152542,0.6747881355932204,0.06885593220338983,0.6310679611650485,0.9352090350703387,1.0,-0.004770315642056891,0.8814953166815341,-0.07215357458075922,0.09629629629629628,-0.134435976091838,0.36655438874578955
"Processing & Multitasking, Windows 11 Home",DDR4,0.2923728813559322,0.871822033898305,0.23834745762711865,0.8152173913043479,0.9350731681546834,1.0,-0.016549662453317987,0.6936689930209377,-0.0893558237603605,0.2574370709382151,-0.44160977362558285,0.5443037138781763
"16 GB, Intel, Windows 10 Home",DDR4,0.0858050847457627,0.871822033898305,0.06991525423728813,0.8148148148148148,0.9346114036271995,1.0,-0.004891509264579139,0.6921610169491527,-0.07108958363912121,0.07875894988066827,-0.4447505356596264,0.44750461275370146
"16 GB, Intel, Windows 10 Home","DDR4, Processing & Multitasking",0.0858050847457627,0.6747881355932204,0.05402542372881356,0.6296296296296297,0.933077504506076,1.0,-0.003874829431197928,0.878072033898305,-0.07274680824168872,0.07646176911544228,-0.13885872843527572,0.3548462119890691
"AMD, Processing & Multitasking, Windows 10 Home",8 GB,0.11122881355932203,0.5720338983050848,0.059322033898305086,0.5333333333333333,0.9323456790123457,1.0,-0.00430461792588336,0.9170702179176755,-0.0754820936639117,0.09507640067911714,-0.09042904290429052,0.31851851851851853
"AMD, Processing & Multitasking, Windows 10 Home","8 GB, DDR4",0.11122881355932203,0.5423728813559322,0.05614406779661017,0.5047619047619049,0.930654761904762,1.0,-0.004183424303361098,0.9240547588005217,-0.07735242245046157,0.09397163120567377,-0.08218694885361531,0.30413876488095243
"AMD, Windows 10 Home","8 GB, DDR4",0.1408898305084746,0.5423728813559322,0.07097457627118645,0.5037593984962406,0.9288063909774437,1.0,-0.005440247055443839,0.9221879815100155,-0.0819126467855031,0.11591695501730104,-0.0843776106934001,0.3173093867481203
"Processing & Multitasking, Thin and Light Laptop, Windows 11 Home",DDR4,0.2044491525423729,0.871822033898305,0.1652542372881356,0.8082901554404145,0.9271274686947161,1.0,-0.01298903871014076,0.6686039853412736,-0.0899161818054703,0.1813953488372093,-0.49565366334089794,0.4989202903569023
16 GB,Intel,0.3061440677966102,0.7129237288135594,0.20233050847457626,0.6608996539792387,0.9270271520897493,1.0,-0.015926861893134192,0.8465820650294013,-0.10188947436431268,0.24773022049286636,-0.18122039351881455,0.4723517586389507
"16 GB, Windows 11 Home",Processing & Multitasking,0.13665254237288135,0.7870762711864406,0.09957627118644068,0.7286821705426356,0.9258088411739543,1.0,-0.007979702312553863,0.7847760290556901,-0.08493687366371638,0.12082262210796915,-0.274248910486328,0.4275981512201738
Windows 10,"DDR4, Processing & Multitasking",0.09851694915254237,0.6747881355932204,0.0614406779661017,0.6236559139784946,0.9242247767593389,1.0,-0.005037390476874459,0.8641343825665859,-0.08336583282262702,0.0863095238095238,-0.1572274176035867,0.35735385965800714
"AMD, DDR4",Processing & Multitasking,0.24470338983050846,0.7870762711864406,0.17796610169491525,0.7272727272727273,0.9240181084057263,1.0,-0.014634129919563338,0.780720338983051,-0.09818181818181815,0.20843672456575682,-0.28086838534599695,0.4766915453321914
"16 GB, Thin and Light Laptop","DDR4, Processing & Multitasking",0.1292372881355932,0.6747881355932204,0.08050847457627118,0.6229508196721312,0.9231798646318553,1.0,-0.00669931413386958,0.8625184229918939,-0.08722714122906991,0.11127379209370424,-0.15939552517755118,0.3711300409192681
Windows 10,"Intel, Processing & Multitasking",0.09851694915254237,0.5709745762711864,0.05190677966101695,0.5268817204301075,0.9227761485826002,1.0,-0.004343893636885948,0.9068037365177196,-0.08494623655913972,0.08404802744425387,-0.10277445904686047,0.3088954056695992
"AMD, Windows 10 Home",8 GB,0.1408898305084746,0.5720338983050848,0.07415254237288135,0.5263157894736842,0.9200779727095516,1.0,-0.006441216604424024,0.9034839924670431,-0.09182530795072799,0.11608623548922055,-0.10682647212089645,0.3279727095516569
"Intel, Windows 11 Home",DDR4,0.2828389830508475,0.871822033898305,0.2266949152542373,0.8014981273408239,0.9193368556618928,1.0,-0.019890342214880785,0.6457267348896707,-0.10900782888384597,0.2442922374429224,-0.5486427090104309,0.5307612143386987
"4 GB, Intel, Processing & Multitasking",DDR4,0.07415254237288135,0.871822033898305,0.059322033898305086,0.8,0.917618469015796,1.0,-0.005325786411950577,0.6408898305084749,-0.08839634941329837,0.06690561529271206,-0.5603305785123958,0.4340218712029162
"16 GB, Windows 10 Home","DDR4, Processing & Multitasking",0.13877118644067796,0.6747881355932204,0.0858050847457627,0.6183206106870229,0.916318142054238,1.0,-0.007836065426601563,0.8520550847457626,-0.09587291998462313,0.11790393013100435,-0.17363304075391006,0.3727395832085036
"16 GB, DDR4, Windows 11 Home",Processing & Multitasking,0.09427966101694915,0.7870762711864406,0.06779661016949153,0.7191011235955056,0.9136358824685832,1.0,-0.006408673872450435,0.7580084745762713,-0.09450447617944419,0.08333333333333334,-0.31924646430767495,0.4026192024437824
"16 GB, Core i5, Intel",DDR4,0.09322033898305085,0.871822033898305,0.07415254237288135,0.7954545454545454,0.9124047277145697,1.0,-0.007119003160011489,0.6266478342749531,-0.09573825908487262,0.08323424494649227,-0.5957926371149509,0.4402546117309179
"16 GB, Core i5",DDR4,0.09322033898305085,0.871822033898305,0.07415254237288135,0.7954545454545454,0.9124047277145697,1.0,-0.007119003160011489,0.6266478342749531,-0.09573825908487262,0.08323424494649227,-0.5957926371149509,0.4402546117309179
"DDR4, Gaming Laptop, Processing & Multitasking",Intel,0.1027542372881356,0.7129237288135594,0.06673728813559322,0.6494845360824743,0.9110154562583294,1.0,-0.006518645863257691,0.8190117148554337,-0.09817475071826946,0.0891089108910891,-0.22098375622931496,0.37154761722400087
"16 GB, Processing & Multitasking, Windows 10 Home",DDR4,0.10805084745762712,0.871822033898305,0.0858050847457627,0.7941176470588235,0.9108712743906797,1.0,-0.008396024849181269,0.6225786924939468,-0.09885841128904391,0.09597156398104265,-0.6062226543509963,0.4462690300907726
"DDR4, Gaming, Processing & Multitasking",Intel,0.09957627118644068,0.7129237288135594,0.0646186440677966,0.648936170212766,0.9102462773861085,1.0,-0.006371642487790874,0.8177324088341036,-0.09869976359338076,0.08640226628895184,-0.22289393106697045,0.3697875501881066
Laptop,"Intel, Processing & Multitasking",0.13877118644067796,0.5709745762711864,0.07203389830508475,0.5190839694656489,0.9091192340919715,1.0,-0.007200921071531155,0.8921004842615015,-0.10400155589050403,0.11295681063122924,-0.1209499575911787,0.3226217620983161
Windows 11 Home,"DDR4, Processing & Multitasking",0.388771186440678,0.6747881355932204,0.23834745762711865,0.6130790190735694,0.9085503830540809,1.0,-0.02399072644355074,0.840512353783719,-0.14139176212269536,0.2888318356867779,-0.18975050812557165,0.48314861471731846
"16 GB, Processing & Multitasking, Windows 10 Home",Intel,0.10805084745762712,0.7129237288135594,0.06991525423728813,0.6470588235294117,0.9076129708941525,1.0,-0.007116758833668496,0.8133827683615816,-0.10243240624091496,0.09308885754583919,-0.22943347080529675,0.37256358709902976
"Intel, Processing & Multitasking, Windows 11 Home",DDR4,0.21822033898305085,0.871822033898305,0.17266949152542374,0.7912621359223302,0.9075959371940215,1.0,-0.017579808244757245,0.6140618841150971,-0.11522506619593995,0.18822170900692842,-0.6285003610687622,0.49465901449822464
"8 GB, Gaming","DDR4, Intel",0.09322033898305085,0.614406779661017,0.05190677966101695,0.5568181818181818,0.9062695924764889,1.0,-0.005368428612467682,0.8700564971751411,-0.10237972949837358,0.0791599353796446,-0.14935064935064957,0.3206504702194357
"Core i5, Intel, Windows 11 Home",DDR4,0.1059322033898305,0.871822033898305,0.0836864406779661,0.79,0.9061482381530985,1.0,-0.00866758833668485,0.6103712671509285,-0.10381720430107517,0.09360189573459715,-0.6383471074380157,0.44299513973268534
"Core i5, Windows 11 Home",DDR4,0.1059322033898305,0.871822033898305,0.0836864406779661,0.79,0.9061482381530985,1.0,-0.00866758833668485,0.6103712671509285,-0.10381720430107517,0.09360189573459715,-0.6383471074380157,0.44299513973268534
"Intel, Windows 11 Home","DDR4, Processing & Multitasking",0.2828389830508475,0.6747881355932204,0.17266949152542374,0.6104868913857677,0.9047089881760827,1.0,-0.01818689852054009,0.8349189211212514,-0.12805986188150897,0.21997300944669365,-0.1977210896802453,0.4331869307792261
"DDR4, Laptop","Intel, Processing & Multitasking",0.13347457627118645,0.5709745762711864,0.06885593220338983,0.5158730158730158,0.9034955973731483,1.0,-0.007354657426027006,0.886183662128369,-0.10973812872547052,0.10833333333333334,-0.12843425436018036,0.31823335394763963
"Gaming Laptop, Processing & Multitasking",Intel,0.10699152542372882,0.7129237288135594,0.06885593220338983,0.6435643564356435,0.9027113706913037,1.0,-0.007420865053145653,0.8054084274952915,-0.10768955184992189,0.09167842031029619,-0.24160607942713141,0.3700734115016256
"16 GB, Windows 11 Home",Intel,0.13665254237288135,0.7129237288135594,0.08792372881355932,0.6434108527131783,0.9024960549201193,1.0,-0.009499111246768166,0.8050617170228445,-0.11122060176060959,0.11543810848400556,-0.24214079350095835,0.3833696165497541
"Intel, Processing & Multitasking, Thin and Light Laptop, Windows 11 Home",DDR4,0.15360169491525424,0.871822033898305,0.12076271186440678,0.786206896551724,0.9017974609293166,1.0,-0.013150630206837113,0.5995420995079278,-0.11399251009192159,0.13348946135831383,-0.6679395839270449,0.4623622575103699
"16 GB, Core i5, Processing & Multitasking",DDR4,0.0836864406779661,0.871822033898305,0.06567796610169492,0.7848101265822786,0.9001953335281543,1.0,-0.007281716819879339,0.5956505483549356,-0.10793592707796196,0.07380952380952382,-0.678836698399413,0.4300721349800822
"16 GB, Core i5, Intel, Processing & Multitasking",DDR4,0.0836864406779661,0.871822033898305,0.06567796610169492,0.7848101265822786,0.9001953335281543,1.0,-0.007281716819879339,0.5956505483549356,-0.10793592707796196,0.07380952380952382,-0.678836698399413,0.4300721349800822
"16 GB, Gaming Laptop","DDR4, Intel",0.125,0.614406779661017,0.06885593220338983,0.5508474576271186,0.8965517241379309,1.0,-0.007944915254237295,0.8584905660377358,-0.11650485436893213,0.10268562401263821,-0.16483516483516497,0.33145821157218
"AMD, DDR4, Windows 11 Home",Processing & Multitasking,0.09322033898305085,0.7870762711864406,0.06567796610169492,0.7045454545454546,0.8951425425180474,1.0,-0.007693550703820731,0.7206649282920472,-0.11440395140835657,0.08062418725617687,-0.38760741745816324,0.3939954728985685
"DDR4, Gaming, Processing & Multitasking",8 GB,0.09957627118644068,0.5720338983050848,0.05084745762711865,0.5106382978723405,0.8926713947990544,1.0,-0.006113544958345304,0.8745394252026529,-0.11779968863518424,0.08191126279863481,-0.14345902675373912,0.2997635933806147
Laptop,Processing & Multitasking,0.13877118644067796,0.7870762711864406,0.09745762711864407,0.7022900763358779,0.8922770283459877,1.0,-0.011765880853203084,0.7152053455019559,-0.1229464945298482,0.11764705882352941,-0.3981998404921949,0.4130562090966065
"AMD, Windows 11 Home",8 GB,0.1038135593220339,0.5720338983050848,0.05296610169491525,0.5102040816326531,0.891912320483749,1.0,-0.006418773340993972,0.8737641242937852,-0.11911703456892969,0.08503401360544216,-0.1444736310365731,0.3013983371126228
"Gaming, Gaming Laptop, Processing & Multitasking",Intel,0.09004237288135593,0.7129237288135594,0.057203389830508475,0.6352941176470589,0.8911109168778953,1.0,-0.006989954395288711,0.7871446145434664,-0.11838829231207831,0.07670454545454544,-0.2704145864988061,0.3577659295516127
"DDR4, Gaming, Gaming Laptop, Processing & Multitasking",Intel,0.09004237288135593,0.7129237288135594,0.057203389830508475,0.6352941176470589,0.8911109168778953,1.0,-0.006989954395288711,0.7871446145434664,-0.11838829231207831,0.07670454545454544,-0.2704145864988061,0.3577659295516127
"Core i7, DDR4",Processing & Multitasking,0.0815677966101695,0.7870762711864406,0.057203389830508475,0.7012987012987013,0.8910174616769503,1.0,-0.006996687374317731,0.7128316138540901,-0.11752398544851385,0.07049608355091384,-0.4028558506170443,0.38698851619443814
"Core i7, DDR4, Intel",Processing & Multitasking,0.0815677966101695,0.7870762711864406,0.057203389830508475,0.7012987012987013,0.8910174616769503,1.0,-0.006996687374317731,0.7128316138540901,-0.11752398544851385,0.07049608355091384,-0.4028558506170443,0.38698851619443814
"16 GB, DDR4",Intel,0.23516949152542374,0.7129237288135594,0.149364406779661,0.6351351351351351,0.8908879161479457,1.0,-0.01829350402183283,0.7868016321406149,-0.13803088803088817,0.18700265251989387,-0.2709683853595296,0.4223223966908959
"DDR4, Gaming, Gaming Laptop, Windows 10 Home",8 GB,0.1271186440677966,0.5720338983050848,0.0646186440677966,0.5083333333333333,0.8886419753086419,1.0,-0.008097529445561621,0.870439528871014,-0.12553931802366042,0.10183639398998329,-0.148844884488449,0.3106481481481481
"Gaming, Gaming Laptop, Windows 10 Home",8 GB,0.1271186440677966,0.5720338983050848,0.0646186440677966,0.5083333333333333,0.8886419753086419,1.0,-0.008097529445561621,0.870439528871014,-0.12553931802366042,0.10183639398998329,-0.148844884488449,0.3106481481481481
2 in 1 Laptop,DDR4,0.06567796610169492,0.871822033898305,0.05084745762711865,0.7741935483870968,0.8880178732410928,1.0,-0.006412040361964952,0.5676452784503634,-0.11891779396462017,0.05734767025089606,-0.7616635563849635,0.41625837808176225
"DDR4, Laptop",Processing & Multitasking,0.13347457627118645,0.7870762711864406,0.09322033898305085,0.6984126984126984,0.8873507231515307,1.0,-0.011834332806664752,0.7060102586975915,-0.12778383618078276,0.11267605633802817,-0.4164100134249387,0.4084257300946399
"16 GB, Intel, Processing & Multitasking, Windows 10 Home",DDR4,0.06991525423728813,0.871822033898305,0.05402542372881356,0.7727272727272728,0.8863360212084394,1.0,-0.006928235420856063,0.563983050847458,-0.1211728685821948,0.06085918854415275,-0.7731029301277221,0.4173478404948636
"16 GB, DDR4, Processing & Multitasking, Windows 10 Home",Intel,0.0858050847457627,0.7129237288135594,0.05402542372881356,0.6296296296296297,0.8831654834626602,1.0,-0.007147057239299051,0.7751059322033897,-0.12641419554602834,0.0725462304409673,-0.2901462347956814,0.35270485939133783
"16 GB, Windows 11 Home","Intel, Processing & Multitasking",0.13665254237288135,0.5709745762711864,0.06885593220338983,0.5038759689922481,0.8824840718528426,1.0,-0.009169195274346453,0.8647543697033899,-0.13363098158505873,0.1077943615257048,-0.15639774141066123,0.31223483050725576
"16 GB, Windows 10 Home","Intel, Processing & Multitasking",0.13877118644067796,0.5709745762711864,0.06991525423728813,0.5038167938931297,0.8823804330892662,1.0,-0.009319565139327773,0.8646512385919165,-0.1340315995029291,0.10927152317880795,-0.15653567053058154,0.31313288674248324
"AMD, Windows 11 Home",Processing & Multitasking,0.1038135593220339,0.7870762711864406,0.07203389830508475,0.6938775510204082,0.8815887054687286,1.0,-0.009675290864694042,0.6955508474576273,-0.13034013605442163,0.08796895213454077,-0.4377094121230579,0.39269920619661053
16 GB,DDR4,0.3061440677966102,0.871822033898305,0.23516949152542374,0.7681660899653979,0.8811042392798732,1.0,-0.03173365232691752,0.5528870478117888,-0.16281399512922506,0.24943820224719104,-0.8086876948154073,0.5189554629656881
"DDR4, Gaming, Windows 10 Home",8 GB,0.13241525423728814,0.5720338983050848,0.06673728813559322,0.504,0.8810666666666667,1.0,-0.00900872594082161,0.8628348824494259,-0.13464150943396236,0.10465116279069767,-0.15897029702970306,0.31033333333333335
"8 GB, DDR4, Laptop",Processing & Multitasking,0.0826271186440678,0.7870762711864406,0.057203389830508475,0.6923076923076923,0.8795941608862201,1.0,-0.00783045461074404,0.6920021186440679,-0.12984258122139108,0.07040417209908735,-0.4450822809031762,0.3824930116989336
"16 GB, DDR4","Intel, Processing & Multitasking",0.23516949152542374,0.5709745762711864,0.11758474576271187,0.5,0.87569573283859,1.0,-0.016691055012927322,0.8580508474576272,-0.15654205607476637,0.17076923076923076,-0.16543209876543205,0.3529684601113173
"Gaming Laptop, Windows 10 Home","DDR4, Processing & Multitasking",0.13453389830508475,0.6747881355932204,0.07944915254237288,0.5905511811023622,0.8751653296085241,1.0,-0.011332725869003163,0.794267438070404,-0.14149410149354108,0.10885341074020317,-0.25902177537254123,0.35414529227802566
"Gaming, Windows 10 Home","DDR4, Intel",0.1419491525423729,0.614406779661017,0.07627118644067797,0.5373134328358209,0.8745239320638188,1.0,-0.010943335248491823,0.8333788955713504,-0.14326007756493137,0.11214953271028037,-0.1999343939642448,0.33072568193515184
"Core i5, Processing & Multitasking, Windows 11 Home",DDR4,0.08898305084745763,0.871822033898305,0.06779661016949153,0.7619047619047619,0.8739223514436151,1.0,-0.009780774202815284,0.5383474576271188,-0.13670870192609327,0.07591933570581258,-0.8575364029909481,0.4198345194699994
"Core i5, Intel, Processing & Multitasking, Windows 11 Home",DDR4,0.08898305084745763,0.871822033898305,0.06779661016949153,0.7619047619047619,0.8739223514436151,1.0,-0.009780774202815284,0.5383474576271188,-0.13670870192609327,0.07591933570581258,-0.8575364029909481,0.4198345194699994
"8 GB, Laptop",Processing & Multitasking,0.0847457627118644,0.7870762711864406,0.05826271186440678,0.6875,0.8734858681022881,1.0,-0.008438667049698353,0.68135593220339,-0.13662790697674407,0.07161458333333333,-0.46766169154228826,0.3807621130551817
"16 GB, Gaming, Gaming Laptop","DDR4, Intel",0.11122881355932203,0.614406779661017,0.059322033898305086,0.5333333333333333,0.8680459770114942,1.0,-0.009017703246193616,0.8262711864406779,-0.1460559796437658,0.0890302066772655,-0.21025641025641037,0.31494252873563217
"Core i5, Intel, Thin and Light Laptop, Windows 11 Home",DDR4,0.07838983050847458,0.871822033898305,0.059322033898305086,0.7567567567567568,0.8680174706906179,1.0,-0.009019947572536623,0.5269538606403016,-0.14161880263575172,0.06658739595719382,-0.8976993522448058,0.41240024958129456
"Core i5, Thin and Light Laptop, Windows 11 Home",DDR4,0.07838983050847458,0.871822033898305,0.059322033898305086,0.7567567567567568,0.8680174706906179,1.0,-0.009019947572536623,0.5269538606403016,-0.14161880263575172,0.06658739595719382,-0.8976993522448058,0.41240024958129456
"16 GB, Windows 10 Home",Intel,0.13877118644067796,0.7129237288135594,0.0858050847457627,0.6183206106870229,0.8673026099384096,1.0,-0.013128186943407075,0.7521398305084745,-0.15085362079636896,0.11203319502074686,-0.32954001295738156,0.3693386114356363
"16 GB, Intel, Thin and Light Laptop","DDR4, Processing & Multitasking",0.09427966101694915,0.6747881355932204,0.05508474576271186,0.5842696629213483,0.8658564549415271,1.0,-0.00853405091927608,0.7822663765460375,-0.14606741573033724,0.07715133531157269,-0.27833693225487705,0.3329511579912864
"16 GB, Intel","DDR4, Processing & Multitasking",0.20233050847457626,0.6747881355932204,0.11758474576271187,0.5811518324607331,0.861235996613708,1.0,-0.01894548082447571,0.7764433262711866,-0.16804690143929274,0.15481171548117156,-0.2879240070262801,0.37770307478609655
"16 GB, DDR4, Gaming Laptop",Intel,0.11228813559322035,0.7129237288135594,0.06885593220338983,0.6132075471698113,0.8601306456586951,1.0,-0.011196944125251379,0.7421971889210416,-0.15482249255213523,0.09103641456582631,-0.34735083199888633,0.3548950068687095
"16 GB, Gaming Laptop",Intel,0.125,0.7129237288135594,0.07627118644067797,0.6101694915254238,0.8558692421991084,1.0,-0.01284427966101695,0.7364130434782609,-0.16139767054908485,0.10013908205841447,-0.35793357933579345,0.35857657340015614
"Intel, Windows 10",Processing & Multitasking,0.07733050847457627,0.7870762711864406,0.05190677966101695,0.6712328767123288,0.8528180829292576,1.0,-0.008958228598103989,0.6476430084745765,-0.1575737238956219,0.06388526727509779,-0.5440605193212018,0.3685908663507808
"Gaming, Gaming Laptop, Windows 10 Home","DDR4, Processing & Multitasking",0.1271186440677966,0.6747881355932204,0.07309322033898305,0.5750000000000001,0.8521193092621665,1.0,-0.012684932490663603,0.7652043868394816,-0.1658450704225352,0.1002906976744186,-0.3068403908794788,0.3416601255886971
"16 GB, AMD",Processing & Multitasking,0.1027542372881356,0.7870762711864406,0.06885593220338983,0.6701030927835051,0.8513826643171317,1.0,-0.012019489729962654,0.6454250529661018,-0.16286531034273027,0.08387096774193548,-0.5493665692157768,0.3787931345478764
"16 GB, Processing & Multitasking",DDR4,0.2341101694915254,0.871822033898305,0.17372881355932204,0.7420814479638009,0.85118455270696,1.0,-0.03037359056305655,0.4969707106749928,-0.1858499440397144,0.18636363636363637,-1.0121910175386102,0.4706762039332978
"Gaming Laptop, Windows 11 Home",DDR4,0.06885593220338983,0.871822033898305,0.05084745762711865,0.7384615384615385,0.8470324329376578,1.0,-0.009182661232404472,0.49009222333001023,-0.162441687344913,0.05714285714285715,-1.0404322949777485,0.3983923731189831
"16 GB, Intel",DDR4,0.20233050847457626,0.871822033898305,0.149364406779661,0.7382198952879581,0.8467552626389215,1.0,-0.027031788638322313,0.48963983050847465,-0.184927300363882,0.16151202749140894,-1.04231751114188,0.4547721590656072
"Gaming, Gaming Laptop","DDR4, Intel",0.20233050847457626,0.614406779661017,0.1048728813559322,0.518324607329843,0.8436179815851237,1.0,-0.019440354783108307,0.8005250552689757,-0.18856875401378023,0.14732142857142858,-0.2491801392324952,0.34450713125112836
"16 GB, DDR4, Windows 10 Home",Intel,0.11652542372881355,0.7129237288135594,0.06991525423728813,0.6,0.8416047548291232,1.0,-0.013158485349037644,0.7176906779661015,-0.17561779242174647,0.09205020920502091,-0.39335793357933607,0.3490341753343239
Gaming Laptop,"DDR4, Intel",0.22139830508474576,0.614406779661017,0.11440677966101695,0.5167464114832536,0.8410493317934334,1.0,-0.021621839988509056,0.7979107232757174,-0.1953207363555268,0.15859030837004404,-0.25327304274672696,0.35147665401748884
16 GB,"DDR4, Processing & Multitasking",0.3061440677966102,0.6747881355932204,0.17372881355932204,0.5674740484429066,0.8409662507536951,1.0,-0.03285357117207699,0.7518898305084746,-0.21417441494692638,0.2152230971128609,-0.3299820790550365,0.41246543866415347
"Core i5, Intel, Processing & Multitasking, Thin and Light Laptop, Windows 11 Home",DDR4,0.07097457627118645,0.871822033898305,0.05190677966101695,0.7313432835820896,0.8388676302569776,1.0,-0.009970419778799193,0.4771068738229757,-0.171333256199622,0.0582639714625446,-1.0959664487479948,0.39544077909359643
"Core i5, Processing & Multitasking, Thin and Light Laptop, Windows 11 Home",DDR4,0.07097457627118645,0.871822033898305,0.05190677966101695,0.7313432835820896,0.8388676302569776,1.0,-0.009970419778799193,0.4771068738229757,-0.171333256199622,0.0582639714625446,-1.0959664487479948,0.39544077909359643
"Intel, Laptop",Processing & Multitasking,0.10911016949152542,0.7870762711864406,0.07203389830508475,0.6601941747572816,0.8387931372420914,1.0,-0.013844127046825624,0.6266041162227605,-0.17744696152463144,0.08740359897172238,-0.5959039752692842,0.37585751806504725
"Everyday Use, Thin and Light Laptop, Windows 11 Home",Processing & Multitasking,0.08050847457627118,0.7870762711864406,0.05296610169491525,0.6578947368421053,0.8358716441170221,1.0,-0.010400208273484618,0.6223924380704043,-0.17597022860180733,0.06501950585175552,-0.6067033254778732,0.3625947439257633
"16 GB, DDR4, Windows 11 Home",Intel,0.09427966101694915,0.7129237288135594,0.05614406779661017,0.5955056179775281,0.8353005993622384,1.0,-0.011070139686871594,0.7097163370998116,-0.1787785429503444,0.07475317348377997,-0.4090136406982049,0.3371287376663272
"Everyday Use, Windows 11 Home","DDR4, Processing & Multitasking",0.11652542372881355,0.6747881355932204,0.06567796610169492,0.5636363636363637,0.8352790067075782,1.0,-0.012952007325481185,0.7452771892655368,-0.18248221343873522,0.0905109489051095,-0.3417826473201065,0.33048380191237337
"DDR4, Intel, Laptop",Processing & Multitasking,0.1048728813559322,0.7870762711864406,0.06885593220338983,0.6565656565656566,0.8341830145329473,1.0,-0.013687024202815284,0.6199837986041876,-0.18171389410327465,0.08365508365508366,-0.6129453741394036,0.3720244164389521
"16 GB, AMD, DDR4",Processing & Multitasking,0.0858050847457627,0.7870762711864406,0.05614406779661017,0.6543209876543211,0.8313311067909545,1.0,-0.01139107835392128,0.6159579297820826,-0.18162461978887093,0.0687418936446174,-0.6234875007677652,0.3628267118621538
"Gaming, Processing & Multitasking",Intel,0.10911016949152542,0.7129237288135594,0.0646186440677966,0.5922330097087378,0.8307101948960601,1.0,-0.013168584817581167,0.7040203793381757,-0.18616346214861365,0.0853146853146853,-0.42041342743524557,0.34143596993609254
"Everyday Use, Thin and Light Laptop","DDR4, Processing & Multitasking",0.1228813559322034,0.6747881355932204,0.06885593220338983,0.5603448275862069,0.8304011259676283,1.0,-0.014062948865268612,0.739697573944832,-0.1888714733542321,0.0944767441860465,-0.3519038526339439,0.33119282195636873
Gaming,"DDR4, Intel",0.22245762711864406,0.614406779661017,0.11334745762711865,0.5095238095238096,0.8292939244663383,1.0,-0.023332016661878757,0.7861609346717131,-0.20932246048525105,0.15666178623718888,-0.2720041862899005,0.3470032840722496
"16 GB, Gaming","DDR4, Intel",0.11864406779661017,0.614406779661017,0.06038135593220339,0.5089285714285714,0.8283251231527092,1.0,-0.012514363688595244,0.7852080123266563,-0.19038514067194773,0.08976377952755905,-0.273547880690738,0.30360221674876847
"16 GB, Gaming, Gaming Laptop",Intel,0.11122881355932203,0.7129237288135594,0.06567796610169492,0.5904761904761906,0.8282459491969152,1.0,-0.013619694412525127,0.7010001970831692,-0.18918244875691673,0.08659217877094973,-0.42653312247408165,0.341300502370339
"16 GB, DDR4, Gaming, Gaming Laptop",Intel,0.10063559322033898,0.7129237288135594,0.059322033898305086,0.5894736842105264,0.8268397591303668,1.0,-0.012423468471703537,0.6992883528900478,-0.18887656743154488,0.07865168539325842,-0.4300252476208973,0.33634159693438653
"16 GB, Intel, Processing & Multitasking",DDR4,0.1641949152542373,0.871822033898305,0.11758474576271187,0.7161290322580646,0.821416532748011,1.0,-0.02556399920999712,0.4515360169491528,-0.20642442914099304,0.12802768166089964,-1.2146627565982393,0.42550072512052683
"16 GB, Windows 10 Home","DDR4, Intel",0.13877118644067796,0.614406779661017,0.06991525423728813,0.5038167938931297,0.8200052645433008,1.0,-0.015346703533467398,0.7771186440677965,-0.20310689993168393,0.10232558139534882,-0.2868047982551802,0.3088049486707028
Windows 10,Processing & Multitasking,0.09851694915254237,0.7870762711864406,0.0635593220338983,0.6451612903225806,0.8196934832631442,1.0,-0.013981030953748919,0.600057781201849,-0.19614603504463227,0.07731958762886597,-0.6665061787835016,0.3629574957669431
"DDR4, Windows 10",Processing & Multitasking,0.09533898305084745,0.7870762711864406,0.0614406779661017,0.6444444444444445,0.8187827127261852,1.0,-0.013598373312266585,0.5988479872881358,-0.19656123276561227,0.07483870967741936,-0.6698728579325589,0.36125317780768657
"16 GB, Processing & Multitasking","DDR4, Intel",0.2341101694915254,0.614406779661017,0.11758474576271187,0.5022624434389141,0.817475425183336,1.0,-0.026254129560471115,0.7746918335901388,-0.22572335478393413,0.1608695652173913,-0.2908358609716074,0.34682087689187086
"16 GB, DDR4, Gaming",Intel,0.1038135593220339,0.7129237288135594,0.06038135593220339,0.5816326530612245,0.8158413439670072,1.0,-0.01362979388106867,0.6861823067383215,-0.20119931089318863,0.07983193277310924,-0.45733865501920357,0.33316402341025564
"16 GB, Processing & Multitasking, Windows 10 Home","DDR4, Intel",0.10805084745762712,0.614406779661017,0.05402542372881356,0.5,0.8137931034482758,1.0,-0.012361749497270903,0.771186440677966,-0.2041587901701324,0.08082408874801901,-0.2967032967032968,0.2939655172413793
"DDR4, Gaming Laptop, Windows 10 Home",Intel,0.13347457627118645,0.7129237288135594,0.07733050847457627,0.5793650793650793,0.8126606759593386,1.0,-0.017826684142487795,0.682483210745123,-0.21013227513227514,0.10055096418732781,-0.46523750951795273,0.343917309370504
"16 GB, AMD","DDR4, Processing & Multitasking",0.1027542372881356,0.6747881355932204,0.05614406779661017,0.5463917525773196,0.8097234135525742,1.0,-0.013193272407354212,0.7169443374422189,-0.2075448382996752,0.07782672540381792,-0.3948084220423788,0.31479713217563
Everyday Use,"DDR4, Processing & Multitasking",0.21927966101694915,0.6747881355932204,0.11970338983050847,0.5458937198067633,0.8089853555692065,1.0,-0.028263923800632015,0.7161580418319509,-0.2322067337832357,0.15458276333789328,-0.39633983225542513,0.36164387717182744
"8 GB, Gaming","DDR4, Processing & Multitasking",0.09322033898305085,0.6747881355932204,0.05084745762711865,0.5454545454545455,0.808334522620237,1.0,-0.012056521114622229,0.7154661016949153,-0.20728507485723094,0.07090103397341212,-0.39769025762511095,0.3104038818324533
"DDR4, Gaming, Windows 10 Home",Intel,0.13241525423728814,0.7129237288135594,0.07627118644067797,0.576,0.8079405646359583,1.0,-0.018130790361964966,0.6770666773265108,-0.21506821963394357,0.09917355371900827,-0.47695940959409633,0.34149182763744423
"Gaming, Windows 10 Home","DDR4, Processing & Multitasking",0.1419491525423729,0.6747881355932204,0.07733050847457627,0.5447761194029851,0.807329131422948,1.0,-0.01845509551852917,0.7143998332870242,-0.21760876468720236,0.10458452722063037,-0.3997763624872382,0.32968790271562126
"Gaming, Gaming Laptop, Windows 10 Home",Intel,0.1271186440677966,0.7129237288135594,0.07309322033898305,0.5750000000000001,0.8065378900445765,1.0,-0.017532677391554147,0.6754735792622134,-0.21556291390728471,0.09530386740331491,-0.48044280442804427,0.3387630014858841
"DDR4, Gaming, Gaming Laptop, Windows 10 Home",Intel,0.1271186440677966,0.7129237288135594,0.07309322033898305,0.5750000000000001,0.8065378900445765,1.0,-0.017532677391554147,0.6754735792622134,-0.21556291390728471,0.09530386740331491,-0.48044280442804427,0.3387630014858841
"Gaming Laptop, Windows 10 Home",Intel,0.13453389830508475,0.7129237288135594,0.07733050847457627,0.5748031496062992,0.8062617729990288,1.0,-0.01858189995690894,0.6751608600125548,-0.21730971128608928,0.10041265474552956,-0.4811285120725226,0.3416363444911139
Gaming Laptop,Intel,0.22139830508474576,0.7129237288135594,0.1271186440677966,0.5741626794258373,0.8053634017503573,1.0,-0.030721461146222373,0.6741454008760235,-0.23687238810489994,0.1574803149606299,-0.48335952259044146,0.37623438577532575
"8 GB, Everyday Use, Thin and Light Laptop","DDR4, Processing & Multitasking",0.09957627118644068,0.6747881355932204,0.05402542372881356,0.5425531914893618,0.8040348709041719,1.0,-0.01316746265440965,0.7109282617264486,-0.21302011473386095,0.07500000000000001,-0.4066116848014415,0.3113079929189352
"Core i7, Intel",DDR4,0.11652542372881355,0.871822033898305,0.0815677966101695,0.7000000000000001,0.8029161603888215,1.0,-0.020021635305946556,0.42725988700565,-0.21742627345844492,0.08995327102803738,-1.3404958677685936,0.39678007290400974
Core i7,DDR4,0.11652542372881355,0.871822033898305,0.0815677966101695,0.7000000000000001,0.8029161603888215,1.0,-0.020021635305946556,0.42725988700565,-0.21742627345844492,0.08995327102803738,-1.3404958677685936,0.39678007290400974
"DDR4, Gaming",Intel,0.19809322033898305,0.7129237288135594,0.11334745762711865,0.572192513368984,0.8025998998816061,1.0,-0.027877899669635164,0.6710407838983051,-0.23471778688989245,0.14209827357237714,-0.4902223888549046,0.36559105609013837
"Gaming, Gaming Laptop",Intel,0.20233050847457626,0.7129237288135594,0.11546610169491525,0.5706806282722513,0.8004792170713302,1.0,-0.02878011885952314,0.6686776560562214,-0.23808065055140926,0.14437086092715232,-0.49548888159038684,0.3663209976428121
"Everyday Use, Thin and Light Laptop",Processing & Multitasking,0.1228813559322034,0.7870762711864406,0.07733050847457627,0.6293103448275862,0.7995544623381445,1.0,-0.019386490950876176,0.5743988963342531,-0.22228512609366946,0.09287531806615776,-0.7409504203122317,0.3637803406506706
"Everyday Use, Intel, Thin and Light Laptop","DDR4, Processing & Multitasking",0.09639830508474577,0.6747881355932204,0.05190677966101695,0.5384615384615384,0.7979712595097209,1.0,-0.0131416529014651,0.7046257062146891,-0.21886446886446892,0.07216494845360824,-0.4191931846654976,0.30769230769230765
"Everyday Use, Windows 11 Home",Processing & Multitasking,0.11652542372881355,0.7870762711864406,0.07309322033898305,0.6272727272727273,0.796965618499939,1.0,-0.018621175667911508,0.5712587846217447,-0.22381980037766375,0.08801020408163265,-0.750520126639529,0.36006974183286433
"DDR4, Gaming Laptop",Intel,0.20233050847457626,0.7129237288135594,0.11440677966101695,0.5654450261780105,0.7931353710431529,1.0,-0.029839440893421443,0.6606212987543394,-0.24640689431497023,0.14285714285714285,-0.5137265508780743,0.36296025454517167
"16 GB, Windows 11 Home",DDR4,0.13665254237288135,0.871822033898305,0.09427966101694915,0.689922480620155,0.7913570130078085,1.0,-0.024857036411950584,0.41337394067796623,-0.23394165980187143,0.10312862108922365,-1.419117175988211,0.3990317141861407
"16 GB, Gaming",Intel,0.11864406779661017,0.7129237288135594,0.06673728813559322,0.5625,0.7890044576523031,1.0,-0.01784688307957484,0.6561743341404357,-0.2327868852459017,0.08725761772853186,-0.5239852398523988,0.32805534918276374
"DDR4, Gaming, Gaming Laptop",Intel,0.1875,0.7129237288135594,0.1048728813559322,0.559322033898305,0.7845468053491826,1.0,-0.028800317796610186,0.6514423076923075,-0.2526132404181186,0.1318242343541944,-0.535055350553506,0.3532122799506384
"8 GB, Everyday Use","DDR4, Processing & Multitasking",0.1641949152542373,0.6747881355932204,0.08686440677966102,0.5290322580645161,0.7839975692510255,1.0,-0.023932373958632583,0.6905183422335732,-0.2479163034001744,0.11549295774647889,-0.4481874540296313,0.32888033625360813
"Everyday Use, Intel, Thin and Light Laptop",Processing & Multitasking,0.09639830508474577,0.7870762711864406,0.059322033898305086,0.6153846153846153,0.7818614763433067,1.0,-0.016550784616489518,0.5536016949152542,-0.23591982980629272,0.07197943444730077,-0.8063528511289705,0.3453773682575836
Gaming,Intel,0.22245762711864406,0.7129237288135594,0.1239406779661017,0.5571428571428572,0.781490129484186,1.0,-0.0346546430623384,0.648236741388737,-0.26449126413155183,0.15274151436031333,-0.5426462836056933,0.36549564848227556
"8 GB, Gaming",Intel,0.09322033898305085,0.7129237288135594,0.05190677966101695,0.5568181818181818,0.7810347156558151,1.0,-0.014552212008043672,0.6477618426770967,-0.23615967365967375,0.06882022471910113,-0.5437772559543781,0.3148132513845738
"8 GB, DDR4, Gaming",Intel,0.09322033898305085,0.7129237288135594,0.05190677966101695,0.5568181818181818,0.7810347156558151,1.0,-0.014552212008043672,0.6477618426770967,-0.23615967365967375,0.06882022471910113,-0.5437772559543781,0.3148132513845738
"16 GB, Processing & Multitasking, Windows 11 Home",DDR4,0.09957627118644068,0.871822033898305,0.06779661016949153,0.6808510638297872,0.7809518885240816,1.0,-0.01901617710428037,0.40162429378531084,-0.23751857146861766,0.0750293083235639,-1.4898892210304195,0.37930767043251207
"Gaming Laptop, Intel","DDR4, Processing & Multitasking",0.1271186440677966,0.6747881355932204,0.06673728813559322,0.525,0.778021978021978,1.0,-0.01904086469405343,0.6846565566458519,-0.24634146341463412,0.09077809798270893,-0.4605863192182411,0.31195054945054945
"Gaming, Windows 10 Home",Processing & Multitasking,0.1419491525423729,0.7870762711864406,0.08686440677966102,0.6119402985074627,0.777485385990639,1.0,-0.0248604029014651,0.5486880704041722,-0.25011854494546937,0.10314465408805032,-0.8225291453181849,0.3611518450814568
"Gaming, Intel","DDR4, Processing & Multitasking",0.1239406779661017,0.6747881355932204,0.0646186440677966,0.5213675213675213,0.7726388385729044,1.0,-0.01901505494110889,0.6794605024213073,-0.25143933998100676,0.08802308802308802,-0.47175589520866434,0.3085644514215942
"8 GB, Everyday Use, Thin and Light Laptop",Processing & Multitasking,0.09957627118644068,0.7870762711864406,0.06038135593220339,0.6063829787234043,0.7704246728329659,1.0,-0.017992764291870154,0.5409413650939077,-0.24865082811240002,0.07307692307692308,-0.848629194453265,0.3415494974370723
"8 GB, Everyday Use, Windows 11 Home",Processing & Multitasking,0.08792372881355932,0.7870762711864406,0.05296610169491525,0.6024096385542168,0.7653764452155865,1.0,-0.01623657892846883,0.5355354391371341,-0.25155166119021544,0.06443298969072164,-0.8672900557453694,0.33485219478181905
"DDR4, Everyday Use, Windows 11 Home",Processing & Multitasking,0.10911016949152542,0.7870762711864406,0.06567796610169492,0.6019417475728156,0.7647819780736715,1.0,-0.020200059250215452,0.5349059528730883,-0.25663287854810884,0.07908163265306124,-0.8694875138868756,0.34269361941224896
"DDR4, Everyday Use, Thin and Light Laptop",Processing & Multitasking,0.11440677966101695,0.7870762711864406,0.06885593220338983,0.6018518518518519,0.7646677633218684,1.0,-0.021190929330652114,0.534785179345684,-0.2578935868021414,0.0826972010178117,-0.8699097107057302,0.34466751408204976
"Gaming Laptop, Windows 10 Home",Processing & Multitasking,0.13453389830508475,0.7870762711864406,0.08050847457627118,0.5984251968503936,0.7603141128220345,1.0,-0.02537996444987073,0.5302218344965105,-0.2669964230483184,0.09571788413098237,-0.8860030555882007,0.350356609192357
"DDR4, Gaming Laptop, Windows 10 Home",Processing & Multitasking,0.13347457627118645,0.7870762711864406,0.07944915254237288,0.5952380952380952,0.7562648208677819,1.0,-0.025605519247342723,0.5260468594217349,-0.2711006558311948,0.09445843828715365,-0.9009713338071543,0.3480901108761136
"Everyday Use, Intel, Windows 11 Home",Processing & Multitasking,0.08898305084745763,0.7870762711864406,0.05296610169491525,0.5952380952380952,0.7562648208677819,1.0,-0.01707034616489514,0.5260468594217349,-0.26132068989211843,0.06435006435006435,-0.9009713338071543,0.33126642312375826
"Core i7, Intel, Processing & Multitasking",DDR4,0.08686440677966102,0.871822033898305,0.057203389830508475,0.6585365853658536,0.7553566665678807,1.0,-0.018526913961505312,0.3753783292978209,-0.26182244917377645,0.06345475910693302,-1.6639790364845795,0.3620750970571674
"Core i7, Processing & Multitasking",DDR4,0.08686440677966102,0.871822033898305,0.057203389830508475,0.6585365853658536,0.7553566665678807,1.0,-0.018526913961505312,0.3753783292978209,-0.26182244917377645,0.06345475910693302,-1.6639790364845795,0.3620750970571674
"Gaming, Windows 10 Home",Intel,0.1419491525423729,0.7129237288135594,0.07627118644067797,0.5373134328358209,0.753675899846976,1.0,-0.024927732691755244,0.620455166757791,-0.2758338093227705,0.09795918367346938,-0.6117199977969932,0.3221485440553547
"Everyday Use, Intel","DDR4, Processing & Multitasking",0.1673728813559322,0.6747881355932204,0.0847457627118644,0.5063291139240507,0.7503527214196292,1.0,-0.02819547184717036,0.6587624945675793,-0.2855032611412859,0.11188811188811187,-0.5179977734713231,0.3159589054706595
"16 GB, Core i7",DDR4,0.09745762711864407,0.871822033898305,0.0635593220338983,0.6521739130434782,0.7480585345237466,1.0,-0.021406384659580585,0.3685116525423729,-0.27175337626075563,0.07017543859649122,-1.7136183974128636,0.36253896138200636
"16 GB, Core i7, Intel",DDR4,0.09745762711864407,0.871822033898305,0.0635593220338983,0.6521739130434782,0.7480585345237466,1.0,-0.021406384659580585,0.3685116525423729,-0.27175337626075563,0.07017543859649122,-1.7136183974128636,0.36253896138200636
Everyday Use,Processing & Multitasking,0.21927966101694915,0.7870762711864406,0.1281779661016949,0.5845410628019323,0.7426739748116071,1.0,-0.04441185183855215,0.5125024635396137,-0.3073846249436912,0.14595898673100122,-0.9512101329103275,0.37369718012236586
"DDR4, Gaming, Windows 10 Home",Processing & Multitasking,0.13241525423728814,0.7870762711864406,0.07733050847457627,0.584,0.7419865410497981,1.0,-0.026890396078713005,0.5118358865710562,-0.2861253731343283,0.09182389937106918,-0.9537512437810943,0.3411251682368775
"DDR4, Gaming Laptop, Intel",Processing & Multitasking,0.11440677966101695,0.7870762711864406,0.06673728813559322,0.5833333333333334,0.7411395244504263,1.0,-0.02330957339844872,0.5110169491525425,-0.2828431372549019,0.0799492385786802,-0.9568822553897175,0.33406235980260207
"DDR4, Everyday Use, Intel, Thin and Light Laptop",Processing & Multitasking,0.08898305084745763,0.7870762711864406,0.05190677966101695,0.5833333333333334,0.7411395244504263,1.0,-0.01812966819879344,0.5110169491525425,-0.2771373679154658,0.06298200514138819,-0.9568822553897175,0.3246410946612831
"8 GB, DDR4, Everyday Use, Thin and Light Laptop",Processing & Multitasking,0.09322033898305085,0.7870762711864406,0.05402542372881356,0.5795454545454546,0.7363269301358132,1.0,-0.01934609307670209,0.506413192853871,-0.28310562270099837,0.06538461538461539,-0.9746720940750786,0.32409305028753216
"16 GB, Thin and Light Laptop",DDR4,0.1292372881355932,0.871822033898305,0.0826271186440678,0.639344262295082,0.7333426289265582,1.0,-0.030044796753806363,0.35540254237288155,-0.29457586093079535,0.08996539792387542,-1.8137108792846484,0.3670597374658885
"16 GB, Intel, Windows 11 Home",DDR4,0.08792372881355932,0.871822033898305,0.05614406779661017,0.6385542168674699,0.7324364285818854,1.0,-0.02050977628555012,0.3546257062146895,-0.2859802847754654,0.06213364595545135,-1.8198745394802336,0.35147637939363774
"Gaming, Gaming Laptop, Windows 10 Home",Processing & Multitasking,0.1271186440677966,0.7870762711864406,0.07309322033898305,0.5750000000000001,0.7305518169582774,1.0,-0.02695884803217466,0.500997008973081,-0.2970326409495549,0.08690176322418136,-0.9960199004975118,0.3339333781965007
"DDR4, Gaming, Gaming Laptop, Windows 10 Home",Processing & Multitasking,0.1271186440677966,0.7870762711864406,0.07309322033898305,0.5750000000000001,0.7305518169582774,1.0,-0.02695884803217466,0.500997008973081,-0.2970326409495549,0.08690176322418136,-0.9960199004975118,0.3339333781965007
"16 GB, Processing & Multitasking, Thin and Light Laptop",DDR4,0.1271186440677966,0.871822033898305,0.08050847457627118,0.6333333333333333,0.7264479546375051,1.0,-0.03031636024130996,0.3495762711864408,-0.30138331102186516,0.08765859284890426,-1.8606060606060597,0.3628392061563386
"DDR4, Everyday Use",Processing & Multitasking,0.2097457627118644,0.7870762711864406,0.11970338983050847,0.5707070707070707,0.7250975434017157,1.0,-0.04538252298190175,0.49598703888335005,-0.3242103575436909,0.13647342995169082,-1.0161817176742545,0.3613966039941814
"DDR4, Gaming, Intel",Processing & Multitasking,0.11334745762711865,0.7870762711864406,0.0646186440677966,0.5700934579439252,0.7243179331077596,1.0,-0.024594450229819015,0.4952791083271924,-0.300339847068819,0.07731305449936629,-1.0190635607011669,0.3260965270877096
"8 GB, Everyday Use",Processing & Multitasking,0.1641949152542373,0.7870762711864406,0.09322033898305085,0.567741935483871,0.721330265271567,1.0,-0.03601358266302787,0.492584745762712,-0.3161093326766807,0.10864197530864197,-1.03010752688172,0.3430903486302262
"8 GB, DDR4, Everyday Use",Processing & Multitasking,0.15677966101694915,0.7870762711864406,0.08686440677966102,0.5540540540540541,0.7039394710996326,1.0,-0.036533144211433485,0.4774653312788907,-0.33278815880933876,0.10135970333745366,-1.0943929003630493,0.33220872285475245
"Everyday Use, Intel",Processing & Multitasking,0.1673728813559322,0.7870762711864406,0.09216101694915255,0.5506329113924051,0.6995928241647785,1.0,-0.0395742064062051,0.47383026975411807,-0.3402477616548316,0.10687960687960689,-1.1104603564456192,0.33386288907439904
"8 GB, DDR4, Gaming",Processing & Multitasking,0.09322033898305085,0.7870762711864406,0.05084745762711865,0.5454545454545455,0.6930135813042948,1.0,-0.022524059178397005,0.46843220338983066,-0.32818835840418564,0.061302681992337175,-1.134780642243328,0.30502875321179496
"8 GB, Gaming",Processing & Multitasking,0.09322033898305085,0.7870762711864406,0.05084745762711865,0.5454545454545455,0.6930135813042948,1.0,-0.022524059178397005,0.46843220338983066,-0.32818835840418564,0.061302681992337175,-1.134780642243328,0.30502875321179496
"DDR4, Gaming, Gaming Laptop, Intel",Processing & Multitasking,0.1048728813559322,0.7870762711864406,0.057203389830508475,0.5454545454545454,0.6930135813042946,1.0,-0.025339566575696637,0.46843220338983055,-0.3310463121783876,0.06852791878172589,-1.1347806422433286,0.3090664382723602
"Gaming Laptop, Intel",Processing & Multitasking,0.1271186440677966,0.7870762711864406,0.06885593220338983,0.5416666666666666,0.6882009869896815,1.0,-0.031196136167767882,0.46456086286594767,-0.3416912487708948,0.08145363408521303,-1.1525704809286896,0.31457492148945715
"16 GB, Intel, Thin and Light Laptop",DDR4,0.09427966101694915,0.871822033898305,0.05614406779661017,0.5955056179775281,0.6830586918235559,1.0,-0.026051018026429174,0.316884416195857,-0.3387567488691082,0.061699650756693834,-2.155724765530689,0.3299520799486668
"8 GB, Everyday Use, Intel",Processing & Multitasking,0.1228813559322034,0.7870762711864406,0.06567796610169492,0.5344827586206897,0.6790736529447257,1.0,-0.03103903332375753,0.4573917137476461,-0.35014431110435956,0.0777917189460477,-1.1863098301595463,0.3089641249361861
"16 GB, Intel, Processing & Multitasking, Thin and Light Laptop",DDR4,0.09322033898305085,0.871822033898305,0.05508474576271186,0.5909090909090909,0.6777863691593947,1.0,-0.026186799770180978,0.3133239171374766,-0.3439452894705813,0.06053550640279395,-2.191585274229901,0.32704628300011046
"DDR4, Everyday Use, Intel",Processing & Multitasking,0.15889830508474576,0.7870762711864406,0.0847457627118644,0.5333333333333333,0.6776132794975326,1.0,-0.04031932275208272,0.4562651331719129,-0.36128707893413764,0.0984009840098401,-1.191708126036484,0.3205024674742037
"Gaming, Intel",Processing & Multitasking,0.1239406779661017,0.7870762711864406,0.0646186440677966,0.5213675213675213,0.6624104174575237,1.0,-0.03293212259408217,0.444858504842615,-0.36778454520390014,0.07634543178973717,-1.2479057702938299,0.30173355879950764
"8 GB, DDR4, Everyday Use, Intel",Processing & Multitasking,0.11652542372881355,0.7870762711864406,0.06038135593220339,0.5181818181818182,0.6583629022390799,1.0,-0.03133304007469117,0.44191717300927413,-0.370023853697323,0.07160804020100503,-1.262867480777928,0.2974489171662792
"16 GB, DDR4, Gaming Laptop",Processing & Multitasking,0.11228813559322035,0.7870762711864406,0.057203389830508475,0.5094339622641509,0.6472485334823129,1.0,-0.031175937230680836,0.4340368318122556,-0.3803981707150094,0.06792452830188679,-1.3039519384211016,0.29105614667716295
"DDR4, Gaming Laptop",Processing & Multitasking,0.20233050847457626,0.7870762711864406,0.1027542372881356,0.5078534031413613,0.6452403937623756,1.0,-0.056495304869290414,0.432642895780743,-0.4080284635209828,0.11589008363201914,-1.311375061863457,0.3192026100498193
"DDR4, Gaming",Processing & Multitasking,0.19809322033898305,0.7870762711864406,0.09957627118644068,0.5026737967914439,0.6386595749274873,1.0,-0.056338202025280074,0.4281369600874796,-0.4136763263927225,0.11244019138755981,-1.3357011732779944,0.3145939643445779
